true_value,rf_pred
-0.6279832,-0.6835461503999992
-0.6030981,-0.5936124608666657
-0.5660144,-0.6312036487999989
-0.5445449,-0.7050282888373334
-0.8742799,-0.6095312511533322
-0.38974482,-0.7049460080000004
-0.67336196,-0.5656045390000015
-0.50941294,-0.478472448533333
-0.66750664,-0.7520428226000012
-0.54893637,-0.5773070254000006
-1.3430364,-0.6925533589333335
-0.76997477,-0.43119562726666755
-0.61451155,-0.6045804799999999
-0.44646826,-0.606220941533333
-0.7655833,-0.4182407262000007
-0.68800026,-0.7418448319333318
-0.65433216,-0.6152609183999993
-0.61627257,-0.626202221799999
-0.72240025,-0.7801532696000001
-0.62505555,-0.5129534724000002
-0.30008522,-0.6512697178800012
-0.578213,-0.4981073128666671
-0.6836088,-0.647783954266668
-0.6953194,-0.5234852377333329
-1.0520618,-0.6215434741999997
-0.62505555,-0.4405592572000014
-0.7165449,-0.5101936735333339
-0.7092258,-0.6336823900666683
-0.28398308,-0.7785333041999994
-0.38998392,-0.42646613734666716
-0.80169106,-0.5662144448666658
-0.750945,-0.6369174546666669
-0.48891932,-0.750740033666668
-0.67994916,-0.6229894458999994
-0.5313704,-0.6252556238666689
-0.5416172,-0.8196588074666658
-0.57016194,-0.6671553032000013
-0.34912354,-0.7279237857333333
-0.5562555,-0.617053279866666
-0.64994067,-0.6346094840000006
-0.84170246,-0.5066902192
-0.828528,-0.556631252666667
-0.3996257,-0.4335344919333327
-0.56796616,-0.6303546123333333
-0.62505555,-0.6215033462000007
-0.49648246,-0.6042346111999995
-0.7377705,-0.7616650767999994
-0.7670471,-0.780723792933333
-0.70703006,-0.5096178823333339
-0.24445966,-0.5025427177333338
-0.82706416,-0.512340600800001
-0.3805959,-0.6833257482000011
-0.3427308,-0.34138032779999944
-0.6265194,-0.48569889360000057
-0.53210235,-0.4096870713999997
-0.68653643,-0.6813642276666654
-0.49916613,-0.7295925818000022
-0.5708938,-0.8908383799333351
-0.6660428,-0.5888794411999996
-0.897328,-0.5710987824000003
-0.67994916,-0.47621458
-0.72166836,-0.6095096744666668
-0.5445449,-0.5958179936666671
-0.5460087,-0.6257867247999996
-0.819745,-0.5326715885333339
-0.8592684,-0.3429071398666674
-0.61480874,-0.6439487259999996
-0.6806811,-0.7483393529999983
-0.7686959,-0.6839308192
-2.071223,-0.6349819569277764
-0.5547917,-0.6346387622
-0.5255151,-0.5567434723333341
0.075021304,-0.5908432659666654
-0.6828768,-0.5463639272666675
-0.38498738,-0.5934758817333321
-0.6367662,-0.648527512000001
-0.70703006,-0.7160862965999987
-0.40840867,-0.5798817436666667
-0.52405125,-0.6590176151999995
-0.664579,-0.589582065866666
-0.6718981,-0.6955194672666658
-0.54137325,-0.6210739233333336
-0.54747254,-0.9369588225333317
-0.38352355,-0.6359806036000006
-0.5064853,-0.507233484799999
-0.7802216,-0.8227605022666671
-0.4435406,-0.602385705999999
-0.578213,-0.7267624676666685
-0.6118811,-0.6248750218666664
-0.61627257,-0.7008624614666645
-0.9368514,-0.8511880996666665
-0.9558812,-0.6236258734666672
-0.7012967,-0.5894117640000003
-0.7238641,-0.5651946458666671
-0.6916598,-0.5209927290666664
-0.40840867,-0.7072154626666677
-0.3425363,-0.8567018085333327
-0.8160854,-0.6178144553333322
-0.7611918,-0.6329699973333344
-0.6514045,-0.5055289353999994
-0.8138897,-0.5297211560666659
-0.5357619,-0.7512328589333334
-0.64408535,-0.6179266769333328
-0.53429806,-0.5720746593333345
-0.55771935,-0.7102016748000013
-0.4245108,-0.719902002533334
-0.5181959,-0.7975972389333339
-0.6045619,-0.6242455781333344
-0.5511931,-0.20171785999999964
-0.5591832,-0.6336294170666664
-0.7099577,-0.5082370135333335
-0.6074896,-0.5907897178666666
-0.9236769,-0.703360730466665
-0.6909279,-0.7810364283333344
-0.32936183,-0.7140271699999993
-0.4933108,-0.6576160195333328
-0.5313704,-0.45826671920000034
-0.42011932,-0.6203913054666664
-0.41865548,-0.6802809910666677
-0.69239175,-0.7038681859333323
-0.48452783,-0.8086149819999988
-0.52844274,-0.5739288345999995
-0.6616513,-0.7886548525555536
-0.47281718,-0.49384035986666636
-0.6221279,-0.5915045624666678
-0.3615661,-0.6603973014666664
-0.80217904,-0.518381348266667
-0.4079695,-0.7255344634666656
-0.6221279,-0.6551317899333345
-0.77436626,-0.4216319232666673
-0.60163426,-0.42806301933333285
-0.6455492,-0.6839187302000007
-0.5884598,-0.660860853333332
-0.65872365,-0.49328066199999926
-0.7568003,-0.5006413459333338
-0.14206661,-0.7980803079999998
-0.724596,-0.5281475389333338
-0.6477449,-0.46652338926666675
-0.7992514,-0.531770504533334
-0.75972795,-0.5769199348000003
-1.1601051,-0.2491320548533334
-0.5650385,-0.5331074812000002
-0.7964635,-0.5692093164000007
-0.62505555,-0.6945488260000011
-0.7670471,-0.6588407714000012
-0.44817606,-0.6470736057999993
-0.48452783,-0.4737270215999998
-0.72020453,-0.5741630562666671
-0.6228598,-0.5679808100000007
-0.7860769,-0.6276806807999998
-0.7868088,-0.5715769632000002
-0.6235917,-0.6257972190666667
-0.5855321,-0.5778031033999997
-0.61480874,-0.5245001486666682
-0.7758301,-0.5957350252666661
-0.66531086,-0.6997767861333332
-0.47208527,-0.6247954414000007
-0.78314924,-0.6116468762666656
-0.8675809,-0.3944208948666672
-0.54893637,-0.4458485609333335
-0.61627257,-0.662275884666665
-0.44500443,-0.6261778218000014
-0.58480024,-0.7168962729333322
-0.60163426,-0.6312329143333331
-0.48452783,-0.5015424325333329
-0.6030981,-0.7700284365333319
-0.70703006,-0.7095576023333335
-0.7904684,-0.6248701258666675
-0.60017043,-0.6039373429999987
-0.6118811,-0.5448278902666668
-0.35571077,-0.7029085424000007
-0.6909279,-0.9122661926666662
-0.36302993,-0.6943727985333328
-0.5965109,-0.4875433259866665
-0.5840683,-0.5609495244666668
-0.7626556,-0.48005828080000024
-0.7172769,-0.8406436529333307
-0.54747254,-0.6711662083999996
-0.53868955,-0.5012623315999997
0.04660778,0.5854163989333333
-0.8040088,-0.4240783334000001
-0.6938556,-0.6013970836666664
-0.6045619,-0.7275968757333351
-0.5460087,-0.7343353758666652
-0.5972428,-0.5760595393333332
-0.82706416,-0.7264014133333331
-0.73484284,-0.7549721111333325
-0.948562,-0.6856991061333341
-0.75655633,-0.613848299733334
-0.48013633,-0.5606372584666657
-0.7055662,-0.5606177290000002
-0.4340257,-0.5664194042666675
-0.61480874,-0.6498251891999997
-0.8299918,-0.6775737517333317
-0.45085976,-0.5368353824000006
-0.74069816,-0.7657394013333343
-0.35863844,-0.6672187623333352
-0.63530236,-0.6991448889333327
-0.5079491,-0.5973306035333329
-0.7465535,-0.623113535200001
-0.90757483,-0.6398646290000009
-0.54893637,-0.6046400076000003
-0.6455492,-0.5853955096666664
-0.56943,-0.5565580309999999
-0.6411577,-0.6454906249333344
-0.74508965,-0.6401427492000007
-0.65872365,-0.4268431746666678
-1.0451748,-0.3148015946666663
-0.7187407,-0.6076296992000005
-0.5035576,-0.6413967578000013
-0.5181959,-0.7404639401333337
-0.55839896,0.6999962561333343
-0.3469278,-0.5731773992666669
-0.5899236,-0.6210072679999993
-0.6551933,-0.9362755287600012
-0.5635747,-0.7397808097333339
-0.74948114,-0.09938432241333328
-0.6572598,-0.6957211376666651
-0.84682584,-0.6919428510000001
-0.5708938,-0.611871324533333
-0.5211236,-0.4907442398666662
0.64528245,-0.7033909119999997
-0.46988952,-0.6154625909999989
-0.897328,-0.6791050507999998
-0.65872365,-0.6439779997333336
-0.66897047,-0.8239705695333319
-0.57674915,-0.7522819168666655
-0.75387263,-0.6276880130666679
-0.91782165,-0.7033509584000012
-0.26934478,-0.628013978666665
-0.25470647,-0.5207527525999993
-0.64847684,-0.8377062343333338
-0.9309752,-0.5536450227333325
-0.8636599,-0.7074692033333332
-0.66750664,-0.7195701859333339
-0.28105542,-0.5176787314000009
-0.6411577,-0.6044090295999983
-0.4391491,-0.6860192153999989
-0.50502145,-0.5727114107999989
-0.28398308,-0.5574929513999991
-0.63530236,-0.4520820271999986
-0.6660428,-0.5454622083333344
-0.66311514,-0.5796670678000002
-0.5035576,-0.6864876512000011
-0.79339606,-0.5295162397333335
-0.61041725,-0.4841618884000002
-0.4684257,-0.7276310206666672
-0.8680514,-0.5255248341333326
-0.8299918,-0.5906230029999993
-0.59577894,-0.6299935360666669
-0.7670471,-0.5609495327333339
-0.62066406,-0.5654703298666679
-0.5357619,-0.6361221070000003
-0.60017043,-0.4398820540666667
-0.64408535,-0.6121055211333333
-0.69239175,-0.5108084800666665
-0.63603425,-0.8364406624000003
-0.73435485,-0.5295654895333336
-0.55332786,-0.37268144993333313
-0.53210235,-0.49753885586666713
-0.4391491,-0.5538792333999997
-0.36010227,-0.5250076162666665
-0.551864,-0.3864209561333327
-0.32204267,-0.49614089399999983
-0.7289875,-0.7348428217333339
-0.5357619,-0.7592595344000005
-0.8387748,-0.5588709072666672
-0.6235917,-0.6964026441333333
-0.86512375,-0.5945174123333339
-0.3864512,-0.5781632059333341
-0.80364287,-0.6586992480666681
-0.3088682,-0.6481728276000008
-0.2986214,-0.7273821821999983
-0.7480173,-0.5265788077999997
-0.7128854,-0.5979486696666657
-0.35571077,-0.3478060785333337
-0.7465535,-0.5882548492666665
-0.49916613,-0.45300670126666603
-0.560647,-0.45256753319999926
-0.49038315,-0.6317989098666674
-0.5591832,-0.6441146197333345
-0.4479321,-0.7047855042666673
-0.7465535,-0.6957390226666675
-0.69897896,-0.4398224581333337
-0.33082566,-0.568785901066668
-0.53283423,-0.7231484498666673
-0.5445449,-0.7008917507333344
-0.66750664,-0.7097918162666662
-0.6309109,-0.689639754266665
-0.7626556,-0.694792433933333
-0.8138897,-0.6563327337333313
-0.5401534,-0.4639463920666659
-0.5650385,-0.5274327183999991
-0.7128854,-0.5641114060666674
-0.45378742,-0.5521860755333334
-0.48599166,-0.5958667836666675
-0.67485017,-0.4689680997333323
-0.655796,-0.47684761700000017
-0.41133633,-0.5355772014666659
-0.7289875,-0.7387756468666671
-0.72020453,-0.5490534674666667
-0.4479321,-0.5837560028666653
-0.8870812,-0.5630720920000003
-1.0202898,-0.6677018227333332
-0.88415354,-0.6672529071333316
-0.7041024,-0.6079501909333325
-0.5299066,-0.5656565618666679
-0.37474057,-0.6980245805333324
-0.7084939,-0.6705026042000004
-0.7919322,-0.6127593787999995
-0.26060253,-0.6843504658666674
-0.58114064,-0.5820504665999988
-0.5460087,-0.6598020105999987
-0.6323747,-0.051322294466666585
-0.6279832,-0.7260598485333329
-0.58114064,-0.6586638118666657
-0.75387263,-0.5702188350666659
-0.7641774,-0.11605277086666665
-0.75972795,-0.6703871505333354
-0.7377705,-0.8153730456666679
-0.48013633,-0.4985074261999999
-0.67336196,-0.4428965156000004
-0.84170246,-0.41656708333333226
-0.405481,-0.6686581834666648
-0.48599166,-0.6325015742666662
-0.4748418,-1.5324518027133354
-0.6344973,-0.6388546031999995
-0.64994067,-0.5039674946666665
-0.4479321,-0.6339616917333323
-0.66311514,-0.4709532610666667
-0.7062981,-0.9724907938666665
-0.5181959,-0.7704529553333352
-0.4391491,-0.5234172500666673
-0.51380444,-0.5729220048000008
-0.5584513,-0.5209528084000006
-0.7319152,-0.614320789466666
-0.68214494,-0.39699079259999953
-0.4640342,-0.6163018326666655
-0.6192002,-0.7033219987866681
-0.6894641,-0.6868779739999998
-0.66750664,-0.6693174333333322
-0.64847684,-0.6788008970000007
-0.6101733,-0.3911060405000004
-0.56650233,-0.5775054395333324
-0.655796,-0.6025027777333333
-0.50941294,-0.6620807092666652
-0.89440036,-0.5441057450000009
-0.95990676,-0.8104863074959988
-0.35863844,-0.5247880644666668
-0.65286833,-0.6928992092666668
-0.5635747,-0.4923544522666663
-0.30985105,-0.6530000653333328
-0.42941463,-0.5816871378666673
-0.5167321,-0.49749739199999915
-0.76851094,-0.6821156851333336
-0.57674915,-0.7043366149999994
-0.6953194,-0.5550356673333334
1.3699147,-0.0754784750666666
-0.6426215,-0.8642551865666683
-0.6997109,-0.690722985
-0.526247,-0.7865208203333317
-1.2616928,-0.8957581975333335
-0.7092258,-0.5956130528666658
-0.5547917,-0.6593287049333336
-0.5313704,-0.7719948486666657
-0.54893637,-0.6908839934000007
-0.39230654,-0.49173965326666574
-0.70784736,-0.46252159373333335
-0.9105025,-0.5784666992000014
-0.72166836,-0.5929195800666675
-1.1445934,-0.6185854212000007
-0.53283423,-0.489075477133332
-0.41719165,-0.6383178571333333
-0.78095347,-0.7209071637333333
-0.6894641,-0.6531562049333342
-0.3418044,-0.5479409625333347
-0.35863844,-0.7356283923333358
-0.6331066,-0.6397231216666683
-0.6455492,-0.6160969193999988
-0.560647,-0.6109832777333344
-0.7143492,-0.6291347567333339
-1.0290728,-0.6803769601999995
-0.5504002,-0.7137929493333337
-0.7012723,-0.18417245022666648
-0.7341109,-0.5660111432666662
-0.5313704,-0.5856931823999997
-0.6997109,-0.45429487760000065
-0.6938556,-0.7641682444666679
-0.47135335,-0.5771932153333337
-0.66750664,-0.7153836473333325
-0.5167321,-0.6377811206666651
-1.000894,-0.3815424972666669
-0.733379,-0.6961732989999987
-0.75533646,-0.8082295378666651
-0.5020938,-0.5394312293333331
-0.32936183,-0.5434030861333325
-0.77692795,-0.5549429646666657
-0.6909279,-0.33212847533333295
-0.54893637,-0.5904408428666679
-0.33096316,-0.44719041433333256
-2.9093912,-0.514422353333334
-0.578213,-0.7070300676666663
-0.4293492,-0.518529450333332
-0.36888525,-0.7045122604000017
-0.53429806,-0.6238478865333338
-0.6762896,-0.623952810733335
-0.35571077,-0.5642431421333327
-0.9497819,-0.5435982709999996
-0.53868955,-0.6261387760666655
-0.724596,-0.6906839439999999
-0.5416172,-0.5214212366666676
-0.6744598,-0.2884150958666669
-0.73484284,-0.5847611627999995
-0.664579,-0.44061292386666745
-0.87878615,-0.6846432062000013
-0.3952342,-0.6514337885999985
-0.7904684,-0.5611544716666678
-0.63823,-0.5379039537333337
-0.5299066,-0.5893429746666667
-0.6894641,-0.6382593075333319
-0.51526827,-0.763475364222221
-0.742162,-0.6394401478666657
-0.48013633,-0.7810592284000009
-0.6235917,-0.5739190763333325
-0.41865548,-0.5884549108000009
-0.6426215,-0.6777632125999979
-0.5445449,-0.5886500904000009
-0.6045619,-0.6097145986666673
-0.5313704,-0.5359521989333336
-0.5255151,-0.6112321113999993
-0.8138897,-0.5695750937244443
-0.5643066,-0.8093485467999988
-0.5547917,-0.5755097986666663
-0.3864512,-0.7642355667333324
-0.6894641,-0.4771794183999996
-0.5562555,-0.7161643631999998
-0.54747254,-0.547980015866667
-0.28837457,-0.5496015433333329
-0.53868955,-0.5624036235333333
-0.86073226,-0.489221538399999
-0.664579,-0.6835306943333334
-0.7187407,-0.6276205100000002
-0.08782982,-0.6055182981999998
-0.049709238,-0.192244621013333
-0.371081,-0.39241858273333263
-0.23616463,-0.5588517985733336
-0.79778755,-0.5408950556000007
-0.6836088,-0.3874833290666661
-0.5547917,-0.4997516647333339
-0.14125963,-0.7812540631333323
-0.67336196,-0.6270024386666665
-0.47330514,-0.6880734453333341
-0.6030981,-0.8027483199333323
-0.6323747,-0.7591981807999997
-0.30008522,-0.5660192612666675
-0.48282003,-0.4558497925333329
-0.6411577,-0.47994117133333297
-0.4493471,-0.740164694013334
0.07695901,-0.7953347678000022
-0.66897047,-0.5451792170666659
-0.49477464,-0.7297031712666658
-0.69678324,-0.6836868598666678
-0.58699596,-0.6423238673333344
-0.41280016,-0.7087964113999995
-0.42743847,-0.5477262676000014
-0.47720867,-0.6074066467333323
-0.405481,-0.6381324532000011
-0.4640342,-0.6602362755333326
-0.8680514,-0.504026076466667
-1.0656685,-0.6707465696666675
-0.55771935,-0.6260802359999986
-0.36302993,-0.5100960650666664
-0.6601875,-0.5053044591333322
-0.6836088,-0.44029679000000055
-0.66750664,-0.2510664220666662
-0.7172769,-0.6786219914000005
-0.5738215,-0.43456731693333306
-0.68800026,-0.6253066680000013
-0.46183845,-0.6835502134666657
-0.6030981,-0.7338279173333324
-0.6309109,-0.5491803627333341
-0.33668098,-0.5989993714666674
-0.4479321,-0.49672821806666606
-0.011320288,-1.0618836125999986
-0.7568003,-0.588137746000001
-0.025921058,-1.08929387
-0.6235917,-0.48808819926666597
-0.82120883,-0.5612715740000003
-0.38791505,-0.5617009857333342
-0.8873007,-0.36902996933333315
-0.906111,-0.6510678093333344
-0.56943,-0.589167323266667
-0.64408535,-0.4780206467333334
-0.7992514,-0.4520308211333337
-0.2898384,-0.5806429408000006
-0.5650385,-0.4355041659333335
-1.8946844,-0.6877758217333351
-0.7626556,-0.3803616612000013
-0.6982471,-0.36724575226666706
-0.5752853,-0.5869325498666665
0.25397456,-0.6171638812666668
-0.63383853,-0.5828679587333326
-0.78754073,-0.6059867169999995
-0.6455492,-0.46873798493333446
-0.73630667,-0.5299212306666667
-0.53283423,-0.7210340343333347
-0.47574484,-0.6446563056000004
-0.6747038,-0.676279848200001
-0.5987066,-0.5982368635333336
-0.4149959,-0.6686484180000003
-0.51380444,-0.7139442243999982
-0.6982471,-0.7186138488000008
-0.6894641,-0.6541369825333322
-0.92928827,-0.6859362483999994
-0.63383853,-0.5934758470000008
-0.5547917,-0.6398109733333325
-0.74069816,-0.6937775205333346
-0.30496466,-0.6226367354666662
-0.7377705,-0.5532888326000012
-0.41280016,-0.5509711072666671
-0.64847684,-0.5456964405333323
-0.7846131,-0.5920412967333335
-0.45378742,-0.4777844711999999
-0.6140768,-0.5464991914000009
-0.58699596,-0.6920599345333345
0.098076634,-0.4649226868666666
-0.6997109,-0.6829988220666681
-0.74143004,-0.7038324109333326
-0.71581304,-0.7594644422666685
-0.6836088,-0.5391287123999994
-0.5796768,-0.5450133015333339
-0.5299066,-0.5507905380000003
-0.7319152,-0.5985406922000007
-0.65286833,-0.5759700627333342
-0.4933108,-0.6541467463333331
-0.69239175,-0.6553275566000004
-0.3952342,-0.6228110277333333
-0.6514045,-0.9904217442666671
-0.41719165,-0.41499590193333397
-0.53868955,-0.5958765326666665
-0.4435406,-0.5343615007999996
-0.59138745,-0.6763286649999994
-0.6192002,-0.6007559613333325
-0.63823,-0.5986382923999991
-0.4245108,-0.6458262976666655
-0.78314924,-0.5629744984000006
-0.50062996,-0.760344411733335
-0.6660428,-0.42350563560000065
-0.66311514,-0.5923243247333339
-0.7143492,-0.49742094186666735
-0.71581304,-0.7438424546666685
-0.53283423,-0.648398767666666
-0.60163426,-0.5465356788
-1.0890898,-0.6169849772666665
-0.60163426,-0.8378379475999991
-0.51380444,-0.7188431705333317
-0.750945,-0.5277458078666671
-0.6177364,-0.7462704730666659
-0.46330228,-0.5086596264666677
-0.61041725,-0.38384559646666616
-0.5635747,-0.6711418081333343
-0.3659576,-0.9032077418666657
-0.327898,-0.7647537602666681
-0.24811924,-0.4982845968000002
-0.5357619,-0.7330667257999995
-0.8559748,-0.4674595862666662
-0.47574484,-0.6129154990000003
-0.5547917,-0.17502531480000008
-0.5752853,-0.6180570610666676
-0.7582641,-0.7438697898666675
-0.7084939,-0.7688915371333339
-0.48891932,-0.8724087740666637
-0.63823,-0.6206933341999994
-0.72166836,-0.5758318108666671
-0.5562555,-0.6782413936000009
-0.5211236,-0.6358488704666669
-0.85077816,-0.6077921039333328
0.16260715,-0.6354268068666669
-0.5987066,-0.5877591010666662
-0.68214494,-0.6504773870000002
-0.7758301,-0.7358089761333346
-0.5855321,-0.6138084442666676
-0.7055662,-0.3637593981333341
-0.914894,-0.7132659771999984
-0.6850726,-0.6290583101333335
-0.29203415,-0.46217026466666716
-0.5686981,-0.46112607826666674
-0.61627257,-0.5885281154666668
-0.68214494,-0.5715769558666668
-0.9470982,-0.7060444137333327
-0.7055662,-0.7499739645333318
-0.6616513,-0.5938141628666663
-0.6938556,-0.49701919146666595
-0.6762896,-0.7070690955333327
0.2916682,-0.39613793146666615
-0.6601875,-0.7830906925999989
-0.906111,-0.5826240044000008
-0.733379,-0.46979194866666596
-0.7729024,-0.5734213720666675
-1.6440644,-0.19132040219999974
-0.5504002,-0.3284054458666671
-0.34985545,-0.5115257501333331
-0.4091406,-0.6654279943333324
0.1224164,-0.5856121114666665
-0.46183845,-0.4805776552000007
-0.121155694,-0.03597310026666669
-0.7860769,-0.6114565289333346
-0.8826897,-0.7057536848666671
-0.5796768,-0.5150438110666674
-0.655796,-0.5475408427333334
-0.73118323,-0.684587851599998
-0.5855321,-0.6516582354666659
-0.61480874,-0.6409881153333327
-0.29715756,-0.691571998466668
-0.6279832,-0.6607933845333317
-0.4435406,-0.8010518571999989
-0.7948599,-0.5996222908666666
-0.2477592,-0.3563684569333336
-0.41719165,-0.6825417838000012
-0.6514045,-0.6806713541999997
-0.56211084,-0.5932416408666664
-0.7099577,-0.6125219119999992
-0.5840683,-0.848787366133333
-0.39669803,-0.6683125517999994
-0.44207677,-0.5833900653333329
-0.69678324,-0.7869844850000021
-0.60017043,-0.5731847104666679
-0.655796,-0.684155284066668
-0.47720867,-0.7986756068000018
-0.80364287,-0.6636217802666674
-0.7626556,-0.8648173390666667
-0.7231322,-0.6188879553999983
-0.6748258,-0.6219668743333321
-0.5943151,-0.7291436423999993
-0.7568003,-0.4308727467333327
-0.5591832,-0.6284926592000004
-0.6030981,-0.5077539483999991
-0.6192002,-0.518606780999999
-0.47135335,-0.5922755154666659
-0.61480874,-0.7314857779999995
-0.48013633,-0.6902838272000003
-0.7319152,-0.7278685525999994
-0.60602576,-0.7164473635333325
-0.4391491,-0.5632428649333334
-0.5181959,-0.6624320343999986
-0.0926237,-0.9369635940000006
-0.23067527,-0.7213463008000014
-0.49477464,-0.5157952434666655
-0.8687833,-0.8061118549999984
-0.7626556,-0.4736076538666674
-0.54893637,-0.5358448377333336
-0.84023863,-0.5287550241333338
-0.51965976,-0.700930139666667
-0.5738215,-0.3768875208000005
-0.62066406,-0.4940329787333341
-0.74508965,-0.34073253519999924
-0.5855321,-0.6097243601333344
-0.48891932,-0.4472489566666662
-0.37327674,-0.5358204441333345
-0.4977023,-0.6052157576000006
-0.59824306,-0.629905717666668
-0.41133633,-0.683247688266666
-0.7436258,-0.6592295032666668
-0.7480173,-0.48012657113333307
-0.62944704,-0.8367254060666661
-0.42158315,-0.5312044977333334
-0.6367662,-0.7916745641333333
-0.46696186,-0.6037041082666661
-0.075771086,-0.27708780166666663
-0.50502145,-0.5758123117333332
-0.7128854,-0.637116296466668
-0.3044767,-0.3641521936666667
-0.56796616,-0.6635689305333321
-0.41572782,-0.8086491491333334
-0.47501293,-0.5367670737333333
-0.59577894,-0.6689255637333346
-0.62066406,-0.6615537255333337
-0.26202562,-0.5659168189333342
-0.78754073,-0.6967734696666672
-0.7289875,-0.5192108478000008
-0.733379,-0.6000621339333337
-0.6698944,-0.23484382200000017
-0.5460087,-0.6493356223999995
-0.60602576,-0.5750901420000014
-0.70263857,-0.6501163348666659
-0.4933108,-0.740873823199998
-0.5401534,-0.7267136861333334
-0.9368514,-0.7615905053333327
-0.62066406,-0.6272952060666671
-0.3571746,-0.7206583312000014
-0.6279832,-0.6742012129333335
-0.61041725,-0.611763968133334
-0.6367662,-0.6554544490666675
-0.52746683,-0.6292128274666661
-0.73484284,-0.7829423473333332
-0.69239175,-0.4762084106000007
-0.5269789,-0.4868114155999993
-0.6792173,-0.9916377405333304
-0.58114064,-0.5495609241333336
-0.75972795,-0.5473066155999997
-0.4684257,-0.6250805890666654
-0.28105542,-0.6156411731999992
-0.8182812,-0.7766254418666668
-0.45378742,-0.9553409945999993
-0.6265194,-0.685033571666665
-0.5708938,-0.4671960914666672
-0.724596,-0.5491681346000014
-0.6792173,-0.5630281702666672
-0.37913206,-0.5529375044000001
-0.6045619,-0.5655167049999998
-0.810962,-0.684311414666666
-0.89440036,-0.5475213479999999
-0.5818726,-0.5025036810666665
-0.68653643,-0.621273984600001
-0.6850726,-0.7748834860000017
-0.86073226,-0.7217952254666669
-0.45671508,-0.498821152600001
-0.47135335,-0.6268341125999987
-0.68653643,-0.6500870437333338
-0.62944704,-0.5557675783333345
-0.5884598,-0.6876568763999992
-0.1493107,-0.5133514808555557
-1.1045401,-0.9087105927999992
-0.7054184,-0.6071209201333326
-0.5445449,-0.5455109953333337
-0.4596427,-0.6161066646666664
-0.647013,-0.6254361474666674
-0.6279832,-0.5491510740000013
-0.6279832,-0.6244212313333325
-0.7319152,-0.45422655839999937
-0.36302993,-0.7273068666666654
-0.5416172,-0.655913075866666
-0.49477464,-0.5155252620666663
-0.75972795,-0.7588594186666674
-0.6367662,-0.5353130080000011
-0.6850726,-0.702182044333332
-0.49282712,-0.7331911994666657
-0.9257263,-0.5391509149333341
-0.53429806,-0.5548112051333325
-0.4047491,-0.6805347271333321
-0.59138745,-0.6411950762666653
-0.6089534,-0.5658159688000004
-0.4596427,-0.6575330710666663
-0.39303845,-0.5488582957333344
-0.8241365,-0.7034778208000007
-0.80217904,-0.6839308192
-0.70873785,-0.6266462242666666
-0.6118811,-0.6193173359333348
-0.6411577,-0.7938156928666679
-0.5738215,-0.7330716024666678
-0.58260447,-0.3422190062666666
-0.70703006,-0.8483890397333342
-0.59138745,-0.5642480434666652
-0.6367662,-0.7046294560666657
-0.42743847,0.18228142333333325
-0.8592684,-0.49161278709999984
-0.2898384,-0.5594759295999994
-0.46110654,-0.7652124424000015
-0.7749762,-0.5966030195866662
-0.5855321,-0.4838837439333332
-0.44720018,-0.695465787800001
-0.5884598,-0.5673904082666672
-0.35131928,-0.5446522334666656
-0.6221279,-0.6714687450666681
-0.66897047,-0.5563823906000003
-0.8665876,-0.6283052633333347
-0.5357619,-0.965675878133332
-0.62944704,0.7442139660000006
-0.53429806,-0.5001810504000004
-0.6601875,-0.767515534933332
-0.6514045,-0.802720652466667
-0.7926641,-0.8934683927333352
-0.11125111,-0.4674856059999999
-0.61480874,-0.5710304632666661
-0.36742142,-0.5032395112000002
-0.54893637,-0.6325259865333345
-0.45671508,-0.7337871276666684
-0.724596,-0.9714714172666639
-0.75606835,-0.6702944330666675
-0.73630667,-0.48118510833333356
-0.34985545,-0.5578754950000013
-0.30301288,-0.5467483612000007
-0.6836088,-0.4871627197333334
0.06514045,-0.497610139133333
-0.5504002,-0.8390675653333356
-0.6792173,-0.7539409073333344
-0.70703006,-0.6507799176000012
-0.8094982,-0.5350169839333326
-0.22067243,-0.7695963222666681
-0.724596,-0.6890932491333343
-0.70703006,-0.7799624421999996
-0.13906388,-0.7202915556000002
-0.51526827,-0.7352697899999979
-0.6030981,-0.4197582301333335
-0.49843422,-0.5268227762666673
-0.6601875,-0.6595433854000008
-0.56943,-0.7220392096000008
-0.4874555,-0.6111491810000008
-0.5928513,-0.7090784418666687
-0.7275237,-0.663651876
-0.65286833,-0.5414318025333327
-0.8709791,-0.7051026704000015
-0.67336196,-0.6310816369333331
-0.64408535,-0.5361717931333329
-0.54747254,-0.6752768797333343
-0.33521715,-0.7867014748666686
-0.96466416,-0.5415684265333343
-0.5708938,-0.6476375698666673
-0.73484284,-0.6818180295999984
-0.59577894,-0.6866466837333315
-0.3425363,-0.45329359966666716
-0.42158315,-0.6281686273999999
-0.52405125,-0.6986276892000004
-0.40401718,-0.7807290194666655
-0.8256003,-0.6509653624666666
-0.63969386,-0.6064014911333349
-0.7846131,-0.5468918876666656
-0.44500443,-0.5134213947999997
-0.5079491,-0.6469739775333334
-0.5108768,-0.413260605200001
-0.7568003,-0.5746656353333327
-0.70703006,-0.6504237206666655
-0.8826897,-0.6216984882000005
-0.5635747,-0.49290095519999977
-0.66567683,-0.17340950659999954
-0.66897047,-0.4362263224666668
-0.3381448,-0.7216537267333332
-0.8153535,-0.7016090306666674
-0.46476611,-0.38778818280000055
-0.6982471,-0.5100375103333332
-0.578213,-0.5834135481333328
-0.8256003,-0.6319160361999995
-1.0407834,-0.6690680465333324
-0.57235765,-0.6095503366666671
-0.7385024,-0.5110914902666671
-0.6806811,-0.7481587960666679
-0.6426215,-0.5715769394666682
-0.87390673,-0.6076749944000003
-0.5211236,-0.4786798769999996
-0.5072172,-0.6662477501333344
-0.32057884,-0.421979134266667
-0.28837457,-0.4617311218666665
-0.7102017,-0.19132040219999974
-0.88415354,-0.7187228176000012
-0.5445449,-0.7015255794000013
-0.7099577,-0.7190676201333343
-0.58114064,-0.605679315866667
-0.54308105,-0.959004024933335
-0.61041725,-0.6721225625333346
-0.44207677,-0.6794905278666664
-0.5738215,-0.6673943826000014
0.3157851,-0.6865877476666644
-0.6030981,-0.7138645322666686
-0.4581789,-0.5597492124666673
-0.45724455,-0.43109353866666644
-0.64408535,-0.6984617912000017
-0.24364643,-0.6631987430666669
-0.65433216,-0.7038242533333339
-0.92192036,-1.7407645414666701
-0.59138745,-0.5937149540666677
-0.53795767,-0.6360147639999992
-0.2525732,-1.0797913857333357
-0.5167321,-0.1581522346666669
-0.11672715,-0.5091927811333334
-0.82120883,-0.7742393960000021
-0.4786725,-0.6245903743999995
-0.62944704,-0.7156822807333317
-0.60017043,-0.6592311177333331
-0.6235917,-0.6919521365999992
-0.56211084,-0.722185604800001
-0.87390673,-0.5707084147333329
-0.578213,-0.7087280878666694
-0.30813628,-0.7053222506666662
-0.6133449,-0.6223230679333326
-0.49477464,-0.377990257199999
-0.7772939,-0.6420799068666663
-0.43182996,-0.6756260133333346
-0.5357619,-0.2981919932000009
-0.6265194,-0.9073894025333341
-0.47574484,-0.32272417766666617
-0.5796768,-0.5708547860000002
-0.9990642,-0.6738182028800017
-0.6192002,-0.6152869284000002
-0.6323747,-0.725776848133333
-0.58699596,-0.4268285257333329
-0.5123406,-0.7110409527333328
-0.4684257,-0.6455784576000011
-0.7480173,-0.6952803777999993
-0.64847684,-0.6031761553333347
-0.7194726,-0.6595824339333347
-0.68653643,-0.433311661400001
-0.24445966,-0.5457921866666662
-0.6177364,-0.6453328371333324
-0.8595124,-0.6105489945333322
-0.5313704,-0.6429777072666678
0.016449748,-0.913088339933332
-0.6718981,-0.6003590832000008
-0.45525125,-0.5740215416666662
-0.4933108,-0.5912313039999991
-0.63164276,-0.5401338690666664
-0.32057884,-0.7101723913333354
-0.8256003,-0.6270268490666663
-0.61041725,-0.41779669713333367
-0.7187407,-0.5207072188000004
-0.84609395,-0.4375649120666672
-0.5943151,-0.34969930686666745
-0.67336196,-0.7437279269333318
-0.6938556,-0.7060151401333316
-0.750945,-0.5188205006666659
-0.42597464,-0.43629951306666737
-0.6514045,-0.5205250496000001
-0.7992514,-0.5352739717333322
-0.65872365,-0.6447977519999986
-0.5600371,-0.4039451058666674
-0.71142155,-0.6500805279333323
-0.72020453,-0.6966205885333332
0.2909537,0.3316016300600003
-0.80803436,-0.6357707910666658
-0.76851094,-0.6221278902666676
-0.64066976,-0.6214951960666676
0.057089385,-0.6898121682666677
-0.5943151,-0.7045415386666679
-0.4332938,-0.6545566174000015
-0.31765118,-0.5764368598666668
-0.3659576,-0.6261680651999998
-0.5211236,-0.575407331266666
-0.72605985,-0.5716062093333324
-0.56796616,-0.5281543819999999
-0.56943,-0.6031712952666671
-0.87537056,-0.6987838148000001
-0.86512375,-0.5252028133333335
-0.62505555,-0.7949086474666659
-0.70703006,-0.6000826217333344
-0.69678324,-0.6084638304666653
-0.742162,-0.6461347120333336
-0.6514045,-0.5592563739333337
-0.41133633,-0.6699711544666661
-0.5269789,-0.5805551061333336
-0.48525974,-0.5381332918666678
-0.6894641,-0.5835380709333322
-0.8958642,-0.5870203446666673
-0.5108768,-0.6384544806666674
-0.664579,-0.5642090076666659
-0.578213,-0.5883134090666681
-0.7143492,-0.36698227359999963
-0.48013633,-0.6310557607333326
-0.7289875,-0.6366978933999997
-0.98149824,-0.17824280224000025
-0.56796616,-0.5284080290888878
-0.5445449,-0.6545273563333341
-0.5752853,-0.6170532903333352
-0.4640342,-0.5582121616000003
-0.59138745,-0.6066844770666672
-0.19958282,-0.5481621801333324
-0.7655833,-0.7780356004666684
-0.48160017,-0.539230624199999
-0.42011932,-0.4099895931333326
-0.65286833,-0.6620416587333344
-0.8299918,-0.596061958333332
-0.5313704,-0.6566352616000006
-0.7919322,-0.6440292186666668
-0.7824173,-0.8085417782666673
-0.71142155,-0.6040837558666676
-0.7143492,-0.7041511883333331
-0.84170246,-0.5382991990666659
-0.5372257,-0.5281694953999991
-0.80657053,-0.5960033974666675
-0.54747254,-0.5930171969999989
-0.8343833,-0.6381519461333336
-0.7275237,-0.5046701520000003
-0.38937888,-0.8015544523333311
-0.30740437,-0.6171801439999991
-0.4523236,-0.5825264058666665
-0.2708086,-0.7391607959999995
-0.82120883,-0.6492868233999993
-0.72605985,-0.577232218466667
-0.36449376,-0.5525959524666669
-0.750945,-0.736779966066668
-0.91946363,-0.6636356784666668
-0.6909279,-0.6950754385999992
-0.483064,-0.5973972906000015
-0.69849104,-0.410980135733334
-0.5987066,-0.6908205798000018
-0.7714386,-0.582018946266667
-0.72166836,-0.6281497294000001
-0.4245108,-0.44324644773333366
-0.66897047,-0.7686036502666646
-0.7846131,-0.6044057795333339
-0.6514045,-0.6760651502666671
-0.7611918,-0.425320779666666
-0.71142155,-0.5891819428000005
-0.48013633,-0.5775688920000003
-0.65433216,-0.6144184056666672
-0.53429806,-0.6769418277999998
-0.8431663,-0.5512297054666665
-0.560647,-0.4108483754666651
-0.7187407,-0.6932114973333326
-0.79339606,-0.6326650240000016
-0.6074896,-0.5057241132000001
-0.71142155,-0.6818521737999984
-0.5269789,-0.5282475550666657
-0.7128854,-0.6940117342666678
-0.61041725,-0.6723092060000008
-0.42743847,-0.7335839568000012
-0.64408535,-0.5202843234000002
-0.76411945,-0.6342464370000016
-0.6960513,-0.4962482461333323
-0.70703006,-0.7157252176666679
-0.4874555,-0.5537767683999998
-0.655796,-0.709943082466666
-0.6982471,-0.5651116885333332
-0.5796768,-0.5509271730000003
-0.5928513,-0.6639641656666665
-0.80803436,-0.4193971537333327
-0.6572598,-0.752272173733333
-0.6235917,-0.5434275059333338
-0.80657053,-0.5080467269333332
-0.77509815,-0.8219206061333353
-0.54308105,-0.6554837163999995
-0.65872365,-0.8360113553333344
-0.7626556,-0.6763091358666654
-0.71581304,-0.4072058794666672
-0.48160017,-0.5931001430000006
-0.62237185,-0.7368336160666669
-0.79339606,-0.8405297117333346
-0.15809368,-0.5961432482666681
-0.4640342,-0.3269413579333339
-0.6265194,-0.7055027918000001
-0.43475762,-0.5760172143333325
-0.7846131,-0.7577176271999981
-0.68214494,-0.7598450586666659
-0.5796768,-0.17974664099999987
-0.6704343,-0.5464207374666662
-0.7106896,-0.7866234036666656
-0.65286833,-0.6436071733333346
-0.20139734,-0.5988139485333326
-0.43622145,-0.635131590799999
-0.7099577,-0.391223289733334
-1.096409,-0.6267731130666679
-0.54893637,-0.6328870442666668
-0.60017043,-0.6022832346666669
-0.7377705,-0.6927056544
-0.30740437,-0.6244016997333344
-0.5884598,-0.489270645733334
-0.38205972,-0.6518046054666679
-0.54893637,-0.43279118313333376
-0.42085123,-0.7134771660666658
-0.6792173,-0.31725595093333375
-0.70263857,-0.4944818883333325
-0.65286833,-0.5595052035999992
-0.14894474,-0.6487793614666674
-0.43036613,-0.5480043981333338
-0.42011932,-0.8157634097333321
-0.83584714,-0.6058305704000007
-0.6909279,-0.6384739834000018
-0.6074896,-0.5204990198000004
-0.77436626,-0.6653401670666657
-0.66750664,-0.5378756670000001
-0.65872365,-0.5573290117333329
-0.5299066,-0.6788979646000008
-0.67775345,-0.5526544989333327
-0.54308105,-0.6403281835333351
-0.45378742,-0.5857175542666679
-0.6748258,-1.0046186177333325
-0.21371923,-0.6449660800666678
-0.6309109,-0.647467752
-0.8585365,-0.9401206530666659
-0.4786725,-0.539255586533333
-0.7231322,-0.5783203261333327
-0.71581304,-0.7387366225333334
-0.59577894,-0.5869455362666672
-0.39816186,-0.6283442826666675
-0.7041024,-0.5227630776000002
-0.8353348,-0.1415087641333333
-0.6806811,-0.651843650666667
-0.5079491,-0.6331651671333327
-0.5752853,-0.5782973890666654
-0.7904684,-0.517507919266668
-0.5167321,-0.47113866913333274
-0.92660457,-0.6970711428666654
-0.33643702,-0.8639753940666683
-0.46988952,-0.7054490956666679
-0.6323747,-0.5670195622666678
-0.7143492,-0.5462038960000014
-0.4684257,-0.5985992393333341
-0.5020938,-0.6298764350000003
-0.63383853,-0.6078506696000006
-1.0210216,-0.666833272466666
-0.6938556,-0.5172883541333338
-0.69239175,-0.5027769063999992
-0.8051067,-0.6126325205333323
-0.84609395,-0.5365035682000006
-0.6806811,-0.5441203774000004
-0.5650385,-0.47444692319999937
-1.0246812,-0.5555333643333332
-0.3898668,-0.6986594397333339
-0.51380444,-0.13148319506666684
-0.70263857,-0.5458037759333334
-0.5313704,-0.8280936990666669
-0.8094982,-0.5551722904666664
-0.49038315,-0.6325015870000001
-0.5167321,-0.8040429833333349
-0.5445449,-0.5935799199333338
-0.66204095,-0.5909287614666682
-0.63823,-0.5483801043333345
-0.1956054,-0.7427466865333316
-0.8709791,-0.6285834116666661
-0.57235765,-0.6448221417333321
-0.5708938,-0.5535328196000003
-0.6997109,-0.3702319682666666
-0.69239175,-0.6090174937999989
-0.6997109,-0.735857752333333
-0.7055662,-0.5770776835999992
-0.20264578,-0.09522216094666668
-0.6514045,-0.6444764970666659
-0.70703006,-0.5637795960000002
-0.6601875,-0.4870163561999989
-0.5591832,-0.6939824483333326
-0.45671508,-0.27570756546666636
-0.53868955,-0.5765930260000005
-0.5833364,-0.581853033133334
-0.21737881,-0.7991985446000021
-0.3017678,-0.6157378083333335
-0.49477464,-0.5791986103333323
-0.11710642,-0.6494871499999991
-0.18078305,-0.3270196955333338
-0.69312364,-0.4492349013333337
-0.8371664,-0.32354566239999927
-0.742162,-0.6916207909333346
-0.68653643,-0.5544598889999999
-0.69678324,-0.5594255362000006
-0.69678324,-0.5398215989333336
-0.4933108,-0.6140540390666674
-1.3173568,-1.8532894052666662
-0.5167321,-0.8142312570000003
-0.7802216,-0.5973208586666678
-0.5650385,-0.652575569666666
-0.6155406,-0.699956511866666
-0.50941294,-0.47339296206666687
-0.5711947,-0.3611157923333337
-0.40401718,-0.824115485933332
-0.60163426,-0.6261095081333332
-0.68214494,-0.2305170576
-0.7568003,-0.5975940948000006
-0.5108768,-0.4968952330000002
-0.80217904,-0.45355145506666666
-0.6309109,-0.6622709898666673
-0.5445449,-0.5699618556000007
-0.54747254,-0.6636714002000004
-0.5020938,-0.5354203389999992
-0.72020453,-0.6265681849999993
-0.40255335,-0.595993657866668
-0.8768344,-0.5902944538000005
-0.73045135,-0.5739825304000004
-0.5299066,-0.5926463442666677
-0.69312364,-0.37370612340000053
-0.7055662,-0.6216497110666666
-0.48452783,-0.7153112897555567
-0.70263857,-0.5460257876666662
-0.85634077,-0.5443399286666676
-0.578213,-0.5636928998063491
-0.95880884,-0.5907482511999992
-0.8256003,-0.5748673320666663
-0.51965976,-0.5699887006666674
-0.73630667,-0.660860836533333
-0.49916613,-0.5652727056666659
-0.8094982,-0.6341703270666668
-0.4391491,-0.7451970031333325
-0.4640342,-0.7846911422666665
-0.4977023,-0.5601786045333338
-0.58114064,-0.8246146491933336
-0.8907366,-0.5736946246666674
-0.6718981,-0.6208689759999988
-0.75972795,-0.6099195513333316
-0.7619237,-0.580721008533333
-0.4530555,-0.541012202466665
-0.68214494,-0.6942166610000003
-0.88415354,-0.5550098541333328
-0.6323747,-0.49574565480000066
-0.7729024,-0.8046578084000008
-0.54747254,-0.5179666115999991
-0.61480874,-0.553044857599999
-0.43622145,-0.6611536180000014
-0.8914727,-0.6014195521999992
0.19395752,-0.6479010678666656
-0.6455492,-0.6601191845333344
-0.85487694,-0.6720054755333319
-0.5445449,-0.7365587651333348
-0.6265194,-0.5269724040000012
-0.47720867,-0.5867324922000015
-0.25031498,-0.8988910555999988
-0.62066406,-0.5374306624666673
-0.79339606,-0.6186366484666671
-0.6982471,-0.5992823859999998
-0.48013633,-0.5561188978000001
-0.5752853,-0.7137148819999989
-0.6514045,-0.5723493783999996
-0.73484284,-0.7551607966000005
-0.54893637,-0.5771604346000009
-0.5416172,-0.5129749289333333
-0.5972428,-0.562042546133334
-0.5079491,-0.5920949745999999
-0.6762896,-0.5692152999999999
-0.3088682,-0.6817838691999996
-0.44939592,-0.6303643737333338
-0.647013,-0.4074425409333321
-0.7289875,-0.5665023592000005
-0.474281,-0.8478037005333323
-0.7963237,-0.7894144248666672
-0.69239175,-0.7575614812666668
-1.0034556,-0.5823995306666664
-0.6748258,-0.6725617342666655
-0.647013,-0.3794053140666669
-0.8856174,-0.7445334285333325
-0.469541,-0.5022401724000001
-0.37730226,-0.5729724882000009
-0.83584714,-0.5360058897333333
-0.6909279,-0.6370004117333335
0.07904684,-0.6449229706000005
-0.62066406,-0.6561863553999995
-0.37913206,-0.5793157344000006
-0.6074896,-0.7572041486666657
-0.8007152,-0.4898788170000005
-0.5035576,-0.7291680593999997
-0.6411577,-0.7630069327999989
-0.7275237,-0.6120079442666679
-0.5372257,-0.7965871966666662
-0.67336196,-0.682876853599999
-0.7626556,-0.6186732670666654
-0.8256003,-0.6665892849333346
-0.8138897,-0.5232510245999994
-0.65286833,-0.5468674828
-0.70337045,-0.644495236666668
-0.6192002,-0.6504188686000001
-0.56943,-0.516868721399999
-0.6133449,-0.6213227837333329
-0.59866357,-0.8855230741333334
-0.7963237,-0.6309401615333337
-0.49623847,-0.6132297433333342
-0.61041725,-0.7070593335333334
-0.3615661,-0.4122308935999997
-0.3469278,-0.6418603088666648
-1.0232174,-0.6931179838000007
-0.6074896,-0.27887858304000035
-0.724596,-0.5383821742666666
-0.5635747,-0.7649034041333329
-0.7343305,-0.5394848980000011
-0.5445449,-0.7494333668666661
-0.5291747,-0.2560190468266669
-0.5416172,-0.615364987333334
-0.5079491,-0.893348269733332
0.42429394,-0.6282115733333336
-0.8160854,-0.519090494266667
-0.70117474,-0.6202444313333325
-0.70263857,-0.7336424970666655
-0.57235765,-0.6365432426000003
-0.914894,-0.45670529386666703
-0.92514074,-0.5911239844666679
-0.75167686,-0.6035128439999999
-0.3996257,-0.8082295378666651
-0.73045135,-0.5385431605333337
-0.7729024,-0.7253962556666658
-0.742162,-0.5842049046666677
-0.56650233,-0.5416611386666665
-0.4245108,-0.8694956832
-0.9566131,-0.26338211113333304
-0.46647394,-0.5725821055333334
-0.47940442,-0.4376966527333327
-0.51380444,-0.6174843204000006
-0.67336196,-0.6334384237333324
-1.0121185,-0.7085064834
1.278011,-2.382160170266671
-0.78900456,-0.5259200870666674
-0.70117474,-0.7096942397333351
-0.73045135,-0.6903326399999996
-0.7670471,-0.6081824727999987
-0.74508965,-0.494437974000001
-0.64994067,-0.500776355066667
-0.5899236,-0.48140989200000034
-0.39645404,-0.6047278186666672
-0.6938556,-0.5821262749333345
-0.59577894,-0.6833648030666678
-1.1202465,-0.415317939599999
-0.7568003,-0.49296438360000044
-0.4581789,-0.6656231803333338
-0.6140768,-0.5583731945333336
-0.3527831,-0.49968337219999986
-0.55771935,-0.7803484308000015
-0.75533646,-0.6583950983333343
-0.36302993,-0.5517517880000011
-0.5255151,-0.6578469715333333
-0.2622696,-0.6341801068000007
-0.66897047,-0.6802907587333326
-0.6704343,-0.555767565866667
-0.52214825,-0.39314736046666643
-0.56796616,-0.6772313274666685
-0.5460087,-0.809683600533334
-0.80217904,-0.796450584466665
-0.7912003,-0.8242926287999996
-1.0056515,-0.5036552164999998
-0.4332938,-0.5546807626000013
-0.69312364,-0.4932913199333334
-0.48160017,-0.47316851726666737
-0.64408535,-0.5183130374666667
-0.64408535,-0.46739127440000006
-0.31033203,-0.5060217394000006
-0.72166836,-0.6460468946666664
-0.68653643,-0.6715223902666668
-0.9222131,-0.5526837678666673
-0.3901108,-0.7473384705333344
-0.46257037,-0.5935880865333322
-0.9470982,-0.5415098696666673
-0.6133449,-0.6158822079333347
-0.4391491,-0.5376271462666671
-0.93099606,-0.5730602996666673
-0.48891932,-0.4828688381333325
-0.551864,-0.6313695352
-0.34326822,-0.48350316960000006
-0.6718981,-0.8115205305333358
-0.73045135,-0.6832721039333348
-0.96320033,-0.43636782893333287
-0.5738215,-0.5946859603333342
-0.7084939,-0.5185570078000006
-0.5401534,-0.46119438033333354
-0.5108768,-0.7645285059999989
-0.5123406,-0.6785341562666684
-0.5547917,-0.3980603590666677
-0.56211084,-0.5075441529333342
-0.6235917,-0.43289367399999984
-0.63530236,-0.6652653295333334
-0.6792173,-0.6478132280000012
-0.5752853,-0.5182496274000011
-0.7231322,-0.7080059427333338
-0.5416172,-0.5547526566666661
-0.49184698,-0.5862542861333327
-0.53868955,-0.6063282871999998
-0.6455492,-0.5880206502666662
-0.48599166,-0.5185326245999998
-0.67775345,-0.5920315516000015
-0.50062996,-0.31556888793333315
-0.74069816,-0.7064786707333357
-0.70263857,-0.662827240333334
-0.6411577,-0.6041227855333323
-0.6287151,-0.7507449108666667
-0.42158315,-0.43172258533333435
-0.5928513,-0.5882548583999996
-0.49038315,-0.5158684478
-0.62505555,-0.4384659856666674
-0.35424694,-0.6693087387333343
-0.4786725,-0.7136758570000012
-0.41133633,-0.5464527418000003
-0.4391491,-0.5256322008000001
-0.59577894,-0.5461765688799994
-0.46988952,-0.5273387914000012
-0.65286833,-0.46630316386666776
-0.33668098,-0.6413000036666661
-0.5743094,-0.5674977342
-0.819745,-0.6109344876000009
0.14708637,-0.4381048946666662
-0.44500443,-0.5621303452666658
-0.6601875,-0.6010715037333328
-0.48599166,-0.6068796604666667
-0.49477464,-0.5742411266666672
-0.69239175,-0.6977688989999993
-0.78314924,-0.6612967395333317
-0.750945,-0.6148868264
-0.85634077,-0.6233916634000003
-0.6279832,-0.6688275916000005
-0.89440036,-0.6951095988666655
-0.44061294,-0.6271171160000009
-0.22652775,-0.4019664935999998
-0.9105025,-0.6638226606000013
-0.6133449,-0.694792433933333
-1.087442,-0.012897838359999969
-0.6279832,-0.47843749493333243
-0.71142155,-0.2782936607333327
-0.6118811,-0.6196296134666673
-0.5796768,-0.40435547666666716
-0.73630667,-0.47950202026666733
-0.6997109,-0.6231374507333338
-0.5225874,-0.4109996446666672
-0.4684257,-0.638220252199998
-0.7377705,-0.5521177570000007
-0.12198586,-1.4161901247999993
-0.7084939,-0.45461691086666617
-0.6030981,-0.6339312640000005
-0.9078188,-0.5475603598000005
-0.75972795,-0.5944956666666673
-0.78973645,-0.5740068918666655
-0.83218753,-0.8536668991999993
-0.66970235,-0.7230518949333322
-0.5167321,-0.41549360233333343
-0.72020453,-0.5208600934666676
-0.54308105,-0.5501171871999999
-0.8153535,-0.4009040906
-0.77436626,-0.5525959503333343
-0.4469074,0.05843492314666658
-0.7084939,-0.5547429003333338
-0.6909279,-0.6335737649866673
-0.9902812,-0.5486175789333346
-0.66311514,-0.8190374525333324
-0.39816186,-0.7527942694399996
-0.6894641,-0.6053231046666675
-0.7802216,-0.6172679671333325
-0.19590929,-0.5326683312666673
-0.3615661,-0.6544687763333341
-0.70117474,-0.44585345066666693
-0.6755577,-0.7047562278666654
-0.54356897,-0.6160765838666671
-0.70703006,-0.6286126418666665
-0.90318334,-0.5897674858000006
-0.4874555,-0.6352909882666657
-0.4596427,-0.4266187173333326
-0.8343833,-0.6518924437333335
-0.6279832,-0.6131399805333344
-0.6938556,-0.42890717093333347
-0.6660428,-0.6873854394666682
-0.48013633,-0.6361416130666678
-0.75721085,-0.6277229733333333
-0.80217904,-0.5333963270666666
-0.700586,-0.4582824061333335
-0.48452783,-0.3091121783999996
-0.6287151,-0.4674856059999999
-0.7128854,-0.4557489409333334
-0.6982471,-0.7638169264000014
-0.5114867,-0.46354626353333317
-0.6997109,-0.6254166228000002
-0.57455343,-0.5314387052000015
-0.5020938,-0.7014577458666649
-0.551864,-0.8449033454666648
-0.60017043,-0.6953877377999992
-0.69678324,-0.5954373869999998
-0.76851094,-0.6918647707333319
-0.48013633,-0.6083873984666657
-0.6909279,-0.7173061646666676
-0.7783088,-0.5616570422666674
-0.50547105,-0.6426410256666676
-0.72020453,-0.5809649672000002
-0.8241365,-0.5158440514666661
-0.6572598,-0.8265686805999987
-0.66750664,-0.5741240193333331
-0.6118811,-0.5852344875333337
-0.47135335,-0.49603355133333393
-0.45378742,-0.6358781426666655
-0.7377705,-0.48926086993333323
-0.560647,-0.6305009994666662
-0.647013,-0.6303595080000008
-0.87537056,-0.613449827666666
-0.5635747,-0.6086576430666659
-0.6583577,-0.45780735800000116
-0.5445449,-0.5791108027999995
-0.57674915,-0.7273870600666656
-0.47281718,-0.7734635780666665
-0.52844274,-0.43643614613333453
-0.7055662,-0.6337600606000013
-0.74069816,-0.642699592266666
-0.5738215,-0.5736555951333342
-0.39669803,-0.6681653690666678
-0.7187407,-0.5559237222666679
-0.16943836,-0.48953078533333266
-0.70117474,-0.6081531874666657
-0.57674915,-0.6452954389333347
-0.8929365,-0.48866072019999923
-0.5928513,-0.47087518653333416
-0.57235765,-0.5079539993333323
-0.5313704,-0.6265291034666681
-0.73630667,-0.28042110339999937
-0.5796768,-0.6269780539999995
-0.4596427,-0.8169637998666666
-0.63530236,-0.5707669765333349
-0.733379,-0.6120176975999994
-0.5562555,-0.5022304318666672
-0.6623832,-0.405305342133334
-0.3374129,-0.6777827285599992
-0.68873215,-0.5334441801333341
-0.81242585,-0.6245090573333336
-0.58699596,-0.6219424806666682
-0.75533646,-0.5546062787333327
-0.32936183,-0.7762301819333343
-0.5401534,-0.5179958756000005
-0.62066406,-0.547957243933334
-0.6411577,-0.6494917470666666
-0.80657053,-0.4778771759999997
-0.46110654,-0.5856687586666655
-0.51380444,-0.8125502912000001
-0.50502145,-0.7128560926666673
-0.47135335,-0.5204671503333326
-0.26641712,-0.5595784352000006
-0.50502145,-0.47157782953333444
-0.56650233,-0.6282515837333329
-0.59577894,-0.6665209875999996
-0.54893637,-0.5765230659999994
-0.6938556,-0.7895413210666679
-0.46549803,-0.3419117284000003
-0.526247,-0.6203322703333338
-0.5064853,-0.5228891350000001
-0.733379,-0.5571923747333335
-0.114727706,-0.6253873710666666
-0.7104108,-0.6080068098000001
-0.54747254,-0.662968771333333
-0.702053,-1.553481916133332
-0.6309109,-0.6023661722666669
-0.6909279,-0.6897080623333322
-0.5972428,-0.5550161190666659
-0.8343833,-0.6157943843999985
-0.5727236,-0.7008238999333348
-0.77436626,-0.5884012400000008
-0.6243236,-0.7908050561333347
-0.8182812,-0.7077619626666659
-0.75013983,-0.6382202646666676
-0.6279832,-0.4918352974000002
-0.80217904,-0.5760074781999995
-0.6192002,-0.6579429391333339
-0.5211236,-0.5873619100000004
-0.64847684,-0.5444505490666668
-0.8446301,-0.8731474736666646
-0.43036613,-0.7761260996000001
-0.73484284,-0.6204480635333348
-0.578213,-0.5072269718666662
-0.59138745,-0.6330334316666657
-0.65286833,-0.649228269866666
-0.90318334,-0.5876644543999999
-0.62944704,-0.7034778355199995
1.1161016,-0.7765094096000016
-0.66311514,-0.5499688508666679
-1.1133243,-0.39538710999999926
-0.92953223,-0.6280645315333327
-0.5416172,-0.5600419894000004
-0.5074612,-0.6550348122666664
-0.3996257,-0.6731179890666659
-0.61627257,-0.5949006484666677
-0.22542988,-0.5598565618666671
-0.6850726,-0.6668841745999995
-0.8051067,-0.7255182469333344
-0.6089534,-0.5921486320000007
-0.3718129,-0.6180877234666654
-0.47135335,-0.5383675242666667
-0.4786725,-0.623699075466667
-0.6309109,-0.5221092256666665
-0.4640342,-0.8235314382000015
-0.6828768,-0.4745440489333338
-0.4581789,-0.7837103925333337
-0.61480874,-0.7612308055333343
-0.7833932,-0.979008143933332
-0.40668535,-0.5069901989666661
-0.3571746,-0.6551421484666659
-0.474281,-0.5938824746666678
-0.61627257,-0.5744558193333342
-0.31179586,-0.6112028214666669
-0.63383853,-0.6869072818000018
-0.22982135,-0.6724153525333332
-0.6558332,-0.803024357133333
-0.71142155,-0.606484433733332
-0.48599166,-0.7788065446666647
-0.5372257,-0.6687655354666656
-0.48013633,-0.4308052645333328
-0.56796616,-0.7005013699999995
-0.6748258,-0.7478611723999994
-0.56650233,-0.6195157574000018
-0.75118893,-0.6752768797333343
-0.44646826,-0.5961205079999997
-0.5064853,-0.5589684791333346
-1.0224855,-0.2544382876666671
-0.5943151,-0.5304628161333327
-0.5972428,-0.5298285036000002
-0.61627257,-0.37501381426666663
-0.29203415,-0.7843203188666682
-0.77070665,-0.7112458978666675
-0.84341025,-0.36322393453333385
-0.6806811,-0.6927861574000015
-0.6938556,-0.48336166000000086
-0.6754322,-0.7470023785333346
-0.7377705,-0.6497454740000017
-0.6997109,-0.7779087291333352
-0.5928513,-0.4315420571333333
-0.35937035,-0.5566605299999999
-0.61480874,-0.6049230164666671
-0.73484284,-0.5729334313333331
-0.5928513,-0.7441174605333346
0.46594334,-0.6937668310666671
-0.6045619,-0.7107807157333345
-0.63530236,-0.5057533676000003
-0.5445449,-0.6062404601333332
-0.6177364,-0.6770117786000004
-0.6074896,-0.612783768400001
-0.73045135,-0.6918501328666655
-0.86512375,-0.5835510913999993
-0.7128854,-0.5934270734000006
-0.6265194,-0.656762120466665
-0.78754073,-0.5754219489333325
-0.6133449,-0.49529511866666637
-0.6243236,-0.603216829799999
-0.58114064,-0.7271138324000008
-0.5884598,-0.7246622284666674
-0.6411577,-0.7260891385333342
-0.58114064,-0.6362197104000012
-0.8856174,-0.5280816590000001
-0.55332786,-0.6506628345333322
-0.6192002,-0.5609105023333332
-0.45525125,-0.7713897932000009
-0.5020938,-0.7085085157333328
-0.47135335,-0.6110808513333332
-0.48891932,-0.6215228526666654
-0.42158315,-0.8631134152666656
-0.560647,-0.6581934406000011
-0.48013633,-0.6074407857333326
-0.5064853,-0.8387406002666651
-0.5313704,-0.6903155368000016
-0.5357619,-0.5497561161333344
-0.6909279,-0.5421246921999999
-0.30594054,-0.7150372406666667
-0.5401534,-0.5594088507166665
-0.50062996,-0.5325317152666661
-0.5357619,-0.5447205287333339
-0.6063851,-0.5007861007999995
-0.80364287,-0.5232510208666671
-0.6309109,-0.6698677870000006
-0.7143492,-0.5801083611999998
-0.72020453,-0.6394498842666669
-0.47281718,-0.659836172933333
-0.58260447,-0.6954950665333341
-1.4542679,-0.46083330526666627
-1.3118027,-0.7159106275999992
-0.58114064,-0.48125993006666656
-0.36302993,-0.6462518112666668
-0.41719165,-0.6849554934000013
-0.6806811,-0.6800663033999998
-0.56211084,-0.6290274187333336
-0.8782982,-0.6448660572000012
-0.37327674,-0.5416026008000004
-0.6616513,-0.6971345674666671
-0.5855321,-0.8174614073333345
-0.06367662,-0.5437641808000004
-0.53283423,-0.5884549206666663
-0.5482045,-0.5382796807999994
-0.64847684,-0.5807014929999988
-0.66311514,-0.5526382306666665
-0.76411945,-0.5959936346666674
-0.84023863,-0.6038690472666659
-0.53429806,-0.6516029118666683
-0.73045135,-0.622445061746665
-0.7231322,-0.6164677559999988
-0.31203982,-0.461264003333333
-0.47647676,-0.6251329738000004
-0.5987066,-0.4696114108666658
-0.45085976,-0.6313500368666675
-0.38498738,-0.5775347433333324
-0.57235765,-0.3420646217333334
-0.90903866,-0.6413333457333327
-0.20859583,-0.653366024933334
-0.37766823,-0.1867193457333335
-0.49477464,-0.580145219400001
-1.1264174,-0.6014029840666667
-0.3864512,-0.7225710599999999
-0.7670471,-0.5459794220000005
-0.56211084,-0.6717322239333339
-0.85048544,-0.6913231764000007
-0.3996257,-0.5788961200000002
-0.74508965,-0.630725451866667
-0.71361727,-0.7044317457333347
-0.71142155,-0.556665403866666
-0.42304698,-0.6275001585333343
-0.7772939,-0.5261414934799998
-0.7385512,-0.35921328459999996
-1.5126275,-0.6545663983333343
-0.36849114,-0.7732049349999994
-0.56943,-0.5391482234000001
-0.3659576,-0.5911141776666664
-0.72166836,-0.6368995642000018
-0.78754073,-0.6127593787999995
-0.57674915,-0.5484337956666668
-0.40401718,-0.6165994930666662
-0.46988952,-0.6507067486666661
-0.6836088,-0.548848534866668
-0.9119663,-0.5878645040000017
-0.07482913,-0.4599208485999995
-0.76411945,-0.6351218258000009
-0.48020953,-0.5545574658666668
-0.54893637,-0.5887753141333331
-0.8621961,-0.6731618876000018
-0.6477449,-0.5312191632666667
-0.66311514,-0.7679449220000013
-0.5460087,-0.5876985961333334
-0.49184698,-0.35574980759999925
-0.9222131,-0.6657195552000013
-0.3952342,-0.7046294560666657
-0.9617365,-0.625309299600001
-0.43475762,-0.5665120984666675
-0.50941294,-0.7310407631999988
-0.48160017,-0.4068911523999994
-0.51526827,-0.6043082106666671
-0.97344714,-0.46588840279999894
-0.41280016,-0.6738254774666659
-0.733379,-0.8027483199333323
-0.75972795,-0.7218001010666667
-0.73484284,-0.6693918197333326
-0.69312364,-0.7237450402666666
-0.71581304,-0.6583918618666678
-0.45085976,-0.4399566476999997
-1.0371238,-0.4264869674666675
-0.8138897,-0.25091677933333373
-0.54893637,-0.49543825306666617
-0.4289023,-0.7215268454000008
-0.62505555,-0.5138922702000002
-0.7392343,-0.6909083924666672
-0.32936183,-0.5043984716666658
-0.7172769,-0.41192186420000015
-0.60017043,-0.5096443104666668
-0.8782982,-0.5012496708000006
-0.41353208,-0.49489177333333356
-0.7919322,-0.7749274033333321
-0.32472637,-0.4971569935733341
-0.58480024,-0.6038666223333334
-0.45671508,-0.5487314344666663
-0.53429806,-0.7544435179333343
-0.5641846,-1.7140651530666666
-0.7846131,-0.4095813622666668
-0.5211236,-0.5773688411999994
-0.51343846,-0.6322575991999996
-0.6367662,-0.49394125453333365
-0.5738215,-0.5926398436222218
-0.6192002,-0.676553114133334
-0.5796768,-0.37958095960000066
-0.5460087,-0.6022198158000003
-0.8929365,-0.5489412565333333
-0.7128854,-0.5262274598666656
-0.67336196,-0.6497064572666664
-1.0246812,-0.5495121657333342
-0.5299066,-0.45051817986666665
-0.51526827,-0.661065779199999
-0.62944704,-0.4922763935999987
-1.1777328,-0.5417258445400002
-0.50062996,-0.4574892829999989
-0.6221279,-0.6489273780000002
-0.61480874,-0.7223514760666677
-1.0912855,-0.5994678092666686
-0.7802216,-0.6944899099333323
-0.48525974,-0.43217150506666757
-0.6074896,-0.6737425438000014
-0.7172769,-0.7105139766000007
-0.41865548,-0.5887720769333342
-0.48013633,-0.5397174805333326
-0.5313704,-0.5334539377333342
-0.39230654,-0.789033853400001
-0.28837457,-0.6713125817333337
-0.70703006,-0.6870438832000008
-0.66311514,-0.4829566721333344
-0.69678324,-0.607457053666667
-0.551864,-0.6642081544666684
-0.6953194,-0.7484780899333349
-0.5635747,-0.4405592572000014
-0.5225874,-0.6191709512000005
-1.0301706,-0.45731457300000056
-0.7128854,-0.5863616485333342
-0.77070665,-0.607626229133334
-0.7772939,-0.7514426795999977
-0.73045135,-0.4279947206000001
-0.4691576,-0.6252549260666652
-0.7860769,-0.594041870933333
-0.5460087,-0.653736860933333
-0.25836605,-0.7248273356666662
-0.7377705,-0.6571524461333333
-0.8446301,-0.5581585121333346
-0.7963237,-0.6175509822666662
-0.86073226,-0.8047114626666664
-0.70263857,-0.41262450286666774
-0.6806811,-0.6027239862666659
-0.6894641,-0.5092080433333338
-0.71581304,-0.8061704269999983
-0.62944704,-0.4922861323999993
-0.3952342,-0.6249970032666678
-0.49038315,-0.6297739840666675
-0.6982471,-0.6454935412600012
-1.1095834,-0.5122722914666673
-0.46037462,-0.7342197608666671
-0.6477449,-0.5095649253333328
-0.5357619,-0.46193118533333444
-0.8438982,-0.624157722266665
-0.60602576,-0.40391189293333285
-0.26348945,-0.5036162039999997
-0.63530236,-0.6063282853333337
-0.44500443,-0.689254274399998
-0.6762896,-0.4969215985999997
-0.46549803,-0.7125243052
-0.63383853,-0.5098755234666654
-0.5899236,-0.5184417472666674
-0.9051351,-0.6632228217999995
-0.52844274,-0.8304406850666656
-0.6660428,-0.5123406052000004
-0.66750664,-0.5150535822666669
-0.7758301,-0.5991847862000002
-0.54747254,-0.7840714279333344
-0.65286833,-0.500218151266666
-1.0678642,-0.7003452261333329
-0.69678324,-0.6353902019333346
-0.76411945,-0.6020148501333318
-0.5181959,-0.6620221586666664
-0.35863844,-0.6022003131999992
-0.46696186,-0.6294551925333349
-0.73630667,-0.4517204602000005
-0.7187407,-0.518361832399999
-0.5899236,-0.7178380111999992
-0.67775345,-0.7234542374666647
-0.750945,-0.5764271029333322
-0.4581789,-0.6369418501333345
-0.72020453,-0.6652523212666682
-0.58699596,-0.5124102334444441
-0.3754725,-0.6418310455333337
-0.55113214,-0.6682385487999993
-0.69678324,-0.5805063260000005
-0.5211236,-0.7779559130000001
-0.65286833,-0.6095389658666678
-0.53283423,-0.6028638738666666
-0.48013633,-0.43834399086666725
-0.5460087,-0.6634420726666671
-0.7187407,-0.7535115566666658
-0.96832377,-0.49225197173333207
-0.6389619,-0.7721997902666674
-0.57235765,-0.6628028680000004
-0.914894,-0.4355220576666659
-0.59577894,-0.7105612338666663
-0.7480173,-0.518508223266666
-0.74508965,-0.6759968613999989
-0.3952342,-0.7025019273333326
-1.0078472,-0.6145257292000001
-0.5562555,-0.6253678526666683
-0.6601875,-0.49016357546666767
-0.4115803,-0.45256863826666754
-0.40060157,-0.6450685627333339
-0.6426215,-0.5750023177999994
-0.6806811,-0.33758366220000025
-0.5313704,-0.6717956413999998
-0.65433216,-0.4739072918666677
-0.60017043,-0.676855634533332
-0.74508965,-0.6095546462666674
-0.51526827,-0.5750803841333323
-0.414264,-0.5091055510666668
-0.6221279,-0.5591343776666661
-0.8709791,-0.6808274895333322
-0.59943855,-0.5303847561333339
-0.59504706,-0.6967149283333326
-0.51526827,-0.4312932071333336
-0.6704343,-0.4360360293333336
-0.62066406,-0.5896211029333347
-0.7772939,-0.6440560638666679
-0.48891932,-0.6810714716000004
-0.6894641,-0.6999256046666683
-0.9705195,-0.7084743669333332
-0.578213,-0.6715890896000003
-0.5445449,-0.5505270489333325
-0.48891932,-0.3419117284000003
-0.3469278,-0.6360342813333323
-0.78973645,-0.7428581168
-0.64994067,-0.5641599956666674
-0.51380444,-0.6297316836000004
-0.68214494,-0.6857264313999987
-1.3167154,-0.6199742726666676
-0.66676253,-0.49837812300000045
-0.66897047,-0.6073432190666679
-0.60017043,-0.815246183800001
-0.647013,-0.5784520549333341
-0.5313704,-0.6586528979333337
-0.69678324,-0.6780234553333315
-0.64847684,-0.6891225221333346
-0.89440036,-0.564091903066667
-0.65433216,-0.5613961804666657
-0.7436258,-0.6191807246666663
-0.55771935,-0.7072447617333351
-0.6455492,-0.5721380869333346
-0.5547917,-0.7154617337333345
-0.9511822,-0.7425857167333327
-0.8578046,-0.49152658573333413
-0.66897047,-0.5884207709333336
-0.5855321,-0.640513219733332
-0.49038315,-0.6622075778666664
-0.6762896,-0.6410405871999988
-0.69239175,-0.499995645733333
0.12863994,-0.7392239678666686
-0.68214494,-0.5719380164666664
-0.24358137,-0.36157850320000007
-0.5943151,-0.6145452414000012
-0.81681734,-0.2752025422000002
-0.6367662,-0.6024149745999997
-0.5899236,-0.5891184974
-0.60968536,-0.5908997189333339
-0.68653643,-0.5978278320000002
-0.72605985,-0.6336726318
-0.7048343,-0.551263881466666
-0.24299583,-0.5813553398000008
-0.483064,-0.7222441244000012
-0.83316344,-0.7523112172000012
-0.8958642,-0.5738507561333334
-0.7319152,-0.6426979749333345
-0.5401534,-0.7750575113333327
-0.6367662,-0.6510271485999998
-0.6601875,-0.7118948601333327
-0.7816854,-0.5016400332666664
-0.67336196,-0.41639727186666725
-0.7041024,-0.38309852453333404
-0.55728704,-1.0108346815999991
-0.5460087,-0.4463365093333327
-0.87537056,-0.800861595266665
-0.63383853,-0.6028980273333338
-0.52185553,-0.500688514466667
-0.49916613,-0.6570402426000007
-0.6177364,-0.7836274009333315
-0.62103003,-0.833853042199998
-0.750945,-0.6073236890666678
-0.9017195,-0.6171313282666656
-0.9705195,-0.5874448832000002
-0.62066406,-0.6524389453333335
-0.80364287,-0.6251433852666655
-0.88854504,-0.6390888083999997
-0.53210235,-0.4807462845333334
-0.68800026,-0.6556837412666656
-0.81242585,-0.5297146617333337
-0.30081713,-0.42114886140000013
-0.647013,-0.5543753092666658
-0.23128518,-0.560666533733334
-0.63530236,-0.554918552866668
-1.1117791,-0.6492966023333345
-0.5167321,-0.6188781864666676
-0.49477464,-0.4023386481999992
-0.09020589,-0.8451016490666692
-0.56211084,-0.760001202333332
-0.18663837,0.017681378693333367
-0.5211236,-0.6857166818666666
-0.54747254,-0.6209796192666672
-0.52844274,-0.7689403137333316
-0.5203917,-0.5623157686000007
-0.49184698,-0.3486063200666673
-0.6836088,-0.7258451569333321
-0.5796768,-0.48686506666666657
-0.76997477,-0.5964815796666668
-0.474281,-0.7555218819999988
-0.4977023,-0.6597280029333334
-0.6938556,-0.5496292423999992
-0.5269789,-0.6511117477333342
-0.810962,-0.6960838690000004
-0.4098725,-0.5647115989333339
-0.37840015,-0.7486005190000012
-0.6367662,-0.5401176040000002
-0.5313704,-0.8361105870000001
-0.57674915,-0.6446415970666683
-0.72020453,-0.7862330326666686
-0.34400013,-0.6370677420333342
-0.51380444,-0.6457150672000013
-0.54893637,-0.7835591168666686
-0.241532,-0.5064755454000011
-0.6074896,-0.5936222164666659
-0.48452783,-0.5646730106666678
-0.62066406,-0.662832141000001
-0.64994067,-0.6686191302666645
-0.65286833,-0.6426984412666659
-0.76107794,-0.7933086549333337
-0.7824173,-0.5990871971999988
-0.070019886,-0.43035886680000063
-0.5752853,-0.5589196972666667
-0.75972795,-0.6429142856666672
-0.750945,-0.6364636600000002
-0.53868955,-0.7785771975333339
-0.37913206,-0.4710801215333321
-0.7231322,-0.7547021290000004
-0.45671508,-0.4486688908666674
-0.5167321,-0.4938085330666664
-0.74508965,-0.5591831958666676
-0.48160017,-0.6085630786666669
-0.40840867,-0.6652669586666657
-0.31874904,-0.8070037879999982
-0.55332786,-0.6005119813333342
-0.6411577,-0.7304123284000004
-0.5299066,-0.7032216676666647
-0.3996257,-0.6669740439333334
-0.70117474,-0.7625742891999991
-0.66750664,-0.5686492910666662
-0.560647,-0.5049238553333333
-0.40255335,-0.6238844725333323
-0.60602576,-0.6167458743333333
-0.76851094,-0.5561774541333331
-0.64481723,-0.41308364840000017
-0.55698746,-0.5365426032000002
-0.9895493,-0.6269536464666672
-0.44500443,-0.597325734799999
-0.64408535,-0.6201956541333342
-0.51526827,-0.6978567275333333
-0.04952626,-0.7129720487333351
-0.82064664,-0.5086029846000002
-0.36010227,-0.49622872473333274
-0.6477449,-0.6531123023333327
-0.5562555,-0.6747639594666656
-0.474281,-0.3652292662933328
-0.6118811,-0.6990375459333342
-0.7055662,-0.6497552486000008
-0.5840683,-0.5706303469333325
-0.6364002,-0.5361961676666673
-0.74143004,-0.6192587769333339
-0.6601875,-0.6030590600666668
-0.55332786,-0.6716443925333323
-1.0378557,-0.5611251900000012
-0.5752853,-0.3653730209333325
-0.6279832,-0.8091956824000005
-0.3659576,-0.3758921084666671
-0.8153535,-0.6230305833333325
-0.63969386,-0.7255476304000011
-0.6309109,-0.49231542239999965
-0.5796768,-0.677031296333332
-0.23567668,-0.4760864067333327
-0.75387263,-0.6143793508000004
-0.59138745,-0.6305400679999987
-0.6572598,-0.6204200906000008
-0.6514045,-0.6690970213333335
-0.6455492,-0.8443275641333329
-2.482976,-0.49545745566666627
-0.93977904,-0.5541183337999995
-0.74948114,-0.4989856101333327
-0.76851094,-0.6298764374666658
-0.828528,-0.6911425925333343
-0.75387263,-0.7716240223333349
-0.3571746,-0.6596897987999989
-0.8653189,-0.40486781453333315
-0.26641712,-0.6290713430000016
-0.5752853,-0.5454898733333332
-0.5738215,-0.445541160599999
-0.70117474,-0.4861966071333331
-0.67336196,-0.8643430496000013
-0.5079491,-0.5204111960000002
-0.51965976,-0.7527698841333319
-0.40108952,-0.6738791532000015
-0.5157234,-0.6880963696666677
-0.8116939,-0.593383147266668
-0.43689236,-0.6780901338666648
-0.76997477,-0.6169459388000004
-0.51380444,-0.5853662427999999
-0.56211084,-0.7478709231333329
-0.3718129,-0.5604713436000016
-0.6374981,-0.41843182620000047
-0.74069816,-0.4759107624666672
-0.40840867,-0.7889850386666672
-0.65872365,-0.6724250976000006
-0.6177364,-0.6941873730666673
-0.86951524,-0.6368540248666658
-0.74069816,-0.6267633354666655
-0.59577894,-0.8494949076000003
-0.4933108,-0.6480962525333328
-0.67336196,-0.6871663230000012
-0.3841335,-0.6042008587333343
-0.49477464,-0.6055963661999988
-0.52844274,-0.482517524333333
-0.3996257,-0.7302366334000014
-0.5591832,-0.37630198280000066
-0.655796,-0.8567135255666644
-0.6177364,-0.5597882322666676
-0.39669803,-0.37656258499999956
-0.526247,-0.4110718516666679
-0.3113079,-0.6594994996666677
-0.7626556,-0.5270569830666674
-0.65872365,-0.6418115453333351
-0.6089534,-0.6187415453333345
-0.83584714,-0.5750608778000001
-0.74338186,-0.5487997455333334
-0.52405125,-0.5193084584000001
-0.8201109,-0.7214214551333329
-0.56650233,-0.511120751199999
-0.6572598,-0.3870367385333328
-0.5372257,-0.6535124171333344
-0.4391491,-0.6679457958000011
-0.733379,-0.5107962792666674
-0.87976205,-0.672307990933334
-0.44939592,-0.19765075699999957
-0.75167686,-0.7441625604666688
-0.5313704,-0.7626458407333341
-0.26934478,-0.253313230773333
-0.5167321,-0.5619693312666671
-0.37840015,-0.6764847804000006
-0.7231322,-0.6027389715333338
-0.20932774,-0.6529631315333349
-0.4245108,-0.6222059600666662
-0.6411577,-0.5190156982000006
-0.7084939,-0.4233055748666656
-0.88716483,-0.6392644722666672
-0.56211084,-0.5857761032
-0.4391491,-0.595242222200001
0.14333339,-0.7545128578666678
-0.655796,-0.6073334543333324
-0.5943151,-0.5334783110666669
-0.4209976,-0.7027068634000014
-0.6411577,-0.5258956835333335
-0.6426215,-0.6127788903333344
-0.58919173,-0.5396752113333332
-0.6118811,-0.6214594135999992
-0.64994067,-0.8084051891333346
-0.8409705,-0.6417822514666667
-0.6089534,-0.5931733342000013
-0.483064,-0.5760545768000009
-0.33668098,-0.6974468345333337
-0.84609395,-0.5998776633333334
-0.8343833,-0.5865470679333319
-0.7099577,-0.4880049939999993
-0.7626556,-0.634999840066666
-0.5884598,-0.41984282179999965
-0.8768344,-0.37180836962666614
-0.7187407,-0.5510052669333334
-0.8636599,-0.6361025877999993
-0.49623847,-0.49503325646666696
-0.46988952,-0.5698886755333344
-0.63383853,-0.7466315390000003
-0.65872365,-0.6554373514666662
-0.72166836,-0.6183121749333338
-0.52405125,-0.6548298513333333
-0.79778755,-0.5381820898666669
-0.66897047,-0.5876010189333344
-0.6074896,-0.8109724269999975
-0.8329195,-0.4420181988000007
-0.7275237,-0.5715281530666669
-0.5708938,-0.589572313400001
-0.6836088,-0.6048156476000006
-0.8914727,-0.632360061000001
-0.5752853,-0.6436657168666677
-0.7289875,-1.1671810331333348
-0.7128854,-0.7845545186666691
-0.4684257,-0.6384642499999987
-0.56943,-0.6497089853999993
-0.6660428,-0.48107321006666676
-0.48965123,-0.6955633865999992
-0.5928513,-0.5663608496666676
-0.52844274,-0.5698984236666671
-0.5225874,-0.5835218019333346
-0.6601875,-0.777908731733333
-0.16870645,-0.8421295044000007
-0.67775345,-0.6915427332000003
-0.63823,-0.623972318000001
-0.6111492,-0.6942947408666659
-0.47574484,-0.482537037066666
-0.43622145,-0.47606934306666593
-1.113243,-0.6517094694666653
-0.5299066,-0.818905711866666
-0.6455492,-0.6177559235599989
-0.36010227,-0.655259267933335
-0.405481,-0.6808860279333344
-0.7772939,-1.1192888257333313
-0.7319152,-0.5737922017333341
-0.5987066,-0.7675643247333342
-0.5291747,-0.7004590762666658
-0.63530236,-0.49422166333333273
-0.62505555,-0.8493594392000002
-0.6426215,-0.6456565263333339
-0.47720867,-0.6706733792000013
-0.64847684,-0.595364184866667
-0.72166836,-0.5855898229333336
-0.5445449,-0.6405965445333324
-0.4684257,-0.5923633374000008
-0.41865548,-0.7265624425333341
-0.70117474,-0.7332667926000014
-0.55771935,-0.6167800377333327
-0.60968536,-0.49590180666666556
-0.49623847,-0.17824280224000025
-0.7963237,-0.6817936118000002
-0.68800026,-0.6040446912666672
-0.69239175,-0.21977947607733275
-0.69678324,-0.6927625775333346
-0.65286833,-0.5654255917333337
-0.20347242,-0.6622921573333328
-0.5299066,-0.5635844507333333
-0.6279832,-0.6099959954000012
-0.92514074,-0.5505270489999988
-0.51380444,-0.6853068133333329
-0.37766823,-0.4978877275999997
-0.70263857,-0.5635844392000012
-0.8299918,-0.7723364203999996
-0.21386561,-0.5785350181333344
-0.5020938,-0.8241527693333321
-0.663847,-0.4996748754666669
-0.5840683,-0.6628028594666658
-0.50941294,-0.5357326188666661
-0.7006624,-0.5855451491333329
-0.6235917,-0.7020920885333345
-0.68214494,-0.5056362676666663
-0.6133449,-0.49556512613333353
-0.7128854,-0.5595247293999992
-0.7289875,-0.5449531176666667
-0.4289023,-0.5993360587333335
-0.6133449,-0.5610861468666651
-0.7670471,-0.6776363233333342
-0.77436626,-0.653445719533335
-0.74582154,-0.6106869758666663
-0.63823,-0.4583057641333332
-0.8219407,-0.6841251730666661
-0.5987066,-0.7557658476000018
-0.6909279,-0.7455906416666648
-0.45378742,-0.5659851112000005
-0.75152004,-0.8356847958666681
-0.6514045,-0.8877935781333325
-0.7568003,-0.9295468629999998
-0.18028438,-0.9486129179333321
-0.70703006,-0.6505164407999995
-0.58523935,-0.6750014303333342
-0.5911477,-0.6629689103999998
-0.54747254,-0.7634265718666673
-0.560647,-0.6821768169999995
-0.551864,-0.7158130400666667
-0.9722643,-0.7228816778599996
-0.7480173,-0.5710304466666666
-0.74069816,-0.492861924666666
-0.6577594,-0.5581700439333347
-0.54308105,-0.697300460133333
-0.64994067,-0.41878965426666753
-0.87390673,-0.6113345780666664
-0.15004261,-0.29891465042666693
-0.44207677,-0.6519997846666679
-0.3633715,-0.5403355428666674
-0.48891932,-0.7088695926666669
-0.4977023,-0.6689655938666683
0.27812776,-0.7165937690000006
-0.5401534,-0.6966929931999999
-0.70117474,-0.6848871836666669
-0.5108768,-0.5035576336666664
-0.32716608,-0.6251408524666672
-0.8094982,-0.6040154311999997
-0.55332786,-0.5729578307333333
-0.47135335,-0.7657680389333322
-0.39669803,-0.4920226534000005
-0.5635747,-0.5899626554000005
-0.7345704,-0.6969423114666675
-0.5279548,-0.5631647973999993
-0.56943,-0.7211657746666653
-0.61041725,-0.48464982806666634
-0.49184698,-0.6942849855333322
-0.63383853,-0.736853181800001
-0.5987066,-0.6564108148666653
-0.47135335,-0.5889514493333329
-0.24738732,-0.6062697323999984
-0.9427067,-0.5223500522666664
-0.61041725,-0.6588309924666685
-0.5928513,-0.6276423981432536
-0.76997477,-0.5747095393333321
-0.17675751,-0.4745646567999997
-0.5313704,-0.6878929106266676
-0.5738215,-0.5987342465333348
-0.7041024,-0.7332825055999983
-0.448664,-0.641554538466666
-0.7436258,-0.5843415649333348
-0.655796,-0.6640520062666679
-0.5796768,-0.7273304580666681
-0.4289023,-0.49111507466666626
-0.68653643,-0.5369333144000007
-0.4925789,-0.5903896189999988
-0.5313704,-0.6761822707333325
-0.5796768,-0.6583332824000004
-0.6089534,-0.5425882269333341
-0.20859583,-0.3301620510666658
-0.66750664,-0.667116286666667
-0.5079491,-0.6123885428666666
-0.7128854,-0.7276014782666687
-0.25763413,-0.4201866059999995
-0.7611918,-0.7648611190666667
-0.66750664,-0.5695178116666665
-0.7187407,-0.6554934765333342
-0.5460087,-0.3924333856000006
-0.46549803,-0.5721722461333338
-0.39377037,-0.7037803473999998
-0.47135335,-0.6269845510666673
-0.64408535,-0.5699276845333336
-0.7041024,-0.6082263882666658
-0.74069816,-0.7336847892000009
-0.7128854,-1.0487982523333343
-0.83731097,-0.6382690639333323
-0.5225874,-0.6250171982666677
-0.43768528,-0.6434851684799998
-0.29715756,-0.6249774952000017
-0.8600003,-0.7940474609999985
-0.60968536,-0.691249962866666
-0.62550443,-0.31572117853333376
-0.67775345,-0.7430402869333317
-0.44500443,-0.6419676749333323
-0.44646826,-0.6246212927333347
-0.60822153,-0.669155905866667
-0.66897047,-0.648995682733334
-0.53868955,-0.6961419054666649
-0.63823,-0.6242260490666653
-0.7611918,-0.5903042291333329
-0.50502145,-0.49803411280000015
-0.5796768,-0.6242787464000003
-0.49038315,-0.687670088733332
-0.40255335,-0.7329252115999995
-0.61480874,-0.5393531386666663
-0.49916613,-0.6108920565333342
-0.67775345,-0.6493063540000009
-0.5057534,-0.5557822095333336
-0.5840683,-0.586839815133333
-0.71142155,-0.658079564866666
-0.63432646,-0.5223500522666664
-0.68800026,-0.5226947714000003
-0.8343833,-0.4493789906999995
-0.6323747,-0.47145096040000034
-0.8023544,0.228948408666666
-0.09380712,-0.5677221915999989
-0.6850726,-0.6440999904000013
-0.55771935,-0.6521266631999992
-0.78754073,-0.6996816168666676
-0.35571077,-0.4574795077333343
-0.46476611,-0.6368052390666669
-0.5752853,-0.5624231253333346
-0.77875775,-0.4912419465333344
-0.664579,-0.6619684775333325
-0.7306953,-0.41894824026666727
-0.60602576,-0.5351080624000009
-0.65067255,-0.5701911863333331
-0.6660428,-0.5775298576000005
-0.7465535,-0.960863055466668
-0.34546396,-0.6606364039999992
-0.5416172,-0.7785528147999989
-0.6265194,-0.685072600733334
-0.9470982,-0.7062883848000002
-0.83395636,-0.7574590559333336
-0.7143492,-0.41761127166666584
-0.7816854,-0.711711363600002
-0.828528,-0.6920209386666674
-0.86683154,-0.8772344705333315
-0.49038315,-0.6884589300666656
-0.6411577,-0.5512101830666675
-0.5556456,-0.44298327773333257
-0.65872365,-0.5154146529333326
-0.5738215,-0.5518542739999989
-0.5255151,-0.5981405995333321
-0.50941294,-0.5757635172000007
-0.7992514,-0.5226947714000003
-0.560647,-0.5178348705333337
-0.6045619,-0.3983131169333344
-0.65872365,-0.7055401450799998
-0.68214494,-0.48646985813333365
-0.3571746,-0.5461794975333335
-0.55332786,-0.604727813666668
-0.551864,-0.5878157158666678
-0.6009024,-0.7108896663333357
-0.7062981,-0.9051497796666638
-0.6660428,-0.48937799559999945
-0.21811073,-0.7053491051066658
-0.7963237,-0.5064072177333337
-1.0261451,-0.529394253933333
-0.5357619,-0.5725918543333339
-0.33521715,-0.6711955052000007
-0.6235917,-0.5823799992000005
-0.92514074,-0.7841056180000011
-0.4245108,-0.5818920707999993
-0.2166469,-0.6972223829333335
-0.3469278,-0.4802632138666677
-0.45012784,-0.5686200062666673
-0.5738215,-0.5707572113333332
-0.48452783,-0.7084353145999994
-0.6601875,-0.6852856868000017
-0.69678324,-0.6538962677333319
-0.48891932,-0.6566840468666671
-0.54893637,-0.46108702220000036
-0.4977023,-0.5726725392666667
-0.5650385,-0.525456520466668
-0.58699596,-0.725230355799998
-0.74508965,-0.328029730866667
-0.5972428,-0.6285687513333327
-0.71142155,-0.6892494080000017
-0.72605985,-0.7250278500000018
-1.2950019,-0.5591124509333336
-0.647013,-0.6782072210666658
-0.38498738,-0.6334481774666681
-0.40108952,-0.37544352973333267
-0.63530236,-0.5567727434666656
-0.8329195,-0.5094764401333333
-0.67775345,-0.6567182209333343
-0.72020453,-0.7593283198666685
-0.7582641,-0.3588384831333344
-0.6616513,-0.5358302192666661
-0.064195625,-0.7414076793333328
-0.405481,-0.6592386554666678
-0.64408535,-0.6724202365333317
-0.62505555,-0.46193118533333444
-0.6792173,-0.6610852949333342
-0.8636599,-0.6483402194666678
-0.46330228,-0.430955718466667
-0.70117474,-0.4655078033333343
-0.57674915,-0.5355721018666675
-0.6858045,-0.6120567275333336
-0.67775345,-0.6818326604666668
-0.7626556,-0.37941708333333435
-0.8094982,-0.7317883119999983
-0.68800026,-0.7787011469999982
-0.63383853,-0.4854500477333333
-0.57235765,-0.8420634906000015
-0.6265194,-0.6691656481333332
-0.5562555,-0.7155690770666677
-0.4933108,-0.595827755733333
-0.82706416,-0.7265429078666669
-0.6565279,-0.6500919239333341
-0.7948599,-0.7091184545333337
-0.39669803,-0.5157708367333331
-0.57674915,-0.361463623533334
-0.43768528,-0.5496438897999997
-0.5562555,-0.6825011318666674
-0.8256003,-0.4996443166000008
-0.48013633,-0.7841934519999999
-0.810962,-0.6319940956000011
-0.887238,-0.7670279882800013
-0.5038016,-0.6787293331333341
-0.647013,-0.5758545892666653
-0.750945,-0.576856503133333
-0.81681734,-0.557219212066667
-0.72020453,-0.577451786133333
-0.5123406,-0.5493755348666678
-0.54710656,-0.21426223473333295
-0.7055662,-0.5940382911999985
-0.44646826,-0.5795499432000008
-0.49916613,-0.5049458363333332
-0.5123406,-0.7311246952000006
-0.7150811,-0.4835421899333339
-0.5935832,-0.6378835771333338
-0.69239175,-0.48714646906666664
0.708812,-1.0467891007333323
-0.68653643,-0.46706923053333355
-0.50062996,-0.5500850239333342
-0.6177364,-0.7128533135999988
-0.6718981,-0.512038083466666
-0.52844274,-0.6115541510000008
-0.85487694,-0.6539661970666649
-0.5020938,-0.6020343836000004
-0.30154905,-1.009589163266666
-0.66311514,-0.4468781246666658
-0.6616513,-0.5467308600666667
-0.7084939,-0.47782837266666717
-0.38195097,-0.6776880603333327
-0.78754073,-0.42036816466666665
-0.69239175,-0.6289249576000008
-0.53283423,-0.4063788146666668
-0.742162,-0.5427555223999999
-0.647013,-0.9145133833999983
-0.12881707,-0.45742747433333375
-0.828528,-0.5877717889999999
-0.16471559,-0.41782597413333256
-0.40255335,-0.6831891356666663
-0.3425363,-0.6551079911999991
-0.37034908,-0.6586358346666674
-0.49184698,-0.758800867533336
-0.50062996,-0.12243622953333318
-0.33521715,-0.664598516800001
-0.6323747,-0.4337963686000008
-0.54674065,-0.499722414400001
-0.4786725,-0.6040935119333339
-0.6982471,-0.6459688077333327
-0.551864,-0.5083199766000004
-0.46257037,-0.6930748765333319
-0.7128854,-0.4187286732666667
-0.8182812,-0.6065771329333343
-0.46988952,-0.5582121799999994
-0.23640859,-0.6250213865333345
-1.1798472,-0.7011161860666656
-0.56650233,-0.5719204586666655
-0.67775345,-0.5044456849333339
-1.846755,0.1040574107333332
-0.8782982,-0.31856362998666704
-0.62505555,-0.6016245137999993
-0.5416172,-1.2218051455999999
-0.6074896,-0.5841268540000003
-0.40255335,-0.570522987466667
-0.7611918,-0.5832631930666655
-0.6133449,-0.7454995244666646
-0.7289875,-0.6934554643999986
-0.7319152,-0.3830590103999996
-0.7582641,-0.5644920041333333
-0.8299918,-0.5589646016666661
-0.81242585,-0.6658639075333346
-0.50941294,-0.4736954953333341
-0.5943151,-0.6315793419333325
-0.49477464,-0.5903335059333346
-0.87390673,-0.6235771050666673
-0.49477464,-0.6101374986666659
-0.35937035,-0.520840588666667
-0.5313704,-0.608777757733333
-0.68214494,-0.5783008019999991
-0.18444262,-0.7159496819466666
-0.8058386,-0.7898048110666669
-0.4977023,-0.5858662398000006
-0.7670471,-0.42818989480000075
-0.80364287,-0.6717322257333346
-0.7816854,-0.6225279945333322
-0.4786725,-0.5859127139999997
-0.68800026,-0.5220506726666667
-0.76997477,-0.7001402730000019
-0.25763413,-0.5422296197333342
-0.22689371,-0.6703321321333328
-0.5269789,-0.6076652487999996
-0.4332938,-0.5786667711333329
-0.78754073,-0.5260013932000007
-0.560647,-0.6922014450000014
-0.7099577,-0.7907723278666688
-0.7860769,-0.5656386706000008
-0.5591832,-0.4235739472666674
-0.5020938,-0.6196881786666661
-0.83731097,-0.7103285640000007
-0.7099577,-0.4759888349333345
-0.6850726,-0.6288712577333332
-0.54893637,-0.5399711704666663
-0.58040875,-0.5568556901999991
-1.078144,-0.6575455083333342
-0.664579,-0.6501944187333348
-0.48891932,-0.5868081096666661
-0.5928513,-0.5391616877333328
-0.6118811,-0.8011519318000015
-0.96027267,-0.6202053905333335
-0.74069816,-0.3346072138000003
-0.74069816,-0.6587612227333329
-0.6074896,-0.5273692682666673
-0.49916613,-0.9081407768000005
-0.64628106,0.32979384453333277
-0.31179586,-0.48115372646666554
-0.50331366,-0.7782926403333345
-0.56796616,-0.5164686101333338
-0.53868955,-0.6893176999333335
-0.46549803,-0.5580023458666669
-0.560647,-0.6052450548666662
-0.6323747,-0.5378502900000013
-0.7860769,-0.5537767676000004
-0.5928513,-0.6574745337333342
-0.810962,-0.5576992696666676
-0.8578046,-0.6445830378666668
-0.67775345,-0.6994474168666683
-0.43475762,-0.5858541557333319
-0.56650233,-0.6204981508666667
-0.2625627,-0.7112678262000004
-0.5460087,-0.4935710527333334
-0.8592684,-0.6844285091999991
-0.758996,-0.5534530995333339
-0.476184,-0.4760238616000012
-0.68214494,-0.5339760026666673
-0.64408535,-0.669834111333334
-0.7692428,-0.6791489655999988
-0.5504002,-0.5755049020933335
-0.70337045,-0.5789448931333339
-0.5752853,-0.6591725588666663
-0.39377037,-0.7066884862000004
-0.65433216,-0.7361033320000013
-0.4098725,-0.45356294586666696
-0.43182996,-0.42456936433333387
-0.65872365,-0.6976810607999986
-1.0751834,-0.6960122951333323
-0.47720867,-0.653112302066666
-0.72020453,-0.7014317186666659
-0.73630667,-0.742845093
-0.88134784,-0.6041123429333335
-0.49623847,-0.6241918926666667
-0.7802216,-0.4110579524000007
-0.5145364,-0.46507841133333366
-0.3088682,-0.5680247217333325
-0.7055662,-0.5368304813333326
-0.7970556,-0.4447994893999997
-0.37913206,-0.706629961333334
-0.241532,-0.9496811132666679
-0.32643417,-1.4428352116666705
-0.39230654,-0.8207498563600008
-0.61041725,-0.628966422533334
-0.6133449,-0.7055418152666678
-0.8578046,-0.435940100133333
-0.63383853,-0.40229960599999964
-0.64994067,-0.349984097666666
-0.7733555,-0.6144720375333325
-0.5738215,-0.6448807071333322
-0.49916613,-0.46687078919999986
-0.6850726,-0.6784014349333346
-0.5943151,-0.587488787600001
-0.8153535,-0.651882676933334
-0.664579,-0.7015211600000005
-0.4391491,-0.5556504828666667
-0.5972428,-0.7015162914666654
-0.7670471,-0.6762700825333332
-0.6279832,-0.6565376775333331
-0.5708938,-0.4782789054666673
-0.5752853,-0.6592050652000017
-0.2321147,-0.056770302586666606
-0.39742994,-0.7070446923999996
-0.57235765,-0.45658819693333347
-0.66531086,-0.786154970266666
-0.6045619,-0.7092127966666646
-0.664579,-0.5127309540000007
-0.63530236,-0.5596906589999999
-0.5357619,-0.5394214668666664
-0.75972795,-0.5936319933333336
-0.64994067,-0.5243586578000005
-0.79339606,-0.649599110133334
-0.7341109,-0.7570052329999987
-0.5635747,-0.564911642533333
-0.7172769,-0.5056509152666665
-0.750945,-0.5813957237333339
-0.5108768,-0.6315940108000009
-0.7715172,-0.5644768657333332
-0.7860769,-0.5947152147333336
-0.46128953,-0.6327552896666678
-0.6411577,-0.6881368696000004
-0.62066406,-0.35301731973333345
-0.52844274,-0.3298990570666671
-0.58948445,0.13223951180000015
-0.68214494,-0.6052060209333333
-0.5884598,-0.6387228377999999
-0.5969337,-0.7362578741333318
-0.7714386,-0.707156921999999
-0.44500443,-0.6600313456000005
-0.91708535,-0.5502662509999994
-0.6309109,-0.6166995231333338
-0.40255335,-0.638151954066668
-0.72605985,-0.6327162610666678
-0.7524088,-0.6809934020666663
-0.6252995,-0.6282554818000009
-0.6660428,-0.5284525004000012
-0.56943,-0.676553114133334
-0.6192002,-0.8864795402666689
-0.73264706,-0.13558384140000007
-0.6982471,-0.7258402815333331
-0.79339606,-0.5130139828666664
-1.2409703,-0.8169637998666666
-0.6455492,-0.7342377706666674
-0.11125111,-0.5132189037333329
-0.7465535,-0.6886931310000001
-0.6221279,-0.6703269538666655
-0.43182996,-0.6384056876666648
-0.4969704,-0.7026678232000013
-0.6660428,-0.5413244447999993
-0.33521715,-0.5057192228666658
-0.7055662,-0.5223727337999992
-0.35424694,-0.45186978080000034
-0.66311514,-0.6676530251999994
-0.5445449,-0.7754835818000015
-0.29569373,-0.638064137533333
-0.4977023,-0.3283484182666662
-0.83472234,-0.5457352032000006
-0.810962,-0.6762993742666668
-0.3132597,-0.6706782522666676
-0.5562555,-0.4633120635333335
-0.87976205,-0.6799970165333343
-0.36888525,-0.6582064322000002
-0.655796,-0.582179943999999
-0.5291747,-0.499380823933334
-0.64847684,-0.4350015863333337
-0.80657053,-0.6271342016666672
-0.7041024,-0.4937633981999992
-0.8007152,-0.6679262701333338
-0.66750664,-0.5913874476000006
-0.4479321,-0.6441829550666679
-0.6309109,-0.8025498831333346
-0.67409384,-0.6651973564666669
-0.23274902,-0.6120274700666665
-0.48160017,-0.6570719696666658
-0.58114064,-0.6448270215333332
-0.41133633,-0.6791001861333325
-0.50062996,-0.6431387304000006
-0.6279832,-0.6859801792666658
-0.91343015,-0.4263535813999994
-0.6177364,-0.4921787899333337
-0.474281,-0.7024580317999993
-0.9002557,-0.47624226213333326
-0.60602576,-0.763533915333333
-0.7582641,-0.5827709361333331
-0.8519493,-0.5907197895811109
-0.6118811,-0.6243203875333342
-0.5855321,-0.6940019811333339
-0.6667747,-0.6333207035999991
-0.7275237,-0.635907414999999
-0.758996,-0.7444755034666678
-0.3469278,-0.5115548483333334
-0.6894641,-0.729172931333334
-0.6836088,-0.6948607449999993
-0.53283423,-0.5796670534666668
-0.26934478,-0.5722795914000004
-0.5738215,-0.5579389213333343
-0.48599166,-0.7759862497333343
-0.65530807,-0.7210437936666663
-0.60602576,-0.5812480030666682
-0.85487694,-0.6244992552666673
-0.5401534,-0.7227613481333324
-0.6030981,-0.47309045259999966
-0.48599166,-0.5743094206666677
0.24744658,-0.4355220576666659
-0.6030981,-0.606259966799999
-0.51722,-0.573550779666666
-0.6718981,-0.4276033819333331
-0.12662132,-0.43336035053333405
-0.6265194,-0.738307248866668
-0.23238306,-0.6136962288666656
-0.5416172,-0.7712824703333342
-0.54747254,-0.7737904821333323
-0.6953194,-0.6085142516666678
-0.30594054,-0.6571769421999994
-0.3857193,-0.6610755404000012
-0.56943,-0.9768643970666674
-0.4933108,-0.8115377561333342
-0.64628106,-0.4442387463999997
-0.64408535,-0.7618944148000013
-0.48160017,-0.5567499740333328
-0.8603558,-0.7515337569333324
-0.16834049,-0.6363270359333344
-0.76054597,-0.6761334570666659
-0.647013,-0.36440266553333345
-0.2610846,-0.5901697693333344
-0.6601875,-0.641811540133333
-0.5445449,-0.5478336087333335
-0.67336196,-0.4940329760000005
-0.66311514,-0.46100165386666686
-0.5181959,-0.5455283530666661
-0.4684257,-0.6793441555999987
-0.6997109,-0.7496411551333328
-0.5987066,-0.6524047913333326
-0.78196734,-0.8249479915333331
-0.6836088,-0.6027662883333335
-0.6309109,-0.6630956148000002
-0.7392343,-0.5622767404666674
-0.7772939,-0.9261605740000012
-0.6309109,-0.6954072548000008
-0.60163426,-0.6754698796000006
-0.85634077,-0.6023466401333318
-0.7714386,-0.6529366382666679
-0.5987066,-0.6846627343999988
-0.61627257,-0.4471481086666679
-0.79339606,-0.6244016994666678
-0.6030981,-0.6033079114666671
-0.82267267,-0.5552991492666665
-0.7319152,-0.5668130028000014
-0.5823786,-0.5527423266000012
-0.59577894,-0.6552202167999992
-0.58260447,-0.7111775804666656
-0.6133449,-0.47784300040000016
-0.35439333,-0.6448221298400005
-0.79778755,-0.634346014533334
-0.7846131,-0.5672342382666673
-0.6221279,-0.6232322528666666
-0.56650233,-0.5884500229333334
-0.8534131,-0.6742109864000008
-0.7655833,-0.5632623873333334
-0.8204769,-0.5668170597999989
-0.474281,-0.5283256266666662
-0.6177364,-0.47513980993333405
-0.60602576,-0.7394782990000011
-0.22835754,-0.6757821670666667
-0.7866189,-0.44595377453333357
-0.65433216,-0.686126553559999
-0.7860769,-0.5532888115999987
-0.63530236,-0.5173029922000002
-0.5935832,-0.6218872604000003
-0.67775345,-0.5961717384000002
-0.41133633,-0.700491611199999
-0.65433216,-0.45763240240000036
-0.48013633,-0.568639526266666
-0.5064853,-0.6640178357333333
-0.45378742,-0.6580307614666677
-1.5138593,-0.9743190068186679
-0.7128854,-0.4520015370000002
-0.7392343,-0.6054694989333331
-0.7172769,-0.6284126019999999
-0.6660428,-0.5741777135999994
-0.3571746,-0.7578347495333351
-0.5738215,-0.5793132759999994
-0.32643417,-0.5255443561333324
-0.67775345,-0.8070682321333333
-0.66311514,-0.7385707432000007
-0.56211084,-0.6307547493333349
-0.62066406,-0.7153543749999995
-0.804703,-0.654400455333334
-0.49916613,-0.6490623832666682
-0.54308105,-0.6310962738666652
-0.5562555,-0.5361132330000004
-0.73484284,-0.5475310909999997
-0.46696186,-0.6639055990666685
-0.58699596,-0.5703278102666675
-0.68800026,-0.6208689899999998
-0.5855321,-0.8577655617333317
-0.73045135,-0.5453451117999989
-0.3864512,-0.5149706247333328
-0.6133449,-0.6168704255333336
-0.6243236,-0.6573427776666663
-0.75972795,-0.6477644402666659
-0.8636599,-0.8657678472000008
-0.58260447,-0.6006096080666672
-0.6071236,-0.5601981051999997
-0.37034908,-0.6575184159333338
-0.4581789,-0.5408462683333325
-0.50502145,-0.6398573368000009
-0.62066406,-0.3850556894666666
-0.8256003,-0.6690485381333331
-0.79778755,-0.5172395589999994
-0.7626556,-0.6011219173999992
-0.49623847,-0.7635339111333344
-0.7238641,-0.7145736645999979
-0.34729373,-0.710484675200001
-0.6133449,-0.5708840819333334
-0.48160017,-0.5507320089999997
-0.6894641,-0.6716492936000005
-0.66750664,-0.6891322843333332
-0.60602576,-0.6750841081333351
-0.5591832,-0.6078545643999992
-0.56796616,-0.6821937449333328
-0.40108952,-0.5914054630000006
-0.62944704,-0.7660224218666672
-0.6938556,-0.6677896401333328
-0.845362,-0.4754024685999995
-1.041829,-0.7400748478666679
-0.79778755,-0.48767996379999906
-0.65945554,-0.6241855713333349
-0.3864512,-0.5172981104000003
-0.34839162,-0.168869372
-0.4969704,-0.37702144760000017
-0.7475293,-0.6129935933999988
-0.5255151,-0.6524633151999985
-0.6030981,-0.6155601874666672
-0.66980696,-0.7115289134666667
-0.6982471,-0.677724170933332
-1.0887116,-0.6312826705333329
-0.67336196,-0.42272493233333236
-0.5840683,-0.507558779333334
-0.7670471,-0.6315451812666653
-0.48282003,-0.6407087851333347
-0.44646826,-0.5280524059999996
-0.7187407,-0.634790002799999
-0.7172769,-0.5782959228666652
-0.5255151,-0.6097390058000007
-0.6045619,-0.6211910461333324
-0.5965109,-0.6603436400000018
-0.7289875,-0.40558358279999907
-0.70776194,-0.6574159605333345
-0.7846131,-0.5634429200000003
-0.966128,-0.4918079591333344
-0.52405125,-0.4987562769333334
-0.43182996,-0.6766409393333326
-0.7655833,-0.4388319380666662
-0.48452783,-0.5842049074666653
-0.6367662,-0.6151697987999991
-0.49477464,-0.7002342136000006
-0.7465535,-0.6471203643333323
-0.5635747,-0.5071977007999999
-0.55332786,-0.5848782667999992
-0.5637555,-1.2401684455333322
-0.897328,-0.666516106866666
-0.3469278,-0.6394498839999989
-0.5108768,-0.5926190178666662
-0.45671508,-0.7355942691999989
-0.32936183,-0.6302960720666659
-0.29386395,-0.42344976306666626
-0.5255151,-0.7782112697333333
-0.70520025,-0.2523711822666666
-0.39230654,-0.5912996213333341
-0.7882726,-0.5668292691999991
-0.4289023,-0.7110507005333336
-0.90318334,-0.5287452670000008
-0.7816854,-0.7031265305333345
-0.57674915,-0.39448275893333407
-0.45671508,-0.7056540570000007
-0.66750664,-0.7130024895333331
-0.6221279,-0.8615031667333326
-0.29057032,-0.9265112950666675
-0.7670471,-0.5596369758666662
-0.51258457,-0.6190245633333338
-0.6045619,-0.675225909266665
-0.41572782,-0.5167809083999998
-0.664579,-0.7692135709999989
-0.6660428,-0.5975843419999989
-0.733379,-0.6700341822000001
-0.8914727,-0.5913191310000008
-0.7480173,-0.5838706944000007
-0.48013633,-0.5626768452666672
-0.67336196,-0.41507396866666735
-0.45671508,-0.5977112014666668
-0.33521715,-0.5295357484666661
-1.4266545,-0.5493155273333331
-0.53868955,-0.7122559344000019
-0.8007152,-0.3931117305599995
-0.3615661,-0.606542975000001
-0.991989,-0.711249109133332
-0.5167321,-0.7057418993333345
-0.77436626,-0.35891598146666615
-0.55332786,-0.5491218016000002
-0.58480024,-0.4995565085333327
-0.29569373,-0.6894982577999991
-0.7480173,-0.5370988755999995
-0.51380444,-0.6186634980000016
-0.5079491,-0.6161310598666663
-0.5445449,-0.6171118420000005
0.042207107,-0.5041724526666665
-0.6909279,-0.22756705605333352
-0.5269789,-0.6483467195999988
-0.82340455,-0.6608706050666667
-0.6660428,-0.7204972997999985
-0.89952374,-0.7824270762000021
-0.61627257,-0.5489070969333333
-0.19542135,-0.8244022172000018
-0.66311514,-0.48082434359999987
-0.45085976,-0.6486232248000012
-0.819745,-0.5895723044666669
-0.59577894,-0.7638169109333341
-0.67775345,-0.7141247375333352
-0.48599166,-0.5986851195333341
-0.74496764,-0.5249002693999992
-0.60017043,-0.6237820079999999
-0.48452783,-0.5852491184666673
-0.52405125,-0.48773606459999985
-0.6089534,-0.7030972364000007
-0.733379,-0.6431045645333353
-0.3718129,-0.6508189810666669
-0.74069816,-0.5226850123999989
-0.6938556,-0.5811796811333326
-0.86512375,-0.6556593699333326
-0.750945,-0.7325983075999991
-0.5181959,-0.7806899994666685
-0.7919322,-0.23157129613333338
-0.5332002,-0.18587168686666677
-0.68214494,-0.6559130995999988
-0.90977055,-0.5797288603333325
-0.60017043,-0.6391863955333335
-0.5181959,-0.7075277537333335
-0.45378742,-0.5125520557333345
-0.6909279,-0.4377762473333325
-0.84023863,-0.5979942280666665
-0.57235765,-0.4932229967999993
-0.5372257,-0.6005119786666655
-0.55771935,-0.7031850572666676
-0.6089534,-0.6667454457333348
-0.8702471,-0.6517412134666668
-0.5987066,-0.6423385196666661
-0.4098725,-0.4881044645333334
-0.56796616,-0.7541946842666684
-0.9105025,-0.6338482939999995
-0.6177364,-0.7105822880666663
-0.58818793,-0.5923633553333346
-0.58480024,-0.4836397666666668
-0.33485118,-0.6075359463999991
-0.7360627,-0.6387960530000005
-0.6572598,-0.251821751173333
-0.7816854,-0.7745223916000006
-0.74069816,-0.6509263214666666
-0.54747254,-0.6819399945999993
-0.6938556,-0.5403699352666659
-0.47574484,-0.7450896530666683
-0.48160017,-0.5509515790000005
-0.76969594,-0.6116020216
-0.578213,-0.4731587666666668
0.21975723,-0.565892965266667
-0.7729024,-0.5669121900666663
-0.6997109,-0.6148868376666676
-0.5855321,-0.5366011757333321
-0.71581304,-0.5393043590000002
-0.7172769,-0.7020237547999993
-0.37986398,-0.6121722253333343
-0.74069816,-0.7118411970000008
-0.6030981,-0.5378014850000011
-0.39669803,-0.6989692390666651
-0.414264,-0.7444748390666646
-0.46988952,-0.5977990228666682
-0.4977023,-0.6987301178000015
-0.28764266,-0.7480953664666672
-0.64408535,-0.7576542055999997
-0.63823,-0.4918665146666679
-0.6367662,-0.6263876530666682
-0.64090997,-0.42161241373333413
-0.94563437,-0.9618694197333337
-0.4581789,-0.3793399206666662
-0.55332786,-0.7660419270000005
-0.6177364,-0.6456565436000017
-0.53283423,-0.648545134800002
-0.67775345,-0.6960122958666651
-0.5269789,-0.8702178555999974
-0.776562,-0.3837799794000002
-0.0698979,-0.7104526492000008
-0.87976205,-0.7337547244666661
-0.6367662,-0.6006193430000011
-0.5123406,-0.6354389776666663
-0.74948114,-0.7414007859333341
-0.474281,-0.5807990742666663
-0.6667747,-0.6127349907333339
-0.4332938,-0.6026101551999994
-0.6792173,-0.5033087743333338
-0.70117474,-0.6240504089333345
-0.39669803,-0.6229329866000008
-0.8600003,-0.7632645321333322
-0.40255335,-0.7090208789333329
-0.33960864,-0.7035481448000006
-0.062578745,-0.6377323269333314
-0.8051067,-0.6369857619333338
-0.63383853,-0.6332725322666662
-0.7633875,-0.7537604080666652
-0.414264,-0.573245718
-0.62505555,-0.4340159245333343
-0.61627257,-0.7502964707200019
-0.7436258,-0.8251709390000027
-0.5884598,-0.4747494547333332
-0.30228096,-0.5525422807999989
-0.69897896,-0.5688835033333342
-0.8812259,-0.7056052592666682
-0.82120883,-0.7350087519333344
-0.5591832,-0.6739474917999996
-0.7187407,-0.5592807669333321
-0.74069816,-0.6180096541333323
-0.5987066,-0.7116118404666664
-0.38498738,-0.31856364100000034
-0.43182996,-1.1832677360000006
-0.6953194,-0.4457119375333338
-0.44207677,-0.791854157866665
-0.7802216,-0.5071879452000009
-0.7480173,-0.7284906996266659
-0.6514045,-0.5327464178666682
-0.20493625,-0.6275147693333344
-0.7048343,-0.675577208000001
-0.50062996,-0.5668146317333334
-0.5416172,-0.5815407605333328
-0.6982471,-0.7005209090000011
-0.6411577,-0.6186634926666668
-0.36302993,-0.39183956253333285
-0.85048544,-0.5341223984666678
-0.58114064,-0.6287443952666683
-0.57674915,-0.5806136613333327
-0.48013633,-0.7841787934666684
-0.56211084,-0.5450352774666664
-0.4640342,-0.6824003146000007
-0.65433216,-0.6726153942000012
-0.7772939,-0.5446880197333326
-0.63823,-0.6638421849999989
-0.7816854,-0.5767686546666683
-0.5855321,-0.6381519452000011
-0.8153535,-0.6221083684666677
-0.48599166,-0.6831696076666659
-0.5650385,-0.6403842964666685
-0.7055662,-0.6048498224000011
-0.20981568,-0.8145150248666682
-0.83584714,-0.3104174823999996
-0.3381448,-0.6985268138666675
-0.7714386,-0.5401094700666675
-0.55698746,-0.7673853208666679
-0.80657053,-0.5920510582666678
-0.60017043,-0.6774801992666678
-0.49623847,-0.5050263338666671
-0.60017043,-0.6308230447866673
-0.43182996,-0.7270064504666659
-0.36815333,-0.6569280185333352
-0.71581304,-0.6801638876666665
-0.663847,-0.6450379721333318
-0.26641712,-0.514272882866667
-0.88415354,-0.6785862173333345
-0.35131928,-0.7272276672666668
-0.5372257,-0.5045291407999993
-0.82120883,-0.680962509933335
-0.6953194,-0.41803091833333256
-0.5987066,-0.5551332513333331
-0.47647676,-0.4943159765333332
-0.42011932,-0.6643057188000001
-0.56972116,-0.7758935169333349
-0.40401718,-0.534237893799999
-0.3864512,-0.6854044234000003
-0.37254483,-0.8105794367333328
-0.7289875,-0.6086265001999995
-0.7740003,-0.6974663631333328
-0.1424063,-0.6450807460000006
-0.6616513,-0.47962449746666713
-0.5943151,-0.5806722234666666
-0.5547917,-0.6604412075333328
-0.65872365,-0.6643154742666649
-0.6806811,-0.7255309219333325
-0.655796,-0.4266187173333326
-0.58699596,-0.6130911823333318
-0.8351152,-0.6409234775999997
-0.40255335,-0.32929838706666625
-0.4874555,-0.45351903466666715
-0.7172769,-0.5265763672666668
-0.6089534,-0.6168581078666677
-0.73703855,-0.5621401117333338
-0.7992514,-0.5473603072666675
-0.742162,-0.5521470589333327
-0.59577894,-0.5089445476
-0.6477449,-0.6541116134666675
-0.7289875,-0.5838706944000007
-0.43622145,-0.6926357308000003
-0.5167321,-0.47680856966666607
-0.62066406,-0.8288890491333331
-0.90757483,-0.657625763199998
-0.60017043,-0.6020514073333335
-0.49623847,-0.6247530246666652
-0.74948114,-0.43700216153333354
-0.6616513,-0.7073179215999993
-0.5943151,-0.1930841010666663
-0.63823,-0.6295153630666654
-0.51380444,-0.7670373421333344
-0.7377705,-0.6663258091333345
-0.77436626,-0.9455026409333346
-0.4596427,-0.6177559204000003
-0.7128854,-0.5722795863333329
-0.5357619,-0.7220196811999986
-0.4874555,-0.6015854590666673
-0.80803436,-0.6271907914416661
-0.7948599,-0.7585178482666664
-0.6221279,-0.5947074159333324
-0.71142155,-0.5870740345333344
-0.56211084,-0.668155599533334
-0.6323747,-0.6638665845333328
-0.43036613,-0.6171215880666652
-0.73484284,-0.6132473162000004
-0.5167321,-0.5213187666666659
-0.6858045,-0.9154412783333333
-0.48160017,-0.6962025755333353
-0.9105025,-0.6095389658666678
-0.53868955,-0.6423596466666669
-0.37913206,-0.5691177037333341
-0.74948114,-0.5890258092666653
-0.65872365,-0.7067177796666654
-0.5460087,-0.6535026502666675
-0.61529666,-0.640172041599999
-0.6909279,-0.9672893326666671
-0.6836088,-0.6251824050000001
-0.5547917,-0.6570399618666681
-0.7626556,-0.6653597078000013
-0.65286833,-0.48509384653333293
-0.5255151,-0.5112378434666671
-0.5884598,-0.6072065734000006
-0.5079491,-0.6039861558000006
-0.47574484,-0.5421084085999999
-0.63969386,-0.5861371881999994
-0.7480173,-0.6312426833333318
-0.53868955,-0.6059281663999986
-0.7048343,-0.6103928592666654
-0.5650385,-0.8797408699333311
-0.61627257,-0.3906084788666661
-0.6955634,-0.5549527071999992
-0.53429806,-0.6370784693333333
-0.5738215,-0.671048998666667
-0.69678324,-0.6486329877333328
-0.5372257,-0.5510052581333335
-0.8892769,-0.30759964780000093
-0.7436258,-0.7475879168666675
-0.71142155,-0.8494265644000003
-0.6323747,-0.7842422494000023
-0.46183845,-0.530012614666666
-0.6221279,-0.509734992
-0.4098725,-0.715193356466667
-0.69239175,-0.7804167578666656
-0.60163426,-0.6409478664000009
-0.49184698,-0.5777542984000004
-0.4479321,-0.6427435180666669
-0.56211084,-0.6905375787333338
-0.53868955,-0.6581088428666659
-0.50502145,-0.7463875799333344
-0.25397456,-0.6639446521333342
-0.96905565,-0.681735082133333
-0.6192002,-0.6460956745999998
-0.7524088,-0.6225182360000003
-0.6748258,-0.5502147852666666
-0.54308105,-0.6480669682666664
-0.56211084,-0.3843530430000001
-0.54893637,-0.5458657696666671
-0.6997109,-0.7337693647333322
-0.7670471,-0.5948616025333336
-0.14726776,-0.6203879937999998
-0.64408535,-0.7246155267333348
-0.6221279,-0.5295552433999992
-0.733379,-0.5798915080000009
-0.68214494,-0.7382828369999993
-0.64994067,-0.6107783338666658
-0.56796616,-0.4736954980666657
-0.3996257,-0.384109082599999
-0.20054476,-0.6406599760000016
-1.0678633,-0.5815715344666663
-0.46813294,-0.7395905093333328
-0.40840867,-0.4871627197333334
-0.6235917,-0.619063610599999
-0.474281,-0.5557578263333326
-0.6982471,-0.6142085824666677
-0.6030981,-0.5899782962666678
-0.7099577,-0.5880206408666674
-0.6806811,-0.7319639630666674
-0.54893637,-0.692940874999998
-0.6235917,-0.6992522470666668
-0.62066406,-0.5984466559333335
-0.8138897,-0.5491608373999993
-0.64994067,-0.6576306560000005
-0.53283423,-0.5887818362666665
-0.50941294,-0.8260685043333336
-0.64994067,-0.6135303251333329
-0.46110654,-0.8280985877999991
-0.6235917,-0.5092080309333329
-0.62505555,-0.750328594733332
-0.5899236,-0.5722795854666658
-0.6792173,-0.6901276939999991
-0.6909279,-0.4799379325333341
-0.62066406,-0.7049172560000002
-0.8184964,-0.7399906849999986
0.60866636,-1.8840621768666665
-0.19468944,-0.5247864184000001
-0.6235917,-0.7800654389333307
-0.733379,-0.7561854839999992
-0.8029954,-0.7202676381999994
-0.68214494,-0.5813650942666668
-0.44500443,-0.5444960820000009
-0.8929365,-0.6062892311999994
-0.40840867,-0.6865722041333324
-0.41719165,-0.4949015113333328
-0.50062996,-0.5392262939333327
-1.2365707,-0.5558993214000001
-0.6309109,-0.6576208864666683
-0.4874555,-0.3372966060000005
-0.6265194,-0.5790327041333319
-0.48589408,-0.6259943430133347
-0.7128854,-0.6107893018666674
-0.6997109,-0.7686036502666646
-0.560647,-0.7231224213333334
-0.6792173,-0.6823779168000009
-0.57235765,-0.5234266939333323
-0.43182996,-0.7410299630666676
-0.64310944,-0.8708196727333342
-0.27666393,-0.6509946317333344
-0.6389619,-0.6189923905333343
-0.75533646,-0.4560319506666677
-0.7568003,-0.7889167261333327
-0.5650385,-0.6135576392666667
-0.4684257,-0.5248221992000003
0.62421095,-1.019621284666669
-0.5789449,-0.5825263929999988
-0.64225554,-0.5254077467333345
-0.34400013,-0.5889086823333317
-0.7919322,-0.768523959666667
-0.77509815,-0.698481277533332
-0.68653643,-0.7395043235333331
-0.89000887,-0.9141185368666659
-0.61480874,-0.6025710973333346
-0.35327107,-0.5234803545333332
-0.45671508,-0.7212682400000007
-0.48452783,-0.6681116786000006
-0.66897047,-0.8877350679333345
-0.76851094,-0.5520299303333338
-0.6327407,-0.3625712631333334
-0.41865548,-0.47136800700000037
-0.6374981,-0.6316720605999997
-0.66897047,-0.6724250976000006
-0.44646826,-0.47061656586666667
-0.56943,-0.6382104950000007
-0.6953194,-0.4145469903333344
-0.66311514,-0.5452182470000004
-0.5116087,-0.5060558888666679
-0.5899236,-0.6844220245333322
-0.29539892,-1.0979114228666682
-0.96298224,-0.39504865026666774
-0.6938556,-0.7009551539333336
-0.8490216,-0.6020538959999997
-0.55552363,-0.6057086023999985
-1.0115068,-0.6932578728000006
-0.5357619,-0.5778421469333347
-0.61041725,-0.7616406937999997
-0.6836088,-0.6789050078666677
-0.84170246,-0.5540304994666669
-0.9895493,-0.8250542734000008
-0.647013,-0.666833272466666
-0.56943,-0.4842253182000002
-0.70703006,-0.718506487066665
-0.58699596,-0.6600508653999995
-0.41719165,-0.31275385893333285
-0.41572782,-0.6258175686666676
-0.43426967,-0.7165742385999997
-0.8431663,-0.5309312778666659
-0.50941294,-0.6674090342666648
-0.48013633,-0.7102504735333341
-0.7611918,-0.48739329486666605
-0.3235065,-0.4010636607333323
-0.80364287,-0.5836779437333338
-0.5884598,-0.7785259558666668
-0.6982471,-0.6383861906666681
-0.6572598,-0.622957409200001
-0.69239175,-0.4860111815999996
-0.5686981,-0.5894665633333337
-0.6192002,-0.5249490835333344
-0.7626556,-0.544886434800001
-0.96466416,-0.5818628068666671
-0.5167321,-0.6393035077999999
-0.72605985,-0.7375167595333342
-0.66897047,-0.5435560442666666
-0.819745,-0.6942849855333322
-0.4596427,-0.5525374054666661
-0.742162,-0.6316330227999998
-0.68653643,-0.6775777893999991
-0.31179586,-0.425930708933334
-0.56943,-0.6305595694000015
-0.7626556,-0.9524509931333356
-0.4786725,-0.6208006773333342
-0.8475578,-0.49616041693333207
-0.5167321,-0.6820668666000009
-0.6748258,-0.7426987139333344
-0.75970703,-0.6471008465333343
-0.80657053,-0.6716834220666674
-0.8812259,-0.5419685466000012
-0.7172769,-0.7825636839333324
-0.7714386,-0.4905524590000004
-0.66897047,-0.798963474000002
-0.71142155,-0.4780186869333334
-0.41353208,-0.8037355816666656
-0.69678324,-0.6548493939333326
-0.6323747,-0.6864290951999986
-0.9126982,-0.5841317283333328
-0.41280016,-0.5723668372666656
-0.4933108,-0.5282375934666658
-0.54747254,-0.5281890095333329
-0.56796616,-0.6455101449333324
-0.14880648,-0.42448373280000035
-0.7655833,-0.5576754580000001
-0.34839162,-0.6088099731999993
-0.8409705,-0.5843425349999994
-0.34546396,-0.7125486853333343
-0.92074925,-0.5415684265333343
-0.7655833,-0.6184975859999998
-0.7099577,-0.5940077016666657
-0.4874555,-0.5601981153333332
-0.45378742,-0.5834730059333336
-0.8458012,-0.7161253317333331
-0.6514045,-0.6829256439999994
-0.38791505,-0.6662867785999992
-0.46549803,-0.6100561731333333
-0.42597464,-0.5035478890000007
-0.655796,-0.5297113910666661
-0.2200625,-0.929041475192002
-0.9368514,-0.48805860786666594
-0.59138745,-0.6413235905333321
-0.65872365,-0.6929255337999998
-0.14565112,-0.6262217310000001
-0.67775345,-0.5636771302666665
-0.5943151,-0.6607437288000013
-0.76851094,-0.44777003193333303
-0.7772939,-1.192881837333331
-0.7172769,-0.6553665970000013
-0.7319152,-0.6842821142000016
-1.3794694,-0.963688765533332
-0.5928513,-0.595388592133333
-0.71142155,-0.5873928303333338
-0.664579,-0.6710792890355561
-0.5504002,-0.5451596978000003
-0.8782982,-0.5779007092666674
-0.68653643,-0.550263573266668
-0.5496683,-0.4868995302000012
-0.60602576,-0.4954675479333333
-0.23762846,-0.5211245242666671
-1.2840478,-0.6790819308000012
-0.6455492,-0.5633599785999994
-0.34839162,-0.7879310986666659
-0.55601156,-0.5867910195333343
-0.7436258,-0.7027703174666652
-0.4479321,-0.6187318034666677
-0.7436258,-0.601927034066668
-0.90757483,-0.563233101866667
-0.655796,-0.723068761600001
-0.8687833,-0.16814130280000017
-0.6616513,-0.587568552666665
-1.0437111,-0.7585471281999997
-0.76851094,-0.7003257166666675
-0.59577894,-0.6007413316666677
-0.72020453,-0.6586455479999987
-0.75533646,-0.5754170520000002
-1.0510302,-0.15661619259999993
-0.5079491,-0.5222263502666661
-0.45085976,-0.6292323495999993
-0.39816186,-0.363595943466666
-0.73484284,-0.6259655535999993
-0.82343227,-0.606391480266668
-0.5635747,-0.5571435862666666
-0.49477464,-0.579022938733333
-0.81681734,-0.5358594801333337
-0.31648013,-0.36864908399999874
-0.70541984,-0.16086578700000015
-0.70263857,-0.4813301785555557
-0.45525125,-0.5047482111999998
-0.48452783,-0.32768508733333285
0.16431496,-0.9469563397600016
-0.6894641,-0.48350316960000006
-0.4523236,-0.5880499436000012
-0.3088682,-0.7115093784666661
-0.8870812,-0.39373132566666663
-0.7963237,-0.5773639742666654
-0.5987066,-0.7014850850666682
-0.8241365,-0.5730847001333345
-0.51380444,-0.633467689333333
-1.0085791,-0.3786294805333332
-1.0986047,-0.6491586733333343
-0.34400013,-0.6398939333333349
-0.44939592,-0.7309978214000004
-2.1633365,-1.041624184200002
-0.5855321,-0.6384252057333325
-0.9939408,-0.6533660434666677
-0.55771935,-0.5658972835999996
-0.42158315,-0.5778811845333327
-0.64994067,-0.7189358746666675
-0.6133449,-0.6317501474666681
-0.6089534,-0.5961888024000009
-0.6601875,-0.80398945098
-1.0495664,-0.4840691850000003
-0.4786725,-0.5283744534000006
-0.560647,-0.7729414666000017
-0.5547917,-0.5621693875333338
-0.63823,-0.6624808212666664
-0.73533076,-0.6105538831999989
-0.58919173,-0.5906360325333346
-0.6718981,-0.42767267653333363
-0.61627257,-0.6556886420666674
-0.6089534,-0.6404648100666667
-0.5840683,-0.5915728486666664
-0.84023863,-0.6803590763333321
-0.7655833,-0.6993644536000011
-0.5445449,-0.7534188448666659
-0.51038885,-0.6837258656000007
-0.6426215,-0.5675904561333328
-1.0144345,-0.6821595726000004
-0.7524088,-0.6829126446666659
-0.5372257,-0.6759773534666671
-0.49477464,-0.5301212577999996
-0.69239175,-0.5937881442000009
-0.5987066,-0.6419530314000008
-1.122026,-0.5453353428000003
-0.7670471,-0.571020684466668
-0.3864512,-0.5788473012000005
-0.6045619,-0.5307702320666666
-0.85607624,-0.7308447897333336
-0.7626556,-0.4960414486000004
-0.80364287,-0.5883085172666674
-0.77436626,-0.6060160693333335
-0.43182996,-0.7112556451333325
-0.5020938,-0.6090412435333341
-0.6426215,-0.48794344819999985
-0.836579,-0.5477799298000003
-0.76485133,-0.8308798800000013
-0.19029795,-0.5364865301999991
-0.5211236,-0.42478404253333385
-0.6894641,-0.6070309195333342
-0.66311514,-0.6793344068000008
-0.35424694,-0.6945972595333326
-1.1417876,-0.6256411001333346
-0.750945,-0.6275928559999996
-1.0481025,-0.5010008133333331
-0.40255335,-0.5048555641333323
-0.6133449,-0.6154528378666677
-0.31631488,-0.44640081106666674
-0.6718981,-0.43553831046666536
-0.914894,-0.5831802479999991
-0.6243236,-0.6419872041333344
-0.6836088,-0.5816090583333345
-0.8519493,-0.6433436588000007
-0.7055662,-0.6298178804666669
-0.4530555,-0.6160676344666686
-0.68214494,-0.7203899682666676
-0.69239175,-0.5262372338666669
-0.76997477,-0.6655353377333328
-0.5972428,-0.6380543720000006
-0.7099577,-0.8304471777333317
-0.3527831,-0.5178660606666672
-0.4479321,-0.6131594877333331
-1.1256856,-0.5629110694666675
-0.4684257,-0.3236040954666664
-0.43451363,-0.5481361381333341
-0.9046472,-0.5354447403333336
-0.8094982,-1.0456901191999988
-0.46257037,-0.6804810505999993
-0.2825778,-0.7634851123999997
-0.6192002,-0.48666501099999937
-0.58699596,-0.6230696572666657
-0.7377705,-0.38987657419999955
-0.6045619,-0.6557618550000013
-0.9046472,-0.7304903408666676
-0.53429806,-0.600990161399999
-0.8329195,-0.400904085866668
-0.8490216,-0.34198979280000086
-0.5116087,-0.6166629412000003
-0.36302993,-0.49314492933333337
-0.62944704,-0.4951113283333325
-0.647013,-0.648247489466667
-0.7963237,-0.6270658824666661
-0.40401718,-0.49687525353333306
-0.33960864,-0.7622067196000014
-0.5972428,-0.6129204085333343
-0.80803436,-0.7581860654000003
-0.49916613,-0.6743378413333335
-0.69458747,-0.5046701520000003
-0.8421904,-0.6530000653333328
-0.474281,-0.6735817243333339
-0.6309109,-0.45169900706666616
-0.66531086,-0.6126910705333332
-0.6997109,-0.6187157538666669
-1.4101492,-0.3339202364666674
-0.8256003,-0.6299252435999999
-0.38791505,-0.7553356098000014
-0.56943,-0.643372961533335
-0.73630667,-0.8137725336000013
-0.5225874,-0.6859731146666656
-0.6572598,-0.6090217337333323
-0.7392343,-0.6165848397466657
-0.25031498,-0.48462056360000144
-0.48160017,-0.25936145826666657
-0.6572598,-1.352249670799999
-0.5226397,-0.7612844950666666
-0.7055662,-0.7366921602666671
-0.57016194,-0.6695559762000011
-0.5306385,-0.7545622274000001
-0.4684257,-0.5478433921999993
-0.56211084,-0.6762359453333328
-0.6279832,-0.7184674500666667
-0.63530236,-0.605853670666667
-0.6192002,-0.6720396173333337
-0.7392343,-0.8005395095333337
-0.8929365,-0.6419481519333329
-0.7816854,-0.5680601704666677
-0.46549803,-0.6326479462666678
-0.31350365,-0.588975384733334
-0.78754073,-0.7069910108666675
-0.71142155,-0.5962831508000002
-0.4933108,-0.5078222693333347
-0.6762896,-0.7010307852666665
-0.724596,-0.7007892746666656
-0.68214494,-0.6882734980666663
-0.63969386,-0.6239625672666654
-0.85487694,-0.6038788094
-0.6426215,-0.5178348406000001
-0.603586,-0.8367254404000022
-0.7128854,-0.6117346843333348
-0.84448373,-0.3761238785333339
-0.86512375,-0.5913631218666663
-0.61627257,-0.5423393974
-0.7128854,-0.7676131348000012
-0.19981284,-0.5915826303333327
-0.39377037,-0.720780284133335
-0.69239175,-0.44046061900000066
-0.6762896,-0.6910690175611109
-0.65872365,-0.7422888513999996
-0.41865548,-0.6528731980666655
-0.8768344,-0.5240903045333346
-0.5796768,-0.6544980598666662
-0.60602576,-0.519035206866667
-0.750945,-0.40234841126666726
-0.73630667,-0.5634901906666657
-0.5907344,-0.47352166908000026
-0.45598316,-0.6565864615999992
-0.49477464,-0.588349582800001
-0.7860769,-0.630998709333333
-0.5079491,-0.6934847393999998
-0.73118323,-0.8142800236000015
-0.6074896,-0.49231542239999965
-0.93099606,-0.6138995427999987
-0.7319152,-0.7564050462666682
-0.62725127,-0.6247920426666659
-0.57235765,-0.7196580251333334
-0.4684257,-0.5855321416000014
-0.50062996,-0.39715669333333337
-0.5255151,-0.47522764893333375
-0.6997109,-0.6615179421333338
-0.48160017,-0.4558075050000005
-0.6997109,-0.6575769853333336
-0.42158315,-0.5775819166000004
-0.77436626,-0.5196792989999998
-0.7019066,-0.541666019266667
-0.6239577,-0.7198219136000008
-0.8636599,-0.5048165136000002
-0.8153535,-0.6142329585333337
-0.55771935,-0.733847431733332
-0.7084939,-0.6533953172000004
-0.63383853,-0.7822701347333334
-1.2419351,-0.820169070666668
-0.63383853,-0.6065820289333334
-0.6045619,-0.6568206533333322
-0.5299066,-0.5665560021333342
-0.4779406,-0.6733326846666654
-0.7143492,-0.5632428811333343
-0.40401718,-0.5639943204000002
-0.51380444,-0.618907471066668
-0.8256003,-0.6673700069333331
-0.58260447,-0.5518607755333341
-0.83218753,-0.5348299159999989
-0.68214494,-0.6153406013333329
-0.6221279,-0.8485726619333319
-0.28178734,-0.7834480586666656
-0.5796768,-0.5814138733333335
-0.1854185,-0.6944606309333339
-0.73045135,-0.5998776709333323
-0.6045619,-0.612475073466666
-0.7231322,-0.7127682795999998
-0.4640342,-0.6451734570000011
-0.60017043,-0.48211739040000007
-0.7655833,-0.42386997246666686
-0.7041024,-0.490778418
-0.52844274,-0.5887915896666663
-0.7904684,-0.7435575122666662
-0.4874555,-0.6467421774000012
-0.59577894,-0.6544004771333338
-0.6133449,-0.5319315453999987
-0.3469278,-0.6300618521999987
-0.8826897,-0.6848797318666654
-0.5299066,-0.7223319603999991
-0.6718981,-0.6942654573999986
-0.655796,-0.45091716206666793
-0.59138745,-0.7927909824666687
-0.6177364,-0.780958352266668
-0.77436626,-0.842723246666667
-0.6997109,-0.7450506251333319
-0.6118811,-0.4332745637999999
-0.8138897,-0.5097057348666674
-0.40255335,-0.6226597219999991
-0.742162,-0.578427679533334
-0.69239175,-0.6478425087333335
-0.36742142,-0.7970088596666668
-0.37034908,-0.5836486614000013
-0.68800026,-0.6654206886000013
-0.49623847,-0.6230745121333345
-0.7084939,-0.6507701817333333
-0.7772939,-0.5665413662666655
-0.5972428,-0.45496822320000074
-0.6279832,-0.3422037932000001
-0.655796,-0.7873796941333343
-0.8182812,-0.5599248633999989
-0.5738215,-0.37851723773333357
-0.9324599,-0.8168368423333351
-0.61041725,-0.6498528338666677
-0.6177364,-0.6757919246666659
-0.4340257,-0.7009698010666672
-0.46183845,-0.8093712803333311
-0.74508965,-0.8541254646666655
-0.6616513,-0.7041804500666661
-0.74539524,-0.7022872597333343
-0.8343833,-0.5072464688666668
-0.42597464,-0.5458232915333336
-0.4972949,-1.0102346963466657
-0.74508965,-0.5655167049999998
-0.54893637,-0.6696145515999992
-0.49038315,-0.5165942562666654
-0.52844274,-0.7458215641999998
-0.57674915,-0.6008730886666679
-0.712492,-0.6142492196666671
-0.7568003,-0.629123602533333
-0.819745,-0.7224393124666658
-0.38205972,-0.5389042661333336
-0.5547917,-0.5273595044000008
-0.65286833,-0.6967637325333326
-0.5884598,-0.6921453428666653
-0.23762846,-0.6279734438666654
-0.47135335,-0.6255186572666671
-0.43768528,-0.6646908634666668
-0.9339237,-0.606982123466666
-0.28691074,-0.5482630122666663
-0.34326822,-0.7571321010666651
-0.59577894,-0.6473740853999996
-0.4581789,-0.643968241266668
-0.6192002,-0.6832128144666658
-0.5899236,-0.5768389316666659
-0.9368514,-0.6104634347333336
-0.36522567,-0.569586140133333
-0.5752853,-0.7160814090666667
-0.71581304,-0.7029069313333347
-0.54747254,-0.6031371208000013
-0.6089534,-0.6566027135999999
-0.51526827,-0.6547615504000005
-0.5211236,-0.5982903296
-0.55771935,-0.7006965396000009
-0.724596,-0.6987447765333331
-0.73045135,-0.7469942658333355
-0.92953223,-0.5880108842000008
-0.86951524,-0.6020270512000016
-0.44720018,-0.5159270127333327
-0.6089534,-0.6373468495333339
-0.4874555,-0.7290070204666667
-0.6850726,-0.4220320463333342
-0.6177364,-0.5521568043333344
-0.37913206,-0.5448571670000001
-0.5079491,-0.3323057602666674
-0.69678324,-0.6219444255999993
-0.45085976,-0.5924414175999991
-0.6133449,-0.594256558400001
-0.6074896,-0.5602566603333331
-0.62066406,-0.7026873573333337
-0.56796616,-0.6549664926666657
-0.6367662,-0.6515996606666674
-0.78754073,-0.6085565531333336
-0.5313704,-0.801817958333331
-0.58114064,-0.455620000933334
-0.7860769,-0.6658036871333342
-1.4697574,-0.7740629178666665
-0.8058386,-0.5496292526666665
-0.37766823,-0.6938507501333318
-0.6279832,-0.5062022794000004
-0.48599166,-0.6300894732000007
-0.73045135,-0.7498812516666673
-0.4735491,-0.7086207423333353
-0.6616513,-0.3966736216666677
-0.61480874,-0.6137547816000004
-0.327898,-0.6089176342000006
-0.6192002,-0.5700537301333329
-0.6323747,-0.5625988046666671
-0.41865548,-0.540026536133333
-0.5591832,-0.4238228016666662
-0.44207677,-0.7071081291333321
-0.36498168,-0.7022091732666658
-0.70263857,-0.5489949213333335
-0.49916613,-0.697734731866667
-0.7172769,-0.5563531177333324
-0.7758301,-0.5061925390666666
-0.46257037,-0.5689103471333342
-0.45085976,-0.5558553950666663
-0.68214494,-0.5355569545333342
-0.7992514,-0.5964034916000002
-0.49623847,-0.5689234791999994
-0.6045619,-0.6881124803333333
-0.5299066,-0.7563495101999985
-0.5460087,-0.5175225743999988
-0.7736343,-0.6735766566666661
-0.664579,-0.37701095039999977
-0.48965123,-0.6931041506666673
-0.38352355,-0.7147216727333352
-0.4691576,-0.7503567063999977
-0.64994067,-0.48866560413333343
-0.7802216,-0.520059871466666
-0.69239175,-0.5848312374666667
-0.48891932,-0.7448310606666662
-0.59138745,-0.6332640672666663
-0.55332786,-0.6400695675333341
-0.8945271,-0.40927475733333313
-0.6997109,-0.5335612621333329
-0.57016194,-0.6189733101333328
-0.7480173,-0.5371883235333339
-0.5108768,-0.6642666873333334
-1.4256244,-0.17750873533333367
-0.5708938,-0.6317891407999999
-1.0377825,-0.6554056364666685
-0.664579,-0.6188294041333336
-0.11690312,-0.5828827938666669
-0.41865548,-0.7053563842666677
-0.5357619,-0.6372150960000007
-0.52844274,-0.6052157847999986
-0.64847684,-0.5162051126000002
-0.8782982,-0.6445976910666656
-0.5855321,-0.5859615160000016
-0.8665876,-0.6772313274666685
-0.51380444,-0.7720046298666673
-0.75387263,-0.7666274832000015
-1.0168706,-0.5330243481333343
-0.5211236,-0.8494949076000003
-0.41572782,-0.5658289786666671
-0.5145364,-0.6017591613333345
-0.83584714,-0.5916899802666674
-0.7392343,-0.6113833729333328
-0.5990726,-0.631242668733334
-0.61663854,-0.6155211447999992
-0.74948114,-0.4677084317999999
-0.7238641,-0.646876390933332
-0.64994067,-0.640962504
-0.38205972,-0.5447790881333329
-0.5504002,-0.6469378537333343
-0.53283423,-0.5220311518000003
-0.67336196,-0.7145362645333331
-0.66897047,-0.5255443775333343
-1.839268,-0.5294723078000003
-0.61627257,-0.8288451390666688
-0.63823,-0.5239507425333323
-0.7392343,-0.7176916290000018
-0.73118323,-0.7027263820000007
-0.51563424,-0.4795371332000002
-0.5416172,-0.6179706187333328
-0.5928513,-0.6254849400666652
-0.750945,-0.5411975881333325
-0.5547917,-0.6486476265333323
-0.3322895,-0.5234461983333325
-0.58260447,-0.716476644666666
-0.6938556,-0.2573999315199998
-0.4245108,-0.5079764401333344
-0.27373627,-0.6723762919333321
-0.55332786,-0.6311572800666672
-0.78754073,-0.7378485475333338
-0.48628443,-0.8095864150666643
-0.47135335,-0.6615537215999995
-0.5752853,-0.511291529733333
-0.49038315,-0.605493915000001
-0.53429806,-0.6515118509333336
-0.69678324,-0.5024646565333328
-0.7041024,-0.7476562222000012
-0.49550655,-0.6556520828000006
-0.5079491,-0.5019474175333336
-0.6806811,-0.5928122440000008
-0.49184698,-0.8164355661333356
-0.42597464,-0.6098707557999986
-0.39816186,-0.45961343840000024
-0.41572782,-0.5361522513333339
-0.5504002,-0.7855596734666677
-0.7231322,-0.6784755849333344
-0.74948114,-0.5700155355999996
-0.75972795,-0.5589414773333343
-0.2656852,-0.6463575353333346
-0.29788947,-0.6196198765333338
-0.5101449,-0.5589294517333334
-0.7670471,-0.545559794266666
-0.6074896,-0.762089616266667
-0.7919322,-0.7909953774666676
-0.52405125,-0.5632965307333336
-0.64994067,-0.7933570196666654
-0.63823,-0.5233274522666662
-0.90903866,-0.5433998402666662
-0.5539134,-0.01748081706666666
-0.76997477,-0.500502197866666
-0.42743847,-0.5004104083999987
-0.6118811,-0.6846178424666661
-0.64408535,-0.4938329353999993
-0.6894641,-0.7967726205333318
-0.54747254,-0.5423491243999998
-0.61480874,-0.5030257838
-0.57674915,-0.5902651777333332
-0.15565395,-0.47987091419999944
-0.4977023,-0.5335564068666657
-0.6572598,-0.5412756650666672
-1.4877294,-0.8780163517333354
-0.4479321,-0.5559806503999998
-0.70703006,-0.34000876266666674
-0.78095347,-0.7104749339999998
-0.6192002,-0.554738015600001
-0.6323747,-0.6863705410666676
-1.5186508,-0.4615166514666662
-0.75387263,-0.5306873012000004
-0.39230654,-0.7362578741333318
-0.405481,-1.059550608866666
-0.76411945,-0.3540810367266673
-0.74069816,-0.985743314666668
-0.63969386,-0.6151990939333326
-0.80657053,-0.5689420485333333
-0.8329195,-0.6092217907333338
-0.5313704,-0.7489964563999996
-0.68800026,-0.45378984980000137
-0.49184698,-0.6340206973333351
-0.64408535,-0.5380161860666661
-0.6704343,-0.37283107460000015
-0.5445449,-0.7572296839999986
-0.6850726,-0.5658289656
-0.59577894,-0.5848312374666667
-0.8368788,-0.416866179933333
-0.88854504,-0.6007950151999993
-0.39230654,-0.6278953781333343
-0.69239175,-0.5294283810000011
-0.60163426,-0.591338658466666
-0.31691927,-0.5532160163333337
-0.5020938,-0.7266583926000014
-0.6045619,-0.6002094831999992
-0.7670471,-0.704414680133332
-0.77875775,-0.6824377282666685
-0.66897047,-0.7385707247999987
-0.5752853,-0.589460086333332
-0.6098805,-0.5313234810666672
-0.6133449,-0.7130220127333348
-0.31472352,-0.7416089850000008
-0.5020938,-0.5675074816666662
-0.63823,-0.6102464568999997
-0.48013633,-0.7730951428000001
-0.551864,-0.5750023177999994
-0.43036613,-0.5149072186666674
-0.30301288,-0.7570148161333324
-0.5357619,-0.7262348853999994
-0.8007152,-1.1426513210666644
-0.4523236,-0.558656203266667
-0.84023863,-0.6492721824666667
-0.53429806,-0.6881431716666665
-0.2371405,-0.6399274362666658
-0.51965976,-0.48726033019999987
-0.71142155,-0.6979103902666666
-0.66897047,-0.5950860402000014
-0.43182996,-0.6864827500666674
-0.57235765,-0.6703855160000011
-0.6894641,-0.3609024851999999
-0.61041725,-0.620986099733332
-0.8387748,-0.6172728443333342
-0.63530236,-0.7312418074666667
-0.40108952,-0.3364858014666674
-0.5918266,-0.9140226055333324
-0.7772939,-0.6224385091333325
-0.5035576,-0.7914540365999996
-0.68214494,-0.5965124723333339
-0.5943151,-0.6252116955333342
-0.067936495,-0.644952084466667
-0.7231322,-0.6320428973999996
-0.64042574,-0.551263881466666
-0.57235765,-0.7166885884000012
-0.59138745,-0.5239146268000003
-0.5796768,-0.6483255873333343
-0.76997477,-0.6440804794000017
-0.6221279,-0.5673904082666672
-0.58114064,-0.5005811750666674
-0.7714386,-0.7735952879333342
-0.7084939,-0.5574265959333341
-0.54308105,-0.8385698443333331
-0.54747254,-0.6183121759333335
-0.474281,-0.5100765738666664
-0.42743847,-0.8045764292666683
-0.5167321,-0.45148430226666697
-0.7919322,-0.8950053769333349
-0.75533646,-0.45132491099999894
-1.0488344,-0.674796513333334
-0.5123406,-0.7125169856666649
-0.6982471,-0.43372804413333454
-0.67775345,-0.5729952462666668
-0.56796616,-0.5913679359999996
-0.8116939,-0.7312190426000011
-0.7910458,0.21354384086666664
-0.750945,-0.6383471219999987
-0.7106896,-0.8137725336000013
-0.6660428,-0.6487637590666655
-0.6455492,-0.5728832437333334
-0.3571746,-0.742025347199998
-0.29569373,-0.5672732853333337
-0.71142155,-0.5767979255999992
-0.7904684,-0.5608665959999997
-0.7289875,-0.5545184578000006
-0.71142155,-0.39585389983333324
-0.5547917,-0.6040251786666675
-0.750945,-0.5032355885333339
-0.60017043,-0.7410641127999988
-0.4245108,-0.5655898624666658
-0.8299918,-0.643177770799999
-0.7128854,-0.5039740139333327
-0.7041024,-0.36062923966666594
-0.742162,-0.6021698676666664
-0.80803436,-0.7422985910000018
-0.50502145,-0.6013610136000007
-0.34546396,-0.612308528799999
-0.8329195,-0.6072504799333316
-0.86951524,-0.6962621933333349
-0.6572598,-0.7427377822000003
-0.67775345,-0.5774420623999998
-0.6132717,-0.6793441798000005
-0.90757483,-0.6184171907333325
-0.8794693,-0.3519926440666663
-0.49623847,-0.4625370486666677
-0.21898901,-0.5339906568000004
-0.5313704,-0.6448367624000018
-0.63969386,-0.7551998405333348
-0.3044767,-0.6777046527333344
-0.4977023,-0.6866632931999996
-0.60602576,-0.5119852219466665
-0.38279164,-0.8097237109999998
-0.63383853,-0.49318231660000095
-0.4098725,-0.5292576249333336
-0.7055662,-0.7529748259333331
-0.6331066,-0.6237999153999996
-0.61480874,-0.5732945127333335
-0.5460087,-0.6967051664666677
-0.7041024,-0.6614892979999991
-0.7275237,-0.5447205287333339
-0.73045135,-0.6600148208000003
-0.22982135,-0.5790229822666679
-0.6660428,-0.6161749857333323
-0.8153535,-0.5723430171333319
-0.8241365,-0.6094999042666679
-0.70703006,-0.6483516103333323
-0.95880884,-0.6614463469333344
-0.61627257,-0.5190644682666673
-0.50502145,-0.5729724682666678
-0.7524088,-0.5581585039999992
-0.64481723,-0.8077047519999996
-0.6894641,-0.6137824465999996
-1.3207687,-0.4795371332000002
-0.57674915,-0.6036738725333318
-0.5299066,-0.5846880081333324
-0.5796768,-0.6646765615333327
-0.5855321,-0.4661565059999994
-0.8856174,-0.5225776746666665
-0.6118811,-0.5073879984666665
-0.54308105,-0.6550510367999998
-0.23128518,-0.39037915839999987
-0.5504002,-0.4461657239333337
-0.7714386,-0.6720704474666658
-0.6309109,-0.613579124399999
-0.405481,-0.4421786692000007
-0.49038315,-0.4570476845333328
-0.38937888,-0.7305782117999995
-0.7626556,-0.858292530466667
-0.43475762,-0.9559739993333337
-0.6235917,-0.7208778973333354
-0.40255335,-0.6851994771333314
-0.6660428,-0.5130432502000001
-0.6704343,-0.6178925609999996
-0.6704343,-0.8073463731333338
-0.6089534,-0.7748834612666684
-0.77875775,-0.671068626999999
-0.6718981,-0.5043676006666675
0.026348947,-0.5866495271333326
-0.7611918,-0.6979835776666667
-0.5079491,-0.6066210516666654
-0.4289023,-0.6199896127333332
-0.8768344,-0.5205283000666667
-0.67336196,-0.6343459775999983
-0.32204267,-0.5275937361333324
-0.44500443,-1.0998801810000007
-0.48965123,-0.3938598158000002
-0.34546396,-0.6463772817999999
-0.8299918,-0.6200492681333329
-0.6650669,-0.5734279327333336
-0.6938556,-0.45258218366666664
-0.42597464,-0.5222556218000007
-0.6074896,-0.5612065305999998
-0.58260447,-0.8038770602666654
-0.49550655,-0.6481987206666663
-0.27129656,-0.27366796026666657
-0.90757483,-0.7826613097333347
-0.6309109,-0.7774305600000008
-0.41719165,-0.6842479582666677
-0.7392343,-0.6637689909999985
-0.7904684,-0.6843439433333328
-0.19395752,-0.683130593666666
-0.33521715,-0.44774844799999897
-0.3805959,-0.5831119306666669
-0.5796768,-0.5430000613333337
-0.78095347,-0.6391092351999997
-0.64628106,-0.5638674605999999
-0.5108768,-0.6367954821333347
-0.54747254,-0.4564125216666682
-0.7948599,-0.900492151866669
-0.7465535,-0.6760320528666666
-0.61627257,-0.6309230870000014
-0.44646826,-0.5799598039999999
-0.47281718,-0.928849103333334
-0.7041024,-0.5720307428000003
-0.5460087,-0.5232900690666661
-0.71142155,-0.7904781289333329
-0.23128518,-0.6669698959999995
-0.90318334,-0.5485199925999986
-0.46549803,-0.6134327331333322
-0.5972184,-0.7161749591333321
-0.61627257,-0.5683857957333333
-0.8329195,-0.5806819886666669
-0.74728537,-0.5388847295333341
-1.4428488,-0.5866348850666651
-0.64408535,-0.6361269970000015
-0.80803436,-0.6389131436666666
-0.61627257,-0.5204307235333329
-0.60602576,-0.5147217941333337
-0.49533436,-0.6526438746000004
-0.560647,-0.7076546129333351
-0.63969386,-0.4915151804666659
-0.76851094,-0.6043862532666671
-0.5987066,-0.5651263401333324
-0.5225874,-0.6757069964000012
-0.48891932,-0.5922950302666652
-0.9807663,-0.4482655038666677
-0.58260447,-0.7168962644666678
-0.18151496,-0.6875976938666675
-0.72252226,-0.7401809395999989
-0.36010227,-0.4906336238000005
-0.7319152,-0.5803794437999988
-0.5562555,-0.5951153409999991
-0.43475762,-0.7121892152666676
-0.84170246,-0.9408654161333355
-0.6089534,-0.8264352225333349
-0.4596427,-0.7754397266666652
-0.5108768,-0.49892216880000073
-0.63603425,-0.6263827543999996
-0.6792173,-0.5775396105333342
-0.551864,-0.7741808036000016
-0.5123406,-0.6103391819999985
-0.6894641,-0.5881545339999996
-0.65286833,-0.4203047430666672
-0.4866016,-0.6136771574666672
-0.7231322,-0.6575721130666665
-0.5108768,-0.7666372318666652
-0.5123406,-0.4855201494000003
-0.6953194,-0.6461298387333329
-0.69678324,-0.8238534663999979
-0.33045968,-0.9514651043999991
-0.41280016,-0.5672342551999989
-0.56796616,-0.6116663986666664
-0.56113493,-0.5826631277333331
-0.6660428,-0.36874861793333424
-0.58711797,-1.3663543066666668
-0.71142155,-0.41457626759999927
-0.34985545,-0.5715184133333342
-0.7172769,-0.7356528214666666
-0.7041024,-0.7543703290266676
-0.724596,-0.7153475525333352
-0.34326822,-0.4377731040666663
-0.8812259,-0.6256605951333337
-0.36010227,-0.6903814332666678
-0.41719165,-0.709943082466666
-0.6279832,-0.8133870386666657
-0.28682554,-0.2458540173066665
-0.6850726,-0.6786951372000006
-0.6806811,-0.6179510802000007
-0.9653961,-0.6174241331333352
-0.5211236,-0.5719868338666663
-0.17273198,-0.569511326933334
-0.5020938,-0.638786283866667
-0.35571077,-0.738775662599999
-0.8182812,-0.4881191136666673
-0.56796616,-0.7176672251999983
-0.64408535,-0.8190228226666646
-0.46110654,-0.5426916744000004
-0.48160017,-0.5702790273111118
-0.50062996,-0.8108107403333346
-0.6660428,-0.6028638791333331
-0.27373627,-0.5908214523333333
-0.6030981,-0.6331554116000017
-0.45671508,-0.491022101633333
-0.70263857,-0.7163058658666659
-0.6997109,-0.6136767089333336
-0.86073226,-0.4300489461999995
-0.6953194,-0.6911231091333346
-0.48160017,-0.6973687785999992
-0.6667747,-0.5624231089333327
-0.43182996,-0.635048618533333
-0.7187407,-0.616750734800001
-0.6660428,-0.5813008673333325
-0.551864,-0.5974574712000003
-0.54747254,-1.0539870520000008
-0.61627257,-0.5542646985333325
-0.5899236,-0.4324252477333344
-0.44646826,-0.6924502960000004
-0.819745,-0.6338873399333337
0.15770845,-0.19154737637333266
-0.60602576,-0.6180291656000004
-0.6050092,-0.6575525776000014
-0.5584513,-0.5992140570666656
-0.75606835,-0.5570264669333331
-0.66750664,-0.6306766666666666
-0.48599166,-0.6854727006666668
-0.69239175,-0.5069586019999996
-0.6572598,-0.4846254271333329
-0.6074896,-0.641206463733334
-0.72020453,-0.549273059533333
-0.68214494,-0.4543387793999996
-0.63383853,-0.46916737786666707
-0.7714386,-0.7721168111333331
-0.4479321,-0.4488046865333329
-0.7480173,-0.6371028600000004
-0.7539019,-0.7409892089999989
-0.4479321,-0.587103306666667
-0.733379,-0.5703375600666667
-0.36742142,-0.7444846094000012
-0.66750664,-0.5358729151333322
-0.4933108,-0.5187033886666664
-0.72605985,-0.4812683875999996
-0.4969704,-0.39024594613333335
-0.6748258,-0.5920412935333342
0.008995077,-0.7714298785333323
-0.474281,-0.6241772691999983
-0.64847684,-0.6517704569333331
-0.750945,-0.5482727479999991
-0.8387748,-0.6714150472666678
-0.53527397,-0.558646452
-0.6323747,-0.5920234082000005
-0.76997477,-0.6142502225333345
-0.5299066,-0.5464999776000004
-0.7480173,-0.6055524613333327
-0.39303845,-0.48943204580000016
-0.5884598,-0.5709562909999988
-0.8343833,-0.7091639993333334
-0.53868955,-0.6182410722666674
-0.61480874,-0.4794825059333338
-0.48160017,-0.5880401980666667
-0.68653643,-0.6701023178000007
-0.6074896,-0.7058980197333349
-0.5401534,-0.7160423751333337
-0.6623832,-0.6017123250666679
-0.7143492,-0.5734555204666667
-0.34802565,-0.7656223126666681
-0.54747254,-0.5577876579333343
-0.47720867,-0.5587830675333324
-1.0693281,-1.2365352900000033
-0.7399662,-0.6755547881999988
-0.56211084,-0.7368629231333318
-0.6704343,-0.5846294257333337
-0.75533646,-0.5797646158666659
-0.7143492,-0.7177160084000014
-0.48891932,-0.5656305513333347
-0.4711094,-0.7075440751999987
-0.6045619,-0.6124431857999997
-1.0393195,-0.3905714300666666
-0.5708938,-0.626089994333332
-0.5108768,-0.3969029641333342
-0.4786725,-0.5213187614000006
-0.655796,-0.7150372406666667
-0.65286833,-0.5849612383333318
-0.70337045,-0.4668886955333338
-0.62505555,-0.7348916188666675
-0.52844274,-0.5606372584666657
-0.53429806,-0.4407007668000005
-0.5635747,-0.6816082027999981
-0.3322895,-0.6305985763333336
-0.6521364,-0.6217375439999994
-0.6309109,-0.5454329372000006
-0.60017043,-0.5402070655333334
-0.5211236,-0.6875513368000012
-0.43622145,-0.7248497701333347
-0.44061294,-0.6239137579999989
-0.69678324,-0.4288632588666662
-0.79412794,-0.6643027965333346
-0.66311514,-0.5951641330666662
-0.6938556,-0.662656464533333
-0.414264,-0.5852979195333327
-0.6792173,-0.6512697178800012
-1.0451748,-0.6029126741333332
-0.44500443,-0.6370345665333327
-1.1466676,-0.6756201586000011
-0.5752853,-0.6763042783333337
-0.25763413,-0.6571850009999995
-0.5123406,-0.6812080867999991
-0.46549803,-0.7513255664000008
-0.43622145,-0.5315753589999992
0.036433112,-0.7699119163333317
-0.6235917,-0.796557927733333
-0.5686981,-0.2643736
-0.5562555,-0.6278856253333331
-0.31984693,-0.5688542236666657
-0.66750664,-0.5121259070666675
-0.70263857,-0.45093781060000054
-0.75387263,-0.7293339538666647
-0.405481,-0.5055142930000004
-0.7275237,-0.6229818041333326
-0.50428957,-0.6323424983333328
-0.81242585,-0.6704928447999996
-0.5299066,-0.6388155426666648
-0.46988952,-0.6440072679333336
-0.5884598,-0.6474204448666664
-1.2817925,-0.8784732876266662
-0.7772939,-0.5866023401333326
-0.3425363,-0.5811406354666669
-0.4332938,-0.6642374106666669
-0.72020453,-0.5309881944666671
-0.76411945,-0.3664064866666672
-0.5057534,-0.7648103496000005
-0.44646826,-0.8734957753333348
-0.5979747,-0.40106459033333386
-0.578213,-0.573338423333333
-0.78754073,-0.5753048576000019
-0.5650385,-0.5107609697333324
-0.6345704,-0.7752933184666655
-0.4098725,-0.7739173702000002
-0.82267267,-0.581306532133334
-0.87537056,-0.7384064578333354
-0.8051067,-0.7089720598000007
-0.62066406,-0.5411878466666673
-0.7919322,-0.5593295619333332
-0.6514045,-0.7292266256666682
-0.53429806,-0.7795643652666652
-0.47476897,-0.6672089870666665
-0.9881927,-0.414333923000001
-0.61480874,-0.5597979922666667
-0.05296626,-0.3116884494666671
-0.70703006,-0.5500976880666671
-0.70337045,-0.5259493712
-0.6894641,-0.7123486511333325
-0.48160017,-0.7324128781333342
-0.4581789,-0.5122430346666672
-0.75533646,-0.8115377561333342
-0.3235065,-0.7043854093333324
-0.6894641,-0.618741564533333
-0.7925177,-0.5726114016000001
-0.63127685,-0.5500293608666671
-0.6997109,-0.7357276448666668
-0.655796,-0.5246856030000004
-0.7172769,-0.504182188866666
-0.7319152,-0.5332441098000008
-1.4335216,-0.744668377733335
-0.6455492,-0.7124527338666651
-0.5123406,-0.6133937078666667
-0.73630667,-0.668414213733335
-0.8387748,-0.6000387102666661
-0.95386845,-0.5615106974666682
-0.92660457,-0.5916509462000015
-0.5855321,-0.6643187452000002
-0.5079491,-0.6343947994666664
-0.3805959,-0.6320770664000005
-0.35668665,-0.648701284666667
-0.6243236,-0.6556203350000007
-0.48891932,-0.5876205199999996
-0.6623832,-0.6213764575999983
-0.44061294,-0.6640739520666683
-0.9046472,-0.7085034309333312
-0.8592684,-0.5889514493333329
-0.8299918,-0.6922551359999995
-0.67336196,-0.6365710297333318
-0.56796616,-0.41569854133333434
-0.44061294,-0.6868096846666674
-0.68214494,-0.5461071269333324
-0.61041725,-0.7618651657333333
-0.6074896,-0.7574834348000009
-0.647013,-0.7574785365333324
-0.5211236,-0.6393230099333341
-0.7172769,-0.8826470157999986
-0.89000887,-0.7253458266666656
-0.21079157,-0.5346493986666668
-0.68653643,-0.736092926933335
-0.54893637,-0.7109238399333327
-0.53283423,-0.560337170200001
-0.81242585,-0.587215520999999
-0.6601875,-0.48997351393333344
-0.819745,-0.5213773280000005
-0.3949902,-0.662998048666668
-0.86731946,-0.6560594940000002
-0.35790652,-0.5115127390000012
-0.45451933,-0.7006282424666648
-0.59577894,-0.7625482682000017
-0.9383152,-0.5897089190000007
-0.7626556,-0.5989700796000001
-0.74948114,-0.4652735985333328
-0.7275237,-0.9241599446666682
-0.71142155,-0.6371757635999984
-0.46696186,-0.444838521666667
-0.45525125,-0.6983641543333337
-0.647013,-0.700999069333333
-0.54308105,-0.7757910579999981
-0.45378742,-0.6455784576000011
1.2576904,-0.5579596676666659
-0.49038315,-0.3343778888000004
-0.6235917,-0.6058484678666665
-0.61041725,-1.2241099459999993
-0.84609395,-0.6643057281333343
-0.5708938,-0.6054402269333334
-0.31472352,-0.5980906989333333
-0.88854504,-0.5709816569333325
-0.023829067,-0.3802659598666674
-0.68214494,-0.7301976104000003
-0.42158315,-0.5888306334666673
-0.81681734,-0.5377764228666668
-0.29130223,-0.4861770972666674
-0.4332938,-0.8015040191333341
-0.7846131,-0.5158342941333336
-0.85634077,-0.7722241640666667
-0.60163426,-0.41049705833333394
-0.38205972,-0.49565783266666774
-0.6030981,-0.5527618422666669
-0.74728537,-0.4828910086666666
-0.647013,-0.6283930877999983
-0.5650385,-0.4167232160666677
-0.6309109,-0.8676219741333332
-0.551864,-0.3128156635333333
-0.48160017,-0.5653214940666662
-0.84170246,-0.7630362145333346
-0.5225874,-0.5523422352666675
-0.78754073,-0.799505069266667
-0.64994067,-0.500717811533333
-0.72020453,-0.600004554666668
-0.56650233,-0.5187521839999988
-0.6792173,-0.6652059955333341
-0.33082566,-0.6438980242000002
-0.8768344,-0.6089241458000003
-0.78314924,-0.629800639599999
-0.6074896,-0.41176757626666677
-0.6836088,-0.6257191483999982
-0.84828967,-0.39590797086666607
-0.74508965,-0.7193750247999993
-0.5035576,-0.685311697533332
-0.8051067,-0.7663737379999997
-0.67775345,-0.6077677063333342
-0.49038315,-0.6856776505333341
-0.7092258,-0.5379283518666672
-0.6367662,-0.5978152901333347
-0.5225874,-0.41913365826666565
-0.5562555,-0.3423606381333336
-0.53283423,-0.6141679042666678
-0.76997477,-0.6241382225333338
-0.5840683,-0.5727577869333331
-0.5943151,-0.6860484718000005
-0.46696186,-0.864938309866667
-0.59138745,-0.5182544838000005
-0.8592684,-0.7324836125333346
-0.560647,-0.6748745773999998
-0.64994067,-0.6734009799333339
-0.85634077,-0.7286752522666673
-0.62066406,-0.4148969346000007
-0.5562555,-0.500776355066667
-0.26934478,-0.6487744882000002
-0.79339606,-0.6882930305333336
-0.6850726,-0.5886354479999996
-0.7692428,-0.6510629411333325
-0.63969386,-0.5265495415999998
-0.5972428,-0.6859948147999989
-0.51526827,-0.6320038797333347
-1.4350085,-0.4099517938666659
-0.750945,-0.5407877186666654
-0.6894641,-0.7109043369999982
-0.6828768,-0.5709523766666674
-0.483064,-0.6196296099333318
-0.6323747,-0.5146534426666662
-0.5972428,-0.7598743465333344
-0.733379,-0.6580551626666676
-0.3132597,-0.4878556156000002
-0.7955918,-0.7065356180666658
-0.75972795,-0.5941020581999993
-0.2986214,-0.6934700845333327
-0.6704343,-0.6791391926666647
-0.6235917,-0.5905238190666658
-1.6556277,-0.5832287944000002
-0.6279832,-0.5833558809999999
-0.98369396,-0.6543598371333332
-0.5562555,-0.6852872937333327
-0.6704343,-0.6979689521333345
-0.39816186,-0.5626280582666666
-0.51380444,-0.5636429999333323
-0.7904684,-0.5531001472000002
-0.733379,-0.4693458336666664
-0.52405125,-0.7284898235333344
-0.68800026,-0.3329091737333328
-0.3805959,-0.5689225331999987
0.019029794,-0.42765845486666704
-0.4684257,-0.5864104485333351
-0.5401534,-0.697407806999999
-0.474281,-0.7101824059999999
-0.5972428,-0.5829558025999995
-0.8773215,-0.6153782030666658
-0.72020453,-0.6060257588666679
-0.551864,-0.5105547364666658
-0.6982471,-0.5131603622000003
-0.7802216,-0.5698984262666653
-0.5504002,-0.5347079244000005
-0.655796,-0.7128707090666676
-0.5547917,-0.7004574612666677
-0.9910131,-0.5731188423333342
-0.48599166,-0.7461045926666663
-0.29715756,-0.5401631462666658
-0.62066406,-0.6278953781333343
-0.8914727,-0.6048107626666674
-0.655796,-0.24917542283333347
-0.647013,-0.32203520106666694
-0.90903866,-0.48460591546666637
-0.724596,-0.38197965413333396
-0.560647,-0.5323755614000006
-0.50502145,-0.6080653781333346
-0.5562555,-0.7113662516666664
-0.4874555,-0.7126609266666664
-0.72166836,-0.5540841739333328
-0.67336196,-0.6231623225333339
-0.5855321,-0.5135897586000001
-0.85487694,-0.3947072167333333
-0.8856174,-0.5987651516666673
-0.46110654,-0.6873269053333347
-0.76777196,-0.7526295469999996
-0.5445449,-0.6295446418000016
-0.74508965,-0.5316729231333338
-0.64994067,-0.5912183017333326
-0.7568003,-0.655197460933334
-0.907993,-2.499756523866674
-0.60163426,-0.4708459100666662
-0.80657053,-0.3287860548666669
-0.61041725,-0.7209852418666649
-0.7729024,-0.6162042676000012
-0.6660428,-0.6868682363999994
-0.5020938,-0.6551421620666683
-0.55332786,-0.6368149772000005
-0.53210235,-0.7167206295333352
-0.5123406,-0.6703479286666674
-1.0780337,-0.4164216150666678
-0.6704343,-0.5519958207333339
-0.7655833,-0.5862933530666655
-0.8709791,-0.5452767880000007
-0.5928513,-0.6913865917333342
-0.4786725,-0.5854833428666656
-0.8519493,-0.6754991521333323
-0.77436626,-0.48144403846666706
-0.6748258,-0.6067381507333321
-0.6660428,-0.5573891888666676
-0.64408535,-0.43186898346666697
-0.7289875,-0.5158342814666668
-0.7099577,-0.6699073178000007
-0.6045619,-0.5960717053333346
-0.50941294,-0.6341215456666652
-0.52405125,-0.7529260265333317
-0.48891932,-0.38703674813333305
-0.77436626,-0.5679856874666677
-0.64408535,-0.5865275332666674
-0.91855353,-0.13593895666666683
-0.31472352,-0.5115647883333325
-0.7099577,-0.5903627598666676
-0.5035576,-0.5428305674000001
-0.4684257,-0.6116859143333336
-0.33521715,-0.7121437075333329
0.47878945,-0.09953470066666673
-0.61627257,-0.4653467906666663
-0.4149959,-0.582399518933332
-0.6828768,-0.5469846062666671
-0.46988952,-0.5763945746666667
-0.4640342,-0.39645649626666674
-0.906111,-0.38657406360000074
-0.60602576,-0.6729228050000018
-0.27812776,-0.6191221649333332
-0.44781008,-0.6191807246666663
-0.50048804,-0.5008286710666667
-0.39450228,-0.601858725666666
-0.68214494,-0.5980088389333336
-0.8782982,-0.6188663900000009
-0.5167321,-0.6223718653333331
-0.39669803,-0.48799224253333306
-0.9507578,-0.4215763040666663
-0.5255151,-0.49129074173333304
-0.62505555,-0.5772468347333334
-0.5460087,-0.7682815866666682
-0.86512375,-0.5566165924000004
-0.82696086,-0.676903172666668
-0.3864512,-0.6261778218000014
-0.66750664,-0.5837687157999997
-0.65067255,-0.6306776840666666
-0.6660428,-0.5351665896666656
-0.7846131,-0.5910283969333345
-0.77875775,-0.6711954742000006
-0.54747254,-0.5517664278666667
-0.69239175,-0.47529107333333315
-0.6133449,-0.6254849515333338
-0.5547917,-0.6076457403999985
-0.73045135,-0.6791928708000013
-0.52844274,-0.6685345800666649
-0.405481,-0.7029459380666663
-0.53868955,-0.696718849000001
-0.90318334,-0.7608453462666678
-0.33668098,-0.48625029139999926
-0.9339237,-0.6208104540000011
-0.60602576,-0.7394880642666679
-0.75533646,-0.6526146030666649
-1.0407834,-0.5941915001333328
-0.6323747,-0.6361709018000017
-0.5840683,-0.5311020287999998
-0.7187407,-0.5036259447999999
-0.66750664,-0.6489843142666673
-0.5211236,-0.5170541590666663
-0.7714386,-0.5797329625333327
-0.6089534,-0.6888004875333344
-0.8665876,-0.48092163959999906
-0.68800026,-0.6503017491333342
-0.6436671,-0.666312916866666
-0.8329195,-0.6712575261333324
-0.5123406,-0.5700610743999988
-0.60602576,-0.6393926714666652
-0.5591832,-0.3418629334666662
-0.6660428,-0.7186919091999999
-0.5987066,-0.6658110490666682
-0.61627257,-0.6917310658666671
-0.43739814,-0.5910263595333323
-0.7099577,-0.8697494637999984
-0.5035576,-0.5171419733333347
-0.37474057,-0.506280363133333
-0.906111,-0.3634222326666664
-0.56796616,-0.7550604337333323
-0.4149959,-0.6626808692666659
-0.5855321,-0.5843854716666677
-0.5108768,-0.761913917466666
-0.6118811,-0.6701708063999994
-0.5547917,-0.593973558933333
-0.38205972,-0.4172404442666676
-0.53868955,-0.5781885811999985
-0.5899236,-0.7433427990000004
-0.44939592,-0.6026394276666661
-0.7465535,-0.5617839150666661
-0.7084939,-0.5345957131999989
-0.6704343,-0.6775777584000018
-0.78314924,-0.6246359125333321
-0.6894641,-0.6545858886666661
-0.664579,-0.6525742520000009
-0.60602576,-0.6810519437333338
-0.44646826,-0.7619139401333309
-0.6718981,-0.7691647887333338
-0.80803436,-0.7263965234666658
-0.5035576,-0.6024231126
-0.5708938,-0.4982000152000008
-0.63823,-0.3586226493333335
-0.6455492,-0.5716257306666669
-0.7904684,-0.6063624575333336
-0.61041725,-0.5986285328666661
-0.38205972,-0.6989497157333318
-0.79339606,-0.5946617948000005
-0.6762896,-0.6445184791999986
-0.6601875,-0.5732437603333336
-0.43054628,-0.7155238463333337
-0.68800026,-0.655259267933335
-0.70263857,-0.6337458216666684
-0.67848533,-0.6087484734666678
-0.46696186,-0.6194734858666652
-0.75387263,-0.5279840790666663
-0.578213,-0.6157455701333331
-0.8343833,-0.8322265668666653
-0.45525125,-0.7202533412000004
-0.7904684,-0.5458379244000008
-0.5079491,-0.6398792925333341
-1.0239493,-0.7241744165333326
-0.6367662,-0.537430668933334
-0.6309109,-0.6417920171333348
-0.6806811,-0.7494713841333323
-0.7436258,-0.830712341800001
-0.836579,-0.5436177869333334
-0.6309109,-0.5314387183333337
-0.72996336,-0.061747561600000014
-0.7655833,-0.4841618884000002
-0.77234477,-0.43444044053333214
-0.7575322,-0.6323424983333328
-0.41572782,-0.6676042325999997
-0.483064,-0.35346622539999895
-0.56163114,-0.7045258551999993
-0.61041725,-0.6193612603999991
-0.67336196,-0.7955511093333314
-0.49623847,-0.7462216901333336
-0.6045619,-0.5355471973333339
-0.51965976,-0.5297406782666673
-0.5928513,-0.850778170666669
-0.56943,-0.3566085864666659
-0.6410357,-0.5094653982000004
-1.0993366,-0.8414975298666648
-0.56796616,-0.7332033624000012
-0.43036613,-0.48487394253333427
-0.5372257,-0.5595735338666673
-0.5855321,-0.6323844793333345
-0.64994067,-0.6003363365333328
-0.48891932,-0.5792962075999998
-0.72605985,-0.38271355780000066
-0.38937888,-0.9168774887333325
-0.56943,-0.7120656410666659
-0.5401534,-0.6325210867333342
-0.66897047,-0.7708676777333336
-0.4098725,-0.5696154172666675
-0.37034908,-0.7301878604000019
-0.7099577,-0.4908125696666675
-0.6045619,-0.7316711843333353
-0.5987066,-0.6315061556666676
-0.4786725,-0.6310523806666662
-0.23860434,-0.6555487744666676
-0.5596711,-0.799153798133334
-0.50184983,-0.6607811601333334
-0.7084939,-0.4805267117333336
-0.7339279,-0.7156666514666659
-0.60602576,-0.6382397727333329
-0.69678324,-0.669995149333332
-0.3235065,-0.3733033170933341
-0.55771935,-0.6824230715999992
-0.7392343,-1.0174304450666647
-1.4543154,-0.5122381559333329
-0.5313704,-0.6438999339999996
-0.48013633,-0.603956896266668
-0.4479321,-0.5528740912666668
-0.82267267,-0.6216496928000013
-0.48013633,-0.6954023655333321
-0.5020938,-0.7027361517333325
-0.6426215,-0.6904952745333346
-1.141625,-0.7697795786666664
-0.5591832,-0.652357609733334
-0.6718981,-0.5906653017333343
-0.70263857,-0.6781275550000014
-0.3286299,-0.8044626119999995
-0.49989805,-0.6991107265333344
-0.6997109,-0.45374835753333437
-0.8702471,-0.7255182469333344
-0.6514045,-0.6239186537333342
-0.5357619,-0.43698264053333274
-0.3996257,-0.38174181173333216
-0.2891065,-0.5219579893333335
-0.40108952,-0.6869463039999987
-0.54234916,-0.7073603433333344
-0.543813,-0.5126528942666658
-0.7055662,-0.5471651366666652
-0.7187407,-0.6158891849333341
-0.57674915,-0.6171703856666672
-0.67336196,-0.5955105886000005
-0.551864,-0.6789830734000002
-0.5181959,-0.5411097570000006
-0.4640342,-0.5405274476666655
-0.56943,-0.6048133328000009
-0.4977023,-0.5415293905333319
-0.6177364,-0.7172524603333333
-0.6279832,-0.4828200357333325
-0.6265194,-0.4265002452000006
-0.5460087,-0.7701845778000009
-0.48599166,-0.5961497706666662
-0.42011932,-0.7019814505333325
-0.79412794,-0.6141085062000011
-0.9514897,-0.2780692040000001
-0.5225874,-0.5747583149999999
-0.03505351,-0.4825386140666663
-0.68800026,-0.6878034525999996
-0.3718129,-0.5995458779999985
-0.5416172,-0.588650098133334
-0.75350666,-0.4762850213333335
-0.84170246,-0.6691851728000009
-0.24104406,-0.5643456323999992
-0.5664718,-0.5201477051333325
-0.6192002,-0.5806331816
-0.44427252,-0.6293006545333333
-0.5211236,-0.5771687762666673
-0.43475762,-0.49894168160000085
-0.64994067,-0.5095886072000002
-0.7275237,-0.5682491667333326
-0.7611918,-0.6482426225999993
-0.6909279,-0.7632118691999991
-0.90229106,-0.5355715981999994
-0.67336196,-0.5380467738000005
-0.5255151,-0.5173371598000008
-0.38528225,-0.5283721370133335
-0.4786725,-0.5985504723999991
-0.33668098,-0.6763563168666672
-0.57162577,-0.8463548156666674
-0.7084939,-0.5144290278666672
-0.7084939,-0.4989343636666675
-0.8387748,-0.5488192669999993
-0.22103839,-0.8124892897999993
-0.6748258,-0.6700927489333348
-0.5313704,-0.7517256857333341
-0.7128854,-0.6528878479333347
-0.4933108,-0.709606397266668
0.99241996,-0.8751770152666668
-0.73045135,-0.5549980488000008
-0.7568003,-0.7886373046000007
-0.6806811,-0.6942459348000011
-0.39669803,-0.5950421415333333
-0.65433216,-0.6503993417333326
-0.6828768,-0.6127447279333318
-0.73045135,-0.40035271653333265
-0.74508965,-0.644425271400001
-0.121497914,-0.6886059395333336
-0.7670471,-0.652069251
-0.7692428,-0.7422097283333329
-0.647013,-0.7132366900000006
-0.6323747,-0.7524958177333342
-0.64994067,-0.6365612700000008
-0.42524272,-0.616340871066668
-0.69678324,-0.5295276134666664
-0.3527831,-0.6383080976666662
-0.8153535,-0.718506504066667
-0.46622995,-0.6151893302000011
-0.48891932,-0.6581966713333316
-0.5167321,-0.8820860904666674
-0.72166836,-0.6675066372000005
-0.49916613,-0.5993799808666667
-0.371081,-0.6809250799333322
-0.5635747,-0.6101244786666664
-0.5899236,-0.36369351986666676
-0.3908427,-0.49475514373333385
-0.92074925,-0.4847376400666672
-0.9412429,-0.6704830837333344
-0.32326254,-0.7937437977333337
-0.7738783,-0.4423417979333326
-0.44207677,-0.7152177286666654
-0.34985545,-0.7118119026666666
-0.7970556,-0.48772387393333283
-0.78900456,-0.7329740147333325
-0.6089534,-0.7405416031999995
-0.6953194,-0.7607647792666671
-0.66311514,-0.4854500477333333
-0.7041024,-0.7174525178666669
-0.8153535,-0.7408152690666681
-0.45085976,-0.6196881680000015
-0.47574484,-0.6692534735333323
-0.18066105,-0.37692669433333337
-0.17308314,-0.6782267457333329
-0.5987066,-0.6612284474666679
-0.7655833,-0.3171729931333337
-0.46110654,-0.6400549272666667
0.061714094,-0.6557688647999995
-0.76434094,-0.7052653093333339
-0.42597464,-0.4672221201999987
-0.73045135,-0.6775094853999977
-0.81681734,-0.6544687837333328
-0.53429806,-0.5434518703333333
-0.5987066,-0.5696446810000005
-0.45671508,-0.4800003737333329
-0.6894641,-0.7979730546666658
-0.63383853,-0.6206827496666674
-0.9997961,-0.5403778222666668
-0.60407525,-0.6909906647333334
-0.6323747,-0.4534799942666679
-0.7143492,-0.5515956796000006
-0.6660428,-0.6078018697999992
-0.7714386,-0.6399963895333325
-0.74508965,-0.7137441562666657
-0.40401718,-0.36674479153333356
-0.8256003,-0.6685264313999982
-0.06953194,-0.8336075190666675
-0.40732822,-0.5371593903999988
-0.7772939,-0.723688420800001
-0.57235765,-0.6397133698666667
-0.5928513,-0.7627044157333351
-0.56796616,-0.5823409893999997
-0.57455343,-0.6752551999333348
-0.31179586,-0.35493574586666704
-0.7607038,-0.6783780111333337
-0.67336196,-0.6129073910666658
-0.52893066,-0.6725626776000015
-0.4786725,-0.46049677666666694
-0.3908427,-0.6920599623333343
-0.64481723,-0.4519429672000004
-0.82947534,-0.7907598046666683
-0.5064853,-0.591250825533333
-0.7772939,-0.5789156110000003
-0.48160017,-0.7040885673333347
-0.5650385,-0.5212162814
-0.3659576,-0.5896796507333328
-0.41133633,-0.5473456766000001
-0.68800026,-0.6507311323333337
-0.4596427,-0.41700623346666665
-0.66897047,-0.4483273058000003
-0.90318334,-0.6598215246666661
-0.95368546,-0.47179252906666724
-0.55771935,-0.7050831587999996
-0.5460087,-0.7345656599333331
-0.819745,-0.6628857962666671
-0.60163426,-0.5695373431999994
-0.5987066,-0.6095682136666679
-0.7758301,-0.6687069822666681
-0.42304698,-0.7630362145333346
-0.64847684,-0.6857947607999997
-0.3952342,-0.6421628477333339
-0.61627257,-0.7180087700000016
-0.73630667,-0.4762767177999992
-0.91343015,-0.8441616706666667
-0.41133633,-0.6080003019333327
-0.62066406,-0.6868096750000001
-0.6704343,-0.7588691569999998
-0.4332938,-0.7725901468666649
-0.7582641,-0.6015561788666673
-0.42304698,-0.5521470338000001
-0.4245108,-0.6083825277333325
-0.88541466,-0.37509746440000064
-0.9046472,-0.5898382358666654
-0.750945,-0.5445448811333332
-0.6089534,-0.6381617141999999
-0.63823,-0.6680043385999994
-0.55767053,0.25152486539999946
-0.7963237,-0.7685207036000012
-0.5504002,-0.5718306756000007
-0.7319152,-0.6067966713333345
-0.914894,-0.6554837246666668
-0.560647,-0.5280419650666677
-0.5738215,-0.6510824825333341
-0.5884598,-0.6465494834666676
-0.6660428,-0.8855230741333334
-0.2795916,-0.8159715412666675
-0.6850726,-0.8168563578666675
-0.6894641,-0.5783593413999998
-0.24742915,-0.5603983892666671
-0.65872365,-0.5734302768666658
-0.85634077,-0.47698077082666723
-0.4786725,-0.8126209928000017
-0.55771935,-0.9369588225333317
-0.9807663,-0.7785070709333332
-0.27373627,-0.6750136242666677
-0.7041024,-0.6429530636000012
-0.82267267,-0.6641105720000011
-0.79778755,-0.6776070722666674
-0.63530236,-0.5092665614000013
-0.65286833,-0.5775005841333319
-0.68653643,-0.6536685450666663
-0.76997477,-0.25837083006666683
-0.733379,-0.619601990666666
-0.51965976,-0.6412308708000006
-1.1739919,-0.7831599746000011
-0.48599166,-0.6381836959999992
-0.83804286,-0.6541760140666678
-0.3659576,-0.6827337201999999
-0.48452783,-0.628998134800001
-0.75972795,-0.5262177337333326
-0.3659576,-0.5494267601333322
-0.60968536,-0.594778672000001
-0.5108768,-0.6965246582000006
-0.5299066,-0.5671025186666674
-0.7289875,-0.5378795661999991
-0.59943855,-0.5862802975333342
-0.45451933,-0.6246066498666678
-0.57455343,-0.5993207906000003
-0.750945,-0.4091698569333342
-0.54747254,-0.7114312976000008
-0.75533646,-0.6555227496666665
-0.5969988,-0.2723475014666672
-0.73667264,-0.6915915250666667
-0.5225874,-0.4870309880666671
-0.89879185,-0.7482612803333322
-0.7846131,-1.1081428325999985
-0.6792173,-0.8003882797333334
-0.7670471,-0.790917318
-1.0371238,-0.5016546642666672
-0.3571746,-0.45271068533333436
-0.54747254,-0.6912645896000016
-0.73484284,-0.6431777549999987
-1.0787209,-0.41479725460000044
-0.7041024,-0.46687405573333296
-0.655796,-0.640923453266666
-0.39303845,-0.4691898831999998
-0.47135335,-0.7485735708666663
-0.49477464,-0.5558695021733339
-0.58114064,-0.4984147067999995
-0.55332786,-0.6369477224000005
-0.74069816,-0.5400265194000009
-0.8343833,-0.4449068418000011
-1.2377295,-0.558361649
-0.750945,-0.6638372978666679
-0.7772939,-0.5535327913333334
-0.6192002,-0.7486962388000021
-0.36888525,-0.7308221866666654
-0.33375332,-0.5875131864666664
-0.742162,-0.6237868968666666
-0.4479321,-0.4695626174666664
-0.45525125,-0.49696584253333376
-0.7231322,-0.40549145266666736
-0.474281,-0.5372062042666668
-0.6074896,-0.48978785320000034
-0.6455492,-0.7283695090000011
-0.5064853,-0.5160880238666667
-0.73630667,-0.684067458800002
-0.61041725,-0.4785554185333322
-0.72268456,-0.3647896814666669
-1.1900941,-0.5548112135333325
-0.47135335,-0.5651385309333344
-0.72605985,-0.7708823125333336
-0.83584714,-0.6194881102666678
-0.76045984,-0.34120909186666687
-0.72020453,-0.6306473823333314
-0.44500443,-0.5883622029999989
-0.47135335,-0.6224792127333338
-0.5108768,-0.5949035622666667
-0.3952342,-0.4466829436000009
-0.70415634,-0.5810235197333334
-0.74069816,-0.46527359879999997
-0.9119663,-0.4812976650000017
-0.59138745,-0.7360139035999986
-0.50062996,-0.5894649720666665
-0.4391491,-0.664017836400001
-0.48891932,-0.6574745188666656
-0.63383853,-0.4474636577333325
-0.949294,-0.7985389813333353
-0.60163426,-0.560329285066667
-0.29361996,-0.5588416477333351
-0.46549803,-0.6734595597333328
-0.49184698,-0.5787497241333326
-0.6426215,-0.5881670266666668
-0.6616513,-0.8042576691333334
-0.5972428,-0.47938490806666606
-0.62505555,-0.7063810945333326
-0.5635747,-0.6765433472666669
-0.6748258,-0.5648335643333332
-0.8490216,-0.7603720358000011
-0.3762044,-0.6168483479999994
-0.7524088,-0.31677288893333305
-0.44939592,-0.4272139903333339
-0.578213,-0.3566573738666669
-0.7399662,-0.5269642705333342
-0.59577894,-0.42651153746666565
-0.78900456,-0.7106232683333343
-0.58114064,-0.6788317982666676
-0.7319152,-0.8223798866666666
-0.9566131,-0.2906918328000008
-0.6806811,-0.8818406730000006
-0.5943151,-0.7495592048000007
-0.5972428,-0.557426576400001
-0.36888525,-0.5812431067999997
-0.82120883,-0.6198648412666656
-0.5057534,-0.38357234386666694
-0.655796,-0.5756073511999997
-0.16102134,-0.37872218733333257
-0.5796768,-0.6629331797333331
-0.42324215,-0.7843691053999984
-0.84609395,-0.5520884841333337
-0.50502145,-0.6411032095333338
-0.750945,-0.4915346923333334
-0.6514045,-0.6745964283999987
-0.5108768,-0.48509384653333293
-0.4289023,-0.36102935733333413
-0.6660428,-0.5639943139333332
-0.82847345,-0.4325885177799991
-0.39702332,-0.5704351545333345
-0.8256003,-0.4928765648666664
-0.82120883,-0.6763603789333333
-0.5855321,-0.7907416476666644
-0.51380444,-0.503299034266667
-0.70263857,-0.5790864092666674
-0.59943855,-0.7878530077333336
-0.47281718,-0.6970841432000014
-0.551864,-0.7422400578666678
-0.5408853,-0.5128773455333335
-0.5584513,-0.7580497433333323
-0.810962,-0.661851363866666
-0.72020453,-0.6430997006666657
-0.2854469,-0.6208202076666655
-0.48891932,-0.5385529515333342
-0.56943,-0.6304570973333324
-0.49623847,-0.7089623173999992
-0.6265194,-0.5876790617333332
-0.36449376,-0.6486720212666656
-0.7465535,-0.4538524624000012
-0.6323747,-0.7222539011999985
-0.27885967,-0.6933578650000009
-0.55771935,-0.7026775697333315
-0.6660428,-0.7350135974000002
-0.5123406,-0.6949973678666663
-0.6502761,-0.5940808977333338
-0.6514045,-0.5261770617333322
-0.81681734,-0.6779144562000005
-0.47574484,-0.6353609424
-0.8536222,-0.7511201930666652
-0.8687833,-0.5664551911999991
-0.5313704,-0.5365426094666668
-0.7377705,-0.6156577446666676
-0.8187722,-0.7619713078
-0.591791,-0.5907238576666656
-0.64847684,-0.5685419525333332
-0.53283423,-0.6809250866666661
-0.51965976,-0.6161684671333336
-0.6118811,-0.7873650641333336
-0.7084939,-0.6461151910000007
-0.8782982,-0.6302358835999993
-0.9178704,-0.5577876657999986
-0.49477464,-0.5049238921333328
-0.63383853,-0.5508713559333339
-0.6982471,-0.6427532634666661
-0.68653643,-0.5770077473333327
-0.58045644,-0.587666247733333
-0.7882726,-0.6155861838666682
-0.56211084,-0.5614472399999997
-0.6514045,-0.7138710298666655
-0.62944704,-0.6407790236000013
-0.64408535,-0.529392283000001
-0.483064,-0.5141703945333342
-0.5313704,-0.6971150437333326
-0.60017043,-0.38907162613333335
-0.5650385,-0.5301847246666672
-0.58114064,-0.7244154908000013
-0.50062996,-0.9599896605999999
-0.7948599,-0.4583350368666662
-0.48869976,-0.7493235021333345
-0.7816854,-0.49769330120000094
-0.79339606,-0.5357716371999991
-0.89879185,-0.2480369743333335
-0.5615253,-0.44374553786666754
-0.7568003,-0.5870398916000009
-0.83145565,-0.6829256332000002
-0.7289875,-0.6608120643333334
-0.64408535,-0.8058874121999984
-0.4977023,-0.5147510632666674
-0.58040875,-0.5682003845999996
-0.56211084,-0.5736751039999991
-0.79339606,-0.5984382326666676
-0.4332938,-0.6616513278666654
-0.33692494,-0.6282798806666657
-0.9412429,-0.7739075930666658
-0.9559411,-0.689781682266666
-0.6074896,-0.5925292377333348
-0.8724429,-0.6934587345333321
-0.65433216,-0.6148916841333335
-0.6572598,-0.6482255433333346
-0.8094982,-0.5225825516000001
-0.5211236,-0.5742801567333334
-1.0005618,-0.6717029482666657
-0.62944704,-0.7012235116666676
-0.58260447,-0.5503611644666663
-0.62505555,-0.5199378765333336
-0.49038315,-0.680588383733332
-0.48160017,-0.5061729987999997
-0.84170246,-0.6782804389333347
-0.16102134,-0.7626555886666663
-0.6133449,-0.6255239861333326
-0.73630667,-0.5224507951333348
-0.6411577,-0.6414844913333335
-0.5416172,-0.538161611333332
-0.56796616,-0.6730092504000013
-0.750945,-0.5052068833999993
-0.6704343,-0.5943346205333346
-0.48452783,-0.6649693257999982
-0.5211236,-0.5848197325333336
-0.5313704,-0.7566864409333337
-0.40840867,-0.5440374185999999
-0.5299066,-0.6565327883999988
-0.7041024,-0.557738877333334
-0.6748258,-0.6959147108666661
-0.8346273,-0.6681873144144441
-0.3659576,-0.6156967972666655
-0.57674915,-0.6360538143333341
-0.5650385,-0.5459989434666674
-0.63969386,-0.5304677048000004
-0.7172769,-0.9621827492000011
-0.5591832,-0.589494218066667
-0.6982471,-0.6160090759999998
-0.86146414,-0.6301204070666664
-1.2874388,-0.7242576951333315
-0.5562555,-0.6023369140666677
-0.5884598,-0.5613798947333342
0.5415057,-0.5305571738666678
-0.7231322,-0.8127283717333325
-0.6850726,-0.5807210011999999
-0.560647,-0.7196921869333331
-0.5445449,-0.6164189422666669
-0.5855321,-0.6103415453333337
-0.371081,-0.6837014297333334
-0.4936036,-0.6082214960000001
-0.7465535,-0.6224980867333334
-0.78109986,-0.168869372
-0.49404272,-0.6266901814666663
-0.560647,-0.6814130426000008
-0.7714386,-0.6731277424666664
-0.48621547,-0.1434505606000001
-0.7816854,-0.5467601351333338
-0.7919322,-0.6825011318666674
-0.48452783,-0.5717428373333338
-0.6850726,-0.5655167049999998
-0.7128854,-0.48056574433333443
-0.6367662,-0.5123893961333339
-0.8153535,-0.5598760647999996
-0.5255151,-0.6576013876666653
-0.64408535,-0.6024702737333332
-0.7377705,-0.6202834631333328
-0.68800026,-0.7906391546666681
-0.50282574,-0.6860192024
-0.7436258,-0.5941833618666671
-0.5401534,-0.5489656442666672
-0.32375047,-0.28991050873333357
-0.7172769,-0.5544501360666663
-0.73630667,-0.566282778533333
-0.7568003,-0.6549274522666679
-0.44939592,-0.6861485016000007
-0.82706416,-0.2590101490000003
-0.59138745,-0.7630069282666682
-0.77875775,-0.7405029831333325
-0.63530236,-0.7024921849333342
-0.61774445,-0.3570660198666672
-0.7729024,-0.760392502200002
-0.7904684,-0.6677994008000003
-0.7670471,-0.700652616066668
-0.5972428,-0.8142312570000003
-0.5738215,-0.6858773376000001
-0.87537056,-0.7155837268000008
-0.5225874,-0.6182402779333321
-0.87976205,-0.6559960300000015
-0.7041024,-0.5392897268000004
-0.48891932,-0.5546160213333345
-0.54308105,-0.6449229706000005
-0.6279832,-0.7191985353333328
-0.53868955,-0.5990432796666657
-0.46549803,-0.615599202933334
-0.8578046,-0.49786334073333394
-0.7099577,-0.6504709006000001
0.047574487,-0.5068231229333332
-0.65286833,-0.6155406497333319
-0.50428957,-0.3824451995333327
-0.828528,-0.45677522619999955
-0.54747254,-0.42933185113333233
-0.474281,-0.6954365059999997
-0.72605985,-0.5991359999333331
-0.5189279,-0.604149451666666
-0.63164276,-0.6902740807333323
-0.49892217,-0.7058589810000002
-0.49477464,-0.6311548402666678
-0.78900456,-0.5721332007333328
-0.5591832,-0.5772468474000008
-0.58699596,-0.5726309054666668
-0.59577894,-0.7152372691999993
-0.6938556,-0.7973874359333338
-0.43182996,-0.4107019924000006
-0.43622145,-0.6306686382619049
-0.68214494,-0.6656426963999994
-0.750945,-0.5672635163333339
-0.9939408,-0.5676880253999989
-0.5547917,-0.6544687906666679
-0.6855762,-0.7644443953866665
-0.6265194,-0.5859224955333339
-0.6192002,-0.6540003371999995
-0.5547917,-0.698437367133335
-0.78314924,-0.7178428782666674
-0.6367662,-0.4624825603333333
-0.5928513,-0.6743866503333342
-0.6221279,-0.7979632242666675
-0.32375047,-0.9440438388000012
-0.56650233,-0.6040091821333333
-0.6704343,-1.0451309216666647
-0.4779406,-0.9255653134666665
-0.66897047,-0.6504383870666679
-0.72166836,-0.4096870713999997
-0.90440315,-0.1315851362800002
-0.5504002,-0.4209976076000003
-0.70263857,-0.6934701152666662
-0.8007152,-0.6054630039999993
-0.60017043,-0.4824784830000011
-0.7231322,-0.6917086226666668
-0.6477449,-0.44305884753333347
-0.7377705,-0.5696749620000007
-0.21403147,0.2808130720066667
-0.578213,-0.5904896331333335
-0.3469278,-0.49657073186666634
-0.9895493,-0.4111948362000001
-0.37034908,-0.49600425766666706
-0.6894641,-0.6620026153333345
-0.53283423,-0.5797288603333325
-0.5972428,-0.5337752657333334
-0.5972428,-0.5904798866666663
-0.9017195,-0.4074425409333321
-0.5211236,-0.4124585897333331
-0.68214494,-0.5836779422666684
-0.4786725,-0.676253829
-0.5635747,-0.5980369886666661
-0.50502145,-0.783100443733333
-0.319115,-0.6910157322000017
-0.3571746,-0.6314964053333324
-0.664579,-0.6510823877333329
-0.61480874,-0.6644895274666661
-0.7816854,-0.7344329649999992
-0.5796768,-0.7304659838666671
-0.73045135,-0.6730496735333328
-0.7860769,-0.6416122208000008
-0.52405125,-0.6163018476666667
-0.6938556,-0.6743768923333352
-0.61627257,-0.49486736726666647
-0.7655833,-0.5750944945333338
-0.6192002,-0.6531025409999991
-0.61480874,-0.7131635064000005
-0.4640342,-0.6448953371333329
-0.43182996,-0.5121673977999993
-0.8490216,-0.5551707246666674
-0.54893637,-0.5776274563999997
-0.34131643,-0.24181745413333317
-0.40352923,-0.40820463280000047
-0.44207677,-0.6819790309333346
-0.64408535,-0.6065483534666667
-0.96864533,-0.5589294336000004
-0.51380444,-0.678948911733332
-0.9910131,-0.47278547853333236
-0.5738215,-0.4558270070666667
-0.9324599,-0.6475188572666676
-0.78973645,-0.5374989846666677
-0.3381448,-0.6861509537333329
0.23152044,-0.5369212657333332
-0.51380444,-0.5436763571999995
-0.5738215,-0.6164872817333329
-0.65872365,-0.4989856101333327
-0.74948114,-0.8236143566000007
-0.47501293,-0.4961506586666666
-0.7162522,-0.6904741316666659
-0.7655833,-0.7876578389999992
-0.6221279,-0.5924902245333342
-0.80364287,-0.4966971616000012
-0.66750664,-0.6034689453333338
-0.6177364,-0.5694397617333338
-0.1881022,-0.7301907602666663
-0.6997109,-0.6376640179333335
-0.078009956,-0.3836722161999997
-0.62066406,-0.7374533194666671
-0.6235917,-0.5466267861999999
-0.7846131,-0.7015065424000005
-0.5504002,-0.5635844296666674
-0.75387263,-0.5971318515000001
-0.35426763,-0.3970249481333334
-0.9192854,-0.5841219698666671
-0.6089534,-0.6352438144000012
-0.59846264,-0.612261691133334
-0.2752001,-0.4552512280000004
-0.8138897,-0.7510620778666659
-0.44646826,-0.2810886008266665
-0.73045135,-0.4755643152666667
-0.56650233,-0.49390269406666676
-0.54893637,-0.8443373505999988
-0.327898,-0.40353973333333465
-0.6748258,-0.5369671181333338
-0.7128854,-0.5320535370000009
-0.5313704,-0.6302358835999993
-0.07904684,-0.6085240376666666
-0.48208812,-0.7365991152000011
-0.6221279,-0.5732652434666665
-0.284715,-0.36596896606666696
-0.6265194,-0.6868096793999986
-0.7841251,-0.916616981933334
-0.3996257,-0.506929300533333
-0.7436258,-0.4483273058000003
-0.9163578,-0.5788229229333333
-0.71581304,-0.7807387988666658
-0.5035576,-0.5311557213333327
-0.4596427,-0.6417842035333328
-0.36376184,-0.6646375390000003
-0.59138745,-0.5827085761333334
-0.66091937,-0.5453207110666674
-0.08518796,-0.7411470752000002
-0.99686843,-0.6672333929333344
-0.70117474,-0.612925278533332
-0.94942075,-0.7866624355999999
-0.828528,-0.5591051076666671
-0.5079491,-0.13558384140000007
-0.28764266,-0.548955894200001
-0.6704343,-0.5819701394666654
-0.6009024,-0.5887037704666658
-0.61488193,-0.6322702978666673
-0.49477464,-0.7420351293333334
-0.6221279,-0.6347363480000002
-0.7465535,-0.5665316052666671
-0.80803436,-0.5022597105333326
-0.6411577,-0.8322168237333313
-0.56211084,-0.6684532545333344
-0.9368514,-0.624343155066666
-0.48013633,-0.6758025336666663
-0.8782982,-0.5857565842666668
-0.7392343,-0.8307920481333316
-0.551864,-0.6598654407999999
-0.42743847,-0.5412756538666669
-0.5738215,-0.7723461728000014
-0.30301288,-0.5149852807333337
-0.4969704,-0.9990592136000009
-0.63969386,-0.7173451805333343
-0.9558812,-0.5850100315333344
-0.5255151,-0.5888891992666678
-0.6118811,-0.6878538764666667
-0.6514045,-0.5472197845333335
-0.90757483,-0.5584268689333343
-0.70703006,-0.6694389120000017
-0.7187407,-0.5721029366666673
-0.6199321,-0.5338003443693333
-0.70263857,-0.6574956693333331
-1.0904491,0.3156804803333326
-0.664579,-0.5416708962666662
-0.7626556,-0.5458379270666669
-0.84792805,-0.6244958874666661
-0.6616513,-0.6537271037333344
-0.6938556,-0.5123308580000003
-0.88854504,-0.5398703746666669
-0.3805959,-0.6354829053333343
-0.62505555,-0.592177917733334
-0.63530236,-0.446751262266667
-0.73484284,-0.6212170760000009
-0.7187407,-0.6203794380000012
-0.46257037,-0.5313020953333332
-0.6279832,-0.557543713866667
-0.5635747,-0.8227994907999991
-0.33521715,-0.47501131040000066
-0.83987266,-0.6743280646666668
-0.65872365,-0.711382493266666
-0.6455492,-0.7163237638666685
-0.6806811,-0.6282467117333332
-0.95990676,-0.5623760262
-0.6411577,-0.6263730178666662
-0.647013,-0.5613105973333322
-0.66897047,-0.5545262676
-0.69678324,-0.6415870585333319
-0.66897047,-0.5646481308000009
-0.28251925,-0.678407292933332
-0.5833364,-0.7057906684000007
-0.6279832,-0.27612231687333383
-0.102468126,-0.6312817197999996
-0.5884598,-0.5721039368666676
-0.6426215,-0.536913441133334
-0.72605985,-0.5346201016000008
-0.5269789,-0.6472033006666665
-0.64408535,-0.6172484583333335
-0.3044767,-0.5531316077333348
-0.5167321,-0.7664225369333341
-0.57235765,-0.7199312781333349
-0.61627257,-0.39697235720000096
-0.810962,-0.3803616612000013
-0.7392343,-0.5540451382666653
-0.4596427,-0.8317679390666645
-0.93977904,-0.4764474993333331
-0.4640342,-0.6924405475999993
-0.60602576,-0.6830281092000012
-0.77436626,-0.5879572165333332
-0.41133633,-0.017236757866666657
-0.6616513,-0.43142008193333437
-0.6982471,-0.514741304666668
-0.664579,-0.6628721394000004
-0.60744077,-0.8876569802666646
-0.63383853,-0.5588806646666664
-0.70117474,-0.5290869156666671
-0.7470414,-0.6280334025999992
-0.49864334,-0.6517753422666657
-0.6177364,-0.5958179867333324
-0.12881707,-0.6989789896000009
-0.38864696,-0.6537856663999985
-0.23421285,-0.524587999133333
-0.7772939,-0.675440593666666
-0.7772939,-0.45693952586666586
-0.71142155,-0.6102025387999988
-0.5789083,-0.8190228226666646
-0.63969386,-0.6000630875333327
-0.742162,-0.6109930203999994
-0.5269789,-0.6791294543333326
-0.7084939,-0.5666340617999992
-0.8138897,-0.5600551210666658
-0.5840683,-0.5855028536000007
-0.6836088,-0.6090119899333336
-0.5928513,-0.646212802200001
-0.047940444,-0.4615359534666664
-0.71142155,-0.4594280227999994
-0.4332938,-0.6471398724
-0.5708938,-0.4742917253333327
-0.5987066,-0.6359453201999993
-0.5372257,-0.7607623900666681
-0.59577894,-0.5513712118666653
-0.3908427,-0.5126333630666676
-0.40255335,-0.7266405115333346
-0.664579,-0.6901471965999978
-0.51526827,-0.6516875067999995
-0.4479321,-0.5236608985333325
-0.96444464,-0.6660623134666672
-0.82073265,-1.0142684100000006
-0.7714386,-0.6509165563999986
-0.77875775,-0.5579438039999995
-0.67336196,-0.5913679269333346
-0.43475762,-0.7075716718000008
-0.48965123,-0.6309108768666665
-0.94417053,-0.6365612436000012
-0.3805959,-0.5630135342666676
-0.56796616,-0.7218147387999997
-0.50502145,-0.5719770668666656
-0.61480874,-0.5599996706666678
-0.57601726,-0.7161155681999991
-0.63969386,-0.5668731763999997
-0.6572598,-0.6439682540666682
-0.750945,-0.6155504139333319
-0.68214494,-0.3543803054666661
-0.6118811,-0.5945395828000002
-0.6279832,-0.5865373040000013
-0.5972428,-0.859951507200002
-0.49916613,-0.643558377199999
-0.62066406,-0.4958969254666671
-0.67775345,-0.8143824849333343
-0.43585548,-0.6514768847333345
-0.76851094,-0.6727764522000007
-0.5269789,-0.6977786479333336
-0.38205972,-0.38559416826666615
-0.39303845,-0.4489470072666657
-0.28105542,-0.7523063133333323
-0.51965976,-0.5276766632000005
-0.63969386,-0.671039330466667
-0.6911719,-0.716076529
-0.6909279,-0.6838917765333334
-0.7055662,-0.48918283166666593
-0.6911082,-0.566014391600001
-0.4691576,-0.6796417901999996
-0.61627257,-0.7361602857999991
-0.61627257,-0.41847006199999875
-0.4933108,-0.6687069822666681
-0.8929365,-0.7204582542666668
-0.39377037,-0.42893159620000054
-0.47672075,-0.6114126472000002
-0.62066406,-0.729670633266666
-0.62066406,-0.7550585611999996
-0.59577894,-0.5807014952666678
-0.45671508,-0.5434079747333338
-0.53401345,-0.4903734103333327
-0.5708938,-0.8635720551333335
-0.733379,-0.6403672209333342
-0.25909796,-0.5099106573333325
-0.57235765,-0.5881231243999995
-0.65872365,-0.6678091512000005
-0.36305726,-0.6913240342999981
-0.46110654,-0.5981454670000007
-0.61480874,-0.5695422285999999
-0.6074896,-0.6492791957333326
-0.5562555,-0.5242513125999997
-0.647013,-0.566580392666667
-0.58260447,-0.4811024974666678
-0.6407917,-0.45258954706666743
-0.40401718,-0.4082671650666672
-0.65945554,-0.47476409046666657
-0.65433216,-0.5205868755333338
-0.45671508,-0.6742597728666657
-0.2752001,-0.4979170007999996
-0.59577894,-0.638835075199999
-0.6045619,-0.6878148459333321
-0.664579,-0.6367222777999999
-0.7084939,-0.7203431063333338
-0.29276606,-0.6039178562666652
-0.5255151,-0.594471259933335
-0.63530236,-0.6007413270666666
-0.45525125,-0.8128357058666674
-0.62725127,-0.7010771426666672
-0.60602576,-0.5406218128000013
-0.32570225,-0.8350273682666682
-0.44207677,-0.41350363413333385
-0.68214494,-0.6035518864666667
-0.7187407,-0.47201696180000063
-0.6411577,-0.5955251935999988
-0.65433216,-0.5665218694666666
-0.327898,-0.7049318856000011
-0.5064853,-0.5450718735333328
-0.5084371,-0.40621291180000074
-0.7392343,-0.6153552189333321
-0.6762896,-0.6857166615333341
-0.5547917,-0.4594865900666657
-0.5738215,-0.4281508635333332
-0.50502145,-0.46166085893333286
-0.61627257,-0.8479920432666672
-1.0795748,-0.7144565440666661
-0.61480874,-0.7354283662000006
-0.51307255,-0.5664389097999992
-0.5416172,-0.6691997807333336
-0.44207677,-0.5148870282000008
-0.62944704,-0.6564042813999988
-0.61480874,-0.6166726735333332
-0.5372257,-0.6724259311999993
-0.72166836,-0.6900203633333344
-0.40021122,-0.5096992242666679
-0.5035576,-0.4083013141333341
-0.5635747,-0.38738878066666593
-0.5167321,-0.5512199493333327
-1.430553,-0.42026764160000046
-0.6177364,-0.5592612454666678
-0.5943151,-0.42848264120666596
-0.56943,-0.6685020422000015
-0.66897047,-0.592538975066665
-0.70703006,-0.9378098244666666
-0.96027267,-0.6323503106000001
-0.7289875,-0.7547021067333328
-0.664579,-0.6940897769333327
-0.57235765,-0.5238267782666666
-0.5357619,-0.44441889419999975
-0.49874836,-0.7738847782000003
-0.74948114,-0.6645789792666661
-0.7289875,-0.4589075403333323
-0.6030981,-0.6417432205333327
-0.4391491,-0.5125943678000012
-0.72166836,-0.6995157245999992
-0.59577894,-0.7265477874000016
-0.66531086,-0.7391904020666673
-0.6045619,-0.46274929079999955
-0.5987066,-0.6844480290666669
-0.4174295,-0.9179014613333347
-0.6601875,-0.631540316133332
-0.7231322,-0.5476091850000002
-0.5855321,-0.674406161666666
-0.70117474,-0.5382357639999992
-0.6228598,-0.4667943690000007
-0.58260447,-0.5977599907333335
-0.5738215,-0.748475963800001
-0.64481723,-0.49784870606666604
-0.7846131,-0.4983171074000005
-0.43622145,-0.5670293338000002
-0.31984693,-0.5807600462000007
-0.7055662,-0.6370199349333323
-0.60163426,-0.5134140799333328
-0.72605985,-0.4668057336666671
-0.5562555,-0.803447694200002
-0.41280016,-0.6686874422666684
-0.3425363,-0.6542345781333329
-0.5123406,-0.5875229512000004
-0.50062996,-0.37729738400000007
-0.5357619,-0.7049774384666685
-0.5255151,-0.29914745193333264
-0.63530236,-0.8304504355333328
-0.8534131,-0.6335555289999996
-0.5884598,-0.6001509246666654
-0.7611918,-0.777898965866666
-0.43622145,-0.6120957885333338
-0.7143492,-0.586264040000001
-0.7099577,-0.5932221183999987
-0.724596,-0.5367963372666671
-0.5372257,-0.5984479866666674
-0.48013633,-0.8555600485999991
-0.3754725,-0.6979103803333344
-0.90318334,-0.6266071893333324
-0.71142155,-0.5981600881333337
-0.94563437,-0.8156950846666645
-0.79339606,-0.49929396746666715
-0.67336196,-0.6633884153333345
-0.664579,-0.47154855133333434
-0.6279832,-0.762655627200001
-0.38791505,-0.5256907416000005
-0.6279832,-0.5726309026666674
-0.647013,-0.579881751066668
-0.8680514,-0.6225768173333349
-0.33668098,-0.20984495551333338
-0.44500443,-0.5398508535999994
-0.5460087,-0.6472521081333322
-0.56943,-0.6049156786666682
-0.3996257,-0.5878417150666674
-0.92514074,-0.42768732179999935
-0.6309109,-0.572074656533334
-0.39816186,-0.7299829271333348
-0.51965976,-0.6247823085999996
-0.8680514,-0.5547623983999996
-0.8446301,-0.5337353362666682
-0.75533646,-0.652243767
-0.36888525,-0.6460371232000003
-0.6938556,-0.6917639331333328
-0.65945554,-0.5161221904666663
-0.48599166,-0.7083962955333334
-0.76851094,-0.7071373926666676
-0.51526827,-0.7647342582000008
-0.8574497,-0.5029525814666671
-0.53429806,-0.5097771326666677
-0.62944704,-0.7422838581333321
-0.8102301,-0.6256898625999997
-0.664579,-0.7314457572666665
-0.6045619,-0.781709788333332
-0.5796768,-0.445962414466667
-0.71581304,-0.6791977736000004
-0.45525125,-0.7694380375333348
-0.8709791,-0.732217677266666
-0.6850726,-0.5302090980666658
-0.37327674,-0.5656532954666659
-0.63383853,-0.6865461990666655
-0.45525125,-0.5514346400000003
-0.7289875,-0.6327943459333345
-0.6455492,-0.7122901063333352
-0.6718981,-0.5849612341333343
-0.36742142,-0.19974452466666665
-0.62944704,-0.6573671626666682
-0.7802216,-0.6979250342666659
-0.7055662,-0.5974711118666661
-0.578213,-0.5859419978666666
-0.45451933,-0.5294674325333343
-0.6265194,-0.7426401721333354
-0.4435406,-0.6074115139333344
-0.54382145,-0.687262137000001
-0.6836088,-0.5184301456666668
-0.44207677,-0.7456459226666684
-0.5372257,-0.601361007333334
-0.56211084,-0.5106799935333338
-0.35497886,-0.8032915373333338
-0.65433216,-0.6859899421333316
-0.8724429,-0.3422253236666662
-0.76411945,-0.34680092120000056
-0.85487694,-0.5791498086666658
-0.6279832,-0.680817745666666
-0.7611918,-0.6726007708666663
-0.72605985,-0.6353901973866661
-0.6199321,-0.6130130924666669
-0.45085976,-0.601770890933335
-0.5708938,-0.6504579074666674
-0.819745,-0.8163031905666679
-0.43768528,-0.6628077365333345
-0.8153535,-0.6466161555706675
-0.6030981,-0.7015943707999999
-0.62505555,-0.7993611640000013
-0.7655833,-0.5649262918666664
-0.7860769,-0.48606974646666656
-0.75533646,-0.657006075466667
-0.6960513,-0.6690924766666683
-0.5547917,-0.7316419293999982
-0.98369396,-0.6970077150000012
-0.7758301,-0.5960229190666675
-0.5108768,-0.719403411577778
-0.63969386,-0.5455500496666669
-0.51965976,-0.5207429937999999
-1.7817005,-0.3487886761999999
-0.6762896,-0.6331261324000013
-0.5225874,-0.6992717420000008
-0.40767676,-0.7029541576666654
-0.51380444,-0.5369622284666669
-0.58260447,-0.738829342933331
-0.7187407,-0.6913085270000003
-0.58114064,-0.6488151522666663
-0.9339237,-0.47236829199999986
-0.5460087,-0.6361416130666678
-0.6682385,-0.5513647146666673
-0.5460087,-0.4977901586666667
-0.5833364,-0.42100833746666777
-0.8475578,-0.7162107117333325
-0.7297194,-0.6576013890000015
-0.5752853,-0.6811983501333336
-0.7392343,-0.5334246491333328
-0.560647,-0.7762106726666675
-1.750608,-1.0900296073999984
-0.27373627,-0.5418221730666659
-0.58699596,-0.3654647544000009
-0.40328526,-0.5642041286666665
-0.38937888,-0.6061331028666672
-0.4391491,-0.5723186410666673
-0.5987066,-0.7071764394666671
-0.6265194,-0.6416358706000005
-0.085634075,-0.2962597433333334
-0.49184698,-0.6563522725999991
-0.51965976,-0.40638857746666596
-0.73630667,-0.5153756362000007
0.37335527,-0.3459216181999996
-0.43695337,-0.5371593903999988
-0.560647,-0.6390717248666671
-0.6572598,-0.6253190269333326
-0.6718981,-0.5551332556666657
-0.9222131,-0.5300529448666661
-0.6455492,-0.6023954644666661
-0.32643417,-0.968232077066668
-0.51965976,-0.4200021884666668
-0.5943151,-0.7366775153333325
-0.6692526,-0.0637520077333334
-0.4391491,-0.7084182588666648
-0.49038315,-0.6542736042666675
-0.6748258,-0.5354886480000003
-0.7963237,-0.5031916776666676
-0.46549803,-0.6972923312666656
-0.48891932,-0.5216030732666678
-0.7019066,-0.8061411269333327
-0.8029109,-0.11041184336000001
-0.8007152,-0.47983382500000016
-0.61041725,-0.6056890712000005
-0.82779604,-0.7487784928000015
-0.43475762,-0.4810341626666669
-0.75387263,-0.5218359950666663
-0.34546396,-0.6853263395999987
-0.5401534,-0.6092266514666672
-0.8153535,-0.6803054078666677
-0.68214494,-0.5403762050000013
-0.5372257,-0.6499796799999992
-0.6133449,-0.6181755511999999
-0.36742142,-0.5211333619333333
-0.41556516,-0.5904581434666659
-0.49038315,-0.7153055855999987
-0.79778755,-0.7282653673333327
-0.897328,-0.5142972594666669
-1.0056515,-0.6246554222666657
-0.7055662,-0.6455882106666655
-0.6836088,-0.6552934196000009
-0.83804286,-0.6449636500666658
-0.810962,-0.5739483416000003
-0.7187407,-0.580901865800001
-0.8936684,-0.9676898584666662
-0.61041725,-0.6103489382000006
-0.6953194,-0.577100465666666
-0.560647,-0.6080458572666662
-0.7655833,-0.5978966174666657
-0.51526827,-0.42862923933333397
-0.5445449,-0.6323161567333335
-0.69458747,-0.6297105356666686
-0.69678324,-0.783881149866667
-0.7582641,-0.4430136060666666
-0.6565279,-0.6255044692666661
-0.71142155,-0.6614696902000006
-0.19085908,-0.7787333241999984
-0.5064853,-0.4486152020000002
-0.5591832,-0.6635738075999991
-0.3132597,-0.5432859749333339
-0.14052771,-0.7039316108000014
-0.65433216,-0.6775973034666655
-0.6089534,-0.6559765300666665
-0.3996257,-0.6515411358666651
-0.6762896,-0.506579627666667
-0.6309109,-0.7014474668000018
-0.63823,-0.6220302950666672
-0.67258126,-0.4395784940000007
-0.578213,-0.8337685113333351
-0.7143492,-0.6386594201333331
-0.51526827,-0.735018487133334
-0.37761918,-0.3991021969253327
-0.69239175,-0.5291502510666665
-0.59138745,-0.6135412446000004
-0.647013,-0.5653800672000008
-0.34107247,-0.21446090721333372
-0.6331066,-0.4894609563333331
-0.66750664,-0.6369906333333316
-0.58699596,-0.5938408187999998
-0.7231322,-0.566155885533333
-0.7721705,-0.48514844640000054
-0.73484284,-0.624831113200001
-0.65286833,-0.5039056975333329
-0.56211084,-0.5452293202000005
-0.5299066,-0.7490615211333331
-0.5460087,-0.6473448022666667
-0.29130223,-0.7991928235999993
-1.3522899,-0.5542581515999991
-0.2605618,-0.5523714969333322
-0.5108768,-0.6018970936666675
-0.64847684,-0.5850539349333329
-0.6235917,-0.5428663522000002
-0.58114064,-0.5750023230000006
-0.3037448,-0.7595522792666665
-0.76485133,-0.5225191182666671
-0.95002586,-0.49021726173333247
-0.4479321,-0.6185366163333342
-0.6411577,-0.5135311870000002
-0.7270009,-0.5461303580000001
-0.8387748,-0.4163060712533328
-0.6704343,-0.5474042512666668
-0.3949126,-0.5532302696666679
-0.54747254,-0.5302578945999994
-0.20200859,-0.8278624774666645
-0.5635747,-0.3993524415999997
-0.75606835,-0.6172094194666669
-0.7773671,-0.7348951863999992
-0.4384172,-0.748734158799999
-0.78754073,-0.5359668306666667
-0.5445449,-0.5973305985333326
-0.742162,-0.7400248056000013
-0.69678324,-0.686897508666665
-0.7436258,-0.6269788596666686
-0.68653643,-0.5506246535333328
-0.6426215,-0.7360821786666675
-0.39669803,-0.7065225805999994
-0.49038315,-0.5478336195333329
-0.560647,-0.556928869733334
-0.76485133,-0.4122829371333329
-0.48891932,-0.5747095393333321
-0.67336196,-0.638561822266667
-0.5020938,-0.4691869061333331
-1.0389535,-0.5153512215333345
-0.69678324,-0.6263046996000013
-0.74948114,-0.743469680399999
-0.54747254,-0.6813447113333342
0.2864659,-0.17186551166666672
-0.6426215,-0.6461347058666674
-0.56943,-0.4991173369333337
-0.578213,-0.5166027934666665
-0.43622145,-0.5571826086666677
-0.34839162,-0.6718395726666663
-0.5123406,-0.5937978872
-0.60163426,-0.6098024263333326
-0.524517,-0.7103122666666654
-0.46988952,-0.8211551789333335
-0.5547917,-0.4910223724666681
-0.71581304,-0.4564027891999992
-0.48013633,-0.6475887877333324
-0.61480874,-0.8379436503999977
-0.7582641,-0.5049531577333336
-0.12783743,-1.2538873472000012
-0.48599166,-0.34156040900000023
-0.5752853,-0.49314492773333324
-0.16882843,-0.5443911716
-0.49477464,-0.6264120256000009
-0.63823,-0.5727870433333334
-0.79778755,-0.5874643877333326
-0.22542988,-0.7402855397333349
-0.69678324,-0.7690232881333321
-0.5108768,-0.6192490109999982
-0.32204267,-0.7791968776000004
-0.7275237,-0.5317770270000003
-0.7392343,-0.5559237222666679
-0.65945554,-0.7637437297333323
-0.78314924,-0.5380064309333344
-0.37327674,-0.6926698807999986
-0.57235765,-0.41494710973333326
-0.35424694,-0.6391473603333316
-0.56796616,-0.678543913866667
-0.7436258,-0.4811965052000007
-2.4354477,-0.47211111421333346
-0.28691074,-0.5707669478666669
-0.28837457,-0.5596076820000003
-0.36888525,-0.5753819726666677
-0.3183831,-0.595866788866667
-0.8153535,-0.7615756203333344
-0.5928513,-0.5507417584000001
-0.55332786,-0.6606296861999988
-0.7084939,-0.5335954350666676
-0.77436626,-1.0636654636666654
-0.72020453,-0.47526667919999926
-0.5416172,-0.4626679758666672
-0.6572598,-0.5829460304
-0.45085976,-0.9589785152666671
-0.81681734,-0.48642107320000094
-0.41280016,-0.3559962124666658
-0.8647578,-0.2844384924666665
-0.0629447,-0.6587822099999979
-0.47135335,-0.3915453492666674
-0.560647,-0.5098423506666669
-0.551864,-0.665711004266666
-0.72166836,-0.5099106468000013
-0.42743847,-0.6580844365333348
-0.6155406,-0.6825889792666653
-0.49184698,-0.5717965247333338
-0.5738215,-0.5749730182666669
-0.42158315,-0.7127454981999982
-0.8051067,-0.6354194570666672
-0.7172769,-0.5322096654666674
-0.86512375,-0.6008291542666668
-0.7055662,-0.7440552105999991
-0.6514045,-0.731044189733333
-0.35571077,-0.5475237862000004
-0.75533646,-0.445490976533333
-0.6616513,-0.7659150751999991
-0.7555527,-0.5849718594666651
-0.4779406,-0.4038659038666657
-0.63969386,-0.4922666272000012
-0.5969988,-0.3601883091999991
-0.8782982,-0.6245871266666676
-0.65872365,-0.3983017173333328
-0.023787243,-0.6754539628666651
-0.5299066,-0.4919836139000008
-0.5357619,-0.6709376933999995
-0.5547917,-0.5241654441333325
-0.681413,-0.43633853993333277
-0.39230654,-0.5743435980000003
-0.51380444,-0.48148901266666666
-0.65433216,-0.43775358133333325
-0.5401534,-0.5437934315333334
-0.6938556,-0.6391815234666667
-0.6265194,-0.6504090965999999
-0.64847684,-0.5711963477333336
-0.9412429,-0.5845660088666659
-0.70263857,-0.7851140252
-0.9076236,-0.634219122933334
-0.61627257,-0.6857850126000014
-0.5650385,-0.5635746503333336
-0.75533646,-0.2483150649066663
-0.70263857,-0.644300045533334
-0.5635747,-0.5749828229333324
-0.6074896,-0.8426198152000013
-1.0217535,-0.6418066636000009
-0.6265194,-0.6608413305333333
-0.7772939,-0.6166209426666681
-0.44207677,-0.6974598626000004
-0.6938556,-0.6220986146666662
-0.742162,-0.4760083427333345
-0.6997109,-0.4966927473333325
-0.6601875,-0.6812080742666676
-0.6411577,-0.47983383126666723
-0.35131928,-0.6841975349333326
-0.50941294,-0.6689411905333326
-0.75387263,-0.5421295406666675
-0.6616513,-0.7706969280000019
-0.8082051,-0.4160673199333339
-0.5796768,-0.5794230792666663
-0.55332786,-0.5961888072666668
-0.07389904,-0.6160773946000004
-0.32057884,-0.6800760642000022
-0.75387263,-0.40905274826666654
-0.76851094,-0.6487695896000004
-0.76997477,-0.3845189470000003
-0.66311514,-0.4655078106666656
-0.37913206,-0.5965742956666664
0.80149615,-0.46964690443333307
-0.60602576,-0.6098993813333329
-0.42011932,-0.5902066282666666
-0.74508965,-0.6306083494666666
-0.6426215,-0.2960255308000003
-0.42524272,-0.5315558221333337
-1.2471834,-0.7377486125799998
-0.5020938,-0.5657216314666658
-0.5181959,-0.9380601712666661
-0.28461593,-0.675756127333333
-0.6660428,-0.7754888455999989
-0.41865548,-0.5263250648000001
-0.58699596,-0.7060151294000008
-0.6235917,-0.5631452893999994
-0.18444262,-0.5782910613333325
-0.6762896,-0.47594980786666763
-0.83218753,-0.8788057073333334
-0.64994067,-0.6380065470666676
-0.49038315,-0.6405965445333324
-0.46110654,-0.5955739983333336
-0.319115,-0.6201078062666653
-0.47574484,-0.5014278228000006
-0.67506975,-0.41575708800000005
-0.80217904,-0.560344493133333
-0.62066406,-0.7558561050666676
-0.51526827,-0.597379392466667
-1.081528,-0.35496984733333437
-0.49184698,-0.5464576098000009
-0.55332786,-0.6488769403333342
-0.5269789,-0.44154003306666717
-0.63530236,-0.6802029233333339
-0.5460087,-0.589068090866666
-0.5972428,-0.5657606645333345
-0.51380444,-0.7102183226666655
-0.560647,-0.5494470822000003
-0.49477464,-0.5224898585333335
-0.6030981,-0.6275440796666684
-0.34839162,-0.5757531112666663
-0.5299066,-0.46520691020000027
-0.7001501,-0.45236260986666527
-0.5591832,-0.5880596757333341
-0.57674915,-0.5915338150666658
-0.64994067,-0.5983552773333324
-0.6748258,-0.6241479773999996
-0.56650233,-0.5688737262666672
-0.6118811,-0.7160570222000011
-0.48013633,-0.6520583349333336
-0.32497033,-0.7295339878000011
-0.74948114,-0.5820286882666671
-0.30154905,-0.3664552806666677
-0.6074896,-0.361083032266667
-0.750945,-0.5677124353333326
-0.90318334,-0.7471882924666681
-0.66055346,-0.7893818955333353
-0.58114064,-0.6678872280000011
-0.42743847,-0.7660028974000003
-0.78314924,-0.4980455068666661
-0.72020453,-0.8377012972666671
-0.8138897,-0.5081491960000009
-0.43182996,0.2808130720066667
-0.66311514,-0.7541946721333331
-0.5635747,-0.7057711686666653
-0.414264,-0.6070797128000013
-0.81242585,-0.6595433854000008
-0.35571077,-0.5860604607333344
-0.55771935,-0.4841618884000002
-0.7846131,-0.5158733378666668
-0.42597464,-0.7001890845333334
-0.6411577,-0.666921091533334
-0.49038315,-0.6403281954666685
-0.7187407,-0.6420164515999986
-0.83145565,-0.6569274228800012
-0.6704343,-0.6377079138666675
-0.2561703,-0.7764644156000008
-0.163949,-0.6809055630666673
-0.6323747,-0.6972809605333334
-0.6850726,-0.6491306997333343
-0.8051067,-0.6431794050666659
-0.53283423,-0.6105246118000001
-0.34400013,-0.5761782529999996
-0.5635747,-0.6786073294666686
-0.6872683,-0.651944518933335
-0.6836088,-0.6561375587999996
-0.5269789,-0.5091885025333335
-0.49477464,-0.648917609333333
-0.33173501,-0.26058057826666614
-0.54234916,-0.615091734133334
-0.5445449,-0.6942947330666654
-0.46696186,-0.7072057197333318
-0.65872365,-0.6602362787999997
-0.6177364,-0.6483446057966682
-0.560891,-0.4783016885999992
-0.70215064,-0.591463897399999
-0.32497033,-0.626821911600001
-0.64847684,-0.4221686622666661
-0.51380444,-0.7099333257333323
-0.9017195,-0.6455296739333338
-0.5211236,-0.5540392731999997
-0.60602576,-0.6923982586666649
-0.29276606,-0.7602315089333322
-0.6177364,-0.5989115199999991
-0.13101281,-1.2982887280666686
-0.6235917,-0.49589366653333333
-0.54308105,-0.6682092815333326
-0.5708938,-0.5801647385333337
-0.40694484,-0.7954405264000007
-0.37641352,-0.5166198061333337
-0.69312364,-0.681922930199999
-0.4523236,-0.5896601168666653
-0.7041024,-0.4906954342000002
-0.45378742,-0.8452030812000006
-0.5357619,-0.6538051901333329
-0.58382434,-0.37367685020000035
-0.53868955,-0.7683450333333316
-0.8768344,-0.6064112317333333
-0.3952342,-0.5856004356666656
-0.7172769,-0.35833591380000035
-0.011710643,-0.7615535149999983
-0.6367662,-0.4658688765333336
-0.73630667,-0.6523218352666658
-0.5789449,-0.6116761421333327
-0.49916613,-0.6311353390666663
-0.60017043,-0.7132366991333342
-0.2320171,-0.4636243554666662
-0.7055662,-0.5215627373333341
-0.70703006,-0.7079766718666656
-0.5163661,-0.7148034573333341
-0.48452783,-0.4048564358000008
-0.733379,-0.6124666171333347
-0.86512375,-0.7982978002666685
-0.5478385,-0.7680392271999985
-0.79339606,-0.6300813718000007
-0.6572598,-0.4743704877333329
-0.7582641,-0.5257492849999994
-0.76997477,-0.5213187727333323
-0.6045619,-0.6573964365333322
-0.7084939,-0.5708157381333325
-0.15474778,0.8685429397333346
-0.73484284,-0.5841658903333328
-0.6660428,-0.5907872907999995
-0.5160002,-0.690654677600001
-0.73045135,-0.6961294038666672
-0.7729024,-0.6211624188000008
-0.6718981,-0.5253621965333327
-0.71142155,-0.6019075339333337
-0.64628106,-0.7495689592666679
-0.5357619,-0.4570078325333341
-0.6894641,-0.5568117843999993
-0.7846131,-0.7249570866000016
-0.7714386,-0.5104528001999991
-0.54308105,-0.6676237251333321
-0.51526827,-0.6009893461333342
-0.4691576,-0.6678799017999993
0.05020938,-0.19688078659999944
-0.43768528,-0.7360861136000013
-0.32592183,-0.6909913474666658
-0.71581304,-0.5264747055333338
-0.50062996,-0.6186976545333333
-0.6118811,-0.6336238269999998
-0.92953223,-0.5384626609333331
-0.5504002,-0.7142418639333337
-0.60529387,-0.6280954386000005
-0.9595873,-0.6453135747333334
-0.47281718,-0.5984236169333339
-0.6221279,-0.5537035844000013
-0.4428087,-0.5699337873333338
-0.7289875,-0.4804827823333336
-0.46696186,-0.6377323275333342
-0.44939592,-0.6304326814666671
-0.46037462,-0.5865909706666667
-0.5108768,-0.5443204205333333
-0.59138745,-0.35916910139999986
-1.070426,-0.6943435289333323
-0.70263857,-0.7527909228666677
-0.5167321,-0.6732730264666681
-0.692099,-0.6641154104233338
0.002506582,0.05641602373333332
-0.7355747,-0.7498129576000016
-1.0978727,-0.4948136744666675
-0.8203243,-0.688380854466666
-0.5884598,-0.4846654479333341
-0.7524088,-0.588975384733334
-0.6455492,-0.6455882106666655
-0.6806811,-0.5757244709333347
-0.7319152,-0.6410503165999997
-0.33375332,-0.8543109168666679
-0.77436626,-0.34226305566666665
-0.810962,-0.6264803471999993
-0.8600003,-0.4995955126666662
-0.63530236,-0.5887916021333346
-0.81315774,-0.3923162930666673
-0.4977023,-0.4603226029999997
-0.50502145,-0.4468195753333339
-0.69239175,-0.8541108485333333
-0.58260447,-0.46198484826666714
-0.60602576,-0.6470357625999981
-0.5562555,-0.4974339311999996
-0.7729024,-0.6173070145999987
-0.5928513,-0.693943416266666
-0.52844274,-0.6561375443333323
-0.33082566,-0.5770370509333334
-0.6792173,-0.5564311606666663
-0.83731097,-0.6576209046000019
-0.5884598,-0.6035933489333324
-0.5269789,-0.6713223598666654
-0.8007152,-0.5887476763333342
-0.50062996,-0.7824486064000016
-0.7377705,-0.6243236254666684
-0.7919322,-0.6370784704666673
-0.80657053,-0.46398794419999956
-0.6572598,-0.49634583920000097
-0.6367662,-0.6124031769999995
-0.8094982,-0.6372443565999998
-0.6660428,-0.7433135341333326
-0.6177364,-0.719331408200001
-0.6367662,-0.5641455585333325
-0.55771935,-0.47747868039999974
-0.59577894,-0.6410600840933345
-0.6514045,-0.6024149745333341
-0.6411577,-0.7403856130666691
-0.6890981,-0.6442317389333327
-0.70263857,-0.6273391322666673
-0.5899236,-0.528462279000001
-0.3805959,-0.6611828781333335
-0.551864,-0.661397587866667
-0.66897047,-0.7345695981333323
-0.8182812,-0.5880596737333348
-0.6367662,-0.44512222860000095
-0.59577894,-0.6739084531333333
-0.67775345,-0.5370110192000007
-0.44500443,-0.6399379443999984
-0.54893637,-0.6812080742666676
-0.742162,-0.5232510319333327
-0.86512375,-0.6735498105999992
-0.69751513,-0.661309597799999
-0.5833364,-0.6334481849333329
-0.5372257,-0.5670312673333326
-0.7187407,-0.7900292609333335
-0.7758301,-0.4487908666666676
-0.6221279,-0.5674391851999997
-0.46110654,-0.5848489884666656
-0.86512375,-0.643028459133333
-0.48891932,-0.7946939813999986
-0.6938556,-0.6836689673999988
-0.45378742,-0.7119094938666659
-0.6089534,-0.670346473066668
-0.57877064,-0.5794718683333338
-0.77480537,-0.7101723913333354
-0.73703855,-0.7205656081999999
-0.7758301,-0.7753038764000014
-0.48891932,-0.6939336555333329
-0.7055662,-0.7129683288666672
-0.6192002,-0.5687956866666665
-0.6616513,-0.5466479353333336
-0.60017043,-0.7029899028000004
-0.52405125,-0.6958268783333349
-0.47574484,-0.5875811565333348
-0.5979747,-0.44220363406666774
-0.45525125,-0.5766905700666659
-0.5357619,-0.47143143975999907
-0.76997477,-0.46348372633333385
-0.44939592,-0.6115704028000015
-0.6455492,-0.5885378617999995
-0.4596427,-0.5829338196000005
-0.54893637,-0.3198420524000004
-0.51526827,-0.5911337405333341
-0.5855321,-0.6024741499333339
-0.60602576,-0.6651547529333318
-0.724596,-0.5645993572666671
-0.7377705,-0.46633243313333245
-0.63383853,-0.6603143430000001
-0.7626556,-0.5934758420666671
-0.6565279,-0.754809475199999
-0.6133449,-0.4596134531999992
-0.957833,-0.5937930114666663
-0.63823,-0.6188879373333319
-0.61525977,-0.9003994234000003
-0.76997477,-0.5107596886666667
-0.5416172,-0.6554251519999984
-0.61480874,-0.5701716762666663
-0.7802216,-0.4873969376
-0.5181959,-0.703546157066667
-0.54308105,-0.5603835329333334
-0.42597464,-0.5407974756000005
-0.58699596,-0.4944233268666673
-0.966128,-0.6457248401333323
-0.4523236,-0.6911914111999997
-0.5299066,-0.5771536473999997
-0.836579,-0.5449145533333328
-0.73886836,-0.5464966561333339
-0.4523236,-0.8009006395333349
-0.7062981,-0.6788561920666661
-0.7275237,-0.41820657486666607
-0.78314924,-0.8309969483999979
-0.5979747,-0.6456857970666673
-0.47281718,-0.612759372666666
-0.83731097,-0.6517557829333335
-0.73630667,-0.554137854533332
-0.41280016,-0.5837462501333335
-0.7275237,-0.7869454408666647
-0.18143965,-0.8865333476000007
-0.43182996,-0.7199800844666647
-0.6089534,-0.5962034539333338
-0.8724429,-0.4989670564666656
-0.56943,-0.5198061433333334
-0.7582641,-0.5811894282666663
-0.37766823,-0.46528335566666695
-0.4977023,-0.7006184945333342
-0.5020938,-0.706551880133333
-0.48160017,-0.6943630509333328
-0.25920022,-0.7315039610000006
-0.6616513,-0.590353008333335
-1.0744514,-0.7861940061333348
-0.6601875,-0.47439814186666684
-0.8592684,-0.7723705654000014
-0.64481723,-0.6437389008000008
-0.5943151,-0.6908839934000007
-0.6279832,-0.4218856621999995
-0.7023946,-0.7704529553333352
-0.63530236,-0.4719681842666667
-0.66750664,-0.6540979477333322
-0.6309109,-0.5538694863333331
-0.72166836,-0.7109726281333336
-0.47281718,-0.536204316599999
-0.72166836,-0.5435885086666667
-0.6850726,-0.608709435266668
-0.5460087,-0.7306074910666662
-0.5225874,-0.6082507961333332
-0.7860769,-0.502661184133334
-0.60602576,-0.6208169538666669
-0.42524272,-0.5596515959999997
-0.8665876,-0.5797228984666661
-0.5972428,-0.620825093600001
-1.113121,-0.6647424225333347
-0.9595408,-0.4281215846666664
-0.7670471,-0.6457443500000001
-0.7465535,-0.7439283322000005
-0.5181959,-0.502581758466667
-0.40767676,-0.6226730725333335
-0.62066406,-0.6207785572000013
-0.45525125,-0.6641398282666654
-0.58114064,-0.5178251023333328
-0.724596,-0.6922161116000005
-0.73630667,-0.5755845987999993
-0.76411945,-0.5566849024000012
-0.86073226,-0.40398952646666736
-0.58114064,-0.019602959066666675
-1.6945318,-0.7537278874666667
-0.45085976,-0.6395377157333348
0.017565964,-0.7499410885199991
-0.4340257,-0.624051496666667
-0.40694484,-0.6321112160000005
-0.48160017,-0.7458215641999998
-0.57674915,-0.6238161900000007
-0.6221279,-0.6384544834666659
-0.5899236,-0.5374696999333326
-0.49916613,-0.6692212646666664
-0.50502145,-0.7534334831999987
-0.76411945,-0.5810625733333338
-0.6997109,-0.4351479663999996
-0.5225874,-0.6514288906666659
-0.73484284,-0.5039577366666668
-0.47135335,-0.8589624026000007
-0.49477464,-0.6958171026666667
-0.742162,-0.6974273277333328
-0.56796616,-0.8053604240000002
-0.7099577,-0.7732049349999994
-0.83145565,-0.49368164560000005
-0.7143492,-0.6780755081333347
-0.5987066,-0.6000191661333345
-0.3469278,-0.6571232221333351
-0.5965109,-0.5511125915333345
-0.6309109,-0.6332139623333333
-0.34912354,-0.6121413189333339
-0.65286833,-0.5522055897333342
-0.58699596,-0.6643057261999987
-1.3485897,-0.4795371332000002
-0.80364287,-0.42805325673333394
-0.6323747,-0.6313988182000005
-0.5211236,-0.7661406388666684
-0.6323747,-0.3148601450000003
-0.4523236,-0.5937686167333331
-0.9002557,-0.5951771272000008
-0.6909279,-0.5576802995999997
-0.44207677,-0.8880766241333347
-0.543813,-0.45209911240000045
-0.8475578,-0.5464991914000009
-0.64647204,-0.6030198183333327
-0.6455492,-0.598755395466667
-0.5738215,-0.7013699083333326
-0.4596427,-0.49549681146666635
-0.79339606,-0.5980527686666669
-0.4977023,-0.7407274463333322
-0.62066406,-0.6403867433333346
-0.8241365,-0.5151901902000017
-0.7436258,-0.5727772909999991
-0.54747254,-0.5922852648000004
-0.73045135,-0.6761725290666676
-0.37766823,-0.541119508066666
-0.692169,-0.6425906246666668
-0.664579,-0.5371932029333325
-0.75533646,-0.707191067
-0.71581304,-0.5639064665333344
-0.5562555,-0.5026907136666668
-0.6074896,-0.7348135598666682
-0.5708938,-0.6084230178666682
-0.55771935,-0.7128561146000004
-0.655796,-0.5589001907333329
-0.15370218,-0.47774543
-0.7816854,-0.6213471813333341
-0.86073226,-0.6086020816666678
-0.72166836,-0.5915826186666668
-0.70703006,-0.7229565496666674
-0.5928513,-0.6052304099999986
-0.5452768,-0.5791010272000008
-1.1988771,-0.566518741000001
-0.906111,-0.5954569108000007
-0.7758301,-0.5920803497333336
-0.28325117,-0.7740637347999985
-0.68214494,-0.3662308351999992
-0.6704343,-0.9700364633333336
-0.42597464,-0.49595549100000086
-0.47135335,-0.6829256718000004
-0.43768528,-0.6057232386000018
-0.77436626,-0.6229183527333331
-0.578213,-0.5575339339333335
-0.6953194,-0.6819351223333334
-0.5738215,-0.6888316191999984
-0.49916613,-0.650672567066665
-0.85634077,-0.7337937588666663
-0.68653643,-0.6082312664666667
-0.72020453,-0.5384504747999992
-0.7611918,-0.6590749665333343
-0.6938556,-0.5111907016666676
-0.80657053,-0.6877660546666657
-0.5884598,-0.5381528369333332
-0.65433216,-0.5731481251333326
-0.5079491,-0.5847221288666651
-0.68653643,-0.7365994323999988
-0.53161436,-0.48083898860000107
-0.78314924,-0.5967353231333328
-0.5145364,-0.6516728616000005
-0.56211084,-0.6884491794666656
-0.5416172,-0.5213480422000003
-0.569064,-0.517424977533333
-0.83218753,-0.5030209048666661
-0.241532,-0.677312681133333
-0.5928513,-0.5182739895999998
-0.9954046,-0.4092186410666667
-0.67336196,-0.5524237335999996
-0.2898384,-0.735164876933334
-0.67775345,-0.5229973213333341
-0.733379,-0.5789058710000008
-0.6572598,-0.6037031474666664
-0.71581304,-0.6176544265333342
-0.551864,-0.6454434586666666
-0.5460087,-0.512340600800001
-0.42597464,-0.6320526640000004
-0.5167321,-0.4757839032666672
-0.39157462,-0.5372055577333327
-0.5030697,-0.7019700731333344
-0.44631812,-0.40056574420000035
-0.6089534,-0.632223441333333
-0.6850726,-0.6501700050666658
-0.8490216,-0.4808829071333336
-0.6565279,-0.646268087999999
-0.56650233,-0.6702796929444451
-0.46257037,-0.7325690100000001
-0.55771935,-0.41480072506666743
-0.88415354,-0.6291933112666679
-0.7319152,-0.5395385981333335
-0.60163426,-0.7170699865999997
-0.5357619,-0.6332432418000007
-0.6235917,-0.6995687273999993
-0.53283423,-0.5126919231999993
-0.70703006,-0.7065567535999997
-0.92113966,-0.5672635480666683
-0.48452783,-0.7448651952666661
-1.0085791,-0.41428106833333306
-0.7084939,-0.652370794866668
-0.5972428,-0.5903383723333335
-0.7860769,-0.6720406004000004
-0.7084939,-0.6327601915999985
0.34660468,-0.30399676479999976
-0.54893637,-0.6354585205333337
-0.6045619,-0.6684802213333328
-0.57674915,-0.6385227963999993
-0.5372257,-0.6926552415333338
-0.46988952,-0.7241178416666663
-0.5079491,-0.6512581205333339
-0.68653643,-0.6083581261333332
-0.85487694,-0.6024930500000013
-0.48013633,-0.6170922925999991
-0.6426215,-0.5521860755333334
-0.7970556,-0.5644236848000007
-0.6367662,-0.5995556229333348
-0.011710643,-0.3073357370666677
-0.6616513,-0.6309987084666671
-0.750213,-0.5929781542666654
-0.76411945,-0.6709222362666668
-0.55771935,-0.6028053266000004
-0.7626556,-0.6447391757333354
-0.59577894,-0.605606144866667
-0.5255151,-0.6264559559999988
-0.7382584,-0.5421547900000002
-0.5884598,-0.7454995244666646
-0.7568003,-0.6753039726666662
-0.84609395,-0.5420563850666674
-0.6492087,-0.8654603890666676
-0.70117474,-0.6566000120000007
-0.63530236,-0.5624524166666675
-0.60602576,-0.5078604803999996
-0.48452783,-0.5502830973333329
-0.44500443,-0.6730960122666672
-0.38205972,-0.5880499322666659
-0.6762896,-0.5727675237333343
-0.73045135,-0.602819962266666
-0.3952342,-0.5625896666666667
-0.5299066,-0.5017717622000009
-0.8360911,-0.6911133269333337
-0.64847684,-0.6898544526666677
-0.6762896,-0.6912109162666683
-0.38352355,-0.2235007552666669
-0.7231322,-0.6878083310666679
-0.6836088,-0.5983544749333337
-0.70776194,-0.6000630795333342
-0.7772939,-0.6434998154000012
-0.7948599,-0.8277569934666668
-0.18444262,-0.7203464680666656
-0.50062996,-0.559671137733333
-0.5445449,-0.6125934819999997
-0.67336196,-0.561837598733333
-0.49184698,-0.5174217438666665
-0.5108768,-0.7259818044666679
-0.7084939,-0.4826481307999991
-0.59577894,-0.5987651516666673
-0.73045135,-0.5266178326000001
-0.7099577,-0.4451898297333335
-0.819745,-0.6032685456000004
-0.62066406,-0.467383942
-0.5167321,-0.45503654573333385
-0.7231322,-0.661260954400001
-1.1147068,-0.5477880645333343
-0.33960864,-0.7709896873333323
-0.2795916,-0.6693998539999998
-0.80803436,-0.5307393511333334
-0.65433216,-0.5680247217333325
-0.5313704,-0.45487550866666654
-0.7172769,-0.5908043629999998
-0.58699596,-0.6414406910666666
-0.4289023,-0.6224011353333327
-0.5255151,-0.5067878255333329
-0.3235065,-0.613141289333332
-0.78900456,-0.7378192858666667
-0.73630667,-0.7005208899999997
-0.3381448,-0.6410893685333345
-0.6621255,0.2615943862666666
-0.5225874,-0.6846106839999985
-0.42817038,-0.3753992947333328
-0.750457,-0.6518712240399986
-0.41280016,-0.6701024953999986
-0.6572598,-0.49330106893333325
-0.7619237,-0.6507799356666665
-0.9792164,-0.6676432572000013
-0.664579,-0.4900513587333338
-0.5357619,-0.7010283496666662
-0.43895006,-1.8244678146666642
-0.42011932,-0.6891225474666673
-0.6836088,-0.511745337666666
-0.5928513,-0.5934904959333335
-0.4364654,-0.5578169402666665
-0.7392343,-0.6805932882666674
-0.47720867,-0.5696251795999996
-0.5796768,-0.468791671333333
-0.6367662,-0.6786264374666676
-0.27885967,-0.5662420911333345
-0.56796616,-0.7153836473333325
-0.8073024,-0.6536099978000014
-0.58114064,-0.43463074200000024
-0.39230654,-0.5797922792666663
-0.7568003,-0.7165681356000004
-0.664579,-0.6038007449333317
-0.6074896,-0.5787009354666673
-0.7272797,-0.8269670563333328
-0.6704343,-0.8229019767999978
-0.47135335,-0.6798808849333324
-0.4640342,-0.6269292424000007
-0.6030981,-0.5615448367999996
-0.922945,-0.35996076213333317
-0.4356359,-0.5653064550000008
-0.6265194,-0.6426751769333335
-0.35131928,-0.5967743495333327
-0.7436258,-0.5911239844666679
-0.3571746,-0.6721518413333337
-0.7948599,0.4901822793333337
-0.5840683,-0.8179493815999991
-0.5686981,-0.6414943629999991
-0.70263857,-0.5793840507999988
-0.6030981,-0.5297162744666674
-0.62066406,-0.5603835161333346
-0.19096015,-0.7196773943333324
-0.58260447,-0.6146525914000006
-0.6426215,-0.47950688693333365
-0.65286833,-0.6085825787999993
-0.65433216,-0.6191124001999994
-0.37913206,-0.4924308896000007
-0.6894641,-0.5040211781333338
-1.6408954,0.20629940079999995
-0.59138745,-0.5432274488000014
-0.724596,-0.49854158019999867
-0.44061294,-0.49043782439999956
-0.7084939,-0.7434501613999992
-0.6667747,-0.590587224533334
-0.51380444,-0.5629598618666667
-0.4969704,-0.674689146266668
-2.064718,-0.4188818218666672
-0.655796,-0.5984675083333335
-0.5247832,-0.2620168749999998
-0.54747254,-0.5713671144666672
-0.43182996,-0.6065673696000002
-0.28251925,-0.5282691772000002
-0.742162,-0.6893567463999999
-0.47574484,-0.5901724757333326
-0.551864,-0.5717721299999995
-0.5708938,-0.6045911786666667
0.9003879,-0.9090732940000017
-0.31472352,-0.45331897813333255
-0.474281,-0.530758838533333
-0.80657053,-0.6144086275999993
-0.7992514,-0.3924724323333329
-0.4684257,-0.6680043426666673
-0.578213,-0.5641033333333326
-0.43622145,-0.4662397241333333
-0.4098725,-0.05149104374666661
-0.56796616,-0.5368109734666672
-0.371081,-0.6673814090000015
-0.67336196,-0.669198180266666
-0.36302993,-0.630008174666666
-0.38279164,-0.8253661188666656
-0.6884808,-0.15681978853333348
-0.49916613,-0.6095486899999993
-0.49623847,-0.30093261526666587
-0.5372257,-0.40981394573333324
-0.56211084,-0.47030918186666715
-0.5562555,-0.5689030139333323
-0.6997109,-0.35008478479999977
-0.828528,-0.4614114433333331
-0.36992213,-0.8957716814666677
-0.9375833,-0.4761644946666665
-0.647013,-0.6965767231999991
-0.6806811,-0.7147395632666658
-0.47940442,-0.6976810607999986
-0.8709791,-0.5331953065333342
-0.49038315,-0.4992442061333341
-0.578213,-0.7361847020000004
-0.43182996,-0.526705663133333
0.2253044,-0.8686068588666657
-0.5167321,-0.6647058378666671
-0.71581304,-0.5062101096000001
-0.74948114,-0.8022635904000007
-0.43036613,-0.6269105360000005
-0.5372257,-0.784388621733332
-1.1066557,-0.6926591697333339
-0.65067255,-0.4164159578666672
-0.43939307,-0.9115599247333331
-0.6089534,-0.6136181574666656
-0.5708938,-0.6472911248000001
-0.46257037,-0.5057631523999997
-0.62103003,-0.5857809658666672
-0.6836088,-0.204262884266667
-0.58699596,-0.5817944931999993
-0.45159167,-0.5803501709333322
-0.65872365,-0.6245090478000005
-0.6637535,-0.7616921216000013
0.033668097,-0.5845294074666673
-0.43036613,-0.5078466688666669
-0.6718981,-0.5141850175999996
-0.28105542,-0.7289923756000017
-0.5357619,-0.689083495733333
-1.2927865,-0.3506530928666671
-0.5855321,-0.7602354073333327
-0.8709791,-0.7733854976000017
-0.6455492,-0.8902089077999982
-0.98369396,-0.8219114346666686
-0.63823,-0.4869984574000005
-0.72020453,-0.7064152489999996
-0.6616513,-0.5829557963333326
-0.7055662,-0.5952422117999994
-0.5738215,-0.47226095046666655
-0.5943151,-0.6319550710000015
-0.4640342,-0.6514630644000012
-0.72020453,-0.5795889956666677
-0.6133449,-0.537030540933333
-0.69239175,-0.7388244507333321
-0.56650233,-0.6410454439999995
-0.5752853,-0.7122998305333348
-0.48891932,-0.8552819061333321
-0.8256003,-0.6779542864666649
-0.5401534,-0.5185423901999997
-0.68653643,-0.7448913671999986
-0.8256003,-0.6952998950666672
-0.8782982,-0.6676627719999988
-0.6850726,-0.4508890121333336
-0.6806811,-0.6871463673333313
-0.07148372,-0.5427102250000014
-0.80657053,-0.7387902853666681
-0.7377705,-0.3351341909999994
-0.66897047,-0.7463778181333319
-0.83584714,-0.6221669522666677
-0.4581789,-0.5311849834000002
-0.65286833,-0.5302676452666677
0.09963805,-0.47242196959999955
-0.6426215,-0.7890725448000011
-0.5899236,-0.5991262385333342
-0.39377037,-0.6247042441333345
-0.67775345,-0.6105494005999993
-0.7963237,-0.6731521433999993
-0.6133449,-0.6313894473333329
-0.54920477,-0.7878920520000025
-0.7738783,-0.5425443115333334
-0.48452783,-0.6601679637333334
-0.71858734,-1.0008677224666664
-0.42743847,-0.6223230514666651
-0.69678324,-0.47668171453333447
-0.36933252,-0.7304025528666677
-0.6909279,-0.5056948013333333
0.14279316,-0.5131652418666658
-0.5591832,-0.5755048949999987
-0.750945,-0.6558740803999992
-0.58260447,-0.5477827337999999
-0.50941294,-0.5960180366000013
-0.42085123,-0.5826435115333325
-0.7275237,-0.6190733607333342
-0.55332786,-0.6474334655166677
-0.72166836,-0.6829158807333345
-0.58699596,-0.5538714124666675
-0.7919322,-0.6044155538666673
-0.60163426,-0.6042691553999998
-0.9997537,0.5301232993333324
-0.73484284,-0.6197076951999994
-0.3571746,-0.5591929422666659
-0.5057534,-0.5362498359333336
-0.51526827,-0.6993498385333321
-0.5079491,-0.6247042386666672
-0.79778755,-0.6784707216666678
-0.5708938,-0.5816383277333336
-0.72020453,-0.47226095020000014
-1.0012599,-0.8729991175999978
-0.93538755,-0.37023197833333427
-0.61041725,0.38742915133333394
-0.6514045,-0.520967462400001
-0.5928513,-0.5334685569333341
-0.6118811,-0.5762026674666668
-0.15480006,-0.5428125473999998
-0.5862641,-0.8758682436666638
-0.6118811,-0.3224060384000003
-0.55771935,-0.47486655613333406
-0.7055662,-0.843244322666667
-0.5635747,-0.39010362939999926
-0.6997109,-0.5321364576666663
-0.73630667,-0.4353415193333326
0.2200625,-0.46617347666666764
-0.5401534,-0.8506756611999996
-0.474281,-0.574002022333334
-0.7377705,-0.6825060236666659
-0.70263857,-0.5362644689333341
-0.8834216,-0.3832483477333344
-0.58260447,-0.6008242721333339
-0.72166836,-0.6458574338666683
-0.38454822,-0.7739234401999998
-1.2829633,-0.4971631252000001
-0.68653643,-0.5802916350000011
-0.6235917,-0.5191718335333336
-0.5987066,-0.5508296029333333
-0.58699596,-0.6070992263333334
-0.6601875,-0.6338970874666657
-0.56943,-0.6670869954000012
-0.5708938,-0.5243781885999987
-0.52844274,-0.6274367505999997
-0.61480874,-0.680061395466668
-0.89440036,-0.6735180942666673
-0.7838811,-0.8747531451333329
-0.5928513,-0.5558944324000001
-0.95880884,-0.5410707248000012
-0.43182996,-0.6320721789999999
-0.6235917,-0.7410299593999998
-0.8051067,-0.389417906266667
-0.36449376,-0.8116457235333353
-0.46732783,-0.6720271348666655
-0.3908427,-0.5911434819333329
-0.50502145,-0.695719519666667
-0.5840683,-0.5955935357333338
-0.45525125,-0.5799695564000001
-0.67336196,-0.25239851079999975
-0.5840683,-0.8377013207333326
-0.6192002,-0.7461142934666669
-0.95002586,-0.4868406909333342
-0.76411945,-0.5579037375333328
-0.33668098,-0.5465259629999996
-0.5698154,-0.5668048528666672
-0.46110654,-0.5644431933333328
-0.6265194,-0.6279734438666654
-0.57601726,-0.20256553106666694
-0.67336196,-0.620195635199999
-0.67336196,-0.5259493712
-0.74508965,-0.45056697726666595
-0.578213,-0.5828972212000013
-0.68214494,-0.27233031163333343
-0.73045135,-0.4268626818666665
-0.6953194,-0.591933954466668
-0.39377037,-0.2890020693333335
-0.78314924,-0.5916509502666668
-0.3615661,-0.4074425409333321
-0.60163426,-0.5140289006666665
-0.62944704,-0.7543215233333351
-0.54308105,-0.6028443808000011
-0.23421285,-0.28199358200000046
-0.2854469,-0.780758316466665
-0.4245108,-0.711148296799999
-0.63969386,-0.4380122017999996
-0.53868955,-0.4587253936000005
-0.31765118,-0.5404022363333332
-0.38791505,-0.6827288536666676
-0.4928229,-0.6387277264666658
-0.551864,-0.6960513331999999
-0.5591832,-0.5672927960000009
-0.5145364,-0.6686581834666648
-0.23860434,-0.28597882013333265
-0.49038315,-0.7165681356000004
-0.64847684,-0.8846072863999989
-0.59577894,-0.620959258133334
-1.0685961,-0.41279527340000133
-0.6411577,-0.682476711333331
-0.8519493,-0.3739696150666668
-0.9192854,-0.614960002066666
-0.6118811,-0.6737523312666686
-0.30154905,-0.6733082879999998
-0.7084939,-0.5733530461333345
-0.75387263,-0.24076453479999937
-0.72605985,-0.45529027453333354
-0.63823,-0.5823605108666657
-0.48891932,-0.6885853070666682
-0.39377037,-0.5208771935333345
-0.6177364,-0.5822694199999995
-0.819745,-0.7073325724
-0.64408535,-0.5925975602666658
-0.50502145,-0.6521559314000004
-1.1865273,-0.9858160411333298
-0.48599166,-0.6333505998666682
-0.6660428,-0.8175492196000007
-0.50062996,-0.6521852012
-0.6074896,-0.6049522783999997
-0.8958642,-0.5805038635333345
-0.7758301,-0.619024564
-0.74948114,-0.49260818573333326
-0.6850726,-0.6287444163333338
-0.5899236,-0.6074895835333327
-0.51965976,-0.49688620460000066
-0.61480874,-0.5464097668000009
-1.0085791,-0.7183064444000014
-0.8826897,-0.6600020570666674
-0.47647676,-0.5064971327333333
-0.8808796,-0.6702342313000005
-0.51380444,-0.7758935169333349
-0.47720867,-0.6523854656
-0.66897047,-0.5971159136000008
-0.58919173,-0.6027858092666674
-0.63823,-0.6406014499999994
-0.733379,-0.5979112443333324
-0.65433216,-0.4666300668000008
-0.48160017,-0.8242243032666685
-0.8490216,-0.41574734173333305
-0.66940963,-0.7217404895999979
-0.8717126,-1.0911173773333334
-0.58699596,-0.7282165796000013
-0.73045135,-0.5605299253333341
-0.5591832,-0.776518089533334
-0.8958642,-0.5078222736000005
-0.40182143,-0.6457199712000017
-0.64847684,-0.5504392375999994
-0.86073226,-0.6790904208666676
-0.67336196,-0.6289005385333346
-0.810962,-0.6963928982666675
-0.66750664,-0.5894356888000011
-0.414264,-0.7709994438666652
-0.5855321,-0.7185552728000008
-0.9083067,-0.5450230773333329
-0.6601875,-0.5986968578000006
-0.6660428,-1.1590705972000004
-0.724596,-0.6363660888666657
-0.5416172,-0.6506530791333331
-0.58699596,-0.7256011925333317
-0.53868955,-0.7008673322666656
-0.6030981,-0.4696943564666669
-0.8387748,-0.5806331796
-0.2969136,-0.5126066933999986
-0.7275237,-0.45842285940000105
-0.99298596,-1.0197290763333335
-0.6235917,-0.4648149190666662
-0.72605985,-0.5056993730666656
-0.94563437,-0.6998441201333352
-0.8182812,-0.6421238000000009
-0.69239175,-0.7273577795333336
-0.41572782,-0.666711287866666
-0.58114064,-0.4195728079333345
-0.6938556,-0.6839015414666673
-0.67055625,-0.2930828742533337
-0.9368514,-0.5676587377333338
-0.63969386,-0.49925397293333373
-0.647013,-0.6581186123333331
-0.43182996,-0.6303643787333318
-0.3813278,-0.629481188400001
-0.122961745,-0.4767988244000004
-0.6762896,-0.5116526313333345
-0.6836088,-0.5031848237333333
-0.63969386,-0.6423775494666651
-0.93977904,-0.5633807159999992
-0.5357619,-0.539782554000001
-0.50428957,-0.7004135368000004
-0.5269789,-0.6106709866666671
-0.57235765,-0.5955651847333332
0.045794968,-0.48180747833333365
-0.3571746,-0.44930649039999937
-0.5943151,-0.48308206800000003
-0.6572598,-0.5611335110400008
-0.6686045,-0.8219114346666686
-0.5401534,-0.5876986103333346
-0.5708938,-0.6165214258666663
-0.59065557,-0.4772977551333338
-0.6235917,-0.48154163113333304
-0.56211084,0.20914187355333308
-0.4581789,-0.7206534433333328
-0.6309109,-0.6232111230000009
-0.36888525,-0.4257160191999998
-0.56796616,-0.7237470011999996
-0.56796616,-0.7645781001333322
-0.76485133,-0.612935055400001
-0.56650233,-0.6606949409999995
0.16577879,-0.6627909145333319
-0.56943,-0.8324510410666681
-0.57455343,-0.5508003143999997
-0.5460087,-0.5536791861999997
-0.5357619,-0.5807551781999989
-0.7930301,-0.6517962683333342
-0.6572598,-0.6734790612000007
-0.5504002,-0.6328284996666682
-0.4435406,-0.6598556834666655
-0.64042574,-0.7095332082666655
-0.6836088,-0.6867804234666672
-0.81242585,-0.7329203161333354
-0.6850726,-0.7137148870666655
-0.5035576,-0.6591725632
-0.48160017,-0.6776265492666681
-0.5108768,-0.6615537215999994
-0.3718129,-0.6863071134666678
-0.44207677,-0.5698300941333329
-0.39450228,-0.973476450200001
-0.6023662,-0.7486028493333319
-0.81901306,-0.7481929665333326
-0.38352355,-0.4848303526666673
-0.6836088,-0.5958570097333336
-0.5562555,-0.6002094831999992
-0.5108768,-0.49300829253333345
-0.61627257,-0.5136580728000011
-0.62944704,-0.5704790735333326
-0.5738215,-0.47647677833333224
-0.35863844,-0.6457589816000002
-1.1134276,-0.6762214441999992
-0.42133915,-0.8158625875999999
-0.54747254,-0.7050490052666658
-0.5635747,-0.6167239132666666
-0.5167321,-0.8272642118666654
-0.38498738,-0.5882003767999993
-0.9280684,-0.8073024523333325
-0.63530236,-0.49457753866666676
-0.043670937,-0.3670261628666662
-0.53868955,-0.47608073406666684
-0.74679744,-0.6134668830666652
-0.6192002,-0.7687695618000014
-0.6265194,-0.6437535274000016
-0.5445449,-0.7579128135999997
-0.80803436,-0.5225679230666674
-0.724596,-0.4535971099999996
-0.733379,-0.6027955617333334
-0.84828967,-0.6318379616666664
-0.56943,-0.608689914333333
-0.12735324,-0.5070122823333342
-0.6426215,-0.5397614143999996
-0.4435406,-0.41569853666666634
-0.29642564,-0.5831704933333327
-0.37693632,-0.6552787697999998
-0.4479321,-0.5916899802666674
-0.70703006,-0.5633404675333336
-0.34839162,-0.6344240670666674
-0.6235917,-0.524051424333333
-0.46110654,-0.6669634140666667
-0.5416172,-0.6854044234000003
-0.6074896,-0.5351470607999999
-0.11491068,-0.6526594890666659
-0.54893637,-0.5697227648000011
-0.6938556,-0.7095868795999987
-0.6792173,-0.3608458965333332
-0.7524088,-0.8249479915333331
-0.9368514,-0.4283543286666664
-0.33521715,-0.5519673271333333
0.08758585,-0.47035309513333223
-0.906111,-0.6923283016666676
-0.58114064,-0.7242349393333352
-0.19176178,-0.565360554333333
-0.5884598,-0.6402988995333342
-0.7870947,-0.6310151570666652
-0.37034908,-0.5854930991333345
-0.7655833,-0.5478628839333329
-0.69239175,-0.5895528018666667
-0.3864512,-0.6938555893333332
-0.89879185,-0.5231631978000011
-0.7055662,-0.5373330821333329
-0.4581789,-0.7187846142666663
-0.3132597,-0.6678482010666662
-0.6836088,-0.6565766976666656
-1.3169777,-0.5572318244000004
-0.6718981,-0.5310922818666667
-0.6762896,-0.633716546666666
-0.58114064,-0.6803769601999995
-0.85673267,-0.49188406380000044
-0.63969386,-0.5108182226666663
-0.6400598,-0.5871008499333332
-0.37766823,-0.4115315022666672
-0.40401718,-0.5084663594000005
-0.66750664,-0.6329797752000014
-0.5738215,-0.47904660364155527
-0.7729024,-0.5704742007999987
-0.7143492,-0.6137352573333328
-0.6367662,-0.7247812706000011
-0.551864,-0.7574541396666649
-0.55771935,-0.7190481056666652
-0.53429806,-0.6208397140000014
-0.73045135,-0.6145989342000006
-0.7714386,-0.6387179739333324
-0.53868955,-0.5147949754
-0.64994067,-0.6062729846666671
-0.80803436,-0.6540247515333334
-0.6192002,-0.7659248367333316
-0.64994067,-0.6188684420000015
-0.48013633,-0.7401370317333325
-0.24445966,-0.589572313400001
-0.43768528,-0.5454719805333332
-0.7655833,-0.5252125722666673
-0.6938556,-0.5218348530666664
-0.8182812,-0.6768653862666659
-0.61480874,-0.616057852066668
-0.27812776,-0.665115685200001
-0.6616513,-0.5224517570666661
-0.6221279,-0.6092559601333348
-0.64408535,-0.5757635139999999
-0.5269789,-0.6089729528666675
-0.38352355,-0.6538930070000006
-0.7055662,-0.5868690908
-0.32972777,-0.6023206461599989
-0.69239175,-0.7246838333333347
-0.5167321,-0.39743969466666634
-0.7187407,-0.5590026373333342
-0.5972428,-0.7783576112000002
0.016102133,-0.5479491022666665
-0.57674915,-0.7542727413999987
-1.0144345,-0.7334619489999993
-0.75387263,-0.6837844347999991
-0.7409247,-0.971984740599999
-0.53429806,-0.6949861411999994
-0.6177364,-0.723951931066667
-0.6514045,-0.6925186260666654
-0.79778755,-0.6737870162666669
-0.72605985,-0.4653809423333336
-0.6616513,-0.5885196993333328
-0.5752853,-0.7893794730666676
-0.7128854,-0.5682589113333325
-0.8490216,-0.693806781600001
-0.48891932,-0.6523413505999991
-0.7714386,-0.5907805959333339
-0.6265194,-0.4415741710666662
-1.1566001e-06,-0.8851551549333324
-0.7718394,-0.5631145075999993
-0.90269536,-0.2807114653333332
-0.5796768,-0.6416163354666673
-0.36888525,-0.6688875196000004
-0.6792173,-0.485768834933334
-0.6030981,-0.7064347574000004
0.40804556,-0.4031536524666659
-0.61480874,-0.742706522066667
-0.6367662,-0.615540648400001
-0.72020453,-0.4897390857999993
-0.8387748,-0.592578009066666
-0.65872365,-0.5681076593333337
-0.66897047,-0.6189318743333349
-0.5225874,-0.7214731923333343
-0.47135335,-0.5253226861333338
-0.30789706,-0.686362415666667
-0.60602576,-0.5440402434666679
-0.3044767,-0.43805122386666606
-0.6265194,-0.8475382335333332
-0.64042574,-0.6043244466666654
-0.83365136,-0.718730836999999
-0.40108952,-0.31321089006666586
-0.57235765,-0.4622182459333334
-0.75387263,-0.5805648577999997
-0.6572598,-0.6888204113333333
-0.6279832,-0.6257581786666682
-0.74508965,-0.6053914122666675
-0.73045135,-0.4992881179333335
-0.59577894,-0.6464079520666676
-0.80803436,-0.6324039868666669
-0.5884598,-0.7198711087999992
-0.44500443,-0.8259321272666663
-0.2854469,-0.6109344779999987
-1.2294277,-0.4943822590000003
-0.47208527,-0.5626915115999996
-0.8768344,-0.3978202854000006
-0.75387263,-0.7534139813333341
-0.7204973,-0.6343800569333319
-0.68653643,-0.5902163889333322
-0.73484284,-0.8420634906000015
-0.5752853,-0.7258305227333334
-0.5123406,-0.7841739168666667
-0.6953194,-0.6843016530000015
-0.42011932,-0.5275839562666672
-0.3666895,-0.7445821789333336
-0.5650385,-0.6917574268666649
-0.5884598,-0.5635551553333349
-0.70117474,-0.6588504764666673
-0.70321614,-0.4981713595333329
-0.6789733,-0.594349283666667
-0.5203917,-0.487816568
-0.4691576,-0.7049465177333318
-0.71581304,-0.45800324020000044
-0.46622995,-0.7079880430000002
-0.5547917,-0.6919721179999994
-0.63530236,-0.6366588399333346
-0.62066406,-0.7413324794666664
-0.6700683,-0.40437092720000084
0.31004623,-0.585649248933334
-0.45085976,-0.5859000453333333
-0.750945,-0.8289573409333331
-0.62944704,-0.5375868119333336
-0.6601875,-0.6764555000000014
-0.5269789,-0.3200343921999995
-0.85634077,-0.563129804133333
-0.5108768,-0.5282963764666655
-0.3959661,-0.06822570708666652
-0.4735491,-0.5635375935333339
-0.6323747,-0.5617497761333327
-0.77436626,-0.6225572826000013
-0.5108768,-0.7747566127333326
-0.69239175,-0.6477156521333335
-0.6982471,-0.6569865761333333
-0.6997109,-0.5146803171999994
-0.69239175,-0.6706733792000013
-0.4391491,-0.5811503827333335
-0.828528,-0.6510531961333327
-1.0286846,-0.32354566239999927
-0.578213,-0.6712247533333344
-0.17102417,-0.776215572933332
-0.62505555,-0.6784756246666682
-0.80364287,-0.8158999596000017
-0.5738215,-0.5872862849333345
-0.91855353,-0.45659774293333216
-0.474281,-0.6003607381333327
-0.65872365,-0.8271617480666655
-0.6367662,-0.8838168532000028
-0.50062996,-0.6550787304666675
-0.8114011,-0.5356594339333326
-0.8856174,-0.6082507961333332
-0.68800026,-0.5789253830666664
-0.48599166,-0.6070358071333332
-0.5255151,-0.3935751840000001
-0.5738215,-0.7881750623999982
-0.5445449,-0.6294177731999988
-0.819745,-0.5321778046666662
-0.6953194,-0.43031732466666633
-0.8446301,-0.43494658180000006
-0.71581304,-0.4785417609333328
-0.5855321,-0.6355105624666668
-0.74948114,-0.633723840933333
-0.7231322,-0.6706782522666676
-0.5020938,-0.6217277747333328
-0.6936116,-0.4426915753333332
-0.7919322,-0.35438194533333434
-0.6045619,-0.576041628733333
-0.7860769,-0.6486817758666658
-0.5899236,-0.4395492136000007
-0.6045619,-0.596364471600001
-0.6279832,-0.6353511583333323
-0.4874555,-0.5732066774000009
-0.526247,-0.6083511833333334
-0.63823,-0.6395913704000009
-0.5708938,-0.554186641133334
-0.6279832,-0.6211812892666667
-0.42158315,-0.4808877895333343
-0.6909279,-0.5230021837333324
-0.8709791,-0.36668949933333345
-0.5079491,-0.7375135129999997
-0.52405125,-0.5138629838000001
-0.38205972,-0.5915777491999995
-0.37632638,-0.5678295438000004
-0.6309109,-0.3258583894666671
-0.62505555,-0.714505336133335
-0.47745267,-0.6124666035333344
-0.62139595,-0.7062883791333322
-0.16102134,-0.720901875600001
-0.6309109,-0.5725821236666653
-0.733379,-0.4312932001333334
-0.6455492,-0.41709894266666675
-0.7802216,-0.5344932409333342
-0.6045619,-0.45750065139999935
-0.5225874,-0.5677416893333334
-0.5708938,-0.7323835929333345
-0.84023863,-0.9323859152000009
-0.6265194,-0.8087564726666646
-0.664579,-0.4994979500000005
-0.6762896,-0.4229103378666654
-0.7055662,-0.7650758079333313
-0.7275237,-0.5582170533333327
-0.75387263,-0.643587654399999
-0.6806811,-0.6510629411333325
-0.39377037,-0.45159898159999995
-0.50941294,-0.6491843458666678
-0.81242585,-0.6195612963999999
-0.7611918,-0.730675804133335
-0.5357619,-0.9359698610666647
-0.5545477,-0.6901764718000017
-0.36302993,-0.7822904544000004
-0.42304698,-0.5260908503333331
-0.51380444,-0.5800842290666672
-0.6265194,-0.36550541786666674
-0.55942714,-0.6435193323333327
-0.46110654,-0.6129935841333345
-0.5591832,-0.5179129259333344
-0.9672259,-0.8413852513333345
-0.7611918,-0.5389237710000004
-0.7940746,-0.718508720799999
-0.85912204,-0.5713524898666669
-0.49038315,-0.47676464893333315
-0.7670471,-0.6020514073333335
-0.64408535,-0.6784951223333318
-0.7480173,-0.6109930220000002
-0.8077904,-0.5334734567999999
-0.34546396,-0.5557822213999997
-0.7055662,-0.7249823096000011
-0.70117474,-0.7865501910666678
-0.6367662,-0.36246391440000103
-0.7143492,-0.5849465836666655
-0.66897047,-0.6821644582666682
-0.7289875,-0.4565394026666674
-0.6953194,-0.6597824597333342
-0.52405125,-0.5715769402666675
-0.65433216,-0.7763511773333316
-0.57674915,-0.4270642449333339
-0.5899236,-0.7930349443999984
-0.41865548,-0.5896991638000004
-0.64847684,-0.43614336320000024
-0.45671508,-0.5537767733333329
-0.8724429,-0.6154235494666657
-0.62066406,-0.680962509933335
-0.5899236,-0.5373867564666667
-0.46476611,-0.5627256461333341
-1.2211426,-0.5826964767999996
0.09466392,-0.32147168586666713
-0.5416172,-0.48388376673333255
-0.53429806,-0.6344728703333343
-0.7099577,-0.7456459226666684
-0.9851578,-0.4583664421333333
-0.39377037,-0.645515043400001
-0.6982471,-0.5159318666000005
-0.6411577,-0.5787204240000007
-0.5313704,-0.6122909644666676
-0.52405125,-0.7662371063333345
-0.6089534,-0.6097731371333333
-0.5504002,-0.5137068429333336
-0.50502145,-0.6690290084
-0.6850726,-0.6465738618666653
-0.8667618,-0.7744760385999997
-0.6938556,-0.5954373749333338
-0.6192002,-0.47088982773333327
-0.4435406,-0.6172874875333326
-0.742162,-0.6532070713999993
-0.70117474,-0.6247627802666661
-0.6660428,-0.7213853501333324
-0.90757483,-0.570200045199999
-0.405481,-0.5618237768000005
-0.69239175,-0.6792465686666667
-0.8834216,-0.5964083942666656
-0.30594054,-0.5079271750666672
-1.0366846,-0.7588353806666673
-0.750213,-0.700308119399999
-0.7392343,-0.6616561701333326
-0.25031498,-0.45732987866666747
-0.69239175,-0.653736860933333
-0.53868955,-0.5073050406666656
-0.750945,-0.49099796840000065
-0.5650385,-0.5928122574000008
-0.38791505,-0.593111571199999
-0.071727686,-0.4692176759999994
-2.3725076,-1.0972505472666663
-0.4245108,-0.7486613896000008
-0.68800026,-0.5982088900000003
-0.5108768,-0.5377917457333344
-0.4581789,-0.38553875793333253
-0.58699596,-0.6588749155333328
-0.7143492,-0.6099989522000009
-0.54308105,-0.6598117653333326
-0.3527831,-0.8108107403333346
-0.7099577,-0.23390057706666642
-0.5972428,-0.6456370182666674
-0.7172769,-0.6147794624666675
-0.7319152,-0.6787000754666686
-0.8775663,-0.37569693560000056
-0.655796,-0.6028346050666674
-0.7919322,-0.5458281703333348
-0.59505516,-0.6526731565999995
-0.53283423,-0.6513947404666665
-0.4977023,-0.4267748489333321
-0.4237789,-0.8086589236666661
-0.7611918,-0.4754033039333335
-0.5145364,-0.4749888390666672
-0.6279832,-0.5150535978666666
-0.724596,-0.603454303533333
-0.5635747,-0.6901862473333324
-0.92660457,-0.5488875718666671
-0.5840683,-0.6948802551333344
-0.8329195,-0.5691567382666667
-0.44939592,-0.42356417726666745
-0.8153535,-0.5511809097333327
-0.50941294,-0.6541272413333344
-0.3718129,-0.6313695382000013
-0.5928513,-0.6563675857999985
-0.46257037,-0.690807883533333
-0.405481,-0.6390790340000002
-0.6616513,-0.5178153501333331
-0.65067255,-0.4839813474666666
-0.7436258,-0.559427145333334
-0.80608255,-0.6496869457999995
-0.6133449,-0.6061233550000006
-0.4596427,-0.7243032591999986
-0.5504002,-0.5395459034000006
-0.52844274,-0.700208608333332
-0.5108768,-0.6516192024666673
-0.62139595,-0.4807999613333332
-0.414264,-0.4778600892466663
-0.9753447,-0.385098871533334
-0.5401534,-0.49723714206666725
-0.3996257,-0.44971795079999966
-0.5884598,-0.31453809946666733
-0.81242585,-0.575568322266666
-0.6660428,-0.5448278902666668
-0.34326822,-0.9459355558666664
-0.5815066,-0.6833599216666659
-0.7912003,-0.6297264838666663
-0.5840683,-0.5675465351333346
-0.6792173,-0.648584196999999
-0.62066406,-0.6931279255333325
-0.55771935,-0.5758562309333336
-0.6074896,-0.7153641302000021
-0.61041725,-0.7818044623999975
-0.25763413,-0.650233437933332
-0.70263857,-0.7000085542666682
-0.57455343,-0.40029903966666613
-0.37840015,-0.6388838686666678
-0.5225874,-0.6908693492666685
-0.7392343,-0.5908251203333336
-0.8241365,-0.8378086320000009
-0.5416172,-0.6754747694000002
-0.30154905,-0.6935433008000009
-0.69751513,-0.48473276226666634
-0.64994067,-0.6513947404666665
-0.41902143,-0.7114965531333352
-0.4874555,-0.5444668277333337
-0.45085976,-0.628296158066666
-0.25763413,-0.6119201254666662
-0.5924853,-0.8088204849333329
-0.60602576,-0.5929781730666679
-0.417714,-0.5907085602666672
-0.483064,-0.6519148696
-0.62505555,-0.6810942348000008
-0.61041725,-0.7227808747999996
-0.6177364,-0.5314284033333336
-0.1986197,-0.41572201226666733
-0.5796768,-0.5671757170666677
-0.27373627,-0.5171517416000007
-0.53868955,-0.5951446181999992
-0.7487492,-0.5503709325333336
-0.5460087,-0.7248107211999986
-0.46549803,-0.6341410626666664
-0.7611918,-0.5737726804000007
-0.4786725,-0.8190715914000002
-0.6601875,-0.6377095510666668
-0.76997477,-0.8905065592666674
-0.5177893,-0.5662144448666658
-0.5738215,-0.6277197263333324
-0.78900456,-0.5214944178666661
-0.92165196,-0.7522384816666681
-0.8665876,-0.642021024466666
-0.5752853,-0.5973013238000014
-0.56211084,-0.7431378743333327
-0.42743847,-0.5801549881999996
-0.7143492,-0.6244874741333337
-0.7914396,-0.4508809990000002
-0.63530236,-0.5232412443999995
-0.57674915,-0.7881994591333327
-0.8329195,-0.4860599823999997
-0.6231038,-0.6596995383333327
-0.6367662,-0.5354008141333338
-0.46696186,-0.726713707000001
-0.3204608,-0.44298327773333257
-0.62505555,-0.6000142963333324
-0.67336196,-0.5139508446000007
-0.55332786,-0.5695568717333326
-0.41133633,-0.6878538685333333
-0.5884598,-0.5916509462000015
-0.42304698,-0.5505726111333334
-0.4096285,-0.6211422576666676
-0.64847684,-0.594471259933335
-0.31618735,-0.44832731745333326
-0.57235765,-0.5649311697333336
-0.7319152,-0.6020795748666672
-0.37766823,-0.7056540559999999
-0.5181959,-0.5469748413333345
-0.69239175,-0.685072600733334
-0.30740437,-0.5859125051999999
-0.560647,-0.6908059356666664
-0.81681734,-0.7773719850666667
-0.6265194,-0.5452377562000005
-0.24262987,-0.7454102448666656
-0.5840683,-0.6020051056666648
-0.7758301,-0.6184780719333324
-0.65872365,-0.48762140333333337
-0.5460087,-0.6791392155333323
-0.8724429,-0.5748754208666664
-0.50941294,-0.694299619600001
-0.7524088,-0.6811755525333324
-1.1198303,-0.5304976930666654
-0.63969386,-0.5803696789333327
-0.59577894,-0.5148974631333334
-0.70263857,-0.6809250811999991
-0.6455492,-0.6617391694666682
-0.6579917,-0.551130108400001
-0.58260447,-0.6156577673999997
-0.5899236,-0.674074320933334
-0.6235917,-0.6678774850666682
-0.56796616,-0.4505279503333325
-0.7289875,-0.37362804653333376
-0.48160017,-0.5457940155333334
0.07904684,-0.5683369926666662
-0.5181959,-0.819910854000002
-0.7992514,-0.5645407934666654
-0.92038333,-0.7301097756666677
-0.59138745,-0.6283442827333339
-0.6762896,-0.5722015239333331
-0.5211236,-0.8863378672000006
-0.6279832,-0.6802029233333339
-0.5855321,-0.5686785616666679
-0.66750664,-0.6190310969999999
-0.578213,-0.6659662880666656
-0.7882726,-0.769497809066668
-0.62915426,-0.749871480533335
-0.7963237,-0.6796434116000007
-0.46549803,-0.5825556798666679
-0.5299066,-0.4504108369999996
-0.4874555,-0.618234115333333
-0.6909279,-0.5459837911333324
-0.5313704,-0.509500790799999
-0.4933108,-0.7023458015999986
-0.6177364,-0.4973249807999996
-0.35942242,-0.8043426360133313
-0.5460087,-0.6121933533333335
-0.5064853,-0.7396832450000005
-0.8387748,-0.5767101295333341
-0.62066406,-0.6970340427333318
-0.73045135,-0.6156772859333338
-0.5167321,-0.6191514452000013
-0.7611918,-0.6418798559999996
-0.578213,-0.5401387446000006
-0.8051067,-0.6646739940666675
-0.6572598,-0.6023564224666654
-0.6953194,-0.7529260265333317
-0.53429806,-0.8027255465333347
-0.92660457,-0.5109451028000004
-0.6792173,-0.5394312293333331
-0.5686981,-0.6172045403999991
-0.5313704,-0.7634753613333328
-0.733379,-0.6179998900000004
-0.5160002,-0.6420067071333329
-0.83731097,-0.6144183764000011
-0.55771935,-0.6022604639066681
-0.69678324,-0.611495601333333
-0.32936183,-0.5954373826000009
-0.647013,-0.4878356048666678
-0.6235917,-0.4023428367333327
-1.1882452,-0.32354566239999927
-0.6133449,-0.5706791394666659
-0.7655833,-0.5563140698666672
-0.4245108,-0.49966384553333315
-0.5840683,-0.6390888221333343
-0.51526827,-0.6415285190666664
-0.65872365,-0.6877318911999998
-0.6479889,-0.5728260797333344
-0.64994067,-0.7367604534666653
-0.3803519,-0.7471699227333333
-0.3996257,-0.6182467950666684
-0.46988952,-0.6952755230000016
-0.82267267,-0.6285589962000012
-0.7860769,-0.7342085250666682
-0.7187407,-0.5890062885333325
-0.39792636,-0.25169531413333335
-0.49575055,-0.12125868693333314
-0.551864,-0.5227142788000003
-0.70732284,-0.6566157455999994
-0.24006817,-0.42304697233333294
-0.4098725,-0.7051270757333333
-0.5020938,-0.5591344041333333
-0.8153535,-0.5464478567333335
-0.27666393,-0.5955154750666674
-0.6616513,-0.7149444984666654
-0.6894641,-0.5206640294000001
-0.54893637,-0.573079815733334
-0.7194726,-0.957437717333334
-0.5840683,-0.46163352847333444
-0.51380444,-0.5961644150000002
-0.36449376,-0.5155122371333334
-1.3319743,0.7208789241333341
-0.5313704,-0.6277294847999987
-0.92660457,-0.6645789685333338
-0.39864978,-0.8768431636000016
-0.55332786,-0.6064486555999997
-0.42304698,-0.5176982253999994
-0.17492773,-0.34554117822666713
-0.7758301,-0.6971345533333351
-0.8010811,-0.5777156623166665
-0.39669803,-0.7806128986666656
-0.6997109,-0.42350563560000065
-0.7084939,-0.6683117458000003
-0.897328,-0.5465308034666668
-0.6623832,-0.5381089157333334
-0.45085976,-0.6940712533333316
-0.3762044,-0.5192547805999999
-0.6367662,-0.6475595173333343
-0.52405125,-0.4304035364000009
-0.6836088,-0.7896486517999979
-0.46110654,-0.5028257330666661
-0.9280684,-0.707049591466668
-0.39377037,-0.5416530181333326
-0.80217904,-0.6773387071999989
-0.38352355,-0.6598654318666656
-0.78314924,-0.4848303749999992
-0.4289023,-0.6172343770000013
-0.7714386,-0.7377265708000009
-0.79339606,-0.5401192535333333
-0.5163661,-0.4864722371000006
-0.5372257,-0.48618685420000113
-0.8219407,-0.7774825815333315
-0.60996413,-0.6114663184666679
-0.6850726,-0.2833097263333334
-0.5943151,-0.6489623461999997
-0.63383853,-0.6577868027999998
-0.5752853,-0.6001801928000001
-0.34546396,-0.6696535890666659
-0.5401534,-0.6330090263333327
-0.67775345,-0.8594733142000005
-0.7319152,-0.46525896529999927
-1.5721873,0.2391210914000008
-0.5460087,-0.47198283160000104
-0.8274708,-0.676514049800001
-0.6953194,-0.5785252627333329
-0.67848533,-0.5295552433999992
-0.57674915,-0.6454320572000004
-0.4596427,-0.702646706066666
-0.58114064,-0.9608119092666659
-0.6411577,-0.6521095810000003
-0.4660836,-0.5745973249333336
-0.8782982,-0.5707006087333328
-0.7143492,-0.6098805117333328
-0.47135335,-0.49525771799999885
-0.75972795,-0.5179544052333334
-0.62066406,-0.6009121112
-0.6134913,-0.276119876066667
-0.5162198,-0.6273976841333322
-0.6718981,-0.6558838233333344
-0.63530236,-0.5296687430666662
-0.66750664,-0.624596885333334
-0.55771935,-0.5820384537999996
-0.7194726,-0.7920786139999988
-0.5551333,-0.7273577795333336
-0.8636599,-0.35543556373333296
-0.63530236,-0.5477701894000007
-0.6221279,-0.5987121450666677
-0.6660428,-0.48298577146666694
-0.27398023,-0.41199081653333364
-0.6323747,-0.11740895466666658
-0.6221279,-0.7438795679333344
-0.51965976,-0.6268560653333337
-0.1881022,-0.632347571200001
-0.4874555,-0.6519736876666685
-0.58699596,-0.4849962780000005
-0.49989805,-0.4864357090666662
-0.76851094,-0.6838771534666683
-0.3731986,-1.2721225453333338
-0.5562555,-0.5426126180000005
-0.5460087,-0.5198451630666666
-0.39230654,-0.741508142333332
-0.5013619,-0.576100193400001
-0.6309109,-0.5650287609333338
-0.6045619,-0.5494194468000008
-0.53868955,-0.8419220509333323
-0.8665876,-0.7327318918933327
-0.4874555,-0.6881466317333349
-0.6982471,-0.6330187939999992
-0.8051067,-0.6195417961333325
-0.6850726,-0.793171602599999
-0.35424694,-0.738717579200002
-0.43036613,-0.7386585543999994
-0.8490216,-0.4579967284000008
-0.6748258,-0.4148145498666669
-0.75972795,-0.6719591242000003
-0.25909796,-0.5485199925999986
-0.3952342,-0.5008483011999997
-0.5108768,-0.5198256803333334
-0.1518724,-0.43594105066666744
-0.6938556,-0.6930943938666667
-0.46366826,-0.564433278533333
-0.6762896,-0.7078888359999999
-0.73045135,-0.3197999356666661
-0.45671508,-0.5647750163333326
-0.54893637,-0.6096950967333329
-0.48013633,-0.5041041238000001
-0.5357619,-0.5907726438666676
-0.75972795,-0.43245777693333376
-0.6836088,-0.48647962206666584
-0.5562555,-0.3481281414
-0.483064,-0.5766954721666671
-0.4933108,-0.7458804297333339
-0.42085123,-0.5656923445333338
-0.8343833,-0.5631062560000005
-0.53649384,-0.6287004913333335
-0.8153535,-0.5033109950000014
-0.70703006,-0.7018090658666649
-0.49916613,-0.642924034
-0.207132,-0.7379038703999999
-0.6235917,-0.5417148733333335
-0.6579917,-0.37218129480000073
-0.7392343,-0.6838296318000008
-0.4245108,-0.7386195062666677
-0.6584797,-0.43353774519999955
-0.6997109,-0.7538076287333338
-0.64408535,-0.551756687333333
-0.5946811,-0.6679499733333337
-0.5738215,-0.6512288343333339
-0.64994067,-0.7618169990666682
-0.82706416,-0.5565271529999988
-0.7860769,-0.6461444713999988
-0.5855321,-0.6421033156666687
-0.7055662,-0.48714646906666664
-0.3418044,-0.6487935434666658
-0.5987066,-0.5133831930000006
-0.58699596,-0.644771726799999
-0.57674915,-0.4978812312000006
-0.43768528,-0.7493250180000007
-0.495024,-0.834199699333334
-0.47281718,-0.6996019206666673
-0.03981643,-0.4084052377999994
-0.6279832,-0.7246610526666672
-2.0372207,-1.1339866515999983
-0.50502145,-0.5553284221999999
-0.6265194,-0.7058394382666675
-0.49038315,-0.8082913189333345
-0.57235765,-0.6760651653333334
-0.90757483,-0.4357432590666673
-0.578213,-0.6458203833333322
-0.29130223,-0.7015796994666672
-0.7050783,-0.5298772928000002
-0.39082506,-0.4342067991333334
-0.7568003,-0.35673821739999934
-0.6704343,-0.38223537993333273
-0.49184698,-0.7338083984666661
-0.7143492,-0.4935743176666655
-0.63823,-0.5767588869999991
-0.4556172,-0.5720444037999994
-0.6806811,-0.5960229190666675
-0.37327674,-0.5969987984666675
-0.44500443,-0.6868096750000001
-0.5035576,-0.5935880865333322
-0.39377037,-0.6067674315999998
-0.46988952,-0.4772098736000004
-0.86073226,-0.5483508442666655
-0.42011932,-0.6865071704666675
-0.61627257,-0.743118338666668
-0.7143492,-0.675118569066668
-0.5299066,-0.6196320652000006
-0.68800026,-0.6915671185333349
-0.48891932,-0.6587529200000007
-0.58114064,-0.5994238685333341
-0.6953194,-0.7372630481333351
-0.7963237,-0.598560234
-1.0071152,-0.4455208690000008
-0.75972795,-0.5782910306666659
-0.9766188,-0.7092843445333314
-0.45525125,-0.6230256930666659
-0.62944704,-0.5460705229333327
-0.48599166,-0.5178739017333343
-0.8475578,-0.6207616600000007
-1.16638,-0.681091003000001
-0.65118045,-0.6663941313333324
-0.87793225,-0.775420223466666
-0.6177364,-0.7126804285333339
-0.7919322,-0.6191319223999995
-0.44646826,-0.4851983975333337
-0.5547917,-0.6506628281333329
-0.51526827,-0.5672911779999997
-0.60017043,-0.5556618604666665
-0.6953194,-0.5702009504000007
-0.36559162,-0.8846040450666656
-0.61574644,-0.7905494569333353
-0.5650385,-0.33182797806666653
-0.45525125,-0.5243505282666672
-0.2752001,-0.6404989638666666
-0.65286833,-0.36236795059999977
-0.560647,-0.5949598624666661
-0.8329195,-0.7343646487999991
-0.7289875,-0.5552991565333334
-0.5269789,-0.6217180344000018
-0.55601156,-0.34154861373333334
-0.51380444,0.03321146853333342
-0.45378742,-0.601858725666666
-0.61480874,-0.5887655661333344
-0.62066406,-0.7213365654666675
-0.47135335,-0.5235974890666683
-0.7568003,-0.6853556084666654
-0.6616513,-0.6596361027333336
-0.64994067,-0.5500098482000007
-0.67775345,-0.6561131533333331
-0.58260447,-0.6359854911999996
-0.6279832,-0.638130808666665
-0.5987066,-0.6121640774666673
-0.906111,-0.7908197221333344
0.3410839,-0.6188769780000009
-0.6265194,-0.6265312587999993
-0.7377705,-0.6865657089333331
-0.5020938,-0.7700528449333355
-0.5255151,-0.893004801333335
-0.73630667,-0.718696805986667
-0.23860434,-0.627317157066668
-0.48452783,-0.6622758778000004
-0.6118811,-0.6567133250666658
-0.55771935,-0.6579169230666659
-0.3571746,-0.672278713466668
-0.53283423,-0.6744728525999992
-0.34985545,-0.6297007501999998
-0.53283423,-0.5445351057333337
-0.29569373,-0.6278579658000006
-0.4786725,-0.6038983258666666
-0.7860769,-0.5295699033333321
-0.4933108,-0.6470715713333329
-0.54747254,-0.3992743614666664
-0.29203415,-0.5452312373333327
-0.71142155,-0.5588513793333342
-0.69678324,-0.4175819974666664
-0.474281,-0.6565376775333331
-0.5031673,-0.5586415773333322
-0.3864512,-0.6131980483333337
-0.78754073,-0.5657011304666673
-0.8343833,-0.5610584973333342
-0.6133449,-0.9121126644000008
-0.074777335,-0.6459883092000017
-0.5225874,-0.5685029224000001
-0.6331066,-0.8977329817999983
-0.71142155,-0.6238893730666677
-0.53868955,-0.5358985162666671
-0.7860769,-0.6826280089333334
-0.7611918,-0.6798773549333319
-0.67775345,-0.5855321327999995
-1.1461792,-0.6969540442666674
-0.54308105,-0.6329358526666672
-0.85048544,-0.6937784937999989
-0.60163426,-0.4651633213333333
-0.36888525,-0.6017855184000004
-0.966128,-0.6425792353333328
-0.8142094,-0.7730969226666657
-0.24553314,-0.6642234054666657
-0.5435899,-1.0001019198666647
-0.34839162,-0.5608129108666663
-0.95441735,-0.48666501099999937
-0.6953194,-0.565194630733333
-0.6411577,-0.5358752817999997
-0.71581304,-0.4545242009333331
-0.59138745,-0.7603037188000014
-0.3952342,-0.5131115513333325
-0.6660428,-0.48255655653333224
-0.1595575,-0.5652727176000002
-0.5987066,-0.6282710987999994
-0.5650385,-0.5564604616000011
-0.6177364,-0.22228664774666665
-0.21079157,-0.6833257475333334
-0.5591832,-0.5235242706000013
-0.49916613,-0.6072846326666678
-0.914894,-0.6869560630666666
-0.647013,-0.5638284042666665
-0.42597464,-0.6359074018666672
-0.38791505,-0.6943142474666668
-0.5181959,-0.5623255497333326
-0.77875775,-0.47890346606666534
-0.5708938,-0.43061946553333297
-0.56796616,-0.568820079
-0.4098725,-0.780758316466665
-0.55827034,-0.5426048767333334
-0.70117474,-0.6237999153999996
-0.5372257,-0.6110710958000009
-0.53429806,-0.757024749466665
-0.21371923,-0.5101399822666661
-0.45671508,-0.5576071302666664
-0.53283423,-0.5504929201333336
-0.69239175,-0.6386203805333319
0.20566817,-0.38734246606666656
-0.51380444,-0.6942752175999997
-0.750945,-0.7094307304000005
-0.5796768,-0.6148380092000001
-1.0407834,-0.6470129975333344
-0.5943151,-0.41494710973333326
-0.6411577,-0.5753858570000002
-0.27666393,-0.5352349187333328
-0.33668098,-0.5784569637999998
-0.8475578,-0.436191465333332
-0.66966987,-0.5792571775333346
-0.560647,-0.6305595749333347
-0.5686981,-0.18306011573333303
-0.34483132,-0.7915798862666686
-0.5972428,-0.43761841699999954
-0.60602576,-0.5072269546666676
-0.7611918,-0.5962056010666676
-0.62944704,-0.6321112126000007
-0.5738215,-0.5190059346666668
-0.33668098,-0.6170716785333336
-0.7626556,-0.44056414466666677
-0.5943151,-0.509325126399999
-0.34400013,-0.655425155000001
-0.56943,-0.6052255301999993
-0.69239175,-0.534381033533333
-0.724596,-0.560842188200001
-0.42743847,-0.3265903126000008
-0.3044767,-0.44970820179999993
-0.8153535,-0.634492359733332
-0.5547917,-0.6122811917333342
-0.61358887,-0.7049319164000013
-0.78314924,-0.43292294620000027
-0.64847684,-0.754048300266667
-0.4786725,-0.5781080761333329
-0.52405125,-0.48982852953333433
-0.6221279,-0.48837771446666617
-0.51526827,-0.6273508333333327
-0.39230654,-0.6298764149333319
-0.6323747,-0.6512000890000011
-0.72871894,-0.7675760559333328
-0.7392343,-0.49048564120000077
-0.7860769,-0.7005392003999992
-0.75924,-0.6077894060666672
-0.6828768,-0.645401160800001
-0.6667747,-0.6315744792666672
-0.43622145,-0.6453149817333317
-0.84682584,-0.47930876193333366
-0.578213,-0.489806708666666
-0.7231322,-0.6400353876666661
-0.92660457,-0.6176095465333342
-0.6118811,-0.4900708865333332
-0.43768528,-0.5409536102
-0.8724429,-0.6730594134000005
-0.44939592,-0.7443967490000014
-0.24314222,-0.7157043980000007
-0.9617365,-0.8440478007333313
-0.22103839,-0.5874090899999985
-0.56796616,-0.6292440484666669
-0.54308105,-0.7691294328666667
-0.26861286,-0.6306571341333344
-0.897328,-0.5911760242666664
-0.5123406,-0.5148193656
-0.8475578,-0.7614943095999998
-0.8578046,-0.7671807807999986
-1.2469786,-0.48524819479999964
-0.6667747,-0.5240073248000013
-0.52844274,-0.5492876830666673
-0.54747254,-0.4969257833333332
-0.6279832,-0.6062917008666674
-0.32057884,-0.7720533959999997
-0.66750664,-0.6656931110666672
-0.53429806,-0.38854936633333287
-0.46988952,-0.5397923090666665
-0.36010227,-0.6159212566666658
-0.6858045,-0.7066592247333325
-0.5943151,-0.6544297456000008
-0.76997477,-0.6067479150666657
-0.8446301,-0.5602859506000001
-0.51526827,-0.5567141856666677
-0.65872365,-0.47683616819999985
-0.3762044,-0.5727057226666665
-0.6411577,-0.618263381266666
-0.6221279,-0.7567319810666678
-0.6089534,-0.5214456439333327
-0.56442857,-0.5418319109999998
-0.85634077,-0.5251637600000012
-0.6762896,-0.5589392178000006
-0.66750664,-0.6861460811333328
-0.65872365,-0.6641495992000005
-0.3996257,-0.707250781733332
-0.551864,-0.6398207273333348
-0.7714386,-0.599692229266666
-0.82242864,-0.5559725289333325
-0.42743847,-0.641409944799999
-0.8812259,-0.2950349995333329
-0.6836088,-0.6960025172000015
-0.6177364,-0.6035762750666676
-2.4349902,-0.7838880441333349
-0.6089534,-0.5983260138000006
-0.5943151,-0.49265696220000016
-0.7231322,-0.6509799909999996
-0.63530236,-0.6556593699333326
-0.6455492,-0.5811064965333325
-0.66099435,-0.5681652498666673
-0.65433216,-0.6817448264666665
-0.6850726,-0.5499415274666669
-0.6133449,-0.5834242276000005
-0.87122303,-0.6712247790000012
-0.52844274,-0.7536374552000007
-0.7377705,-0.6383861906666681
-0.733379,-0.4458046587999999
0.26548952,-0.5994505089999987
-0.55552363,-0.3325708656000003
-0.84170246,-0.32365777113333283
-0.5255151,-0.49967361146666645
-0.6309109,-0.4834909620666661
-0.6235917,-0.6222742667333346
-0.44207677,-0.4776933696666665
-0.50941294,-0.23302227533333322
-0.5884598,-0.5597638433999997
-0.20310646,-0.5642023121999994
-0.5313704,-0.584156115866666
-0.5416172,-0.5999167169333334
-0.5299066,-0.45969919193333425
-0.5708938,-0.5580739215333328
-0.45085976,-0.8381951132000007
-0.47720867,-0.7175891524000012
-0.83145565,-0.5056460312000004
-0.76411945,-0.5071293743999999
-0.68653643,-0.6210153842666674
-0.5040456,-0.7420040913333322
-0.62066406,-0.4426622862666661
-0.60602576,-0.9362951272000013
-0.638474,-0.26343637750666704
-0.77436626,-0.44738558160000075
-0.837265,-0.6962483319519993
-0.5917534,-0.6489371083333336
-0.5635747,-0.6668332715999995
-0.85487694,-0.6892311032666671
-0.90757483,-0.6657720477333332
-0.6909279,-0.6970176937333341
-0.66750664,-0.627885621333333
-0.58162856,-0.6371467987333317
-0.56796616,-0.7404630902666663
-0.7926641,-0.5465112797333338
-0.5372257,-0.4879898001999994
-0.5726295,-0.4564808529333325
-0.71581304,-0.6504530144666667
-0.5591832,-0.769828388533333
-0.5884598,-0.4409788920666679
-0.55771935,-0.5652141867333333
-0.64408535,-0.5523031950666675
-0.6909279,-0.8314019454666656
-0.6309109,-0.5783833550000009
-0.5591832,-0.7284605643999993
-0.9741791,-0.6482036065333338
-0.6792173,-0.6402435965333327
-0.819745,-0.656076068133333
-0.6980031,-0.7011518894666678
-0.5181959,-0.42833139793333336
-0.6221279,-0.644670896333334
-0.5303579,-0.8717571716
-0.5123406,-0.6385764723333321
-0.12525883,-0.41853454786666683
-0.77875775,-0.6957536980000004
-0.6718981,-0.5801354764
-0.6968808,-0.6821768169999995
-0.59138745,-0.6105734073999985
-0.50941294,-0.6503700673333345
-0.74069816,-0.3664552806666677
-0.6177364,-0.660382671466668
-0.6118811,-0.49237396199999933
-0.59159654,-0.530165175133333
-0.32936183,0.14037028426666673
-0.58699596,-0.6298861982
-0.59577894,-0.6083434813333344
-0.45525125,-0.7152844918000002
-0.733379,-0.6660232906666669
-0.68214494,-0.5356155150666666
-1.2149792,-0.8737593455999987
-0.36888525,-0.6861216549999991
-0.53868955,-0.6036738777999986
-0.61041725,-0.6499601941333327
-0.8519493,-0.5207983185333341
-0.62066406,-0.5365767682666671
-0.32570225,-0.693636001533332
-0.414264,-0.6209080438666679
-0.42304698,-0.5982186701333326
-0.8519493,-0.8279912554666677
-0.8153535,-0.639840262200001
-0.4523236,-0.558490301999999
-0.5987066,-0.3878911176000001
-0.6704343,-0.6423092377333339
-0.75972795,-0.6274708740666658
-0.63530236,-0.6351492240000011
-0.5943151,-0.6777428814666676
-0.6894641,-0.5897319254666656
-0.6184683,-0.7432256952000008
-0.60017043,-0.7136904879999998
-0.65872365,-0.5285842739999993
-0.5035576,-0.5881637892666665
-0.44646826,-0.5842927431999987
-0.31618735,-0.6387570077333323
-0.48452783,-0.6631541779999991
-0.6265194,-0.5690250086666654
-0.73045135,-0.4485956914000004
-1.0535675,-0.5740264197333327
-0.34517244,-0.686949428133332
-0.15589793,-0.5921437324999999
-0.40255335,-0.7312418073999989
-0.8490216,-0.6397832980000009
-0.4786725,-0.5807502757333349
-0.7963237,-0.7134513846666668
-0.6514045,-0.5490730113333344
-0.6982471,-0.6103196465333341
0.065872364,-0.5396752113333332
-0.56796616,-0.6162042676000012
-0.733379,-0.5403388184666664
-0.7275237,-0.5191718194000007
-0.84609395,-0.6000387008666657
-0.7143492,-0.5612228083333338
-0.23933625,-0.630325337666666
-0.71581304,-0.6532830690666674
-0.63823,-0.8091956672666644
-0.56650233,-0.620322509533332
-0.70263857,-0.6331115038666681
-0.4640342,-0.5618180816666662
-1.1359323,-0.6579722252666668
-0.40401718,-0.6802565783333338
-0.57235765,-0.6368320674666663
-0.6235917,-0.8091761669333324
-0.33082566,-0.5920182011999994
-0.4289023,-0.660337498266668
-0.54824746,-0.7581909363999996
-0.56211084,-0.5613984561999993
-0.8636599,-0.6963050448000007
-0.5899236,-0.7317590379999984
-0.7377705,-0.668355666666665
-0.77436626,-0.7259720145333347
-0.49184698,-0.30885463699999943
-0.46183845,-0.5168947211466672
-0.63383853,-0.634999840066666
-0.4640342,-0.6415090189333345
-0.39742994,-0.7390049878666668
-0.72020453,-0.46570623693333346
-0.63383853,-0.5060461436666664
-0.66897047,-0.4732173185333323
-0.6616513,-0.6454727198666664
-0.47135335,-0.5036454455333327
-0.7041024,-0.48926086993333323
-0.7772939,-0.6940897882666662
-0.7655833,-0.45728563819999946
-0.46696186,-0.3724667548000002
-0.5416172,-0.6166141321333327
-0.5884598,-0.41411760033333384
-0.43182996,-0.7025980323333334
-0.8578046,-0.6083873919999997
-0.48599166,-0.5657899427999993
-0.551864,-0.7060248758000007
-0.36412778,-0.5664389097999992
-1.3788977,-0.5595882844666655
-0.74508965,-0.5891185260666678
-0.6850726,-0.8451800335066652
-0.36302993,-0.4597793616666671
-0.57455343,-0.6023271324000005
-0.47062144,-0.7524966170666658
-1.4062332,-0.8582423173333318
-1.1034327,-0.4275345267333328
-0.58260447,-0.5129944667999993
-0.45085976,-0.34983203493333376
-0.647013,-0.5962864221999992
-0.4933108,-0.6475204829333336
-0.6455492,-0.5961692865333345
-0.5123406,-0.5869758175999996
-0.7846131,-0.5300334505999996
-0.7237421,-0.6693998539999998
-0.6265194,-0.5729627016666679
-0.49623847,-0.620351771999999
-0.63823,-0.454242180000001
-0.7531407,-0.6021417302666666
-0.5635747,-0.45329359966666716
-0.6670187,-0.6955292240000008
-0.48891932,-0.6209958527999998
-0.819745,-0.5702009245333328
-0.6891713,-0.08658588106666672
-0.56211084,-0.5800281369999993
-0.65872365,-0.5243602925333329
-0.7275237,-0.6650571731333346
-0.40694484,-0.5782487506666671
0.22689371,-0.6040170647333324
-0.47318316,-0.27526309366666674
-0.6616513,-0.6633298399333333
-0.86951524,-0.37606777359999927
-0.4523236,-0.7340718970666678
0.05707101,-0.46289019613333304
-0.48708954,-0.6378591877333332
-0.50502145,-0.5542842405999991
-0.47318316,-0.4620922074666665
-0.6836088,-0.5998288908666669
-0.68214494,-0.6289932808000004
-0.70263857,-0.6612511973333328
-0.5482045,-0.5567800473666673
-0.80657053,-0.6358732693333319
-0.2803235,-0.428929343466667
-0.5987066,-0.6111247429333317
-0.91416204,-0.8790291560666657
-0.6565279,-0.5558257966666663
-0.26641712,-0.6191156567333322
-0.5167321,-0.631681807666665
-0.7568003,-0.6834233341333344
-0.6572598,-0.6212509915333332
-0.7670471,-0.5681759676666664
-0.6806811,-0.6274220583333328
-0.71581304,-0.6015805748666659
-0.57235765,-0.41133631513333396
-1.1639159,-0.41662401086666645
-0.76997477,-0.5400850751333328
-0.77875775,-0.8740335816666673
-0.72605985,-0.5457940025333337
-0.53283423,-0.5545779816666658
-0.560647,-0.6484914833333333
-0.78754073,-0.8044528281999977
-0.61480874,-0.6300569603333334
-0.9192854,-0.5755073368000003
-1.0415152,-0.537269631466667
-0.7209364,-0.5976282584666676
-0.68214494,-0.6234258236666674
-0.68214494,-0.5631306408000007
-0.6806811,-0.5378210044000011
-0.7927129,-0.6327065096000013
-1.2193707,-0.5773005404000012
-0.9105025,-0.5349665468000004
-0.6192002,-0.7902732206666682
-0.8446301,-0.41066295906666594
-0.3322895,-0.7188090151999994
-0.8731748,-0.6718167776000005
-0.58114064,-0.3862218705333334
-0.64847684,-0.5648530924000013
-0.63969386,-0.6594945965333333
-0.7802216,-0.6488899772000006
-0.033668097,-0.4945932998666668
-0.49184698,-0.6076122641333332
-0.9529535,-0.654200388066666
-0.70117474,-0.7107482006666686
-0.7231322,-0.8028133786666672
-0.29569373,-0.5360509154666676
-0.38365084,-0.5760545768000009
-0.60602576,-0.6900008303333339
-0.79851943,-0.703541261399999
-0.750945,-0.4899733031999998
-0.47574484,-0.6809250928000014
-0.5899236,-0.6715077684666672
-0.5357619,-0.6639544050666656
-0.95710105,-0.44415540559999905
-1.1275398,-0.5295259802000001
-0.6426215,-0.599760528
-0.5635747,-0.5559774076000003
-0.61480874,-0.5058220920000008
-0.7524088,-0.5919843807333344
0.062212788,-0.5936378411333338
-0.7289875,-0.745245793999999
-0.4479321,-0.494491643666667
-0.8490216,-0.5037040117333343
-0.7758301,-0.7542922519333324
-0.57674915,-0.6374883557333335
-0.62505555,-0.6213081421333332
-0.8263322,-0.7429475871333312
-0.78754073,-0.7148566546666676
-0.42158315,-0.6187610940666683
-0.48452783,-0.6692534735333323
-0.63383853,-0.5521763161333327
-0.7963237,-0.6046107197333331
-0.5416172,-0.9742571266666685
-0.8812259,-0.5782422528000001
-0.7143492,-0.7026678232000013
-0.5738215,-0.6551519154666668
-0.5943151,-0.648994068
-0.80657053,-0.6131009336666664
-0.46110654,-0.6572207815999995
-0.5708938,-0.5667951285333328
-0.810962,-0.612661769999999
-0.5708938,-0.7521730555520634
-0.5372257,-0.5604518250000008
-0.560647,-0.6730301407333338
-0.5299066,-0.4633706102666669
-0.72020453,-0.6721323512000003
-0.483064,-0.7625482682000017
-0.664579,-0.45865708626666646
-0.61627257,-0.5680328541333343
-0.64042574,-0.6199614215333321
-0.65872365,-0.5900260898666664
-0.36126265,-0.5890380078666677
-0.65433216,-0.2282755041160002
-0.6997109,-0.6907522671333328
-0.7099577,-0.7292201068666646
-0.30740437,-0.6426961599999996
-0.53868955,-0.6746891588000001
-0.7128854,-0.5779153465333341
-0.5064853,-0.5096374047333331
-0.73045135,-0.5240903045333346
-0.65872365,-0.5205038971333338
-0.8274057,-0.7460077845999987
-0.5840683,-0.6940312411999997
-0.31765118,-0.4300489461999995
-0.6133449,-0.6220831596000007
-0.9280684,-0.7468316025999991
-0.71971655,-0.39354103039999944
-0.73484284,-0.7196677985333325
-0.655796,-0.5163381650000013
-0.56796616,-0.8189366259333349
-0.61480874,-0.4458485609333335
-0.42743847,-0.6071452642666657
-0.6177364,-0.6242260365333343
-0.4596427,-0.829874673199999
-0.8182812,-0.6677798835999994
-0.59834063,-0.6095080559333342
-0.5576148,-0.7167310477333352
-0.48891932,-0.6260119261333327
-0.69678324,-0.6180584485333322
-0.6806811,-0.40347762399999954
-0.578213,-0.6934652433333346
-0.76411945,-0.6808275080000011
-0.58260447,-0.6353706751333322
-0.70263857,-0.8124746380000019
-0.53283423,-0.7006965680000011
-0.4933108,-0.6007950031333321
-0.63383853,-0.6574842786666665
-0.6426215,-0.6715760874666673
-0.5225874,-0.6569062221999995
-0.7143492,-0.45730058720000083
-0.65872365,-0.673705953666666
-0.64847684,-0.3310110778000001
-0.30594054,-0.6465738619333327
-0.8387748,-0.8304602180000015
-0.8138897,-0.561700962466668
-0.5547917,-0.5360009883600009
-0.6030981,-0.7116362313333339
-0.64408535,-0.7079083679999998
-1.0738729,-0.6934251453333344
-1.0466387,-0.6253483319333347
-0.5255151,-0.5834280691999995
-0.37309042,-0.6515996686666662
-0.049881127,-0.4633706095333336
-0.4435406,-0.367177438733333
-0.9339237,-0.6921868166666653
-0.8958642,-0.5361132414666663
-1.0378557,-0.6401427842666677
-0.87537056,-0.5125065005333341
-0.7000414,-0.3400088949200006
-0.64847684,-0.7685369505333346
-0.40694484,-0.6470520597333342
-0.7041024,-0.5269301341333336
-0.6089534,-0.8071804519333332
-0.63823,-0.6107108205333325
-0.7275237,-0.5076173096
-0.6748258,-0.3180035045333333
-0.5269789,-0.5083214204666666
-0.51307255,-0.7610649171999989
-0.90977055,-0.5792278882666679
-0.5928513,-0.6673212041333343
-0.724596,-0.6901956090000014
-0.6836088,-0.5854566489333325
-0.73045135,-0.7739856681999986
-0.655796,-0.5571142878666674
-0.5708938,-0.5414220423333345
-0.74948114,-0.9107146773666669
-0.389818,-0.6181462497333324
-0.7963237,-0.5673318254666678
-0.7670471,-0.6320721734000001
-0.75972795,-0.41133307753333304
-0.7143492,-0.6355853730666678
-0.42597464,-0.7284312738000005
-0.35571077,-0.14319904620000048
-0.551864,-0.7775086219333344
-0.78754073,-0.680007731333333
-0.4245108,-0.8073440464000012
-0.71142155,-0.6403649162666653
-0.4786725,-0.6261680655999992
-0.9540926,-0.38358283099999946
-0.60163426,-0.521269988133333
-0.75387263,-0.686375401666668
-1.0115068,-0.7442991860666666
-0.6938556,-0.5861427044377772
-0.9192854,-0.46518576613333273
-0.61480874,-0.6657890666666674
-0.42563307,-0.5916411824000007
-0.3527831,-0.5914557663999989
-0.61041725,-0.7275431968000015
-0.6616513,-0.6505880158666656
-0.57235765,-0.3455225158666667
-0.70263857,-0.5695470997333331
-0.17663553,-0.8025732772666655
-0.39816186,-0.5793840492000012
-0.39669803,-0.7870918274666656
-0.39626747,-0.24373750839999972
-0.74582154,-0.6718981283999989
-0.70703006,-0.6780913434000005
-0.7031265,-0.7425783719333321
-0.7289875,-0.7778257624000008
-0.84609395,-0.5360156522666669
-0.47574484,-0.4661958174666663
-0.7143492,-0.6085337893333341
-0.7670471,-0.5782894078044438
-0.34107247,-0.642982603333334
-0.5269789,-0.6249189255333338
-0.42597464,-0.7591350984000003
-0.6309109,-0.9463711819999996
-0.92514074,-0.8261468161333319
-0.6074896,-0.5142191789333331
-0.57674915,-0.6456370070666677
-0.7626556,-0.6977591396666651
-0.5372257,-0.697583450866666
-0.578213,-0.5993506933333321
-0.5635747,-0.6446987027999994
-0.70117474,-0.6482426402000018
-0.5591832,-0.5758220539333334
-0.5840683,-0.4140102611999997
-0.906111,-0.35284329299999956
-0.7626556,-0.6378103942666662
-0.60602576,-0.5435494689466679
-0.733379,-0.7103578283333347
-0.62505555,-0.7463612347333314
-0.23677455,-0.6398792925333341
-0.62944704,-0.6793339658666671
-0.7626556,-0.38635849819999923
0.2571531,-1.0971055646666652
-0.9939408,-0.5858013846666685
-0.7611918,-0.7320810796666677
-0.6601875,-0.6171508524666652
-0.70117474,-0.6766409183333321
-0.897328,-0.41006900389333306
-0.91343015,-0.7102358486666651
-0.5635747,-0.5589587519999998
-0.65433216,-0.5493950184
-0.33668098,-0.6237966501333323
-0.42011932,-0.5956228049333345
-0.16373987,-0.5075878159333329
-0.63969386,-0.659894714333333
-0.5928513,-0.5621010846666666
-0.30594054,-0.5007763569333334
-0.6192002,-0.5675367757999992
-0.5841329,-0.6111328910000012
-0.7289875,-0.6890249427999987
-0.7729024,-0.5261396512000005
-0.74582154,-0.6504365997333319
-0.6938556,-0.6556964460666663
-0.66897047,-0.38639264980000115
-0.6074896,-0.5654142195999994
-0.6074896,-0.6519526280666661
-0.53795767,-0.6588798071999998
-0.7582641,-0.5054898839333345
-0.6279832,-0.6710561697333342
-0.6177364,-0.5131945166000002
-0.58114064,-0.5599931763999989
-0.59577894,-0.7775573925333349
-0.60602576,-0.5237116528666657
-0.7055662,-0.7608404673333322
-0.7377705,-0.7806705066666678
-0.70703006,-0.5979746798666667
-0.72605985,-0.6771483987999993
-0.6455492,-0.6578339839333345
-0.5123406,-0.6011219120000016
-0.31691927,-0.5701326132666658
-0.51526827,-0.5610373721999992
-0.4581789,-0.6827012002666671
-0.35571077,-0.7646171512666669
-0.81681734,-0.5942646953333337
-0.58260447,-0.6550543171333335
-0.65872365,-0.6332237318000002
-0.66897047,-0.6480376843333339
-0.58919173,-0.6160274450666656
-0.58699596,-0.7163539547333339
-0.560647,-0.5589587519999998
-0.65286833,-0.4941500938666661
-0.40694484,-0.6318265938666666
-0.4479321,-0.7271430815333328
-0.6279832,-0.7517744727333326
-0.7480173,-0.6395572349333339
-0.56174487,-0.2895287963066661
-0.6045619,-0.6628321362000017
-0.724596,-0.5273318668000008
-0.73264706,-0.6746403739333326
-0.22689371,-0.6210446662666652
-0.9057616,-0.7826028983333329
-0.65872365,-0.549800032533333
-0.42743847,-0.6570841740000009
-0.4332938,-0.6404403915333329
-0.58431226,-0.6348369310666678
-0.4523236,-0.7187504665999994
-0.5635747,-0.408759975266666
-0.56650233,-0.7076855333333317
-0.5562555,-0.5054343458666676
-0.560647,-0.5404754254666668
-0.7963237,-0.6687362428666662
-0.6192002,-0.5723088708666659
-0.4691576,-0.5600419894000004
-0.5064853,-0.5069049273333341
-0.6953194,-0.6908791261333337
-0.6704343,-0.9420529523333333
-0.6762896,-0.6063282666000006
-0.98320603,-0.3794638592666674
-0.61041725,-0.5428663556000007
-0.74020153,-0.7504179966666673
-0.6221279,-0.6242675176000009
-0.9192854,-0.6869462986666651
-0.6601875,-0.796704274266666
-0.6426215,-0.8959275724666681
-0.50502145,-0.6090705306666677
-0.47574484,-0.6392986183333335
-0.5445449,-0.5761050564000008
-0.56577045,-0.4378446987999996
-0.7443577,-0.5287794137333331
-0.414264,-0.7788085324000016
-0.53429806,-0.5090365846666667
-0.74069816,-0.6563229787999989
-0.42011932,-0.6841259883333328
-0.9507578,-0.5293974837333341
-0.6254215,-0.7821733536000007
-0.7772939,-0.6455589314666663
-0.5899236,-0.7415569396666646
-0.63823,-0.5408170087333347
-0.28251925,-0.6406024018666661
-0.6309109,-0.6055573172000008
-0.52844274,-0.5532302696666679
-0.5504002,-0.6858773376000001
-0.664579,-0.6433632037999996
-0.6060746,-0.541262663733334
-0.6133449,-0.5920022642000005
-0.9002557,-0.3000461767999992
-0.7099577,-0.7218733118666657
-0.6411577,-0.6586260599999993
-0.43622145,-0.6499601865333323
-0.39487433,-0.40273630166666635
-0.6616513,-0.7896486454666651
-0.7289875,-0.5583244140000005
-0.6177364,-0.6403867397333322
-0.43512356,-0.665144988066668
-0.73484284,-0.6455442894666674
-0.6133449,-0.7753616660666653
-0.933051,-2.1848695531333333
-0.60163426,-0.6802224240000011
-1.1578898,-0.7097430259333347
-0.578213,-0.6042398795333337
-0.5899236,-0.5670293165333326
-0.560647,-0.678704926733334
-0.48525974,-0.7872918894666644
-0.57235765,-0.6667552036
-0.4933108,-0.6287776054000005
-0.474281,-0.7739173626666646
-0.46549803,-0.7439771380666664
-0.5635747,-0.586078630466665
-0.8592684,-0.5388457059999987
-1.48425,-0.587935376866665
-0.7099577,-0.6607339937333324
-0.7846131,-0.610592906933335
-0.6601875,-0.6359562002666679
-0.89879185,-0.6418017537333345
-0.6118811,-0.5567597414000002
-0.5401534,-0.5898894712666675
-0.474281,-0.5496292445333336
-0.61480874,-0.6388277597333324
-0.6616513,-0.6543874560333324
-0.7948599,-0.5635551553333349
-0.8241365,-0.6190245692000005
-0.6323747,-0.38905683160000026
-0.46257037,-0.6105197158666656
-0.7816854,-0.38874567859999964
-0.6748258,-0.725464561399999
-0.69239175,-0.6054060680000002
-0.578213,-0.6896909680666655
-0.6660428,-0.5451304147333333
-0.7480173,-0.6057037149333325
-0.4684257,-0.5770744389333344
-1.1432515,-0.5223500522666664
-0.6738743,-0.5480971304666667
-0.83584714,-0.6526731454666655
-0.4237789,-0.4200119579999996
-0.29343697,-0.8543109168666679
-0.52844274,-0.5554650521333329
-0.5445449,-0.5901578410666659
-0.58114064,-0.7071081291333321
-0.66897047,-0.6010731171999986
-0.9529535,-0.6374298220000016
-0.5482045,-0.5752852953999995
-0.59138745,-0.5649409204000004
-0.67336196,-0.6871276480000014
-0.53860825,-0.5980980486800005
-0.54308105,-0.6083629916666654
-0.4977023,-0.6711301206666671
-0.7187407,-0.651485504799999
-0.742162,-0.5380259526000001
-0.53868955,-0.5803501650666668
-0.81665003,-0.6802517246000015
-0.69678324,-0.6168825123333349
-0.63969386,-0.5569874528666667
-0.71239746,-0.5306384881333337
-0.49916613,-0.5143509518000002
-0.65286833,-0.6172484583333335
-1.1206841,-0.8665996256666659
-0.5752853,-0.6179120586666657
-0.7319152,-0.8550623376666674
-0.9705195,-0.7545215934666674
-0.7128854,-0.6832379157333336
-0.6997109,-0.6077091459333342
-0.742162,-0.6559623668000002
-0.56211084,-0.6883125367333339
-0.5299066,-0.5364645542000005
-0.42011932,-0.43245777693333376
-0.90757483,-0.41993388986666563
-0.7736343,-0.9465761739999984
-0.47135335,-0.3886957408000008
-0.6572598,-0.6077033914666675
-0.7099577,-0.6126764290666656
-0.7480173,-0.7556459857333335
-0.71581304,-0.725303539533332
-0.63917106,-0.573070725200001
-0.6762896,-0.7053515436000016
-0.6228598,-0.2877450863133338
-0.7655833,-0.5759001316666663
-0.55869526,-0.6401581516000001
-0.5591832,-0.35308307893333396
-0.76411945,-0.6888004928000003
-0.48013633,-0.4001526546666669
-0.6748258,-0.637410286266665
-0.69239175,-0.23987429759999998
-0.55771935,-0.6744159034666675
-0.68800026,-0.5866056257333332
-0.68214494,-0.7791481155333339
-0.6118811,-0.5918753942666681
-0.7377705,-0.5789058475999996
-0.72605985,-0.6464128384666664
-0.6806811,-0.4987790564666662
-0.664579,-0.48923161953333305
-0.62944704,-0.5345322832000002
-0.5247832,-0.681217848666667
-0.46110654,-0.6912206826666666
-0.15662985,-0.6452076100666666
-0.50502145,-0.5037693719999993
-0.10978728,-0.4995711500666667
-0.42597464,-0.5517989843333327
-0.62066406,-0.5218555088666655
-0.6938556,-0.5505465869333329
-0.5181959,-0.5352641902666672
-0.5884598,-0.7189358662000009
-0.60017043,-0.5439336947333333
-0.7582641,-0.6218692946666674
-0.45525125,-0.7152860624666654
-0.6572598,-0.5672635297333328
-0.5504002,-0.667843319466668
-0.7772939,-0.561901030386666
-0.53283423,-0.6047766207333324
-0.5855321,-0.5249490835333344
-0.35863844,-0.6457345933333322
-0.47574484,-0.6153942775999992
-0.6133449,-0.5625890326666678
-0.6938556,-0.5992238357999993
-0.4479321,-0.680915329733332
-0.5035576,-0.7652026795333339
-0.7172769,-0.5874400059333337
-0.55332786,-0.6385715801333327
-0.5987066,-0.6838429905333316
-0.7275237,-0.5918558752666668
-0.54308105,-0.6712833038666678
-0.647013,-0.4339866581333329
-0.4977023,-0.614857545466666
-0.48196614,-0.6503212650000011
-0.94417053,-0.6579624658666662
-0.4786725,-0.5686818135999994
-0.8412145,-0.46483443740000024
-0.6089534,-0.46652923846666655
-0.6265194,-0.6256410855999992
-0.5752853,-0.5786277089333347
-0.65872365,-0.6839503291999989
-0.40108952,-0.5980066965333328
-0.56650233,-0.6041227855333323
-0.7187407,-0.6967149283333326
-0.6045619,-0.46040391079999987
-0.655796,-0.5910328938986662
-0.40840867,-0.7051417136666653
-0.42743847,-0.48140989200000034
-0.62505555,-0.6007480318666674
-0.6030981,-0.625572768000001
-0.7341109,-0.6117444523333329
-0.80688417,0.15939235386666678
-0.8033989,-0.6262689083333348
-1.0027238,-0.5435732181333345
-0.5269789,-0.5465259141333335
-0.70263857,-0.7702577765999981
-0.56943,-0.47899457246666655
-0.47339228,-0.7072057106666663
-0.7963237,-0.8901259061333339
-0.6514045,-0.7231785519999991
-0.4977023,-0.5748522484000002
-0.7275237,-0.6334611868000005
-0.7275237,-0.5809357006666673
-0.64847684,-0.8490313529999987
-0.68214494,-0.5624231209333332
-0.60602576,-0.539553230000001
-0.65286833,-0.5838584931999996
-0.39230654,-0.6137713697999992
-0.4640342,-0.6596019475333339
-0.5357619,-0.5299748644000004
-0.957345,-0.7526332476000007
-0.5584513,-0.6555910594000011
-0.56796616,-0.7065194144666659
-0.73045135,-0.3973899237333329
-0.46696186,-0.7242739648666673
-0.70117474,-0.6650376450666662
-0.3469278,-0.5850344223333326
-0.62922746,-0.5576120001333339
-0.5650385,-0.3734084850000006
-0.40694484,-0.7305050167333339
-0.12585843,-0.6878977877333348
-0.5540598,-0.6704147841333333
-0.27812776,-0.6533055903333349
-0.5738215,-0.5649595089333336
-0.45695904,-0.532834238866666
-0.46549803,-0.605615879466667
-0.82706416,-0.5633306916666675
-0.7143492,-0.5575680980666665
-0.27154052,-0.5442862634666681
-0.26860178,-0.7273577914000012
-0.68800026,-0.5724942980666666
-0.6416456,-0.6122323878000007
-0.69458747,-0.6506042576000011
-0.6806811,-0.6351331992000004
-0.6192002,-0.6299130512000012
-0.89440036,-0.6527414578666678
-0.5496683,-0.8774865966666656
-0.43475762,-0.555152767799999
-0.6554412,-0.7286557127999984
-0.4786725,-0.7404151501999988
-1.0554217,-0.6814092613333316
-0.84609395,-0.6792513142
-0.48086825,-0.4911003474000006
-0.40840867,-0.6118752745333319
-0.43768528,-0.6554837131999992
-0.85549027,-0.7767738327999997
-0.7128854,-0.5983845615333341
-0.71142155,-0.5090762794000002
-0.46183845,-0.5707084119999997
-0.48086825,-0.5144761828000014
-0.6133449,-0.6328626413999998
-0.43475762,-0.6494771254666655
-0.60968536,-0.4772574848000002
-0.7802216,-0.5492486343333325
0.039841425,-0.26616602946666734
-0.4332938,-0.724947317333334
-0.40840867,-0.7408445614000004
-0.53429806,-0.5062706010000001
-0.49477464,-0.7584137492000014
-0.49148104,-0.857991420399998
-0.6411577,-0.6268577029999999
-0.2708086,-0.6730447979333333
-0.6221279,-0.32393101389999923
-0.63383853,-0.5696056584000001
-0.810962,-0.6459443990666675
-0.7143492,-0.5295422381333333
-0.47135335,-0.6942068789333337
-0.362298,-0.6607811601333334
-1.58728,-0.6403964938666677
-0.76851094,-0.6518007141333328
-0.5145364,-0.5360969473333335
-0.34546396,-0.6581625162666667
-0.5654045,-0.49325225913333287
-0.6806811,-0.5943053730000009
-0.45085976,-0.6133937041333332
-0.60822153,-0.517244453733333
-0.5079491,-0.6065527406666673
-0.5123406,-0.5749828018666658
-0.7568003,-0.44283797406666686
-0.3615661,-0.7580884476666678
-0.724596,-0.6297983710000009
-0.9339237,-0.7646854410666678
-0.53429806,-0.27844980753333304
-0.59138745,-0.5171273225999997
-0.5079491,-0.780973010333333
-0.7948599,-0.6771516511333333
-0.7948599,-0.6394010906666661
-0.4596427,-0.5996922624666671
-0.4391491,-0.5397825643333334
-0.65286833,-0.8119501042666679
-0.54308105,-0.659331838266667
-0.6894641,-0.7283239180000015
-0.5225874,-0.8821773033333339
-0.6199321,-0.5943327922666675
-0.74508965,-0.676055406533332
-0.8929365,-0.7359507902000011
-0.53429806,-0.5927634553333324
-0.82779604,-0.6261192702666682
-0.68653643,-0.5798036722666666
-0.7992514,-0.5639845617333342
-0.8709791,-0.5948475030666674
-0.79339606,-0.8566139792000009
-1.1930218,-0.6738108578666672
-0.88049394,-0.5238414297999997
-0.24656996,-0.6789928331333333
-0.1520108,-0.7481880430666682
-0.41816753,-0.39371142653333363
-0.57235765,-0.5516005433999991
-0.7714386,-0.40783369939999925
-0.77875775,-0.7072057246666678
-0.65067255,-0.47191310560000016
-0.5562555,-0.1754595917999999
-0.6133449,-0.661534204333334
-0.46257037,-0.5801062155999991
-0.4149959,-0.8332854063999976
-0.6235917,-0.7128926969333347
-0.5987066,-0.5671269013333331
-0.7626556,-0.6908693658000011
-0.5299066,-0.4098236965066657
-0.43988103,-0.742866577666666
-0.7860769,-0.7784283843333323
-0.83584714,-0.7421131877999991
-0.4332938,-0.5280419650666677
-0.94563437,-0.5332392346000007
-0.6367662,-0.5469065186666665
-0.73539174,-0.429123691120001
-0.7055662,-0.6147208901333329
-0.414264,-1.0276351696000003
-0.6159066,-0.5805258374666664
-0.8292599,-0.6128179092666662
-0.95441735,-0.6168190660000009
-0.5905533,-0.6235570152666667
-0.47135335,-0.6640422214666678
-0.67067826,-0.4108971646666659
-0.6718981,-0.5108182305333324
-0.57790804,-0.564255314200001
-0.5706255,-0.7023018975999987
-0.61157,-0.6537661571333347
-0.724596,-0.5493429798666674
-0.6411577,-0.5225191105333326
-0.8534131,-0.827036894533334
-0.6221279,-0.6018994012000004
-0.6089534,-0.4230469616666677
-0.60017043,-0.47601323626666603
-0.48452783,-0.7638730210666678
-0.83996576,-0.5801387281333326
-0.61627257,-0.5308818249999997
-0.44207677,-0.6191221605333335
-0.66897047,-0.6619294367333346
-0.51380444,-0.6949241772666677
-0.81462157,-0.5600232397999999
-0.5928513,-0.5058558408666671
-0.6514045,-0.697334600066666
-0.483064,-0.7669397672000018
-0.6323747,-0.6875298664000001
-0.71142155,-0.47300748879999965
-0.6850726,-0.6494247637333335
-1.7820406,-0.5209402339333332
-0.47062144,-0.3744835849333343
-0.64481723,-0.44568364159999996
-0.655796,-0.7028304895333323
-0.6718981,-0.6316330242666673
-0.8519493,-0.5622572101999992
-0.5211236,-0.3989913523333341
-0.62066406,-0.6778900574666674
-0.6455492,-0.5002705080000002
-0.62944704,-0.6432192629333335
-0.12003408,-0.5892404968000012
-1.0100429,-0.5422710582000004
-0.5020938,-0.5941760601333324
-0.6953194,-0.628149103533334
-0.53429806,-0.5811064965333325
-0.6221279,-0.4312639315999991
-0.36449376,-0.6322441920666678
-0.39669803,-0.584692882933334
-0.7041024,-0.6786903117333335
-0.6235917,-0.7332843314666653
-0.48891932,-0.6619396233333336
-0.21371923,-0.5012545309333343
-0.690196,-0.6889956660666657
-0.8343833,-0.6728154639999994
-0.5650385,-0.5636234626000007
-0.5020938,-0.5283451402666669
-0.69678324,-0.4318885074666673
-0.6323747,-0.6098122118666676
-0.59138745,-0.6144281458000007
-0.6030981,-0.5954471470000007
-0.7172769,-0.7014187054666661
-0.50941294,-0.4951649991333334
-0.7231322,-0.6189952874666677
-0.74069816,-0.6557667353333354
-0.72166836,-0.7136319088666657
-1.9787791,-1.1514157063999984
-0.86731946,-0.7195701859333339
-0.55332786,-0.607343190933335
-0.4786725,-0.5686492854000008
-0.6639202,-0.7184479400000005
-0.4596427,-0.6514435340666652
-0.5738215,-0.9465517370666671
-0.56650233,-0.38727095419999924
-0.43768528,-0.7132350536000011
-0.56796616,-0.4445701511066662
-0.7568003,-0.5626944258666654
-0.5752853,-0.5719087417333337
-0.69897896,-0.9852625553333338
-0.87171096,-0.6154333026666665
-0.54308105,-0.5957106148666658
-0.59577894,-0.7837347489333325
-0.6074896,-0.5045823060666664
-0.7582641,-0.6072651457333329
-0.29276606,-0.503908940133334
-0.5738215,-0.6731423883999985
-0.5181959,-0.7992611284666659
-0.6801932,-0.7905741966666685
0.027393589,0.026500690066666655
-0.54308105,-0.45552075806666675
-0.74508965,-0.6864006199999996
-0.75387263,-0.6796954627333336
-0.5035576,-0.9431751682666669
-0.5547917,-0.6810909721999989
-0.474281,-0.5161368103999995
-0.77436626,-0.6322868724000007
-0.74948114,-0.6031611530666677
-0.31935897,-0.49109556866666765
-0.7963237,-0.49211048246666633
-0.35571077,-0.6352047933333343
-0.9119663,-0.659933753466665
-0.6953194,-0.6374119132666668
-0.4933108,-0.5466528028666665
-0.64847684,-0.5635795580666674
-0.32057884,-0.5406901271333328
-0.26733202,-0.5821562075999998
-0.7143492,-0.5451548145333336
-0.6279832,-0.6264315569333325
-0.6909279,-0.5695178116666665
-0.8329195,-0.5058607152000005
-0.10759153,-0.19850027446666715
-0.4292726,-0.7218172927333321
-0.37474057,-0.6794417354666665
-0.70337045,-0.8505540569999988
-0.6894641,-0.7448603176000009
-0.5650385,-0.4151861955333345
-0.6806811,-0.5064560228666675
-0.578213,-0.5610373843333334
-0.54747254,-0.5411000020000002
-0.5591832,-0.4916810937333333
-0.11857025,-0.5732066796000006
-0.4523236,-0.4280646564666671
-0.70703006,-0.4407300366666675
-0.5796768,-0.5881670266666668
-0.51965976,-0.6949193153333342
-0.7729024,-0.4498350639333326
-0.57235765,-0.5142045682000009
-0.54747254,-0.6415675583999991
-0.47574484,-0.589821151
-0.18005113,-0.5528643179999997
-0.52405125,-0.6251960798666671
-0.6184683,-0.7052051463333333
-0.6192002,-0.6602460396666671
-0.1302809,-0.5737434284666665
-0.48599166,-0.5622572260666656
-0.6192002,-0.708406060533333
-0.5562555,-0.697398048399999
-0.39456216,-0.7321097016622211
-0.7524088,-0.5679564072666665
-0.6309109,-0.5356838382666669
-0.6601875,-0.655034806666666
-0.77875775,-0.6078311042666669
-0.36888525,-0.6120713876000007
-0.5167321,-0.6904302186666654
-0.5313704,-0.5531814724666677
-0.5460087,-0.6801573992000012
-0.80217904,-0.701211312933333
-0.34107247,-0.627203321199999
-0.78754073,-0.6871561238666668
-0.51965976,-0.6651742609333338
-0.61480874,-0.5765081235333338
-0.51526827,-0.48773850080000036
-0.35229728,-0.6394315113333341
-0.74948114,-0.5108523995200001
-0.5855321,-0.6977181453333341
-0.4098725,-0.5274863822666663
-0.5181959,-0.5639300478666681
-0.5943151,-0.6793441453333329
-0.55771935,-0.5905872263333343
-0.9339237,-0.6103196465333341
-0.36515597,-0.32421871420000076
-0.53503,-0.6909114134533343
-0.56650233,-0.7625189978000013
-0.560647,-0.5119795473333324
-0.61627257,-0.5725723544000003
-0.34985545,-0.7131781459999987
-0.84609395,-0.3375768378
-0.41280016,-0.6025808785333328
-0.41572782,-0.7694185170666673
-0.80364287,-0.810406388400001
-0.3130436,-0.6217180141333338
-0.49550655,-0.3596003156399997
-0.6323747,-0.5707669666666654
-0.40694484,-0.5964913179333347
-0.7948599,-0.7198824945333344
-0.6514045,-0.7583099975333322
-0.2683689,-0.4049930590666656
-0.5899236,-0.7038096187333349
-0.57674915,-0.6252019371333339
-1.122026,-0.8065412502666661
-0.60017043,-0.572660195733334
-0.3864512,-0.6687899257999992
-0.5020938,-0.5324436476666662
-0.6133449,-0.7063810945333326
-0.57235765,-0.6406843899333338
-0.6718981,-0.6585016300000013
-0.23323697,-0.5649994546666662
-0.74508965,-0.6610072394000003
-0.49209288,-0.5665416307333341
-0.5150243,-0.6098020765333334
-0.42743847,-0.5459078653333337
-0.73045135,-0.7697795741333331
-0.6045619,-0.6448977706000008
-0.62066406,-0.5158489288666668
-0.7816854,-0.48129277753333277
-0.83584714,-0.5629793834000009
-0.31618735,-0.7024433839999997
-0.45732498,-0.4817611998666659
-0.5181959,-0.6750697611999992
-0.41865548,-0.47191310560000016
-0.35937035,-0.6135791039999989
-0.45671508,-0.5257297908
-0.6228598,-0.569088438133334
-0.46696186,-0.45968176493333296
-0.21079157,-0.49426231599999965
-0.6601875,-0.6682287841333342
-0.70117474,-0.6907913039999994
-0.36302993,-0.26199229180000005
-0.5987066,-0.7890191871999993
-0.62505555,-0.5886061664000006
-0.5633612,-0.662105111800001
-0.655796,-0.6609291562000003
-0.65433216,-0.5268325445999994
-0.58114064,-0.21360212789999977
-0.6514045,-0.6977201014666661
-0.6235917,-0.7310270939999999
-1.15433,-0.16812160693333322
-0.7041024,-0.6588602726666656
-0.733379,-0.7378485628666681
-0.483064,-0.6894035941333352
-0.73484284,-0.6330090327333335
-0.7846131,-0.700677013466667
-0.73045135,-0.8083466631333341
-0.5269789,-0.7090891705333329
-0.7392343,-0.7262766136666662
-0.79778755,-0.5664632979333336
-0.49184698,-0.7253767152000014
-0.647013,-0.6640715214666679
-0.51526827,-0.6708929641333319
-0.5855321,-0.4881483839333333
-0.31179586,-0.6608120643333334
-1.0610433,-0.5953967878000008
-0.44500443,-0.6123007097333327
0.22756913,-0.6844445122666651
-0.6704343,-0.5777152849333328
-0.83731097,-0.8737593455999987
-0.7611918,-0.6230988985333338
-0.67775345,-0.6644618655333336
-0.6221279,-0.6390717248666671
-0.5299066,-0.5876205220000007
-0.6133449,-0.545413987066668
-0.7465535,-0.6599044823333324
-0.6133449,-0.4883728383333337
-0.8343833,-0.6257874766666651
-0.6455492,-0.6041910855333327
-0.41865548,-0.6016537832666663
-0.23274902,-0.7996178222000011
-0.46696186,-0.5514541590666661
-0.81242585,-0.48214668106666747
-0.56943,-0.6717810188666672
-0.41280016,-0.5270911423333334
-0.6074896,-0.718506487066665
-0.80803436,-0.5150340441653328
-0.7357305,-0.6412759493333343
-0.72996336,-0.4851548467999999
-0.6426215,-0.6458614624000004
-0.664579,-0.7833102704000022
-0.41719165,-0.5010983918666667
-0.5884598,-0.5686200062666673
-0.551864,-0.3567797350666671
-0.3088682,-0.4199485314666675
-0.4098725,-0.6507409006666669
-0.3406333,-0.9873174065333327
-0.5416172,-0.6604997663333343
-0.78900456,-0.6128764830666664
-0.6133449,-0.7353970434666677
-0.6192002,-0.6559326043333342
-0.6704343,-0.6601395031999995
-0.8343833,-0.5351666138000006
-0.5181959,-0.6549664886666661
-0.68074614,-0.09303667919999989
-0.7377705,-0.6414016454000012
-0.65286833,-0.5714403363333336
-0.74948114,-0.5632331052666671
-0.7992514,-0.7359846082666676
-0.63383853,-0.664666781733332
-0.6177364,-0.5229973213333341
-0.71142155,-0.584468409066666
-0.5313704,-0.5855719739999999
-0.55771935,-0.6100366454666661
-0.5943151,-0.5171712580000005
-0.53795767,-0.580203775733334
-0.58114064,-0.5454622156666676
-0.34981886,-0.6239527997333345
-0.6089534,-0.37163723946666705
-0.63823,-0.613984126
-0.42304698,-0.5445253524666662
-0.5972428,-0.6482523908000004
-0.49916613,-0.6444269122000005
-0.63823,-0.6800126403333333
-0.8431663,-0.6455394181333327
-0.50941294,-0.5595881805333326
-0.66897047,-0.5941589746000007
-0.37034908,-0.5977697458666681
-0.5972428,-0.6038690329333343
-0.77436626,-0.5653019843333336
-0.74948114,-0.7747468526666657
-0.50502145,-0.4655030366000009
-0.69678324,-0.8686743338666667
-0.49623847,-0.500776342933333
-0.43475762,-0.5453353283999994
-0.7816854,-0.7870430324000017
-0.8241365,-0.648527512000001
-0.77436626,-0.554762422266668
-0.6426215,-0.5625695310666665
-0.7319152,-0.5429297931999996
-0.47135335,-0.5777982329999997
-0.66531086,-0.24820893199999997
-0.8446301,-0.7328325125999985
0.32470936,-0.2833316703333337
-0.64847684,-0.5969012240000015
-1.2581793,-0.12851206853999997
-0.4479321,-0.46405373600000077
-0.60602576,-0.6405038416000001
-0.7772939,-0.5888306200000003
-0.84170246,-0.6166043805333329
-0.4391491,-0.6834623830666664
-0.5840683,-0.6677460911333348
-0.70117474,-0.6167117282666674
-0.5035576,-0.20188984719999994
-0.85268116,-0.5999557518000008
-0.3865176,-0.7193849653333327
-0.7626556,-0.7127389956666664
-0.44451648,-0.09120135846666676
-0.724596,-0.6148930194666665
-0.7275237,-0.6317306176666658
-0.9046472,-0.5605982049333325
-0.69678324,-0.5416269961333342
-0.55552363,-0.668670370066666
-0.70117474,-0.6147916588666663
-0.5504002,-0.6538051435999999
-0.037327673,-0.738422856000001
-0.6426215,-0.744406527533332
-0.25982988,-0.09953470066666673
-0.36449376,-0.6015822118666666
-0.3389987,-0.6178681545333331
-0.6133449,-0.7030532841333339
-0.69678324,-0.5554211455999983
-0.7655833,-0.508993326266666
-0.32497033,-0.3096391537333332
-0.5416172,-0.5390945476666654
-0.53283423,-0.668726479400001
-0.7758301,-0.6278075526
-0.5357619,-0.5816090606
-0.3132597,-0.5256409823666663
-0.6997109,-0.657684318800001
-0.7904684,-0.6821280020000011
-0.82120883,-0.5823604762666665
-0.6919038,-0.5657309117333332
-0.43768528,-1.0001019198666647
-0.56211084,-0.4599842854666675
-0.5686981,-0.6922648922666668
-0.60017043,-0.46633243313333245
-0.67336196,-0.7053287575999992
-0.5796768,-0.6061526042666651
-0.72888476,-0.49582814233333306
-0.6030981,-0.6920697560666659
-0.46549803,-0.5373916396666679
-0.5928513,-0.6056939631333345
-0.48013633,-0.5922852648000004
-0.6601875,-0.7225564159999985
-0.58260447,-0.7250324968666665
-0.7655833,-0.5079881522666672
-0.5708938,-0.6965538940000009
-0.40401718,-0.5926170719999986
-0.56796616,-0.610319678200001
-0.5562555,-0.5913484217999992
-0.6279832,-0.5443204198666673
-0.7143492,-0.6218156033333322
-0.4933108,-0.5661022259333327
-0.6806811,-0.6677798858666656
-0.70117474,-0.5677563499999995
-0.5296626,-0.5874546121333322
-0.70117474,-0.691915188933333
-0.6704343,-0.5655086115333342
-0.49111506,-0.8875126699333323
-0.54893637,-0.747802609799999
-0.58297044,-0.7326975310666668
-0.51053965,-0.24749345579999987
-0.6909279,-0.5839121591333337
-0.49623847,-0.614369595533333
-0.7882726,-0.4787896309333335
-0.62944704,-0.556572668333334
-0.78754073,-0.5478336195333329
-0.63823,-0.7288752896666656
-0.75387263,-0.7395693823999993
-0.70117474,-0.7405127558000008
-0.6718981,-0.5368109734666672
-0.35863844,-0.463185194066667
-0.22467355,-0.34160718850277744
-0.71571547,-0.31311818833333327
-0.74508965,-0.4081207760000003
-0.97783864,-0.6956414640799997
-0.93549216,-0.5942565601333349
-0.46549803,-0.477384344000001
-0.61627257,-0.5122722965999991
-0.7041024,-0.7602012673333309
-0.7187407,-0.5555694596000011
-0.43036613,-0.7067795677333326
-0.47135335,-0.5629598618666667
-0.5372257,-0.3468422267999994
-0.51965976,-0.5997459259999982
-0.29203415,-0.9180039726666678
-0.65774775,-0.31334427479999977
-0.7524088,-0.5560408145333343
-0.5884598,-0.5685321725333335
-0.63969386,-0.9858832623333325
-0.7714386,-0.6856434985333328
-0.6836088,-0.7270308682000012
-0.65286833,-0.611082320533333
-0.43622145,-0.7008819570000004
-0.5108768,-0.6475692572666677
-0.73045135,-0.6419481582000016
-0.6909279,-0.6335262506000009
-0.24931692,-0.3596003156399997
-0.61627257,-0.45868603719999984
-0.5013619,-0.40881365480000076
-0.37766823,-0.5149071925333337
-0.5928513,-0.5542891287333331
-0.63383853,-0.9163997381333322
-0.4874555,-0.44594126853333366
-0.4874555,-0.30593598366666636
-0.56211084,-0.5712451550666662
-0.50502145,-0.5526382306666665
-0.810962,-0.726137920666667
-0.67336196,-0.6313695382000013
-0.5738215,-0.5983455385333325
-0.5416172,-0.8142995479999989
-0.54893637,-0.608777757733333
-0.7019066,-0.6310377320666675
-0.07338669,-0.6101294915333344
-0.63383853,-0.7234737470666662
-0.4596427,-0.6075449000666658
-0.8475578,-0.5920429194000005
-0.5123406,-0.47434934606666596
-0.8329195,-0.4860892756000006
-0.7611918,-0.6231184083333321
-0.7289875,-0.6167312435999989
-0.68873215,-0.6956568889333344
-0.6660428,-0.7136856093333327
-0.65872365,-0.6206602654000002
-0.6572598,-0.5724015823333336
-0.4452484,-0.5919973771999999
-0.56943,-0.6112532578000006
-0.4839911,-0.4659970299333341
-0.46110654,-0.615901755666667
-0.8870812,-0.6039178413333329
-0.8007152,-0.8107196534666656
-0.84828967,-0.6797881483999987
-0.6860294,-0.38246304413333354
-0.45085976,-0.7189749343333345
-0.45378742,-0.5925097236666654
-0.8153535,-0.7653910291333359
-0.5650385,-0.5660290332000006
-0.62066406,-0.641139820933334
-0.5752853,-0.6189953152666673
-0.560647,-0.513321389
-0.7714386,-0.5334539377333342
-0.6021222,-0.7446163426666662
-0.5899236,-0.4907832546666679
-0.7319152,-0.49676545666666716
-0.30154905,-0.5548567561333332
-0.7319152,-0.6177949647999995
-0.3908427,-0.3707711449999989
-0.6089534,-0.6071773046666682
-0.6806811,-0.6166531749999989
-0.6177364,-0.49460875766666657
-0.55771935,-0.41010322053333353
-0.5562555,-0.8814014977999999
-0.6836088,-0.3485380043333328
-0.59577894,-0.6407185276000005
-0.8879821,-0.47422248953333385
-0.4245108,-0.7479636222000008
-0.8299918,-0.6681214375333333
-0.5862641,-0.671479109066667
-0.8219407,-0.311171294066666
-0.43365973,-0.704151205666668
-0.72166836,-0.47161687133333324
-0.6199321,-0.7131390935333336
-0.551864,-0.5797060748000015
-0.85048544,-0.7110360497999982
0.13234527,-0.8361789382000011
-0.81462157,-0.715578818800001
-0.4786725,-0.6189904398000012
-1.061277,-0.6474911721999986
-0.551864,-0.5703522042666669
-0.5181959,-0.6325893934666657
-0.5752853,-0.5199037278000002
-0.78131944,-0.5464632959999998
-0.61041725,-0.5244806539333324
-0.5181959,-0.4427793986666673
-0.6938556,-0.560842188200001
-0.7992514,-0.6374395599333323
-1.162168,-0.3331280404000001
-0.62066406,-0.5213968516666672
-0.6938556,-0.6104172538666662
-0.44207677,-0.5691225963333324
-0.51526827,-0.7218049683333334
-0.4786725,-0.7642511879999985
-0.69239175,-0.4842918792000002
-0.8446301,-0.5501269420666667
-0.53795767,-0.7339791668000002
-0.50502145,-0.6531074262666664
-0.5357619,-0.6194442078666678
-0.6323747,-0.5787009354666673
-0.7846131,-0.6064746752666657
-0.6089534,-0.7021896550000002
-0.62066406,-0.6697121320666672
-0.7084939,-0.6214447685333333
-0.6601875,-0.5701957703999995
-0.67263,-0.4659970299333341
0.07465535,-0.8249479915333331
-0.7187407,-0.7592253579333326
-0.77436626,-0.5720004866666654
-0.58260447,-0.5857151074000012
-0.70703006,-0.587886116133332
-0.42158315,-0.6691266180000004
-0.9046472,-0.5757635172000007
-0.7992514,-0.5931245326666661
-0.8490216,-0.605890764266666
-1.0268769,-0.316615221866667
-0.66750664,-0.7463973505333339
-0.23860434,-0.4778137435333345
-0.6323747,-0.6139499359999991
-0.34107247,-0.5653215168000002
-0.7289875,-0.5069829999999997
-0.9017195,-0.4959139962666664
-0.76411945,-0.5696788477999986
-0.44915193,-0.5097789204
-1.0466387,-0.8025059415333325
-0.7758301,-0.5504587527999991
-0.5269789,-0.6456565296666649
-0.72020453,-0.416323105999999
-0.53868955,-0.4486737540666662
-0.58260447,-0.8643620861999992
-0.62944704,-0.49698502160000063
-0.483064,-0.6751575832666671
-0.5899236,-0.6343655234666657
-0.4098725,-0.6603046066666683
-0.60529387,-0.5895723116666663
-0.6118811,-0.5570850186666673
-0.48764428,-0.7776849651333345
-0.7758301,-0.5412854331333331
-0.5708938,-0.47558871586666746
-0.3398526,-0.6543370307333339
-0.43768528,-0.5553381796000013
-0.5972428,-0.6705318828666683
-0.41572782,-0.7261964805333323
-0.897328,-0.5940321152666658
-0.55771935,-0.6148260648000006
-0.63823,-0.6286404467926654
-0.7946159,-0.6424579412000003
-0.6723373,-0.7112406017999992
-0.5708938,-0.5899528955999999
-0.7436258,-0.7612844950666666
-0.65286833,-0.6177949611333334
-0.7860769,-0.6476278129999998
-0.5884598,-0.5090909055333324
-0.5796768,-0.7413324794666664
-0.55332786,-0.6161457131999993
-0.4581789,-0.557895010066668
-0.5020938,-0.7383462707333327
-0.77875775,-0.7525649616666681
-0.6192002,-0.47769175746666653
-0.56796616,-0.7447676202000009
-0.80217904,-0.6371500063999993
-0.78754073,-0.4676157042666671
-0.7465535,-0.8675138797333345
-0.6850726,-0.5817261865333333
-0.6235917,-0.6744939898000005
-0.60163426,-0.4296264451999995
-0.733379,-0.6784951133333347
0.1095433,-0.6337897429333342
-0.4435406,-0.7484906197333339
-0.8826897,-0.6747542230666655
-0.95002586,-0.8070682321333333
-0.12808515,-0.466503206533334
-0.41572782,-0.5642187532000008
-0.59065557,-0.7136075218666679
-0.78314924,-0.6728545061333332
-0.89440036,-0.5974086813333319
-0.5269789,-0.7303830196000006
-0.63164276,-0.5423979232
-0.53429806,-0.5649946073333327
-0.7231322,-0.42144650253333327
-0.6192002,-0.550683222533332
-0.23128518,-0.6470813257333328
-0.560647,-0.6165751031999991
-0.46988952,-0.6445157122666676
-0.63383853,-0.6764067309333324
-0.29569373,-0.460286813933334
-0.5357619,-0.6370882412666654
-0.5108768,-0.5947712200666654
-0.8153535,-0.6311646041333325
-0.77948964,-0.07578011346666658
-0.49477464,-0.6054987553333326
-0.6030981,-0.8106148743999997
-0.6279832,-0.6484606031333343
-0.54893637,-0.4699432130933324
-0.37327674,-0.5426468007333334
-0.57674915,-0.606806444333333
0.10006345,-0.730359787599999
-0.45085976,-0.6061038148666665
-0.4098725,-0.6747241582000015
-0.88854504,-0.5013326048666661
-0.49184698,-0.5531326623999995
-0.61041725,-0.557172860999999
-0.6279832,-0.6206347798666672
-0.414264,-0.5559920556000013
-0.73899037,-0.6666478561333326
-0.65945554,-0.6440048367999996
-0.5972428,-0.645585249733332
-0.7128854,-0.48525976873333376
-0.59577894,-0.7085914809333331
-0.7992514,-0.7579518471333317
-0.33082566,-0.45214546620000107
-0.6601875,-0.382848565333334
-0.6872683,-0.6674066956666664
-0.80217904,-0.5419953674666669
-1.0268769,-0.29231415794666626
-0.7846131,-0.5232315145333346
-0.6074896,-0.7070142793333318
-0.7289875,-0.47188523920000025
-0.8230386,-0.6679213648666675
-0.6074896,-0.43314738579999956
-0.30301288,-0.43480639926666614
-0.22150114,-0.5423160618666675
-0.7860769,-0.5942627461333342
-0.414264,-0.43600674886666574
-0.6990184,-0.7684029786666665
-0.7963237,-0.4094723766666675
-0.6770215,-0.5927439333333339
-0.53868955,-0.47296844953333356
-0.65872365,-0.5337320620000002
-0.51342714,-0.7238217549333339
-0.5650385,-0.5547916896666676
-0.8094982,-0.7651148564000013
-0.7436258,-0.5714787613333336
-0.6748258,-0.27604423956666696
-0.8929365,-0.35155049046666564
-0.6426215,-0.5879230483999992
-0.5372257,-0.6145745217333342
-0.70117474,-0.4308052645333328
-0.7143492,-0.4061494867999989
-0.5840683,-0.5757439821999988
-0.80364287,-0.6976615276666673
-0.67775345,-0.5120913135333329
-0.5840683,-0.6210739318666673
-0.65067255,-0.5447888636000005
-0.76851094,-0.5596174402666665
-0.51965976,-0.5975550686666673
-0.54893637,-0.6988814255333334
-0.98369396,-0.5937881442000009
-0.1258894,-0.4708556700000013
-0.5306385,-0.6477985792666655
-0.7041024,-0.3651963980000003
-0.6118811,-0.39629455640000055
-0.5796768,-0.6810909643333344
-0.5181959,-0.640640481533334
-0.5562555,-0.7086418967333323
-0.72605985,-0.5911044607999999
-0.73484284,-0.47618075519999875
-0.36449376,-0.6845749104666652
-0.59138745,-0.5327951987333344
-0.8926925,-0.4604961403999989
-0.7084939,-0.6839357073333336
-0.60017043,-0.5653117546666656
-0.6455492,-0.5032232693333342
-0.73630667,-0.6864485863333333
-0.4523236,-0.6697088803999983
-0.9024514,-0.7734628553333325
-0.55771935,-0.8283328050666657
-0.71142155,-0.45898888266666604
-0.59577894,-0.785485034877778
-0.5547917,-0.5531717007999993
-0.34985545,-0.6048400655999999
-0.6704343,-0.5589587272
-0.78314924,-0.7263135901333336
-0.4935548,-0.6388545914666656
-1.0276089,-0.579657276933333
-0.73630667,-0.6322283062000005
-0.66897047,-0.5043993321333338
-1.4640867,-0.8176799258666663
-0.61041725,-0.6243089849333316
-0.6894641,-0.7335497984000008
-0.7019066,-0.5900987976666663
-0.6265194,-0.6512711212666676
-0.36742142,-0.6937189722666667
-0.44939592,-0.6404810781999992
-0.6426215,-0.7317590182000004
-0.60163426,-0.6754357028666652
-0.6309109,-0.6445830521333332
-0.3996257,-0.6630614750666665
-0.7275237,-0.471780324066667
-0.48452783,-0.5972476332000008
-0.53868955,-0.7036144494666657
-0.7487492,-0.5823271727333341
-0.64408535,-0.5458916003999995
-0.68653643,-0.39697127293333295
-0.61041725,-0.6867999177333332
-0.42524272,-0.735389314533335
-0.5987066,-0.7186126190666665
-0.647013,-0.718974912999999
-0.5796768,-0.7192188835999997
-0.5211236,-0.44847859086666736
-0.6514045,-0.6131594889999991
-0.750945,-0.529943979466666
-0.26666108,-0.5266119475333327
-0.75533646,-0.596003396466667
-0.20786391,-0.7112653906666687
-0.4779406,-0.801100680333332
-0.655796,-0.42399357766666623
-0.84023863,-0.5595198802000001
-0.87427264,-0.6665209903333325
-0.8153535,-0.6306669014666667
-0.6938556,-0.5249490835333344
-0.4289023,-0.5751389417333339
-0.7377705,-0.5693714437999995
-0.53429806,-0.6479596141333325
-0.8153535,-0.8855734589333317
-0.7772939,-0.6129057544000005
-0.69678324,-0.5610666447333325
-0.405481,-0.6224531725999998
0.04001136,-0.5469260370000005
-0.5540328,-0.7742205921333353
-0.7568003,-0.23990531306666615
-0.72020453,-0.6848579238000012
-0.6704343,-0.49812195446666685
-0.8665876,-0.6236649149999998
-0.7992514,-0.6904952745333346
-0.6323747,-0.6301984400000005
-0.5225874,-0.6725470816666657
-0.7729024,-0.6080750997333324
-0.0241532,-0.684604160400001
-0.664579,-0.7332911801333319
-0.76851094,-0.3842457049999993
-0.3864512,-0.7804840808666669
-1.0466387,-0.6642744871999988
-0.5855321,-0.6010682431333337
-0.49477464,-0.47502235253333225
-0.862928,-0.4731723809999995
-0.6221279,-0.4637699023333331
-0.5211236,-0.6737913563999998
-0.79339606,-0.746114318466667
-0.92900366,-0.5228220567333345
-0.443331,0.1579015768666667
-0.560647,-0.7091965270666657
-0.53868955,-0.8960203138666671
-0.42011932,-0.432552109733334
-0.80217904,-0.8976212191999984
-0.6409544,-0.589538148866666
-0.60017043,-0.5121942455333334
-0.74069816,-0.6371663046666677
-0.51965976,-0.6983641543333337
-0.79998326,-0.5082044952000003
-0.56577045,-0.6180340260000015
-0.53503,-0.5659168094666657
-0.4596427,-0.851329561333332
-0.5635747,-0.5546550607333341
-0.50502145,-0.7821538071333349
-0.8914727,-0.6030178997999989
-0.63530236,-0.6981169588000007
-0.6514045,-0.5822580326666661
-0.32057884,-0.6415578153333342
-0.5313704,-0.44023721820000095
-0.74508965,-0.7186431001333329
-0.6894641,-0.7560683764666655
-0.2898384,-0.631535446666666
-0.68653643,-0.6646863440666675
-0.6660428,-0.4931888528666665
-0.52405125,-0.5402802451333343
-0.63383853,-0.4719681842666667
-0.71142155,-0.36650652033333275
-0.6118811,-0.6786805492666679
-0.6514045,-0.49574565480000066
-0.84170246,-0.7635534437333346
-0.36900723,-0.42587208773333396
-0.5708938,-0.44203772546666525
-0.62993497,-0.7974118020000018
-0.6894641,-0.7972426602000005
-0.4104824,-0.6107832069333331
-0.6074896,-0.4520385906000007
-0.8241365,-0.6349933204000008
-0.23787242,-1.0179996579999993
-0.33875474,-0.6441715507999998
-0.62505555,-0.6301204037333327
-0.65286833,-0.36809477746666613
-0.41572782,-0.5409292096666672
-0.73484284,-0.6040593284000011
-0.4977023,-0.7382193969333344
-0.6601875,-0.7631834666666673
-0.48525974,-0.6041715547333341
-0.67775345,-0.6295836705333347
-0.42011932,-0.6478799751999991
-0.41572782,-0.6055085229999988
-0.37327674,-0.41218080626666764
-0.76851094,-0.7100943534666672
-0.57674915,-0.6033176591333329
-0.57504135,-0.8075236211333316
-0.71142155,-0.6390888125999988
-0.5401534,-0.576436855133334
-0.41280016,-0.48395207620000064
-0.63530236,-0.7708950178666671
-0.7392343,-0.6852726423333332
-0.64408535,-0.61959059
-0.750945,-0.6294090232666651
-0.5858839,-0.9996369010666651
-0.6762896,-0.5871410306666655
-0.7099577,-0.6788854735999995
-0.45671508,-0.5286720613333327
-0.6938556,-0.818349492666668
-0.50941294,-0.4699822357333331
-0.79778755,-0.6701903280000003
-0.5599151,-0.5291014580000005
-0.69678324,-0.7227906343333343
-0.7568003,-0.682457236266666
-0.87390673,-0.6261582956000007
-0.48452783,-0.5088518314666668
-0.4874555,-0.5269984175999999
-0.7128854,-0.6714296933333336
-0.40840867,-0.4488723575520003
0.43997857,-0.5800834533999988
-0.49916613,-0.6166531585999993
-0.40840867,-0.5508507587333344
-0.64847684,-0.6563693297999987
-0.5211236,-0.5554357967999997
-1.2462573,-0.7130301947333318
-0.66750664,-0.6003948906666665
-0.46988952,-0.5818351497333326
-1.0839664,-0.5870203446666673
-0.75533646,-1.2860343983999998
-0.4479321,-0.614028020666667
-0.65872365,-0.6138231056666658
-0.46696186,-0.3369737520666661
-0.83584714,-0.5753893518666665
-0.38498738,-0.606669831466668
-0.74508965,-0.566931708933334
-0.6704343,-0.7160667748000005
-0.82267267,-0.6107295129999994
-0.7172769,-0.6003070480000006
-0.7524088,-0.36674479153333356
-0.49184698,-0.7485198973333317
-0.8636599,-0.42887715413333194
-0.914894,-0.7407664774666649
-0.9822301,-0.43359622340000037
-0.6601875,-0.6466958397333326
-0.6806811,-0.464727109400001
-0.6177364,-0.5755780768000015
-1.087626,-0.7582641320000011
-0.80217904,-0.6244555847999989
-0.8138897,-0.5823214816666676
-0.70703006,-0.38623001733333434
-0.60602576,-0.7004760070666646
-0.6572598,-0.694450855133332
-0.7006868,-0.6005920172666663
-0.39816186,-0.5486045726666655
-0.60602576,-0.46119925693333336
-0.51526827,-0.5772907663333327
-0.49477464,-0.5467308797333332
-0.6411577,-0.5999630692666679
-0.54308105,-0.6711637580000015
-0.6704343,-0.5899553446666654
-0.60163426,-0.7949086375333352
-0.6265194,-0.7442796763333354
-1.1129168,-0.6435827777999995
-0.54893637,-0.4132295426666664
-0.50502145,-0.49974191960000053
-0.5357619,-0.415293531266666
-0.33668098,-0.6143842101333322
-0.37913206,-0.6245871116000016
-0.80803436,-0.7088208183999983
-0.57235765,-0.6386203805333319
-0.6572598,-0.6125788500666675
-0.40840867,-0.3597558197999995
-0.69751513,-0.5340931558666664
-0.5299066,-0.5015765799999988
-0.5123406,-0.6602850722666666
-0.76851094,-0.4912126649333326
-0.57235765,-0.7222831546666671
-0.42011932,-0.5541651701333329
-0.64847684,-0.4722324244000005
-0.43622145,-0.4384659856666674
-0.5650385,-0.6266828256666673
-0.5416172,-0.7068348754000008
-0.578213,-0.619541788666666
-0.6221279,-0.44836147633333356
-0.7143492,-0.5609056280000002
-0.43182996,-0.6269682893999996
-0.70117474,-0.7563709107333342
-0.7758301,-0.5649104374666666
-0.7194726,-0.6358143895333341
-0.6235917,-0.6326284144666655
-0.65067255,-0.7879310986666659
-0.5562555,-0.6576208864666683
-0.60602576,-0.8830556592666655
-0.47135335,-0.5645505831333333
-1.3119243,-0.6004979145333325
-0.49184698,-0.663757598888888
-0.5972428,-0.6374981091333337
-0.60602576,-0.6858045217999982
-1.0695778,-0.5391335886666682
-0.4391491,-0.6234990273333347
-0.47281718,-0.6957878414666672
-0.6982471,-0.697973828533333
-0.5299066,-0.592177931933334
-0.6192002,-0.6138914244000006
-0.6982471,-0.8455864605999999
-0.54893637,-0.3544030795333328
-0.7480173,-0.8747386616666671
-0.1785873,-0.7618749018666655
-0.58114064,-0.5368126042666673
-0.67336196,-0.6497601215333334
-0.60163426,-0.7393169174666657
-0.60602576,-0.7270308682000012
-0.6909279,-0.625914325866665
-0.6953194,-0.5992628624666667
-0.5899236,-0.769291644733334
-0.6045619,-0.6934059030000008
-0.5020938,-0.6524682148000012
-0.5928513,-0.6006778943999992
-0.7231322,-0.653688084199999
-0.30154905,-0.6329895077333341
-0.8870812,-0.7390529623333324
-0.47281718,-0.6976485381999993
-0.5445449,-0.6605387993333334
-0.60017043,-0.535922911933333
-0.56211084,-0.6467885396666669
-0.7128854,-0.5848782999999996
-0.4786725,-0.4853134256666673
-0.457447,-0.6814976039333319
-0.5064853,-0.793659497200002
-0.8007152,-0.6023996371999997
-0.51526827,-0.7052620593333346
-0.72020453,-0.6309694133999996
-0.8094982,-0.6938848732000011
-0.63823,-0.7871015633333344
-0.39816186,-0.558851387
-0.53429806,-0.8389309409333324
-0.87390673,-0.5080662424000002
-0.53868955,-0.7474162882666663
-0.5591832,-0.7080742760666677
-0.655796,-0.606484433733332
-0.70263857,-0.684243103266665
-0.53868955,-0.7089915826000008
-0.3952342,-0.44298758613333356
-0.5650385,-0.6878490154000013
-0.56796616,0.13246516310666687
-0.5840683,-0.543842265466666
-0.68214494,-0.5256614723999993
-0.724596,-0.5465730999999989
-0.47135335,-0.5823507227999994
-0.7092258,-0.5828110464666665
-0.6323747,-0.8089288888000006
-0.6177364,-0.583516921533334
-0.2891065,-0.5563043218666676
-0.6133449,-0.6154560761999985
-0.39669803,-0.5899919420000004
-0.66311514,-0.6841747837333322
-0.6916598,-0.6576404103999985
-0.5650385,-0.7037461962666667
-0.560647,-0.526466314056667
-0.7714386,-0.5405144699999994
-0.61627257,-0.5098911500666669
-0.77436626,-0.6833550418666661
-1.1461792,-0.49003525366666784
-0.5961449,-0.4313109549999995
-0.56650233,-0.738404825466666
-0.6997109,-0.4390824305333327
-0.44646826,-0.8462402753333339
-0.57235765,-0.7628410494666675
-0.8490216,-0.4802892311999989
-0.7396003,-0.588975384733334
-0.6909279,-0.6027077526666663
-0.5108768,-0.5343761366666675
-0.45085976,-0.7113044352000003
-0.78900456,-0.541041458533334
-0.65286833,-0.6465494834666676
-0.54308105,-0.6484719378666657
-0.48160017,-0.7971678689333339
-0.5991945,-0.6332237318000002
-0.64408535,-0.7721461188000005
-0.59943855,-0.6350730376666666
-0.8138897,-0.47355235246666677
-0.70197445,-0.4699309034666666
-0.40694484,-0.6325276034000018
-0.32533628,-0.34522572606666685
-0.56796616,-0.7151689754000009
-0.5504002,-0.5105839992666665
-0.74508965,-0.7465144366666662
-0.6453052,-0.7429719679999994
-0.34594303,-0.377279964682001
-0.35058737,-0.6509682694000011
-0.2605618,-0.5683500337999999
-0.17492773,-0.38512401093333404
-0.5167321,-0.8046187537333317
-0.9412429,-0.631086533466667
-0.6192002,-0.5721941928666667
-0.63530236,-0.5665415197333336
-0.7626556,-0.41480560159999946
-0.65286833,-0.6265738743333334
-0.578213,-0.5363181603999995
-0.63969386,-0.4904173040000014
-0.57674915,-0.4691966654666675
-0.63823,-0.463185194066667
-0.88854504,-0.7126934413999994
-0.25031498,-0.6233981639333334
-0.65872365,-0.5345957131999989
-0.82120883,-0.4755984769999996
-0.5306385,-0.562257228133332
-0.6792173,-0.7114410844000012
-0.6111492,-0.5580438618000007
-0.70117474,-0.5682491816666663
-0.4098725,-0.6806908758666665
-0.578213,-0.6485939486666662
-0.6660428,-0.6107880802666669
-0.63823,-0.6310084485333339
-0.89952374,-0.5247050865333347
-1.4105959,-0.4298285477333325
-0.5020938,-0.5768516581333331
-0.44207677,-0.6789229022666675
-0.46988952,-0.571332979133333
-0.5299066,-0.5445351336
-0.72605985,-0.7801727744666658
-0.56796616,-0.37525290246666726
-0.5123406,-0.7364042560666649
-0.733379,-0.30722546209333335
-0.30008522,-0.6461542453333341
-0.6323747,-0.5855467681999993
-0.5416172,-0.5048653384000003
-0.6030981,-0.7742166193333332
-0.51380444,-0.6048059065999999
-0.5972428,-0.7732049349999994
-0.6894641,-0.590782414600001
-0.49477464,-0.40482357906666677
-0.40694484,-0.5040943850000009
-0.4933108,-0.5244513692666664
-0.7524088,-0.47782434266666596
-0.6323747,-0.5788180311333319
-0.42158315,-0.430369878333334
-0.56211084,-0.49091014746666684
-0.578213,-0.5505075601333344
-0.54893637,-0.5460672526666658
-0.7150811,-0.6428999669999986
-0.6836088,-0.7297194497333339
-0.5547917,-0.555678777066667
-0.84609395,-0.6216984906666677
-0.6426215,-0.5304140433999985
-0.72020453,-0.3959465833333338
-0.38791505,-0.6166629272666664
-0.79998326,-0.6002680119333342
-0.6601875,-0.559344216733333
-0.6426215,-0.7825051620000001
-0.50502145,-0.630408315400002
-0.5445449,-0.7428451046666682
-0.83145565,-0.682613362333333
-0.56459934,-0.4827907604666663
-0.6265194,-0.4926667170666671
-0.39816186,-0.6837600381999991
-0.58260447,-0.5649994744666662
-0.63603425,-0.6049278879333319
-0.5840683,-0.7146777162666655
-0.4977023,-0.5632428656000004
-0.3659576,-0.7485931039999999
-0.6045619,-0.7538970178666671
-0.664579,-0.7045220124666688
-0.5899236,-0.7307441189333346
-0.66897047,-0.5687566301333323
-0.66311514,-0.7129186933333325
-0.6616513,-0.4966517486666668
-0.6616513,-0.49296927166666593
-0.519367,-0.2945860996000002
-0.6718981,-0.7423083790666678
-0.6023662,-0.6731374985333328
-0.4788189,-0.6537466448000006
-0.6045619,-0.7490615133999989
-0.57674915,-0.5913922499333324
-0.6850726,-0.6083880310666658
-0.26348945,-0.7830711706666668
-0.65433216,-0.514546140133333
-0.71142155,-0.6501651355333338
-0.17590362,-0.6148705507333325
-0.664579,-0.5622870108000005
-0.88488543,-0.7196831228000004
-0.61627257,-0.529893564000001
-0.5299066,-0.6579527004000005
-0.63969386,-0.6743768573999981
-0.68214494,-0.8066193238666663
-0.45159167,-0.5717412326
-0.46696186,-0.49928813406666694
-0.53429806,-0.6092461882666679
-0.56211084,-0.5458818498666679
-0.9155808,-0.5183813531333323
-0.37034908,-0.6879270322666682
-0.5269789,-0.5144290205333334
-0.4762328,-0.6054597522666658
-0.66062665,-0.4208164527999999
-0.7919322,-0.5672293734666671
-0.59138745,-0.673791342733334
-0.46696186,-0.7070837448666687
-0.56796616,-0.6174787401333338
-0.6909279,-0.5756805592
-0.8709791,-0.5628525156666665
-0.21440235,-0.21198523541333272
-0.327898,-0.10789047266666667
-0.66750664,-0.4951113283333325
-0.3805959,-0.4594280227999994
-0.61627257,-0.6504090926
-0.41865548,-0.5831880330666662
-0.57265043,-0.617004465533333
-0.75533646,-0.5618668721333333
-0.8446301,-0.5864445784000003
-0.51965976,-0.4890169297333333
-0.95880884,-0.3251134677333329
-0.44061294,-0.6399475813333333
-0.44500443,-0.7060118849333324
-0.67336196,-0.6198735983999998
-0.4091406,-0.4927155397333331
-0.7582641,-0.47726723860000086
-0.65872365,-0.45742747433333375
-0.7436258,-0.6428459737333333
-0.3013051,-0.5480043981333338
-0.948562,-0.694609455999999
-0.8007152,-0.7553559529333317
-0.4977023,-0.561901030386666
-0.5708938,-0.7767279082000001
-0.6894641,-0.7618887178666668
-0.28288522,-0.5706075625333338
-0.6118811,-0.6448074905333336
-0.6279832,-0.5478433860666657
-0.44939592,-0.6740841125333338
-0.7758301,-0.4246083883999997
-0.7480173,-0.7659443446000002
-0.7055662,-0.6864681368000015
-0.7780258,-0.765178287066666
-0.5020938,-0.6999060718666683
-0.9170897,-0.5674782223333342
-0.26348945,-0.5946192825333326
-1.4103662,-0.5983797085999991
-0.5562555,-0.617619300666668
-0.5357619,-0.7123779138000014
-0.7143492,-0.412404919333333
-0.7055662,-0.5734994453999985
-0.45525125,-0.38712455413333363
-0.5635747,-0.5860590927999997
-0.4003576,-0.6037616970666653
-0.47647676,-0.7602256507999985
-0.79998326,-0.8901112936000007
-0.6565279,-0.6125837239999988
-0.3805959,-0.6144262079999995
-0.49477464,-0.6944752903333344
-0.71581304,-0.6097390058000007
-0.041719165,-0.18095142827999983
-0.56211084,-0.6311597491333348
-0.32204267,-0.49565783266666774
-0.6089534,-0.4716461265333334
-0.7377705,-0.6439292191333343
-0.45378742,-0.42229497253333337
-0.5591832,-0.6757187128000011
-0.8680514,-0.6280303677333348
-0.63383853,-0.4610089688666661
-0.42304698,-0.6734985726666665
-1.0972954,-0.49990909119999977
-0.3805959,-0.44203773053333273
-0.9178418,-0.4914835581333337
-0.5547917,-0.726916217400001
-0.42743847,-0.7477635765999996
-0.72605985,-0.5536596626000007
-0.5965109,-0.5953983439999996
-0.7133733,-0.5741532876666663
-0.63823,-0.6657061035333326
-0.63383853,-0.5831607206666666
-0.3527831,-0.6153210803999994
-0.65433216,-0.6064372584000002
-0.57674915,-0.7445333938666663
-0.7055662,-0.8018423557999997
-0.72020453,-0.6071675432666662
-0.3469278,-0.7130415086000012
-0.8343833,-0.6517558148000006
-0.6748258,-0.7434804190666667
-0.4874555,-0.5938662040666656
-0.5189279,-0.670409900866666
-0.60017043,-0.6661794275999989
-0.89440036,-0.4400469173999993
-0.54893637,-0.7026385687999993
-0.72020453,-0.5993262988666659
-0.35571077,-0.4922715081333329
-0.5255151,-0.6558740658666659
-0.7802216,-0.441698595000001
-0.7626556,-0.6157553340666656
-0.41865548,-0.683357461800001
-0.5313704,-0.6571622193333339
-0.042207107,-0.6102903776666675
-0.56943,-0.6894933439333348
-0.6411577,-0.6202542017333342
-0.7289875,-0.47016279573333436
-0.61480874,-0.630379015733332
-0.20786391,-0.5169663075333341
-0.5123406,-0.5543378908666672
-0.35424694,-0.5731188423333342
-0.52844274,-0.6047579407333349
-0.39669803,-0.6994083867333322
-0.6572598,-0.48956340560000067
-0.4523236,-0.9282956485333318
-0.6938556,-0.574179346133333
0.102468126,-0.259039356026667
-0.5635747,-0.5326097838000005
-0.72020453,-0.7042292548000003
-0.6455492,-0.5940028318666666
-0.7150811,-0.5779036626000009
-0.5269789,-0.5584415045333321
-0.46549803,-0.5483118007333343
-0.49916613,-0.5661217562000005
-0.6074896,-0.6734010009333327
-0.5416172,-0.6336303437333335
-0.63383853,-0.593456328000001
-0.327898,-0.16370542423999987
-0.73118323,-0.8969669661333323
-0.5708938,-0.7050294750666676
-0.60404956,-0.43497230793333375
-0.68800026,-0.5442911599333342
-0.5928513,-0.6366442253333349
-0.27812776,-0.6368296191999999
-0.61041725,-0.6622417116666685
-0.58260447,-0.49784870553333294
-0.29715756,-0.5976331089999992
-0.7714386,-0.7189261219999986
-0.6938556,-0.7071373926666676
-0.578213,-0.675011217533333
-0.6778396,-0.4590464460000009
-0.06856302,-0.6053641950666662
-0.90318334,-0.585610201266667
-0.54747254,-0.6290176453333325
-0.58260447,-0.6580405304666657
-0.56650233,-0.7422160123999991
-0.73045135,-0.6033615799999998
-0.82779604,-0.4518266727333336
-0.8256003,-0.7464851759333336
-0.24592349,-0.692940874999998
-0.5211236,-0.6985398118666662
-0.6323747,-0.5289355749333337
-0.46696186,-0.4982195365333341
-0.9697876,-0.5997556827399995
-0.78754073,-0.621947366133335
-0.74948114,-0.5689485556000007
-0.6089534,-0.4738467644000001
-0.6909279,-0.7058199433333352
-0.46684927,-0.5195328849333332
-0.5357619,-0.49919542653333326
-0.59577894,-0.7002964418666664
-0.31033203,-0.6535709736666657
-0.5943151,-0.5993799493999992
-0.8446301,-0.08823494800000008
-0.4691576,-0.6204005746666655
-0.3425363,-0.543666572000001
-0.3666895,-0.7176623514000001
-0.56650233,-0.6492063230000009
-0.742162,-0.5140630349333347
-0.27373627,-0.7481246743333355
-0.647013,-0.6572207818000005
-0.6426215,-0.6179413354666671
-0.9719833,-0.594461477333333
-0.7289875,-0.5952226916000009
-0.5899236,-0.5382601797333334
-0.5064853,-0.6982422015999984
-0.6089534,-0.7129780646666659
-0.15077452,-0.5741923126000014
-0.61041725,-0.7753909052000005
-0.6909279,-0.5715248967999991
-0.8241365,-0.4344908596666666
-0.54893637,-0.7394636700666684
-0.49038315,-0.6610462752000001
-0.61480874,-0.7788065321333341
-0.37474057,-0.795059053200002
-0.63530236,-0.6554837062000001
-0.21554902,-0.6831525287333349
-0.7392343,-0.564911642533333
-0.05599151,-0.6367293686000017
-0.75533646,-0.5047677433333324
-0.88586134,-0.6815398978666665
-0.59138745,-0.5647652524666668
-0.6235917,-0.6005510201333353
-0.6909279,-0.6797854872000014
-0.5299066,-0.4845473667333323
-0.7355747,-0.6888080704000008
-0.72020453,-0.6927625945333326
-0.45159167,-0.6441829117999994
-0.5738215,-0.6725714935333327
-0.63164276,-0.5717525982000008
-0.7084939,-0.5602664292666668
-0.8800499,-0.544261868000001
-0.62066406,-0.2545600968666666
-0.42304698,-0.6375078778666678
-0.70263857,-0.4101262250000012
-0.5108768,-0.7229760422666688
-0.4684257,-0.6296275801999996
-0.664579,-0.7516183420666678
-0.6329774,-0.6841942991999992
-0.67336196,-0.5260127776666668
-0.5672343,-0.4723585372666656
-0.5225874,-0.6085923280000012
-0.55332786,-0.6235185498666675
-0.3659576,-0.47819433146666673
-0.53283423,-0.6394889153333339
-0.38791505,-0.6924746726666651
-0.56650233,-0.4899683955333348
-0.7670471,-0.5674489441999996
-0.5057534,-0.668034768733332
-0.48599166,-0.6333603415333343
-0.7143492,-0.5128334489999997
-0.5401534,-0.6171850136666682
-0.5211236,-0.6010682431333337
-0.72435206,-0.5876107618000009
-0.7392343,-0.7381218205999985
-0.7802216,-0.6862924593333333
-0.7626556,-0.6351803820666654
-0.7231322,-0.819657123200002
-0.6660428,-0.609158350733334
-0.79339606,-0.6417724906666651
-0.68214494,-0.518383315133334
-0.5401534,-0.805565373533333
-0.914894,-0.5763783111333344
-0.54893637,-0.7325299611333318
-0.7055662,-0.7611137081333332
-1.073622,-0.2921991698666668
-0.3762044,-0.5950763037333344
-0.74508965,-0.5390701564000002
-0.6514045,-0.4824437585333328
-0.7480173,-0.5128773633999992
-0.66311514,-0.6267666051999984
-0.41865548,-0.6111589221999998
-1.0707918,-0.5341761063333337
-0.647013,-0.8263810342666654
-0.45671508,-0.565300352933334
-0.7128854,-0.5747778516666678
-0.5123406,-0.5567597414000002
-0.84023863,-0.7030094017333325
-0.405481,-0.6047082989333339
-0.68214494,-0.7111775713333337
-0.75533646,-0.6738303862666654
-0.5079491,-0.6184949973333321
-0.66311514,-0.6064648992000006
-0.62066406,-0.5781056198000002
-0.6850726,-0.5738848968666661
-0.69458747,-0.4735393487333325
-0.7655833,-0.48214505506666616
-0.40840867,-0.6332190379999993
0.07758301,-0.7111554389333337
-0.6850726,-0.5947078970666678
-0.724596,-0.7597370170666671
-0.54747254,-0.632140502666667
-0.41414198,-0.6317989316000004
-0.61627257,-0.5717916398666679
-1.2790647,-1.0797913857333357
-0.55771935,-0.5932147966666654
-0.76851094,-0.6200492598666663
-0.7128854,-0.5989505796
-0.75972795,-0.6550787304666675
-0.647013,-0.6211715213333339
-0.63530236,-0.6120274667333327
-0.7055662,-0.5123894043333325
-0.72166836,-0.754126351400002
-0.52331936,-0.6631444206666656
-0.748163,-0.49896711233333285
-0.5269789,-0.6875025523333331
-0.6762896,-0.6649058950666653
-0.46988952,-0.6536099914666677
-0.5211236,-0.5495641832222231
-0.2942299,-0.4680841537999993
-0.41865548,-0.5040162932933335
-0.483064,-0.5617400018666661
-0.4289023,-0.7436453411999988
-0.32553148,-0.3385269525333338
-0.54663604,-0.6952693886000001
-0.7582641,-0.6005461535999991
-0.61674964,-0.8614885133333329
-0.6235917,-0.7850717020000014
-0.9719833,-0.802720652466667
-0.6133449,-0.6431680074666681
-0.55674344,-0.5224898522666669
-0.2752001,-0.5253394222666667
-0.8182812,-0.9415633411999986
-0.56028104,0.40750727493333355
-0.7611918,-0.7167401298000003
-0.7436258,-0.5174152244666674
-0.68653643,-0.37317913800000047
-0.58114064,-0.7212975203333349
0.19507656,-0.9870058108666674
-0.7436258,-0.5923145652000009
-0.89879185,-0.560383529266666
-0.7143492,-0.623972311400001
-0.6265194,-0.22884225735999994
-0.40840867,-0.6135596071999992
-0.5928513,-0.618051935933332
-0.71142155,-0.6503895767999993
-0.32551926,-1.0400631970666667
-0.75533646,-0.4364393984000012
-0.61627257,-0.5735775223333348
-0.6894641,-0.6928422951999997
-0.828528,-0.6824230709333345
-0.68653643,-0.7639389106666656
-0.8665876,-0.5381723275333334
-0.6411577,-0.7802118171999995
-0.65286833,-0.740551778466666
-0.5255151,-0.661500031733335
-0.59846264,-0.586476389866666
-0.42597464,-0.5368158530000005
-0.74069816,-0.5481979654666671
-0.5269789,-0.6590554361000005
-0.6221279,-0.42237360326666606
-0.68214494,-0.5073661765333324
-0.6203225,-0.4650612408666668
-0.78534496,-0.4870163296666669
-0.8922046,-0.01716045453333335
-0.7729024,-0.5934384444666662
-0.81242585,-0.6787220200666669
-0.70703006,-0.5916516025333345
-0.7150811,-0.6690517948666684
-0.6089534,-0.6790708828666671
-0.5840683,-0.30742389493333366
-0.57162577,-0.6558398972666664
-0.67775345,-0.5907140985333333
-0.9807663,-0.4363190273333329
-0.6748258,-0.6400842153333322
-0.61041725,-0.7685792623999994
-0.29686478,-0.5859712825333339
-0.8621961,-0.9539912803333346
-0.48013633,-0.6799492045333331
-0.55771935,-0.7418496981333346
-0.5796768,-0.7542141878000014
-0.4874555,-0.6346680470000016
-0.6045619,-0.5322535986666672
-0.74681276,-0.6260021574666654
-0.8431663,-0.7652287023333351
-0.52405125,-0.5734506452000003
-0.39889377,-0.6376249731999997
-0.6133449,-0.7672227490666669
-0.9280684,-0.6395755432000004
-0.56650233,-0.6476473479333342
-0.55332786,-0.5294284125333342
-0.12557574,-0.6199223914666657
-0.7846131,-0.5560457236666658
-0.59138745,-0.6978176653999999
-0.8329195,-0.6462810795333318
-0.6660428,-0.6214252322666663
-0.37327674,-0.6422848392666671
-0.7319152,-0.6438413773333335
-0.7655833,-0.7533818993999989
-0.62944704,-0.43094189873333294
-0.49916613,-0.6094413600666668
-0.8490216,-0.3248288249333328
-0.35131928,-0.47585221246666576
-0.30446386,-0.48180234846666725
-0.6111492,-0.7275236826666687
-0.5181959,-0.5608031679999987
-0.58699596,-0.5974379442000005
-0.6367662,-0.530653145333334
-0.7019066,-0.6777729520000005
-0.8490216,-0.7322128404000011
-0.61041725,-0.619278298333333
-0.5035576,-0.5368256105999993
-0.5020938,-0.3984741309333333
-0.14613906,-0.5065359740666673
-0.60602576,-0.6448562993999998
-0.4933108,-0.7999052028
-0.5972428,-0.6797052226666677
-0.414264,-0.7015065473333348
-0.43475762,-0.5050604993333336
-0.84609395,-0.8038229314666654
-0.4702555,-0.4910454913333339
-0.6030981,-0.43239596426666765
-0.46257037,-0.6215326069333326
-0.7055662,-0.7614259786666681
-0.86556286,-0.32085400706666667
-0.7460655,-0.6109491224000012
-0.76851094,-0.5771604346000009
-0.6309109,-0.7678765829333333
-0.7128854,-0.7284507634000008
-0.84023863,-0.7388830099999993
-0.6514045,-0.5698788843333324
-0.65433216,-0.493310815
-0.8490216,-0.6073334424000009
-0.6718981,-0.48897475153333375
-0.55771935,-0.6360709809333339
-0.7377705,-0.6253971281333344
-0.6426455,-0.43234717746666773
-0.6748258,-0.4145177186666656
-0.7992514,-0.6963225361999998
-0.86951524,-0.6998085171333344
-0.5401534,-0.5806429384666655
-0.29715756,-0.30952366753333355
-0.81901306,-0.8751146538000001
-0.48599166,-0.5935636612
-0.8094982,-0.5032551075333328
-0.7524088,-0.6360342813333323
-0.48891932,-0.610836853866665
-0.6850726,-0.6230256930666659
-0.5504002,-0.6166727066000015
-0.6938556,-0.9281465106
-0.43475762,-0.7587227935333319
-0.84170246,-0.44607302226666756
-0.5972428,-0.5723674224000009
-0.52405125,-0.9091264714666665
-0.7149835,-0.6711351791333335
-0.67336196,-0.6211910378666651
-0.6426215,-0.6610072206000012
-0.16248517,-0.649657664066665
-0.69678324,-0.6366783560666659
-0.29276606,-0.5883134102000014
-0.41133633,-0.6795002677333339
-0.5796768,-0.6405038604000008
-0.6199321,-0.5373525924666666
-0.6572598,-0.7826613097333347
-0.58114064,-0.5036796170000006
-0.70117474,-0.6856678921333318
0.33960864,-0.8190764776666676
-0.48013633,-0.6009804120000005
-0.6235917,-0.7341548489333346
-0.73484284,-0.5016595334666667
-0.51380444,-0.5122641733333343
-0.7172769,-0.47604739073333313
-0.51526827,-0.44652193473333274
-0.82706416,-0.6297007707333329
-0.474281,-0.6098219511333337
-0.44207677,-0.8244878109333319
-0.8256003,-0.8313884065999991
-0.5547917,-0.47683786386666666
-0.5372257,-0.713431895666667
-0.4684257,-0.5446034370666659
-0.49623847,-0.661817226866665
-0.62505555,-0.6134002085333321
-0.65433216,-0.5436282813999997
-0.13867114,0.25368356593333424
-0.67336196,-0.45882786479999976
-0.61041725,-0.5178934153466674
-0.551864,-0.7823148429333349
-0.7714386,-0.6434607835999993
-0.79778755,-0.6314085718
-0.56943,-0.6426984412666659
-0.59577894,-0.6101684026000005
-0.60017043,-0.5780670251333329
-0.35131928,-0.5541866564000003
-0.53283423,-0.5048832171333323
-0.67336196,-0.6707026615999991
-0.40108952,-1.0772833061333347
-0.4479321,-0.5669512509333327
-0.35530216,-0.4121063591333337
-0.6418896,-0.5035185850666684
-0.6426215,-0.6940279976666656
-0.80270183,-0.6831724148666651
-0.6177364,-0.5913094010000006
-0.7860769,-0.5420863008533325
-0.42705032,-0.3146554184000002
-0.5035576,-0.6720835456000003
-0.7099577,-0.6555178746666683
-0.5752853,-0.4159620340666662
-0.8431663,-0.33137215213333354
-0.5884598,-0.6952608679333335
-0.6660428,-0.5251735371333335
-0.6411577,-0.5732457012666667
-0.5255151,-0.6106612344666676
-0.578213,-0.47189986446666626
-0.6660428,-0.651980284400001
-0.63969386,-0.7721070831999988
-0.22201426,-1.2474852711333348
-0.8153535,-0.14686675186666664
-0.5123406,-0.7006916736666661
-0.7524088,-0.17962911063333306
-0.65872365,-0.5471017154666669
-0.6836088,-0.5929293545333331
-0.750945,-0.4542753569466667
-0.8138897,-0.44123262640000027
-0.74508965,-0.6518729284666657
-0.8256003,-0.6927625909999993
-0.63969386,-0.6715175514000015
-0.6894641,-0.6396157715333316
-0.63823,-0.5187131672666666
-0.60163426,-0.504718948533334
-0.27300435,-0.5553186629333323
-0.66311514,-0.760767261266667
-0.44061294,-0.7122803268666662
-0.22103839,-0.5116380026666666
-0.7436258,-0.6439682411999993
-0.5123406,-0.7627434477333344
-0.67336196,-0.6062307139333332
-0.35131928,-0.7164961693333334
-0.7546045,-0.5273302473333339
-0.19651923,-0.7701894561333357
-0.8621961,-0.6752437939333329
-0.93904716,-0.558509825333333
-0.5504002,-0.5951251172000003
-0.6455492,-0.47140705093333235
-1.0564197,-0.27465224388200027
-0.6243236,-0.5970720096666674
-0.5972428,-0.6807591952666666
-0.6155406,-0.6760554170000012
-0.6982471,-0.5472773809333333
-0.46622995,-0.40499367213333265
-0.60017043,-0.6833143527333317
-0.7099577,-0.6251599667466681
-0.3659576,-0.7063859694666672
-0.724596,-0.4649808329333344
-0.46988952,-0.781412161666665
-0.5840683,-0.5855467654666674
-0.7758301,-0.5642041307999996
-0.66897047,-0.6245090478000005
-0.97344714,-0.6567473792666658
-0.7231322,-0.7268795935333331
-0.5416172,-0.6378021031333327
-0.4933108,-0.5810235146666658
-0.04098725,-0.6139890022666675
-0.44939592,-0.7215122236666657
-0.3044767,-0.6730638214666655
-0.52405125,-0.6254751842666684
-0.3952342,-0.6310572488666676
-0.5416172,-0.7277708963999986
-1.0027238,-0.5198012911999993
-0.4874555,-0.6673309722666675
-0.53429806,-0.5642090076666659
-0.6455492,-0.681413024866666
-0.6601875,-0.5676292760000006
-0.45525125,-0.6180779754666675
-0.75387263,-0.6797854872000014
-0.65506405,-0.8564300176000008
-0.6601875,-0.6436340052000009
-0.5899236,-0.48922184819999953
-0.77436626,-0.6854166099999984
-1.2623564,-1.0746694129999987
-1.2715071,-0.37203529493333404
-0.681413,-0.6876098895999984
-0.3469278,-0.6792953453333332
-0.6089534,-0.718501619133332
-0.5738215,-0.8494949076000003
-0.79339606,-0.692582033200001
-0.50502145,-0.4695479804666663
-0.61041725,-0.5492486354666659
-0.3659576,-0.5622767404666674
-0.63969386,-0.6731472617333334
-0.82706416,-0.5761831438133336
-0.75887406,-0.5147022534666668
-0.84609395,-0.5313752696666659
-0.032833055,-0.5436470766666671
-0.6836088,-0.486138056933333
-0.9558812,-0.6139865666666671
-0.6514045,-0.6130697231999996
-0.61480874,-0.4294487783333327
-0.54308105,-0.7615723778000013
-0.6909279,-0.6744159163999988
-0.5072172,-1.0018804347745325
-0.64994067,-0.5683516526666658
-0.76851094,-0.5155285179333338
-0.414264,-0.6689314402666663
-0.7150811,-0.5153170784000001
-0.6660428,-0.38841273639999985
-0.5884598,-0.7354039586666672
-0.54747254,-0.5793840492000012
-0.37913206,-0.5658680216666679
-0.7802216,-0.6502431826666679
-0.72648615,-0.7509940718666673
-0.6718981,-0.6557081645333342
-0.7128854,-0.5882158064
-0.4640342,-0.7559902934666681
-0.49477464,-0.5004152986666662
-0.6601875,-0.7553559716000009
-0.98976487,-0.6812119033333327
-0.41865548,-0.6243138799333331
-0.3322895,-0.618800109733334
-0.5862641,-0.659436037333334
-0.61041725,-0.6992375986666653
-0.57235765,-0.7391464878000004
-0.57235765,-0.7687939399999988
-0.71581304,-0.755307175600001
-0.62505555,-0.5803892101999989
-0.509047,-0.3191034550666663
-0.8621961,-0.6122811867999992
-0.44427252,-0.534942161266667
-0.56052506,-0.740473691533335
-0.21518306,-0.633238365200001
-0.5416172,-0.585561408266666
-0.5738215,-0.4371387625333339
-0.61041725,-0.4694471370000006
-0.6023662,-0.665525569933335
-0.54747254,-0.6843845879333349
-0.8665876,-0.6796173901333341
-0.49550655,-0.5171712517333327
-0.5020938,-0.5446814961333334
-0.4884314,-0.6474259679333325
-0.4289023,-0.5894503172000012
-0.70117474,-0.6135888863999989
-0.73045135,-0.641071096533333
-0.94563437,-0.36302016533333353
-0.37766823,-0.5487216593333337
-0.54308105,-0.6572890774666647
-0.5445449,-0.6574062216000016
-0.61041725,-0.6119493926000016
-0.51526827,-0.7824368452000005
-0.55771935,-0.8458402096000003
-0.8490216,-0.5984821400000007
-0.55771935,-0.7238201807333339
-0.6089534,-0.7102504735333341
-0.5225874,-0.4643660054000001
-0.6850726,-0.6401329877333328
-0.22083992,0.05635747039999999
-0.5708938,-0.5618668673333336
-0.69751513,-0.5595637828000002
-0.79778755,-0.6300716002666653
-0.6792173,-0.5363018944666674
-0.61627257,-0.6077433143333344
-0.72605985,-0.6726203006666669
-0.6704343,-0.696168440666666
-0.50502145,-0.5413683580000014
-0.2681249,-0.9087105927999992
-0.8559016,-0.4477471040000006
-0.63383853,-0.8421025619333337
-0.6718981,-0.49834640439999967
-0.6660428,-0.5109416246666663
-0.43768528,-0.6524535854666657
-0.5928513,-0.7342085250666682
-0.1384333,-0.6676991855333323
-0.29715756,-0.5338621868666668
-0.98808545,-0.7137441698666652
-0.49843422,-0.5174640373333347
-0.55552363,-0.5390506365333325
-0.5445449,-0.4831127822000001
-0.7128854,-0.6259971289333324
-0.3952342,-0.5416562433333325
-0.6235917,-0.5286470247999991
-0.6133449,-0.648330440000002
-0.55332786,-0.6058891437333325
-0.49623847,-0.5852605095999999
-0.5609607,-0.7632888371999978
-0.16431496,-0.8928576939999986
-0.4581789,-0.7057125980666678
-0.60602576,-0.6323259033333342
-0.5313704,-0.5733140278666673
-0.7170677,-0.6575428243999999
-0.34839162,-0.6622368606000006
-0.38937888,-0.6858662934666662
-0.22542988,-1.1199905766666658
-0.9339237,-0.6166824576000006
-1.9338764,-0.7258451560666656
-0.7919322,-0.6584504017333334
-1.276758,-0.601210617800001
-0.59577894,-0.6949973752000002
-0.4569753,-0.5766759491333335
-0.733379,-0.778582092799999
-0.84023863,-0.49152007446666657
-0.5020938,-0.5958765366666674
-0.7919322,-0.747207324799999
-0.39377037,-0.554830744
-0.6455492,-0.5376112116000009
-0.6367662,-0.6191595689333322
-0.8153535,-0.3983667845333342
-0.38937888,-0.7933017036666656
-0.3857193,-0.6818619522000007
-0.55332786,-0.6964400672000002
-0.4581789,-0.6006096080666672
-0.57235765,-0.31276930980000056
-0.76997477,-0.838862632400002
-0.61627257,-0.7475879168666675
-0.19247515,-0.9155173505592006
-0.7377705,-0.6548786614666665
-0.6455492,-0.7285337376666646
-0.6030981,-0.6296186182000003
-0.71581304,-0.5072900740666658
-0.1785873,-0.6134620398666671
-0.5635747,-0.7152177429333336
-0.5064853,-0.6739084599999998
-0.38791505,-0.6342790485866648
-0.742162,-0.7735465298666675
-0.46257037,-0.632140488000001
-0.81681734,-0.4854695619333333
-0.5708938,-0.5082418950000006
-1.2927746,-0.5018566270666676
-0.6704343,-0.6958268783333349
-0.57235765,-0.6648099243999986
-0.6323747,-0.5120673793333339
-0.43475762,-0.7379559153333328
-0.5899236,-0.5131994079999996
-0.6616513,-0.6313134062
-0.66311514,-0.7978753556000012
-0.4098725,-0.4698065862666664
-0.64408535,-0.489958653266667
-0.71142155,-0.606839243866666
-0.6938556,-0.6127984143333326
-0.6045619,-0.6909279240666676
-0.7860769,-0.5601785919333331
-0.63164276,-0.7164473740666656
-0.6909279,-0.5088404278666668
-0.6455492,-0.4916762049999997
-0.6572598,-0.7280799395333339
-0.67336196,-0.3893056083999997
-0.6279832,-0.5788668323333324
-0.6067577,-0.5685582013333331
-0.70117474,-0.5548307365333319
-0.35571077,-0.5493364847999997
-0.48108298,-0.0660974377333332
-0.6030981,-0.6680172029333337
-0.77436626,-0.6627003876
-0.80657053,-0.624226055733332
-0.57235765,-0.6486329674000004
-0.56943,-0.7075277475333323
-0.7187407,-0.6715516878666659
-0.551864,-0.7021506370666682
-0.6418896,-0.6778949488000007
-0.6455492,-0.5775396069333318
-0.66897047,-0.622957409200001
-0.9046472,-0.6696633638000014
-0.75533646,-0.6148930194666665
-1.1476139,-0.45047340813333353
-0.39230654,-0.6384739916666661
-0.67775345,-0.4747689755333328
-0.5840683,-0.47938492293333346
-0.66311514,-0.650672585333332
-0.5650385,-0.5093300110000004
-0.5418612,-0.49550168306666736
-0.5416172,-0.5751525896666669
-0.810962,-0.5733067617999995
-0.6762896,-0.691915188933333
0.17053623,-0.8331907635333333
-0.46476611,-0.5643748897999988
-0.6265194,-0.49641413053333366
-0.742162,-0.5620197620000004
-0.5935832,-0.7393807142666687
-0.5299066,-0.47107524826666747
-0.62066406,-0.5287263001333331
-0.5299066,-0.5457159349999992
-0.4933108,-0.5385529285333326
-0.5313704,-0.710767721000001
-0.8387748,-0.768335278133332
-0.7904684,-0.46466854426666676
-0.6909279,-0.7214439201333328
-0.5855321,-0.7320908580000014
-0.55771935,-0.7523502646666679
-0.8343833,-0.644387874933333
-0.42158315,-0.7194238235999992
-0.39230654,-0.6870647198666648
-0.72166836,-0.6909230423333326
-0.6982471,-0.6861216549999991
-0.56650233,-0.7811852634666657
-0.55771935,-0.5727431251333337
-0.5547917,-0.8109619977333332
-0.6660428,-0.7221758095333339
-0.6792173,-0.6944366799333346
-0.7187407,-0.6374981124666671
-0.67775345,-0.7466022778666663
-0.8343833,-0.6764604053333325
-0.4540293,-0.2569220642666672
-0.7465535,-0.5226362330000005
-0.6309109,-0.5799695665333336
-0.62066406,-0.5328147370666656
-0.6806811,-0.7922737861999984
-0.2966696,-0.5239532874
-0.61627257,-0.6266364713333342
-0.8019351,-0.5074920739999992
-0.56211084,-0.929376168933332
-0.76411945,-0.528911178
-0.5064853,-0.5846343273333333
-0.4581789,-0.36515734546666734
-0.7714386,-0.7025989846666655
-0.5928513,-0.4754618603999996
-0.414264,-0.7661443972000018
-0.6781194,-0.6384349654666679
-0.6133449,-0.6409722754666654
-0.7392343,-0.6730301633333317
-0.6045619,-0.6244700450666676
-0.7055662,-0.6350535174666656
-0.30154905,-0.6148380126666672
-0.67775345,-0.5427541161333342
-0.45671508,-0.6588310036666649
-0.46257037,-0.6457541131333343
-0.6235917,-0.7100113959999997
-0.74069816,-0.5033234150666669
-0.655796,-0.6465494834666676
-0.7041024,-0.6009609013999987
-0.966128,-0.655093342266668
-0.66311514,-0.5467015916
-0.65286833,-0.6643252436666655
-0.5899236,-0.34270219626666687
-0.41719165,-0.37941708333333435
-0.56943,-0.6468276081333352
-0.56943,-0.5595881805333326
-0.5143412,-0.7519696314666646
-0.47720867,-0.6339556382666673
-0.5372257,-0.6912109456666684
-0.9222131,-0.6256898975333337
-0.3718129,-0.6757235984666667
-0.66750664,-0.6210544260000014
-0.8782982,-0.7425425885333313
-0.7209364,-0.6351340251999991
-0.1730041,-0.5830436138000004
-0.70703006,-0.4220418065333332
-0.6762896,-0.6185854386000001
-0.46257037,-0.5172834642666658
-0.23706347,-0.5892717095333327
-0.63823,-0.603356723133333
-0.66897047,-0.8442494771999989
-0.5247832,-0.6147596326666663
-0.7187407,-0.5627402876666675
-0.6572598,-0.6232013709333343
-0.50502145,-0.569511326933334
-0.5445449,-0.5182622284666668
-0.50509465,-0.6061819107999992
-0.9280684,-0.5417050555333327
-0.5181959,-0.7146322187999997
-0.51526827,-0.7072740227333346
-0.67775345,-0.47021889599999905
-0.47135335,-0.7394685364000003
-0.7772939,-0.6042366263999984
-0.74508965,-0.6568515773333329
-0.41719165,-0.6030785882666669
-0.3718129,-0.5148974540666662
-0.655796,-0.5032355845999991
-0.51965976,-0.28519806746666637
-0.8387748,-0.5275351880666668
-0.6184683,-0.6478425119999994
-0.6660428,-0.5058655925333343
-0.56211084,-0.5910019589333331
-0.49916613,-0.38030800286666605
-0.5796768,-0.44275011913333323
-0.62066406,-0.6108856645333329
-0.5220995,-0.3552106344666658
-0.56650233,-0.6285687654666668
-0.54747254,-0.650701860133333
-0.44646826,-0.5758806272666664
-0.6792173,-0.6126130017999989
-0.63969386,-0.5542939717333333
-0.34400013,-0.3985624265333326
-0.63969386,-0.6673309722666675
-0.6192002,-0.7473309422000022
-0.74948114,-0.6212105753333335
-0.7319152,-0.5736067811333325
-0.90903866,-0.7648757506666654
-0.7392343,-0.6701513139333352
-0.5313704,-0.5121259319333343
-0.48599166,-0.7299438951333332
-0.54747254,-0.8381306940666682
-0.37327674,-0.7271013372000005
-0.733379,-0.6001704320666671
-0.68800026,-0.6854166099999984
-0.70263857,-0.5416768426666663
-0.8446301,-0.4575152872000003
-1.112511,-0.767515534933332
-0.56796616,-0.6868096789999989
-0.68653643,-0.662705274466666
-0.74508965,-0.6534928795999988
-0.58260447,-0.6364539301333355
-0.6704343,-0.6903733108666668
-0.60602576,-0.7054076326666681
-0.64847684,-0.718506487066665
-0.63823,-0.2968257576666663
-0.6894641,-0.6704099120666679
-0.6118811,-0.5510930753333335
-0.5255151,-0.6027858092666674
-0.3985278,-0.4239984741999998
-0.647013,-0.6828280624666665
-0.5299066,-0.6879319344
-1.0331714,-0.49747745793333353
-0.50941294,-0.7035104865333334
-0.30301288,-0.16749960116799986
-0.87537056,-0.8759657926000002
-0.55698746,-0.6835697369333331
-0.7392343,-0.6818619522000007
-0.9844259,-0.7224588346666662
-0.61480874,-0.5664828137333339
-0.3425363,-0.5617497599999995
-0.5445449,-0.6168678503333318
-0.69312364,-0.17912450946666658
-0.4874555,-0.6496869390666657
-0.7041024,-0.5718502026666674
-0.57674915,-0.5846359536666671
-0.66897047,-0.6955292240000008
-0.724596,-0.6431289809999999
-0.80364287,-0.7167986865333321
-0.66750664,-0.7342148491333347
-0.36010227,-0.6574061958666663
-0.76411945,-0.5821750769333329
-0.69678324,-0.6239381562666676
-0.4874555,-0.7233127288000005
-0.40255335,-0.7824270817999978
-0.63530236,-0.6338730084000008
-0.7041024,-0.38768651200000037
-0.5862641,-0.6158236739999986
-0.40840867,-0.41754784773333425
-0.79339606,-0.6307254603333329
0.6175407,-1.080960421733334
-0.46988952,-0.5836974577333336
-0.43109804,-0.5342102324000001
-0.5416172,-0.7001402956000004
-0.97783864,-0.6014391010666659
-0.70703006,-0.739320499466667
-0.64847684,-0.4886168138666659
-0.9766188,-0.7430972180666676
-0.7524088,-0.6091876344000007
-0.68214494,-0.686292451866667
-0.6806811,-0.7202630825333348
-0.6616513,-0.5328244749333333
-0.5123406,-0.34801590300000035
-0.5372257,-0.809381086399999
-0.47720867,-0.7886239869999996
-0.4684257,-0.3363979710666663
-0.6660428,-0.7551120073333351
-0.7041024,-0.7686622020666685
-0.94417053,-0.6042106249333337
-0.79778755,-0.6946606850666655
-0.47135335,-0.6955145870000004
-0.8387748,-0.6404940883999992
-0.5840683,-0.8756888761999979
-0.5255151,-0.45051817986666665
-0.76997477,-0.654400455333334
-0.55332786,-0.6218741603333324
-0.7187407,-0.5357409702666668
-0.42231506,-0.7621481727999989
-0.6704343,-0.5626134206000007
-0.9192854,-0.7442064789333346
-0.7319152,-0.697349259200001
-0.56943,-0.5749193709999999
-0.6133449,-0.7674521038000006
-0.578213,-0.5533913990666667
-0.6089534,-0.47647677833333224
-0.4523236,-0.6425629677333327
-0.65433216,-0.683921052799999
-0.68214494,-0.7173256505200007
-0.59577894,-0.6560594829333326
-0.9470982,-0.5292576249333336
-0.62066406,-0.5480239114666655
-0.66311514,-0.6215911511333345
-0.7370687,-0.763182916333331
-0.5167321,-0.5371281226666657
-0.80876625,-0.6554056338666664
-0.6411577,-0.4602868194666664
-0.4391491,-0.4667374229333322
-0.76411945,-0.5871410306666655
-0.65286833,-0.6050376714666661
-0.5591832,-0.6404160158666653
-0.5899236,-0.6304424496000003
-0.6030981,-0.7220977642000009
-0.5123406,-0.6907546825333333
-0.57674915,-0.6125641858666679
-0.48013633,-0.7457288549999987
-0.47940442,-0.47572534026666696
-0.664579,-0.6238220306666662
-0.79339606,-0.5953739487333345
-0.72166836,-0.5886354435333336
-0.61480874,-0.5888696554666674
-0.8138897,-0.6679750579999997
-0.69678324,-0.3998598978000001
-0.4640342,-0.6537012839333323
-0.5928513,-0.7481685394666657
-0.63823,-0.6410893733999989
0.058344096,-0.6018881376666664
-0.41865548,-0.5406510793333341
-0.62066406,-0.5596028028666669
-0.819745,-0.6891225221333346
-0.36742142,-0.5849953923333329
-0.5908995,-0.734946255533332
-0.6030981,-0.6226743833333321
-0.71581304,-0.7827149577333324
-0.7275237,-0.5705034827333335
-0.6089534,-0.8551664463333324
-0.59577894,-0.5647555007333324
-0.9002557,-0.5102619784666664
-0.40108952,-0.5330586850666676
-0.758996,-0.6287834454666675
-0.62505555,-0.5210845523333344
-0.40401718,-0.5055191713333345
-0.5928513,-0.4585497433999998
-0.7319152,-0.6447587116666658
-0.75387263,-0.7693111609999989
-0.4245108,-0.5704156445333334
-0.5584513,-0.6591603370000003
-0.66897047,-0.8183494851999976
-0.5123406,-0.6191123969333335
-0.4900172,-0.6886833746666662
-0.4098725,-0.5982528119333327
-0.5416172,-0.5187521806000006
-0.49038315,-0.6468129478666671
-0.3469278,-0.670024415733333
-0.6309109,-0.6154820902666668
-0.8626885,-0.5627468085999995
-0.46257037,-0.6547615536666652
-0.5708938,-0.6215082022666675
-0.72020453,-0.6070341619333331
-0.52405125,-0.4365142041333332
-1.1861905,-0.6030198183333327
-0.7194726,-0.6966271050666655
-0.83584714,-0.5564775244666675
-0.6235917,-0.5580999381333343
-0.7055662,-0.5468713881333339
-0.54747254,-0.5826435058666672
-0.7319152,-0.515883087866666
-0.6426215,-0.787394327733333
-1.1095834,-0.48803127399999996
-0.57674915,-0.4962628823333344
-0.5796768,-0.741508142333332
-0.53429806,-0.5698642766666672
-0.33716893,-0.9040042406666654
-0.647013,-0.6687378793333334
-0.21371923,-0.5260388260666656
-0.63823,-0.44159859386666767
-0.5020938,-0.5849270941999999
-0.7736343,-0.5385334292666676
-0.18274054,-0.386578317666667
-0.82120883,-0.6530830277333327
-0.013906389,-0.461238292533333
-0.4047491,-0.6970076834666673
-0.6997109,-0.6847163945333335
-0.65433216,-0.5990286428666675
-0.67336196,-0.7984755160666656
-0.56650233,-0.7485686628000022
-0.61627257,-0.6391131959999993
-0.49916613,-0.5931977222666674
-0.5928513,-0.9043446248666674
-0.58699596,-0.5030843355333332
-0.5255151,-0.7003452182000018
-0.33521715,-0.5803331091999996
-0.33960864,-0.6443683559999994
-0.7480173,-0.6220205420666656
-0.46988952,-0.4089844364000003
-1.2144747,-0.440979327733333
-0.67336196,-0.820252429533332
-0.46988952,-0.7149054357999995
-0.5786787,-0.6754853990666662
-0.54308105,-0.2129047205333334
-0.6411577,-0.6115687883333347
-0.7802216,-0.5798915080000009
-0.73484284,-0.768872019933333
-0.6030981,-0.785485034877778
-0.68653643,-0.6852352493333338
-0.5357619,-0.6574484888000021
-0.6792173,-0.6624808212666664
-0.6718981,-0.5359814674000009
-0.5357619,-0.6184585665333344
-0.7802216,-0.5769833749333332
-0.5738215,-0.578554554533333
-0.60163426,-0.6689704622666661
-0.82779604,-0.7705700455999995
-0.6997109,-0.6640812938000015
-0.33375332,-0.5574631691333334
-0.8751876,-0.26537988953333386
-0.6514045,-0.4970289332000001
-0.31472352,-0.5219736875333341
-0.6367662,-0.6010389735999995
-0.42743847,-0.5206747018666671
-0.40108952,-0.6461542238666654
-0.63823,-0.5597882212666669
-0.23274902,-0.6475815043999994
-0.51380444,-0.6376933058666673
-0.46549803,-0.6780234553333315
-0.8958642,-0.636766194866667
-0.9280684,-0.32743231973333287
-0.49623847,-0.5578169476000004
-0.21091355,-0.6056047026666657
-0.69751513,-0.5487802414666662
-0.6030981,-0.6413626251999993
-0.36888525,-0.6255019822600004
-0.40108952,-0.5962120374666662
-0.6748258,-0.661236556399999
-0.6536002,-0.6889224762666667
-0.4245108,-0.675440593666666
-0.58260447,-0.5588915465333332
-0.3615661,-0.7865706669999982
-0.9236769,-0.6168187975999999
-0.65286833,-0.5789058710000008
-0.92074925,-0.40676754000000037
-0.68800026,-0.7081132890000019
-0.63823,-0.6131985279333332
-0.664579,-0.6511654016
-0.5181959,-0.5396459291333336
-0.52844274,-0.6091778577333323
-0.57818455,-0.4782984387999995
-0.20566817,-0.5500708275999988
-0.7128854,-0.5982772046666662
-0.48891932,-0.5412854189999996
-0.7670471,-0.5405925322666657
-0.38498738,-0.49974191960000053
-0.5460087,-0.6469284266666653
-0.5299066,-0.5188692924666672
-0.8578046,-0.6388253170000003
-0.8490216,-0.6559228568000002
-0.61700445,-0.6716932022000008
-0.6565279,-0.6429484347333333
-0.6074896,-0.6333261722000009
-0.8256003,-0.7658662933333342
-0.45671508,-0.6127300975333335
-0.24299583,-0.5704668680000005
-0.8240161,-0.9262128553333329
-0.96027267,-0.6096487388666668
-0.6118811,-0.554001214533334
-0.35424694,-0.6882297912666672
-0.54747254,-0.542895640533333
-0.483064,-0.669107084533335
-0.11125111,-0.19520339720666618
-0.88232374,-1.1023675049333344
-0.62505555,-0.5853569583999991
-0.72166836,-0.4538166701333335
-0.6367662,-0.5642041307999996
-0.7626556,-0.7055710876666685
-0.7099577,-0.5123894196000001
-0.5899236,-0.6503895767999993
-0.8963521,-0.5214895412666668
-0.8446301,-0.5852003244666658
-0.44500443,-0.6286468156000008
-0.15077452,-0.5881914127333343
-0.84609395,-0.6216692230666658
-0.56650233,-0.6699170744666668
-0.5416172,-0.7208681369333338
-0.647013,-0.5335851284000007
-0.7187407,-0.8623521874666672
-0.74508965,-0.31147382466666623
-0.7172769,-0.5184203895999999
-0.62944704,-0.6030883379999996
-0.49477464,-0.6590652020666663
-0.49916613,-0.6886833717999997
-0.59138745,-0.5698105792000008
-0.8578046,-0.5918753880666676
-0.8958642,-0.683608769600001
-0.5928513,-0.5906067394666658
-0.7465535,-0.5328488916666682
-0.37159443,-0.6443813664133324
-0.5708938,-0.5416416020000004
-0.5738215,-0.5622962740666657
-0.33960864,-0.6154625909999989
-0.50941294,-0.7116460003333323
-0.58260447,-0.7609282978666656
-0.34985545,-0.9010526510666672
-0.66311514,-0.651619178133335
-0.38937888,-0.7087807249333342
-0.59577894,-0.528406971399999
-0.7919322,-0.5174087266666664
-0.362298,-0.6318054416666662
-0.41645974,-0.6516875051333325
-0.7004428,-0.7729907368000021
-0.57674915,-0.6369223400000009
-0.7465535,-0.5529277569333321
-0.5840683,-0.5588026104000013
-0.62944704,-0.6581771624000006
-0.6792173,-0.5342834174666674
-0.6323747,-0.6092559450666678
-0.560647,-0.6276644219333349
-0.61627257,-0.7474366237333329
-0.7655833,-0.7988902832666679
-0.655796,-0.5020010803999995
-0.6762896,-0.43491338706666754
0.22195327,-0.5139410799999986
-0.63383853,-0.6362684911999994
-0.5181959,-0.5633209421333332
-0.57674915,-0.7024824263333326
-0.40108952,-0.8419220509333323
-0.33668098,-0.4665231499999998
-0.6572598,-0.48348364893333257
-0.6806811,-0.6577892244000015
-0.39832583,-0.9170436961333343
-0.80217904,-0.5395776152666673
-0.58114064,-0.6943251367333328
-0.6997109,-0.4466341565333322
-0.62066406,-0.48551349113333336
-0.64750093,-0.6055378033333336
-0.6389619,-0.731095696533334
-0.53429806,-0.6728160384000013
-0.47574484,-0.5328244749333333
-0.49477464,-0.5658504393333343
-0.62725127,-0.5466137521333331
-0.53868955,-0.6731862937333332
-0.65433216,-0.7347696477333318
-0.6894641,-0.5689108471999997
-0.6644836,-0.25397653563333367
-0.50062996,-0.5569630386000014
-0.7611918,-0.38010808553333336
-0.5035576,-0.7959235893333353
-0.63530236,-0.36976110446666627
-0.7919322,-0.5317314899333325
-0.5504002,-0.557182633266666
-0.4786725,-0.7026873573333337
-0.5635747,-0.6013919276000013
-0.5211236,-0.5767003420000005
-0.6177364,-0.5199964538666655
-0.68800026,-0.5541378430000005
-0.5167321,-0.46934028119999993
-0.7692428,-0.725303541333332
-0.5108768,-0.5367377931999998
-0.5755293,-0.8147874913333353
-0.8351152,-0.5276327433333331
-0.5225874,-0.6190050552666669
-0.7919322,-0.635321906400002
-0.6323747,-0.7454117093333352
-0.09778386,-0.6802925815333323
-0.7729024,-0.5506441878666675
-0.5972428,-0.5858151426666669
-0.7128854,-0.705546703533333
-0.52405125,-0.720780284133335
-0.724596,-0.6101244824666668
-0.6221279,-0.7580299089999997
-0.49038315,-0.8636647955999973
-0.48965123,-0.6776900300000016
-0.75387263,-0.6112858068666666
-0.3805959,-0.6029102499999992
-0.6953194,-0.5894161535999995
-0.8519493,-0.7340230949333322
-0.5020938,-0.6686972267999985
-0.5686981,-0.6083093440666674
-0.6806811,-0.7156569000666657
-0.47574484,-0.5885183411333327
-0.3353946,-0.6207625615333331
-0.46886486,-0.8081930109999987
-0.8195777,-0.12879744993333347
-0.53868955,-0.558509825333333
-0.6982471,-0.48386180059999967
-0.7926641,-0.6797930506666684
-1.0685961,-0.7311735096000016
-0.7128854,-0.6421921385333331
-0.8490216,-0.700886845999999
-0.8534131,-0.5700155213333326
-0.6133449,-0.6646668065999984
-0.9131374,-0.4901782324000004
-0.57162577,-0.8090200009333326
-0.5192938,-0.6174241195333326
-0.5943151,-0.5907921664000009
-0.6177364,-0.6353462810666657
-0.6850726,-0.43986475840000044
-0.5401534,-0.6613520310000006
-0.6748258,-0.7753128779999998
-0.58260447,-0.6382007458666654
-0.60163426,-0.6842626117333352
-0.58114064,-0.6103684487333342
-0.3659576,-0.5944712569999989
-0.6492087,-0.29243426433333297
-0.65872365,-0.5584415032
-0.35424694,-0.5557871001333341
-0.5269789,-0.4639171224000009
-0.6074896,-0.654102834666668
-0.5123406,-0.6040446912666672
-0.57674915,-0.5497853870666677
-0.49965408,-0.512125910266667
-0.46257037,-0.688380861933333
-0.7377705,-0.514458302866668
-0.24123923,-0.4428672273333329
-0.5752853,-0.5003502183999992
-0.66897047,-0.5871765100000003
-0.44646826,-0.4957603040666674
-0.6792173,-1.019665263066666
-0.733379,-0.5657704027999995
-0.84609395,-0.6730155296000003
-0.6323747,-0.6283833270666664
-0.72605985,-0.712529186466665
-0.28691074,-0.7367750887999989
-0.6704343,-0.7079571426666664
-0.5669293,-0.6630761084666666
-0.81242585,-0.6301008994666673
-0.8709791,-0.6593823819333328
-0.9621025,-0.5747267135999992
-0.51526827,-0.741098275999999
-0.6177364,-0.6906156488666673
-0.5650385,-0.6155406516000003
-0.77680594,-0.5501757516000004
-0.29715756,-0.6930458969333342
-0.64994067,-0.47534473473333283
-0.5416172,-0.5205088016000008
-0.7758301,-0.540543740933334
-1.087626,-0.7560781057333342
-0.48013633,-0.5854566489333325
0.2466554,-0.5413906168000001
-0.6111492,-0.602063663399999
-0.4098725,-0.5353666537333329
-0.7289875,-0.7237957995999994
-0.4479321,-0.6756014516000003
-0.60822153,-0.5209772085333322
-0.67414266,-0.5081784543333342
-0.74948114,-0.6088070325333326
-0.47574484,-0.6045033848000007
-0.5599151,-0.6699073350000012
-0.63383853,-0.5590807206666663
-0.89000887,-0.6034120023333326
-0.76977956,-0.586702518466667
-0.40840867,-0.5799980196666673
-0.74948114,-0.6419871951999987
-0.8636599,-0.6921632163333314
-0.6426215,-0.6238259252000005
-0.79339606,-0.47701350946666604
-0.53429806,-0.6982265774666662
-1.0224855,-0.5773054024000001
-0.49843422,-0.6318948992
-0.50868106,-0.5150974949999995
-0.81901306,-1.016347357599998
-0.47135335,-0.7503106514666659
-0.7919322,-0.6947436360000011
-0.41865548,-0.42203594566666736
-0.5855321,-0.6548054736666671
-0.4813562,-0.285666485666666
-0.9339237,-0.5742801578
-0.6616513,-0.6892006113333345
-0.51526827,-0.6859557791333324
-0.8490216,-0.5812548335333336
-0.67521614,-0.3722915841333343
-0.8856174,-0.5152194756666665
-0.6118811,-0.5583927091333333
-0.88854504,-0.5425052756666666
-0.2854469,-0.5718257795333339
-0.65286833,-0.5584122283333343
-0.70263857,-0.6696633664000013
-0.44207677,-0.6962074643333335
-0.5035576,-0.5847904507999993
-0.69678324,-0.5723186328666657
-0.45378742,-0.6725226729333326
-0.56650233,-0.6034543039333323
-0.6770215,-0.6952120440666681
-0.4596427,-0.7252498800000008
-0.6616513,-0.7094904753333352
-0.5840683,-0.8404977046000007
-0.6997109,-0.5179373372666664
-0.26348945,-0.627622117066668
-0.5972428,-0.6845612264000012
-0.57772505,-0.6844968254666671
-0.48891932,-0.7437749481333343
-0.6235917,-0.5961497798666656
-0.6909279,-0.6878343661333353
-0.64847684,-0.7048025003333326
-0.58114064,-0.8334382768000016
-0.7802216,-0.5959887729333326
-0.5401534,-0.5612520647999998
-0.6133449,-0.5901090350666672
-0.99174505,-0.6295348553333338
-0.4523236,-0.6857313156000022
-0.58114064,-0.38997414666666735
-0.64847684,-0.6372248566666677
-0.3132597,-0.6542540941333319
-0.6177364,-0.7164376271333336
-0.3952342,-0.5146680937333327
0.10905536,-0.683880304333331
-0.37913206,-0.7537945762666679
-0.8709791,-0.6235136525333328
-0.3615661,-0.6160383744666682
-0.7772939,-0.6225865709333334
-0.957345,-0.5258516016666672
-0.9427067,-0.4329522179999998
-0.7772939,-0.6734603609999986
-0.82120883,-0.6173594563333349
-0.75387263,-0.7142223376000009
-0.76411945,-0.5022011482666662
-0.64994067,-0.7380388655333333
-0.7143492,-0.45745673146666604
0.48263988,-0.3518852987333337
-0.21628094,-0.31326666933333386
-0.42158315,-0.6588993108000003
-0.39230654,-0.7371556828000002
-0.62066406,-0.7192091175333344
-0.7143492,-0.7886008964000005
-0.61043274,-0.7398004594666653
-0.73484284,-0.3936266258000001
-0.7187407,-0.6931480566000002
-0.55332786,-0.7321932936000001
-0.6704343,-0.7849936453999979
-0.82120883,-0.678426826200001
-0.5306385,-0.6002777846666661
-0.7293535,-0.532930175000001
-0.6748258,-0.5756171167999996
-0.5935832,-0.6530846570666651
-0.74069816,-0.6014390963333343
-0.52405125,-0.49557486460000083
-0.6601875,-0.4224126471333337
-0.62944704,-0.5288526086000004
-0.2517788,-0.7322453467999989
-0.67775345,-0.5991262385333342
-0.54747254,-0.5602420194666663
-0.63969386,-0.3606322908800006
-0.6836088,-0.5699081738666677
-0.8446301,-0.6516875051333325
-0.578213,-0.6130619079999999
-0.6192002,-0.857990011266666
-0.74069816,-0.36389357546666656
-0.5445449,-0.8002370221333318
-0.58699596,-0.5996727481999987
-0.5874839,-0.48293714340000027
-0.42304698,-0.6869463044666662
-0.58699596,-0.36626987320000054
-0.5796768,-0.6624352883333341
-0.90537906,-0.5209284272666677
-0.5650385,-0.655386118733334
-0.54893637,-0.5072952704000002
-0.41719165,-0.5942955959333344
-0.6045619,-0.5443741006666654
-0.74728537,-0.43456731486666605
-0.5504002,-0.6387667315333337
-0.3718129,-0.48578671886666674
-0.73484284,-0.35028483146666695
-1.0223879,-0.7840714279333344
-0.5269789,-0.5775298537333335
-0.55332786,-0.6914158570666674
-0.560647,-0.7504277524666675
-0.8880587,-0.5142064544666676
-0.8784202,-0.5785643041333329
-0.61480874,-0.7725218418666678
-0.4977023,-0.680017494733335
-0.7041024,-0.502142602733333
-0.5269789,-0.7486711291999985
-0.6748258,-0.6119884252000006
-0.60870945,-0.7345305589999997
-0.5562555,-0.7304220789333313
-0.578213,-0.7435672472000001
-0.2261618,-0.5554455518666682
-0.7465535,-0.5672147329333341
-0.7128854,-0.5423491270666658
-0.2898384,-0.7641487074000015
-0.5943151,-0.6333603415333343
-0.7209364,-0.6766617181333325
-0.63383853,-0.6115704028000015
-0.75972795,-0.5370305435999997
-0.4933108,-0.6602131008666672
-0.5269789,-0.6310377458666653
-0.6894641,-0.4924694636666666
-0.71581304,-0.6026979944000012
-0.6177364,-0.5494633475999994
-0.6192002,-0.6967246853999995
-0.7524088,-0.4883435622666668
-0.8007152,-0.735057532466667
-0.69678324,-0.6103684614666658
-0.65872365,-0.4677572340666661
-0.60017043,-0.7065811270000019
-0.87537056,-0.6160969188666662
-0.4391491,-0.6800175114666664
-0.7055662,-0.6084410606666684
-0.75387263,-0.5002965649999997
-0.50502145,-0.6741134013999989
-0.41280016,-0.4814342830666674
-0.54893637,-0.5031965511333337
-0.7948599,-0.4695528620666663
-0.6514045,-0.6822409115333321
-0.8490216,-0.6580112442666677
-0.66897047,-0.9042616805333322
-0.4581789,-0.9142499163333326
-0.41572782,-0.6192295258000007
-1.1000684,-0.6793441555999987
-0.37327674,-0.7774305600000008
-0.72605985,-0.6404940883999992
-0.75972795,-0.6180909759333322
-0.38791505,-0.622547501599999
0.42792025,-0.5207233016666674
-0.6850977,-0.14834781320000034
-0.74143004,-0.9071763120000005
0.016102133,-0.560385158733332
-0.45671508,-0.5788961139999999
-0.7736343,-0.6101927752666658
-0.5357619,-0.7599816952000016
-0.86414784,-0.6248369525333329
-0.5225874,-0.6389717088666674
-0.63686377,-0.663798109399999
-0.3227746,-0.6352340515999996
-0.59480304,-0.5455500678666663
-0.7231322,-0.7010771519999983
-0.4098725,-0.5060862523333344
-0.64408535,-0.6126032200666668
-0.6960513,-0.5511233274666669
-0.7128854,-0.6640129493333344
-0.47135335,-0.7448847007333348
-0.8826897,-0.6887516951999995
-0.5335662,-0.5261258251999993
-0.5445449,-0.6296031662666676
-0.8955714,-0.7229760422666688
-0.5945347,-0.5449596555999996
-0.5123406,-0.5288330823333331
-0.87878615,-0.39757839320000055
-0.46257037,-0.7423376496000015
-0.5943151,-0.7884336705333344
-0.7443577,-0.07610154119999998
-0.2561703,-0.5797459131333339
-0.6221279,-0.36878277286666644
-0.52405125,-0.5283353962000003
-0.4640342,-0.7461680108666663
-0.5299066,-0.5449145533333328
-0.5928513,-0.7365798987999989
-0.80437475,-0.5143721095999996
-0.664579,-0.6170166772000006
-0.655796,-0.5690298720000011
-0.7231322,-0.45476263459999944
-0.4933108,-0.5387481104666668
-0.5035576,-0.7944554192666688
-0.070019886,-0.1832392322000001
-0.560647,-0.7016577885333349
-0.4684257,-0.7390196387333346
-0.42853633,-0.5540207556000002
-0.77790385,-0.49283262046666665
-0.8446301,-0.7261476883333323
-0.4933108,-0.5013423643333332
-0.663847,-0.4241399556000004
-0.8153535,-0.33207478980000005
-0.560647,-0.5756707997999999
-0.71142155,-0.6065820043333339
-0.663847,-0.6179998919999998
-0.15760574,-0.4273831684
-0.60602576,-0.6524096608666664
-0.84170246,-0.620722610733333
-0.5247832,-0.5296821349066669
-0.37327674,-0.5155952017333328
-0.55771935,-0.5748803136666674
-0.4581789,-0.6346533940000003
-0.77436626,-0.606708885200001
-0.40694484,-0.6321063347000007
-0.47281718,-0.6125934764666655
-0.58260447,-0.708158418
-0.76631516,-0.6303643778666669
-0.578213,-0.663290172200001
-0.6806811,-0.6500187561333344
-0.13760005,-0.6239528020666657
-0.4977023,-0.7021994046666673
-0.6718981,-0.5655215620000008
-0.5357619,-0.5943248844000001
-0.84170246,-0.5693909654666659
-0.74948114,-0.5128627174666666
-0.9222131,-0.6841259883333328
-0.43768528,-0.3396086340000004
-0.7626556,-0.6292518643333329
-0.51804954,-0.5063690087333335
-0.6836088,-0.5849368423999993
-0.19810504,-0.48823619920000083
-0.4640342,-0.6756162372000015
-0.62944704,-0.5341028770666665
-0.39377037,-0.8271617480666655
-0.6660428,-0.622805316199999
-0.70703006,-0.636746689200001
-0.4435406,-0.47183155266666676
-0.724596,-0.35729396830000043
-0.7084939,-0.6309499113333321
-0.8592684,-0.5722307809333319
-0.48160017,-0.6300257414000008
-0.44939592,-0.37427841766666653
-0.9119663,-0.18634162933333367
-0.51526827,-0.47878963853333334
-0.79778755,-0.5530643765333344
-0.49488726,-0.5488159482666679
-0.60017043,-0.5362726018666667
-0.48452783,-0.5751112883333336
-0.4786725,-0.8054579981999976
-0.448664,-0.6262754077999994
-0.46549803,-0.6274432361333329
-0.47281718,-0.5874448659999996
-0.7626556,-0.6153162125333336
-0.6133449,-0.6443585884000017
-0.69678324,-0.5364694072000008
-0.560647,-0.320432457866667
-0.54210514,-0.801095759066668
-0.7392343,-0.4587800436666663
0.14955834,-0.8933285369999999
-0.6938556,-0.7199117668000005
-0.46549803,-0.5510833595333335
-0.47574484,-0.7658077329333325
-0.6221279,-0.5746412485333338
-0.62066406,-0.7293383764000009
-0.9046472,-0.6781389182000008
-0.71581304,-0.5421149270666668
-0.4193874,-0.24572897126666618
-0.59577894,-0.4819246643333336
-0.70215064,-0.8042892230666662
-0.72166836,-0.44920562200000025
-0.54308105,-0.7301390636666667
-0.5928513,-0.46472547306666634
-0.6118811,-0.5493169859333352
-0.7465535,-0.7756495465333326
-0.44207677,-0.6368930599333341
-0.6323747,-0.5867617619333341
-0.6601875,-0.6133058580000007
-0.655796,-0.8557844541333363
-0.7041024,-0.5589294517333334
-0.6579917,-0.6627150309333335
-0.6762896,-0.7397125162666677
-0.78900456,-0.7779184788666665
-0.7084939,-0.6265535413333337
-0.63383853,-0.7053905704000002
-1.8079833,-0.1276013822000002
-0.39669803,-0.4708800709333333
-0.58114064,-0.6372639010000003
-0.72020453,-0.5291551394666665
-0.7319152,-0.7443772516666659
-0.37034908,-0.723185856733334
-0.61041725,-0.6039276006666658
-0.7992514,-0.687551342133334
-0.5460087,-0.6361904226666663
-0.4435406,-0.7302951946666671
-0.48891932,-0.6766945996666667
-0.9324599,-0.7514768163333347
-0.40840867,-0.6612560814000001
-0.7275237,-0.5200858998533338
-0.42011932,-0.7563797002666681
-0.5123406,-0.48635274473333273
-0.5299066,-0.6672529216666668
-0.70703006,-0.5311947635333337
-0.5064853,-0.6311790824666671
-0.67775345,-0.4046905359333329
-0.27812776,-0.5488778155999995
-0.8241365,-0.6960975141333342
-0.6221279,-0.515658651466667
-0.45671508,-0.5176494350000004
-0.93099606,-0.3759311484666669
-0.7055662,-0.6600020590666681
-0.3908427,-0.7047757558666661
-0.85487694,-0.6458077737999997
-0.5504002,-0.5929683843999992
-0.914894,-0.5413049188000004
-0.38937888,-0.601565968533335
-0.08178922,-0.6729359942666676
-0.7992514,-0.9068835488000011
-0.71142155,-0.5004347826666667
-0.67775345,-0.6684239689333331
-0.5562555,-0.7330569678666665
-0.6536002,-0.7955527549333336
-0.5211236,-0.5368109734666672
-0.4332938,-0.5581487433333346
-0.52405125,-0.6271049162666671
-0.6074896,-0.5276425313333323
-0.6806811,-0.6315646976000008
-0.4977023,-0.5723674229333336
-0.5884598,-0.8893558690666659
-0.5752853,-0.6553031609333337
-0.4237789,-0.6396040773333344
-0.5372257,-0.7360236708000006
-0.6601875,-0.5848197377733334
-0.57235765,-0.49771206933333284
-0.6514045,-0.5121259319333343
-0.5855321,-0.5579438042000001
-0.7948599,-0.6126422662000006
-0.68800026,-0.8183494553333349
-0.12222983,-0.5637484551999996
-0.58260447,-0.5316892106666671
-0.42304698,-0.5970476099999994
-0.6704343,-0.5219736875333341
-0.5079491,-0.7618466228666664
-0.3664455,-0.6453637731333339
0.1091854,-0.8033551262666645
-0.63823,-0.6050205863333334
-0.49184698,-0.8544475668000007
-0.72353023,-0.6385618277333347
-0.7955918,-0.48879245980000063
-0.3425363,-0.6350223394200002
-0.664579,-0.5410219295333347
-0.5972428,-0.5858834619333343
-0.63969386,-0.645929783666667
-0.60017043,-0.5758220386666673
-0.5738215,-0.6750709769999997
-0.8256003,-0.38486310766333387
-0.7392343,-0.8224774917333348
-0.5708938,-0.5564311944666676
-0.733379,-0.7392905111999992
-0.7106896,-0.5690103705333326
-0.6982471,-0.5783593413999998
-0.63530236,-0.5436210349333325
-0.647013,-0.464888121333333
-0.5357619,-0.5047091730666675
-0.67775345,-0.7293364036666681
-0.5708938,-0.5116672419999998
-0.6030981,-0.6426849309333332
-0.56796616,-0.756927162066666
-0.6192002,-0.609636525333334
-0.81242585,-0.6372004664000002
-0.63969386,-0.6208309213066656
-0.5255151,-0.5161855845333337
-0.32497033,-0.40841840753333397
-0.60602576,-0.5822726487333325
-0.50002,-0.43513723933333426
-0.33485118,-0.9677874471333329
-0.405481,-0.6129935882000006
-0.9463663,-0.3874856475333334
-0.94563437,-0.05122918206666681
-0.07977875,-0.6766206432000013
-0.6074896,-0.5870154760666666
-0.90757483,-0.5896601389333337
-0.64408535,-0.5355276959333324
0.058431227,-0.6046400101333333
-0.5840683,-0.6153788568666669
-0.5840683,-0.6850872484000007
-0.7143492,-0.5597589489333341
-0.54747254,-0.5712256227999987
-0.6309109,-0.6213016561333334
-0.82706416,-0.5812675109333333
-0.5035576,-0.7320355433333336
-0.89000887,-0.44828666033333464
-0.3132597,-0.6022490789333329
-0.56796616,-0.448103258133333
-0.5987066,-0.723722590733334
-0.72605985,-0.7073033233333349
-0.6704343,-0.8140945986000014
-0.76851094,-0.5677514856666671
-0.94041055,-0.6153747367333323
-0.86585563,-0.7254938345333323
-0.5504002,-0.5675709278000005
-0.77070665,-0.5668634044000015
-0.5796768,-0.21319550139999957
-0.18590645,-0.6285589962000012
-0.53429806,-0.4966971616000012
-0.46549803,-0.4928521583999996
-0.38254765,-0.6173514222000006
-0.7172769,-0.7060834580666678
-0.5460087,-0.6815886860666659
-0.5401534,-0.6942777978666672
-0.6792173,-0.46268261846666536
-0.40840867,-0.7245455857999982
-0.35131928,-0.7312369144000018
-0.53429806,-0.8122209339999998
-0.54234916,-0.5901968626666658
-0.62505555,-0.5291144800000007
-0.7965433,-0.6412162624000011
-0.5796768,-0.654029635466667
-0.64994067,-0.5837072178666683
-0.046273302,-0.20975373449999998
-1.001016,-0.6299447428666662
-0.7392343,-0.6904520008000001
-0.560647,-0.6051279424000007
-0.45085976,-0.5908019239999995
-0.414264,-0.567361097600001
-0.44939592,-0.6686679433333347
-0.6850726,-0.6163994378
-0.6374981,-0.8754681399333332
-0.82120883,-0.6926812901333353
-0.47501293,-0.45553424620000044
-0.2975967,-0.6208299519333331
-0.25335523,-0.6904380018000005
-0.664579,-0.4849572260000005
-0.3088682,-0.5799549349999992
-0.80803436,-0.6146639054666666
-0.81681734,-0.7702675289999988
-0.7172769,-0.6289964921999995
-0.35571077,-0.703445305799999
-0.6938556,-0.6823791425999985
-0.4479321,-0.5175274394666666
-0.5167321,-0.46689356013333355
-0.974911,-0.3545234440333323
-0.63383853,-0.6114565289333346
-0.9119663,-0.5180885819999994
-0.5445449,-0.6150819800666673
-0.70703006,-0.37817569413333285
-0.5752853,-0.6520485849333326
-0.56796616,-0.5952324622666664
-0.6894641,-0.455680639
-0.83731097,-0.6571231856000009
-0.36449376,-0.6208805854666676
-0.6514045,-0.6676286110000011
-0.5445449,-0.8542865119999982
-0.5924853,-0.5921359468666678
-0.7582641,-0.5415001034666677
-0.5035576,-0.6307547492666677
-0.54308105,-0.6900544755333324
-0.6850726,-0.5203428989333333
-0.39669803,-0.5379088680000005
-0.47574484,-0.6751803578666665
-0.7714386,-0.30025111359999906
-0.89513224,-0.3393158660000007
-0.48891932,-0.6125446606666681
-0.7772939,-0.592757778266666
-0.6572598,-0.6833745444666663
-0.5211236,-0.6492185137333324
-0.30594054,-0.6912158204666657
-0.5928513,-0.7325104683999992
-0.5401534,-0.7997051581333326
-0.5108768,-0.4485176107333336
-0.7919322,-0.4456192304666674
-0.65872365,-0.6319512040333334
-0.8138897,-0.607772585733334
-0.7106896,-0.6942849819999983
-0.7575322,-0.6390887883333346
-0.6367662,-0.7070252000000007
-0.76851094,-0.612203117466668
-0.56137896,-0.7081620994000019
-0.50282574,-0.5598370510000007
-1.0934813,-0.5559172212000003
-0.32850793,-0.7661883238666656
-0.6409137,-0.5578706219333344
-0.2854469,-0.6743573497333344
-0.49184698,-0.501742470533334
-0.62505555,-0.7029093628000025
-0.5372257,-0.6255532772666669
-0.6938556,-0.6426984412666659
-0.49989805,-0.6487695846666648
-0.5708938,-0.5179682160666669
-0.37034908,-0.5083955271999999
-0.6133449,-0.5326683312666673
-0.60017043,-0.7567547436000007
-0.70366323,-0.7758398437333344
-0.85634077,-0.6754113060666672
-0.854145,-0.6955438623999993
-1.9681638,-1.6184328244000021
-0.5987066,-0.6418603088666648
-0.5928513,-0.5238316946666682
-0.4269505,-0.3247225985333328
-0.36815333,-0.5493202340000003
-0.47720867,-0.6674188152666662
-0.6177364,-0.6668918265333323
-0.32121584,-1.3641451677999972
-0.4098725,-1.1633555564000013
-0.7582641,-0.5663120198666673
-0.70117474,-0.5605299048666676
-0.5562555,-0.6576697156000013
-0.46110654,-0.3747734997333327
-0.6243236,-0.6351463323333332
-0.7860769,-0.573479919333333
-0.56650233,-0.5718111642000006
-0.61041725,-0.5859127286666653
0.25835365,-1.1877257145333309
-0.5460087,-0.6816277378666675
-0.6718981,-0.45928164146666556
-1.1937362,-0.33245469599999966
-0.83584714,-0.44437986186666717
-0.7772939,-0.6862132440666674
-0.405481,-0.43480639926666614
-0.5123406,-0.5978966270666661
-0.53868955,-0.6789050168000011
-0.7231322,-0.6136558986666659
-0.63530236,-0.7770401612666668
-0.35766253,-0.48162405566666694
-0.8929365,-0.6680604718000007
-0.5203917,-0.6456467674000005
-0.5383236,-0.6274172040000013
-0.66750664,-0.6806762336666664
-0.7172769,-0.6560887673333341
-0.77875775,-0.5913695789333328
-0.61480874,-0.6177949450000007
-0.6762896,-0.6628028594666658
-0.62066406,-0.6022129662666653
-0.6323747,-0.8696713634666675
-0.68800026,-0.5844293805999988
-0.57539886,-0.5658828286666655
-0.61041725,-0.5170639073333326
-0.6367662,-0.5276815556666675
-0.42597464,-0.5819408707333326
-0.7041024,-0.6378640821333331
-0.50502145,-0.6010780062000008
-0.56796616,-0.5333709687333329
-0.68653643,-0.5872539034666678
-1.2369366,-0.6860508218666675
-0.58260447,-0.4166841825999992
-0.88212043,-0.5643553876666657
-0.78314924,-0.5915338346000004
-0.6118811,-0.7742149816000008
-0.560647,-0.716564473666665
-0.69678324,-0.5024223530666667
-0.5738215,-0.4235902220000013
-0.60383004,-0.655197460933334
0.15480006,-0.559578696800001
-0.6514045,-0.7657979586666654
-0.8929365,-0.6404257821333341
-0.7143492,-0.7151201434666681
-0.6221279,-0.9305886577333333
-0.45525125,-0.7561122836000005
-0.6982471,-0.7401126176000008
-0.34400013,-0.6316769380666668
-0.8621961,-0.6986569206000003
-0.4874555,-0.695992773933333
-0.474281,-0.5123893961333339
-0.7611918,-0.7317926593333339
0.23553611,-0.6019380499066674
-0.6166037,-0.4865969598666669
-0.6235917,-0.651691840999999
-0.20298447,-0.7172768673333338
-0.41280016,-0.6088655884000015
-0.8724429,-0.3513339154600007
-0.20493625,-0.7396913656000008
-0.62066406,-0.6997743361999984
-0.43182996,-0.8083466631333341
-0.6265194,-0.6449083464666682
-0.5840683,-0.5588709072666672
-0.6909279,-0.6078409091999997
-0.64994067,-0.6168093086666657
-0.3864512,-0.6906366182666668
-0.5972428,-0.5938662206666669
-0.20737596,-0.10797212647333368
-0.7772939,-0.5416318531333327
-0.58699596,-0.7322552392933327
-0.7055662,-0.5675904750666666
-1.2467717,-0.5248341652666667
-0.6601875,-0.6413138221333329
-0.5884598,-0.5928122660000001
-0.25031498,-0.6013902926666668
-0.7150811,-0.6797101040666659
-0.8051067,-0.7375740796000018
-0.46569142,-1.812838032333331
-0.82545394,-0.5955739983333336
-0.5796768,-0.6402370945333341
-0.7575322,-0.582175081799999
-1.0349281,-0.9736762789333346
-0.6367662,-0.7044732360000013
-0.20054476,-0.6314817613333349
-0.64408535,-0.711148296799999
-0.68800026,-0.6542589681999982
-0.79778755,-0.6638909600000005
-0.92514074,-0.6811300023333352
-0.4289023,-0.5225923164666652
-0.7319152,-0.4381048946666662
-0.8182812,-0.6676432572000013
-0.6792173,-0.6968466938666676
-0.4332938,-0.6728984042000001
-0.60017043,-0.8556036130666664
-0.5884598,-0.6283491788666677
-0.9688117,-0.6186309484000015
-0.5840683,-0.4697968361333323
-0.33960864,-0.7332521590000004
-0.5708938,-0.5965352726666667
-0.5255151,-0.5782617751999987
-0.3959661,-0.5698593921999993
-0.7846131,-0.6685313240666677
-0.6792173,-0.6934847393999998
-0.48452783,-0.7283434425333344
-0.45525125,-0.5565255110666655
-0.92074925,-0.8561162761333333
-0.6660428,-0.7097137396000002
-0.58378774,-0.5091201922000007
-0.34839162,-0.530375007666666
-0.62102187,-0.49308635313333327
-0.5547917,-0.5937783829999991
-0.41280016,-0.6216692210666673
-0.6718981,-0.5904644076666657
-0.5796768,-0.7616650767999994
-0.6718981,-0.6066503316666663
-0.92660457,-0.6018881376666664
-0.64408535,-0.4378658107999993
-0.78900456,-0.4742810180880006
-1.245805,-0.6240453529333323
-0.7992514,-0.6156187159333327
-0.8896429,-0.7063664561333333
-0.6748258,-0.6787000557333329
-0.36742142,-0.5538694863333331
-0.6133449,-0.48498650893333367
-0.5855321,-0.6536880788000015
-0.4332938,-0.6726300564666681
-0.7611918,-0.6458648358666657
-0.43475762,-0.6393301724666673
-0.5972428,-0.5405047042666681
-0.4786725,-0.6113345974000016
-0.75782496,-0.6283410268000014
-0.6699464,-0.7664030170666656
-0.5855321,-0.6003054289999995
-0.6133449,-0.6016440216000012
-0.8620662,-0.43473873373333294
-0.57674915,-0.6626711134000006
-0.48599166,-0.6084362054666662
-0.7402102,-0.544876688666666
-1.190885,-0.8395612245333322
-0.51380444,-0.5450523362666666
-0.44939592,-0.6009804364666662
-0.48635763,-0.714905471800001
-0.6836088,-0.6033225434666666
-0.6192002,-0.44776617853333317
-0.655796,-0.7103383062666669
-0.96320033,-0.6026426874666649
-0.6089534,-0.5354984354666669
-0.6616513,-0.5886061940666664
-0.62505555,-0.7042097246666676
-0.66311514,-0.5120575978666676
-0.84609395,-0.7844081417999996
-0.65433216,-0.7356658320000016
-0.7480173,-0.3925602560000003
-0.62944704,-0.6309352805333319
-0.60163426,-0.6106417070666654
-0.5840683,-0.6397621694666658
-0.5855321,-0.566790205733335
-0.97710675,-0.7676321223333323
-0.21811073,-0.2549748516000003
-0.5584513,-0.6440463234000017
-0.63530236,-0.5757472616000012
-0.74069816,-0.6260900057333335
-0.35351503,-0.599877668133333
-0.4874555,-0.6731521433999993
-0.66897047,-0.7411563345333332
-0.53283423,-0.5433299014666673
-0.742162,-0.644319575133332
-0.7904684,-0.8076634800000019
-0.82267267,-0.8557259523333327
-0.6997109,-0.6123885428666668
-0.47720867,-0.6099878701333329
-0.40694484,-0.563379508399999
-0.34839162,-0.6844187569333319
-0.3996257,-0.41974358446666726
-0.8182812,-0.44350155379999906
-0.7055662,-0.6583918597333344
-0.59138745,-0.6512873936666682
-0.62944704,-0.5701228757333344
-0.6177364,-0.546808942
-0.36449376,-0.639108309466667
-0.7055662,-0.40815493253333346
-0.526247,-0.7533505323166655
-0.5079491,-0.7569905850666653
-0.44207677,-0.5231040095999994
-0.47281718,-0.48945607853333284
-0.32753202,-0.5973192782666671
-0.7480173,-0.5247587641333336
-0.3571746,-0.7100552893333345
-0.51380444,-0.697983593999998
-0.6133449,-0.7309831950666661
-0.6221279,-0.7240641381999983
-0.73630667,-0.659933753466665
-1.1795437,-0.4155749136000004
-0.275932,-0.45421608633333327
-0.5547917,-0.5300139185333325
-0.65433216,-0.6394645080000003
-0.0819745,-0.5904018175333339
-0.53429806,-0.5327220226666672
-0.81242585,-0.7414788623999998
-0.83648956,-0.5207234981999999
-0.655796,-0.4959945262000006
-0.48013633,-0.30223867019999984
-0.9617365,-0.39435589499999907
-0.30008522,-0.6897568581333338
-0.6426215,-0.6387521252666664
-0.47281718,-0.6537759170133332
-0.48160017,-0.6061135815999993
-0.75533646,-0.5260566960666672
-0.66750664,-0.7371752051333319
-0.65433216,-0.7126804245333321
-0.42597464,-0.6327650514666674
-0.41719165,-0.5903189984766658
-0.64847684,-0.4429257710666667
-0.55771935,-0.7604501024666671
-0.4933108,-0.35268065293333284
-0.3571746,-0.5295601401333326
-0.72166836,-0.5421734729333325
-0.5752853,-0.5255541319999992
-0.5035576,-0.4829956971333338
-0.40255335,-0.6596605082666659
-0.5752853,-0.6630590329333325
-0.3718129,-0.559085606866666
-0.5591832,-0.5048262998000004
-0.4184115,-0.5986968413333321
-0.1397958,-0.6164091808000004
-0.76997477,-0.447473420733333
-0.68214494,-0.6405721732000014
-0.6279832,-0.562179156599999
-0.5460087,-0.41525671033333367
-0.578213,-0.565028758466667
-0.72605985,-0.6792953516666675
-0.6074896,-0.22999702910933303
-0.68214494,-0.6115004813333332
-0.3527831,-0.7756958208666663
-0.7758301,-0.5821214002666674
-0.79022443,-0.5959350746000004
-0.41719165,-0.5927867088666658
-0.4786725,-0.6347412050666654
-0.63530236,-0.6098512577333333
-0.6199321,-0.8338205243333343
-0.45525125,-0.6262656492000009
-0.6367662,-0.6279539333333326
-0.73045135,-0.5996580824000005
-0.5884598,-0.35515452160000016
-0.48891932,-0.5446619891999995
-0.8299918,-0.6119591700000003
-0.53283423,-0.5585878749333327
-0.6572598,-0.5797646158666659
-0.58260447,-0.6310962807999999
-0.61041725,-0.4563442113333343
-0.67336196,-0.6409478812000013
-0.67775345,-0.7620896038666647
-0.44939592,-0.6622563469333345
-0.5635747,-0.5238268090666673
-0.5394215,-0.5024597616666672
-0.6102099,-0.6726767482666676
-0.96466416,-0.6924405490666661
-1.0312685,-0.5601688453999988
-0.6909279,-0.876927717533334
-0.5357619,-0.9270730460666675
-0.58075315,-0.37187465260000097
-0.6997109,-0.5866251193333338
-0.31033203,-0.7287777126666672
-0.48599166,-0.4305320306666672
-0.48891932,-0.5985602066666676
-0.551864,-0.5511679532000007
-0.6572598,-0.6038934412666664
-0.60163426,-0.7061615130000012
-0.58699596,-0.7259817682666672
-0.40255335,-0.5301115200000002
-0.7443577,-0.24650902226666635
-0.3659576,-0.5757098298000004
-0.5299066,-0.5119893118666673
-0.51380444,-0.5920803151333326
-0.41865548,-0.7802118171999995
-0.83584714,-0.6928303213106674
-0.47395453,0.452317721066667
-0.4977023,-0.4855622886666663
-0.59577894,-0.5613594187333328
-0.7655833,-0.6880197698666681
-0.6858045,-0.6783780111333337
-0.5101449,-0.9403841474000018
-0.56979597,-0.46996760166666757
-0.5064853,-0.6484231444666662
-0.15040857,-0.6161798663333342
-0.54893637,-0.547316391199999
-0.70703006,-0.6876196653333343
-0.87537056,-0.5075878159333329
-0.61627257,-0.6536587967999989
-0.60017043,-0.5943053477333325
-0.85634077,-0.42124944819999965
-0.5372257,-0.6857784993333347
-0.76411945,-0.5492828169999994
-0.42304698,-0.6877367509999989
-0.89440036,-0.759293667599999
-0.6997109,-0.5142045682000009
-0.9163578,-0.4810244154000003
-0.40108952,-0.6564888713333321
-0.68653643,-0.6144671740000006
-0.3908427,-0.5113159318666672
-0.647013,-0.6185073634666673
-0.7275237,-0.6034103805333324
-0.68800026,-0.46172137033333344
-0.55698746,-0.5260518317333325
-0.4684257,-0.7372239886666654
-0.48160017,-0.6165726425999999
-0.73045135,-0.6765043289333335
-0.45598316,-0.6280303677333348
-0.63823,-0.7023653174666684
-0.5211236,-0.7137197377999988
-0.5167321,-0.11416412841333329
-0.5167321,-0.5353861830666653
-0.44646826,-0.7544776781999996
-0.45288625,-0.4979170007999996
-0.13101281,-0.5197225081333339
-0.85487694,-0.5942370570000016
-0.6279832,-0.6821449522666678
-0.7758301,-0.6042106277333349
-0.6762896,-0.6013424666666674
-0.7992514,-0.5814914157333343
-0.47574484,-0.4133759259333332
-0.6828768,-0.6116468741999993
-0.5167321,-0.5413710349333344
-0.62505555,-0.48627467666666635
-0.64994067,-0.6123104618000003
-0.76997477,-0.9367352256666666
-0.54531986,-0.5340561284000005
-0.77875775,-0.6088753502666658
-0.26451334,-1.1602427158133362
-0.724596,-0.6447684709333344
-0.49112484,-0.6434412608000005
-0.23714855,-0.3432713597799995
-0.77509815,-0.7280425329333334
-0.6982471,-0.5526691409333335
-0.49623847,-0.5021718844000002
-0.7611918,-0.7883507226666681
-0.5855321,-0.5746022014000008
-0.80803436,-0.5688932549333339
-0.664579,-0.7238445920000008
-0.6133449,-0.5684736224666677
-0.6953194,-0.603756821133333
-0.6997109,-0.4592621338666671
-0.4245108,-0.45865706719999993
-0.5840683,-0.6732253334
-0.5408853,-0.7866234036666656
-0.3908427,-0.6058354650666676
-0.41719165,-0.4117705923999996
-0.68653643,-0.5646481458666658
-0.5899236,-0.6280716122666683
-0.5020938,-0.6366393307333346
-0.3996257,-0.6633200752666675
0.16269429,-0.04197031760000012
-0.43475762,-0.5597166512888884
-0.20054476,-0.6201687991333348
-0.5562555,-0.7350233812666679
-0.6792173,-0.5972427719333332
-0.48160017,-0.5101155805333336
-0.7465535,-0.38328706340000074
-0.42743847,-0.6416391147999991
-0.65286833,-0.6900106092000009
-0.5367378,-0.8223941826666642
-0.60602576,-0.6354706808666677
-0.7084939,-0.5768760085333324
-0.50941294,-0.5002396201199989
-0.4479321,-0.8442202499999989
-0.4640342,-0.5771395043333326
-0.5079491,-0.5291844071333333
-0.55332786,-0.6887965883333332
-0.60163426,-0.6429825891333324
-0.5840683,-0.6233995480666655
-0.76997477,-0.5568947526666662
-0.552596,-0.5675660646000001
-0.58260447,-0.8402971556000011
-0.5884598,-0.5612813536000005
-0.6455492,-0.5295109722666667
-0.6074896,-0.8200475018000002
-0.22103839,-0.7805045587333322
-0.82120883,-0.47494464299999983
-0.4468342,-0.7635875978666674
-1.105192,-0.4178898916000002
-0.5357619,-0.8365838990666643
-0.80803436,-0.5364743064906661
-0.6718981,-0.6372492284666662
-0.68214494,-0.7385765552000021
-0.9427067,-0.5949120114666667
-0.8578046,-0.6580439465999998
-0.47281718,-0.7571798681333352
-0.7377705,-0.6262363761333332
-0.66311514,-0.6279246730666682
-0.5255151,-0.593914984666668
-0.8665876,-0.6472374630666665
-0.54308105,-0.6082462812666665
-0.58114064,-0.5769248074666663
-0.7582641,-0.384533583066666
-0.60163426,-0.44779546586666724
-0.4523236,-0.5680832685999995
-0.38205972,-0.6370394418666658
-0.37327674,-0.7563709107333342
-0.66311514,-0.626812138666667
-0.67775345,-0.7827491188000003
-0.9368514,-0.6725324476666664
-0.44207677,-0.5351958933333335
-0.68653643,-0.37669076713333255
-0.6938556,-0.7319835048000022
-0.43670937,-0.7160667280000018
-0.74508965,-0.6523287248666664
-0.5372257,-0.6417529755333344
-0.19688518,-0.5549332053999998
-0.41572782,-0.5342687912000001
-0.57674915,-0.43457218873333364
-0.60017043,-0.7224685727333339
-0.85487694,-0.5684541020000017
-0.70117474,-0.15714218254666648
-0.4977023,-0.5894747046666677
-0.5408853,-0.6207616584
-0.4530555,-0.5682101160000003
-0.6411577,-0.5996720522666668
-0.51526827,-0.6907132104000013
-0.77875775,-0.5916509502666668
-0.70263857,-0.7321493958666658
-0.6177364,-0.5903139771999995
-0.81242585,-0.7454800213333351
-0.5416172,-0.7599998095999994
-0.7019066,-0.593378237933333
-0.4435406,-0.3388474482533333
-0.5738215,-0.7112556600000007
-0.47135335,-0.6960610466666687
-0.62066406,-0.6384056722666662
-0.7568003,-0.6234550913333343
-0.45378742,-0.6607437288000013
-0.3425363,-0.7374265080000005
-0.6030981,-0.6168288269333324
-0.5079491,-0.6925381192666678
-0.59577894,-0.5920998625333325
-0.34204835,-0.5355521060666664
-0.48013633,-0.538289439733334
-0.25763413,-0.6330480527333353
-0.65286833,-0.724391071199999
-0.7619237,-0.6110418065333342
-0.87976205,-0.6897470950666661
-0.6982471,-0.7582153426000012
-0.65433216,-0.5759489066666661
-0.48891932,-0.4216709719999997
-0.5884598,-0.6163408702666652
-0.58114064,-0.8290549294000001
-0.71581304,-0.5860005561333329
-0.73484284,-0.5700740880000008
-0.6704343,-0.5633502354666675
-0.914894,-0.5937881508666669
-0.7289875,-0.5683305014666672
-0.53429806,-0.5861371881999994
-0.6572598,-0.5072074479999998
-0.5635747,-0.5846437711333323
-0.41865548,-0.42666231880000133
-0.45671508,-0.5510101474666671
-1.0773791,-0.5814334140000017
-0.5708938,-0.6647359422666682
-0.52405125,-0.5033429261333336
-0.6118811,-0.6071089848
-0.5460087,-0.441698595000001
-0.42743847,-0.6624905737333323
-0.48693502,-0.6747804237999981
-0.65872365,-0.6200613793333338
-1.334048,-0.7970645746666684
-0.5840683,-0.5109450889333328
-0.7231322,-0.5957691856666659
-0.6030981,-0.5890843618666665
-0.62578744,-0.5552991695333331
-0.87390673,-0.6948900393333337
-0.66750664,-0.7725120551333329
-0.655796,-0.8129967582666674
-0.7143492,-0.8284987080000004
-0.41673166,-0.6974937211333345
-0.20478986,-0.5469032621333337
-0.647013,-0.7020725473333331
-0.62944704,-0.6905571001999989
-0.5987066,-0.7053612973333326
-0.67775345,-0.6596117137333346
-0.64994067,-0.5821116655999992
-0.83145565,-0.5255346220000006
-0.46696186,-0.9237647522000006
-0.6572598,-0.6409332337333334
-0.47951704,-0.731451611866668
-0.6894641,-0.4532264016000003
-0.65433216,-0.24934885373333296
-0.70117474,-0.36723600013333296
-0.83584714,-0.5544794210666656
-0.38352355,-0.5330879784666677
-0.55771935,-0.7168328680666651
-0.76997477,-0.5800346243555561
-0.45671508,-0.5830436028666651
-0.89000887,-0.6095926077333318
-0.45671508,-0.5525374009333321
-0.3952342,-0.5016741771999997
-0.70117474,-0.6099293044666653
-0.66897047,-0.5190352082666669
-0.5064853,-0.6003558357333341
-0.55771935,-0.5494731158666661
-0.62944704,-0.5653995754000009
-0.46549803,-0.6303936633333348
-0.9427067,-0.661778182666666
-1.0737195,-0.4300594716666661
-0.3827103,-0.6549665054666675
-0.6718981,-0.6261534484444453
-0.5884598,-0.6663453265333334
-0.551864,-0.6595141182000016
-0.5682101,-0.6488564443333334
-0.6045619,-0.7256890060666673
-0.54747254,-0.5743289378666657
-0.75387263,-0.3438212186666667
-0.51526827,-0.5750901320000011
-0.45525125,-0.7002769163333328
-0.40042788,-0.6638511273333323
-0.40694484,-0.5867129678666655
-0.51380444,-0.7277530072000011
-0.3908427,-0.787747863000002
-0.48599166,-0.6487110505333327
-0.62066406,-0.636468536466667
-0.4640342,-0.5358236938666667
-0.8534131,-0.463523861866666
-0.5987066,-0.5982056569333337
-0.6426215,-0.8520078443333331
-0.7041024,-0.4782431386000011
-0.47720867,-0.6567523613333331
-0.56943,-0.6975587917333337
-0.4332938,-0.5849953923333329
-0.5416172,-0.5192401282666674
-0.6221279,-0.6053426354666662
-0.1661796,-0.6172777464000014
-0.5064853,-0.7491493427333351
-0.59577894,-0.6108563974666665
-0.5708938,-0.36571361493333293
-0.82706416,-0.5489949278000005
-0.9258727,-0.6306864298666675
-0.7172769,-0.5476481960666671
-0.51380444,-0.857518997533332
-0.483064,-0.6737262946666673
-0.63383853,-0.5291876735333321
-0.65872365,-0.7311442284000009
-0.66750664,-0.5108767757333327
-0.6514045,-0.5152327346000007
-0.86073226,-0.7372428220000006
-0.62944704,-0.5589646016666661
-0.54747254,-0.7925681450000004
-0.7275237,-0.6444366606666669
-0.5460087,-0.39681025066666725
-0.59577894,-0.4347868877333336
-0.6426215,-0.6725519791333315
-0.6089534,-0.6903298943777767
-0.63530236,-0.8097714275333338
-0.53283423,-0.6218881913333335
-0.5020938,-0.5698398805333342
-0.42597464,-0.7053271174000011
-0.6572598,-0.6438803934666667
-0.44939592,-0.5991554861333328
-0.6687265,-0.5283014646666669
-0.59004563,-0.5482825442000001
-0.9895493,-0.6817350729333348
-0.6235917,-0.6878636284000001
-0.73045135,-0.6926162045999995
-0.72166836,-0.6288322246666677
-0.86951524,-0.6153161803999997
-0.56211084,-0.5468674828
-0.47135335,-0.5254711863333337
-0.28959444,-0.5161107946666674
-0.72166836,-0.6100171276000009
-0.4684257,-0.7155020626666647
-0.8812259,-0.6575867363333323
-0.70703006,-0.5894259104000003
-0.4933108,-0.7030777099333325
-0.55771935,-0.7946744732
-0.18846816,-0.6888004753333334
-0.7754641,-0.656898729000001
-0.60163426,-0.7710384905333332
-0.39230654,-0.49860988399999884
-0.6235917,-0.5830241180000003
-0.6492087,-0.5542744677333329
-0.6243236,-0.603293263466667
-0.5064853,-0.7088452125333312
-0.40694484,-0.4558026079333327
-0.163949,-0.7112068238666668
-0.8724429,-0.4257208936666668
-0.60602576,-0.5423901267999994
-0.6718981,-0.6719477118666662
-0.5650385,-0.6724543904000014
-0.6704343,-0.8176468620666669
-0.5635747,-0.676582380733333
-0.6601875,-0.7259232158000022
-0.7860769,-0.5875424590666667
-0.55771935,-0.5470285041999993
-0.5035576,-0.7565368158000013
-0.914894,-0.6332578866666675
-0.60017043,-0.5357326188666661
-0.6030981,-0.4837849342000001
-0.29081428,-0.6745991627333334
-0.5372257,-0.43096140453333265
-0.8621961,-0.43078575253333296
-0.32936183,-0.3158401111999997
-0.7758301,-0.7534188444666672
-0.5064853,-0.5359570694000001
-0.45525125,-0.7462509712000012
-0.8241365,-0.6599434960000004
-0.4479321,-0.7236494270666681
-0.6074896,-0.6973053339333339
-0.4786725,-0.6252653711333337
-0.6323747,-0.646013520399999
-0.7187407,-0.7002085982000016
-0.73484284,-0.4212318260000014
-0.8578046,-0.5895625386666674
-0.8775663,-0.8098104722666661
-0.7568003,-0.7460655434666672
-0.5225874,-0.4723097348
-0.49916613,-0.5487509480000006
-0.65872365,-0.5565824456000001
-0.8929365,-0.4486737540666662
-0.6089534,-0.6716540379333336
-0.6798272,-0.6252897618666657
-0.5125715,-0.5529968612000007
-0.5123406,-0.6924454232666668
-0.6850726,-0.8788934710666679
-0.4193874,-0.5930155639333323
-0.7187407,-0.7859077482666667
-0.33521715,-0.5908458337333338
-0.07317885,-0.3760042399999996
-0.5416172,-0.7105530038666665
-0.61849445,-0.6255142182666679
-0.77436626,-0.5304042844666675
-0.72508395,-0.7952789478000022
-0.49038315,-0.5711963737333334
-0.578213,-0.4391588549333329
-1.1278813,-0.5698801136000003
-0.4977023,-0.695739046333332
-0.6982471,-0.6510775407333341
-0.5972428,-0.585302815933333
-0.66750664,-0.3631226470666666
-0.73045135,-0.7121485658000013
-0.72166836,-0.6648788880000005
-0.49623847,-0.6386691752666658
-0.5708938,-0.7336912953333319
-0.88854504,-0.5985163086666649
-0.14277226,-0.8130018133333352
-0.6704343,-0.5602273748000007
-0.42817038,-0.6810568178666654
-0.52844274,-0.5571631104000014
-0.8256003,-0.593427090199999
-0.5108768,-0.847332333066667
-0.5460087,-0.6314183266666665
-0.5928513,-0.5957496678666664
-0.70703006,-0.5795401762666669
-0.8051067,-0.6647936795333343
-0.6514045,-0.5946371558666662
-0.51380444,-0.7793725481333325
-0.78900456,-0.5421685885333332
-0.551864,-0.5235592646666664
-0.80217904,-0.7838030800000012
-1.1033621,-0.49723549586666743
-0.47720867,-0.6128764899333327
-0.8578046,-0.616467754266666
-0.7882726,-0.6227418305333332
-0.70703006,-0.779854733866668
-0.6938556,-0.8244194917333332
-0.68653643,-0.9041898612666669
-0.8621961,-0.5290422633333332
-0.7084939,-0.7114898468000008
-0.6601875,-0.5332148291333333
-0.5372257,-0.6417139618000013
-0.58699596,-0.49956627066666687
-0.6938556,-0.7318468649333322
-0.3908427,-0.6137155869333331
-0.6192002,-0.26633905346666664
-0.64847684,-0.5999947741333339
-0.6704343,-0.6611731210666668
-0.49623847,-0.5069520893333332
-0.5064853,-0.4325813862000006
-0.6953194,-0.5646839289333333
-0.7436258,-0.5966962859999986
0.20200859,-0.6153162125333336
-0.82072085,-0.6598947249333349
-0.5460087,-0.5741532816666683
-1.0078472,-0.41507396866666735
-0.60017043,-0.6885067280000013
-0.5855321,-0.5910556507333332
-0.80876625,-0.24178468826666644
-0.52844274,-0.6655938914666675
-0.64408535,-0.5627842019333327
-0.733379,-0.6219424400000009
-0.5884598,-0.6127008263999986
-0.67336196,-0.47492510906666735
-0.4581789,-0.654145113799998
-0.75167686,-0.7648220894666679
-0.8182812,-0.573180652666666
-0.7187407,-0.5516395568666664
-0.4479321,-0.5623157739999994
-0.81681734,-0.8306345976666687
-0.7385024,-0.31772577500000015
-0.63383853,-0.5484874683333335
-0.54893637,-0.6654572734666664
-0.7221353,-0.5184496652000011
-0.74069816,-0.4565442966533332
-0.46696186,-0.5512394643333323
-0.72605985,-0.6694291199333329
-0.6309109,-0.42247119473333333
-0.46549803,-0.7805313954666656
-0.82267267,-0.5694007176000001
-0.6762896,-0.7507912510666682
-0.4098725,-0.5667170083333328
-0.8680514,-0.6459492993333324
-0.9324599,-0.5881962933333348
-0.42158315,-0.7117996250666678
-0.71581304,-0.5560408145333343
-0.6411577,-0.6027598057333339
-0.4977023,-0.5066463062666671
-0.5394215,-0.49249192419999993
-0.6514045,-0.5916704607333342
-0.8650912,-0.2842270559533337
-0.58699596,-0.6525742520000009
-0.48635763,-0.7313394055333347
-0.57674915,-0.6270561213333329
-0.5079491,-0.5794230847333334
-0.6133449,-0.644355343133333
-0.33375332,-0.6304717202666682
-0.7099577,-0.5230916433333338
-0.15662985,-0.6245773411999991
-0.65433216,-0.6512697178800012
-0.53210235,-0.7773719955333314
-0.71142155,-0.8676512928666661
-0.5796768,-0.483688584666666
-0.4684257,-0.6757967879333329
-0.2854469,-0.6989789986666682
-0.7655833,-0.596053817133333
-0.7099577,-0.5797288603333325
-0.58114064,-0.7439901523333318
-0.5943151,-0.9703900140666659
-0.7187407,-0.3630900902666656
-0.58260447,-0.4711447781333329
-0.45671508,-0.592617094866668
-0.098076634,-0.5460705229333327
-1.1117791,-0.7980803079999998
0.5778198,-0.5354151511333327
-0.6313913,-0.6707347334666676
-0.76411945,-0.2865984610666665
-0.66750664,-0.4749623215788892
-0.49477464,-0.7187114118000012
-0.76851094,-0.5921486416000008
-0.8094982,-0.5211626348000001
-0.83145565,-0.6372834171333341
-0.58114064,-0.630540040000001
-0.59943855,-0.750574113999999
-0.5708938,-0.7629776708000007
-0.8490216,-0.5623645664666668
-0.5167321,-0.6556398456000008
-0.8680514,-0.3645474275333334
-0.67336196,-0.6059184011333333
-0.5708938,-0.8243414334666651
-0.53868955,-0.5363262940000001
-0.9222131,-0.5874058166666678
-0.4684257,-0.7632736786666644
-0.55552363,-0.5952129418000004
-0.5884598,-0.48039984193333396
-1.0027238,-0.5530497399999995
-0.4640342,-0.7122315230666671
-0.50941294,-0.5352934772666668
-0.48452783,-0.692089222466667
-0.7919322,-0.5262753041333325
-0.21811073,-0.6245968865999992
-0.28398308,-0.5114232786666665
-0.76411945,-0.6524584615333344
-0.6221279,-0.561671719933335
-0.63823,-0.7103773424666647
-0.61480874,-0.6503895800666677
-0.88854504,-0.7016090306666674
-0.47720867,-0.4367235881999996
-0.75387263,-0.6321600067999992
-0.66311514,-0.5567597414000002
-0.72020453,-0.4312493054
-0.655796,-0.6027955617333334
-0.61480874,-0.6618708967999997
-0.75387263,-0.6587529378000017
-0.6045619,-0.5866153694666656
-0.5972428,-0.6322576104000014
-0.6030981,-0.6767678096000015
-0.5211236,-0.698949712333335
-0.5899236,-0.6416122208000008
-0.32423842,-0.5435125271333332
-0.5299066,-0.5718306756000007
-0.4391491,-0.8266412524666678
-0.6089534,-0.5467943011999996
-0.3908427,-0.5484630801333314
-0.6748258,-0.6312134035333328
-0.5167321,-0.6737425591333345
-0.5357619,-0.6170630535333347
-0.62578744,-0.617305356666666
-1.0152884,-0.5942994268000001
-1.0001225,-0.31598608849999954
-0.8621961,-0.8390675653333356
-0.72020453,-0.6350681466666676
-0.6618953,0.16239017633333352
-1.3693821,-0.4053380506666672
-0.65433216,-0.495379711133334
-0.51965976,-0.5664128747333341
-0.32057884,-0.6647058378666671
-0.6309109,-0.6265941999999999
-0.67409384,-1.035927153133333
-0.69239175,-0.7824771789333324
-0.5899236,-0.6216594726666652
-0.4391491,-0.6589407438666665
-0.57674915,-0.5372940226666665
-0.97930247,-0.3941585428666671
-0.3322895,-0.5284329800666658
-0.7568003,-0.7040692054400007
-0.30301288,-0.663232252999999
-0.5357619,-0.6924307966666656
-0.7099577,-0.7533261544666663
-0.86073226,-0.643558377199999
-0.3659576,-0.43918813286666564
-0.60602576,-0.5904310816666674
-0.6718981,-0.6849416810000002
-0.57235765,-0.6136669567333323
-0.64847684,-0.7071764424000001
-1.0320004,-0.6747033381333337
-0.80364287,-0.7504765305999991
-0.40255335,-0.7660028974000003
-0.9166018,-0.752696671733334
-0.7546045,-0.5951738922000002
-0.55771935,-0.6548737800666666
-0.8299918,-0.5967255518666671
-0.5445449,-0.605015709933334
-0.613906,-0.6617293786666676
-0.6221279,-0.6320917016666673
-0.7172769,-0.5776022336666679
-0.65433216,-0.6146526019999995
-0.76411945,-0.6153747590666651
-0.7846131,-0.39680048986666716
-0.60163426,-0.28108651153333253
-1.1291012,-0.6924503098666668
-0.5108768,-0.6928601865999975
-0.21518306,-0.6798228019999986
-0.76411945,-0.5271981606666668
-0.38937888,-0.6563034549333323
-0.6514045,-0.7597181867333309
-0.4219491,-0.9315035244666672
-0.8094982,-0.6770605798666682
-0.5849466,-0.6172094212666662
-0.5562555,-0.7805387313333327
-0.7392343,-0.45027816006666704
-0.64994067,-0.6104904353999999
-0.44061294,-0.5790034523999996
-0.7041024,-0.5855418914666654
-0.51307255,-0.36520126619999954
-0.8534131,-0.6602362970666678
-0.61700445,-0.6537945439999991
-0.3786441,-0.5012008625333337
-0.405481,-0.6737864767333338
-0.8343833,-0.7262599040666678
-0.73484284,-0.6474228929333341
-0.6118811,-0.5585000500666665
-0.034400012,-0.6754503376666675
-0.5269789,-0.5654191095333337
-0.26788095,-0.3638496686666661
-0.5416172,-0.6659622918666664
-0.5796768,-0.4993125376666672
-0.32057884,-0.4953796863333333
-0.57235765,-0.7632645321333322
-0.67153215,-0.6551079911999991
-0.6279832,-0.6868584836666685
-0.5313704,-0.6021612507999996
-0.6279832,-0.47536426886666777
-0.89610815,-0.6265730528666672
-0.51380444,-0.6787220200666669
0.7449248,-0.26889838113333353
-0.49916613,-0.6431979473333334
-0.50941294,-0.44168641140000003
-0.42743847,-0.6540198928000006
-0.26202562,-0.7881917021333313
-0.6235917,-0.6145306092666659
-0.5079491,-0.5553284300000001
-0.9222131,-0.6276611741999998
-0.6806811,-0.6634843517200011
-0.6880058,-0.4804683668000006
-0.7055662,-0.5923633391333321
-0.54674065,-0.3595313733333328
-0.49184698,-0.7002779049333334
-0.7128854,-0.6835502233333327
-0.457203,-0.4937005535333326
-0.41719165,-0.6619636051333324
-0.6265194,-0.5584828580000006
-0.73484284,-0.26127419746666675
-0.72166836,-0.4339964215333336
-0.6455492,-0.38222561806666566
-0.57674915,-0.6750892751333338
-0.8914727,-0.5349811778666668
-0.67775345,-0.6685020366666666
-0.23567668,-0.6713272369999983
-0.62944704,-0.4939204199333337
-0.39669803,-0.5399143074000006
-0.83148,-0.3285931514666671
-0.405481,-0.6113768697999995
-0.6045619,-0.6433632037999996
-1.5209482,-0.320462547466667
-0.43768528,-0.5645115181333324
-0.70131415,-0.34011858753333374
-0.5184039,-0.48191150626666657
-0.5181959,-0.6781730980000009
-0.42158315,-0.7682572159333334
-0.8856174,-0.5193767756000001
-0.7802216,-0.41923125320000065
-0.47720867,-0.7268595176666649
-0.89000887,-0.6491997233333325
-0.551864,-0.7432647443333339
-0.68873215,-0.730119547933333
-0.5460087,-0.5397532714000004
-0.37034908,-0.4688672917333336
-0.70117474,-0.5769150459999995
-0.7187407,-0.5659655965333336
-0.8387748,-0.619258779333335
-0.6455492,-0.7219367302666675
-0.6938556,-0.8248293887333338
-0.1510185,-0.8051847529333312
-0.8621961,-0.5626898992666677
-0.4289023,-0.7313637763999982
-0.5255151,-0.4755399260666663
-1.2010136,-0.7831258227333341
-0.733379,-0.5922462207333331
-0.957345,-0.7675643247333342
-0.6718981,-0.7901102051333346
-0.34839162,-0.540221699866666
-0.68214494,-0.5889653230666675
-0.61627257,-0.5864250665333328
-0.6770215,-0.668706978933333
-0.7143492,-0.6693412836666665
-0.70117474,-0.6746305954666677
-0.66897047,-0.5725089232666654
-0.65872365,-0.6126520088666664
-0.67775345,-0.7432647439333319
-0.68214494,-0.5567824925333332
-0.9119663,-0.6384349585333332
-0.60602576,-0.6538637530666682
-0.7289875,-0.4305515377333327
-0.41011646,-0.610954654933334
-0.8914727,-0.6326772381999988
-0.6801374,-0.5732408299999995
-0.6477449,-0.4016799236666663
-0.56650233,-0.6956804931333328
-0.42011932,-0.6707026615999991
-0.60163426,-0.6093730571333328
0.0063432646,-0.6746442856000012
-0.61627257,-0.5944013113333333
-0.5650385,-0.6401329985333336
-0.69239175,-0.732243214666665
-0.647013,-0.9510863538000013
-0.70703006,-0.7903626537555535
-0.8382868,-0.6047863609999986
-0.6514045,-0.5115501611999999
-0.48891932,-0.652712189066667
-0.75533646,-0.6514923193333338
-0.6426215,-0.5973159524000008
-0.5987066,-0.534566429466667
-0.62066406,-0.48152210693333436
-0.59138745,-0.6485646870666678
-0.7055662,-0.651619201999999
-0.6953194,-0.6488096624666666
-0.63383853,-0.6953730614666661
-0.65872365,-0.7164376084000005
-0.5020938,-0.6109832496666681
-0.664579,-0.48927065806666764
-0.47281718,-0.5807771261999994
0.7323688,-0.5521991979333339
-0.6411577,-0.5296821297999997
-0.39363676,-0.6483890064000007
-0.61480874,-0.6254263994000013
-0.7904684,-0.33865226753333344
-0.38205972,-0.7473390759333314
-0.49623847,-0.5697813200666663
-0.7948599,-0.5412366366666667
-0.53868955,-0.5805063043333346
-0.6221279,-0.7736145006666661
-0.47574484,-0.4952137993333332
-0.60017043,-0.7541946842666684
-0.56796616,-0.6161847394666677
-0.6792173,-0.5966409875333346
-0.4786725,-0.5566458738666669
-0.72020453,-0.5970720096666674
-0.7041024,-0.6169849666000007
-0.7275237,-0.5629696405333336
-0.6748258,-0.7230150820000005
-0.64847684,-0.546273839266667
-0.5573816,-0.16146811126666671
-0.5591832,-0.754272744999999
-0.327898,-0.7641145575333349
-0.4432966,-0.46224589680000094
-0.6748258,-0.6609340455999987
-0.65433216,-0.6193075837333346
-0.59577894,-0.47229513165333337
-0.440003,-0.5002705080000002
-0.80803436,-0.429550856716666
-0.2027405,-0.6390790542666663
-0.68653643,-0.7117045605333328
-0.59577894,-0.7504033519333326
-0.6938556,-0.6633883913333323
-0.82621026,-0.9043153487333344
-0.6997109,-0.5910849290666674
-0.77436626,-0.5459501534666664
-0.56650233,-0.6557569591999983
-0.4933108,-0.611700548600001
-0.6953194,-0.6144085998666664
-0.5840683,-0.6077091459333342
-0.4640342,-0.5189668735333334
-0.9156259,-0.5543622960000004
-0.70434636,-0.6299837789333324
-0.69678324,-0.6709905372000003
-0.8138897,-0.6487208099893329
-0.750945,-0.9237013611333348
-0.83145565,-0.4757204502666676
-0.78973645,-0.48391790146666724
-0.7963237,-0.6447977458000004
-0.45671508,-0.5270418167999998
1.6603029,-0.7083206042666681
-0.84170246,-0.528140214000001
-0.6455492,-0.5546446545333336
-0.72668856,-0.5557870949999999
-0.6836088,-0.4840756823999999
-0.42158315,-0.5873960617333318
-0.78020823,-1.658590456933337
-0.72862154,-0.5967450723999992
-0.8665876,-0.5611446994000016
-0.3425363,-0.5886354490000006
-0.33082566,-0.7115386513333345
-0.60017043,-0.613340014333334
-0.72020453,-0.08978206153333312
-0.49184698,-0.5475050654666677
-0.6909279,-0.6542361972000016
-0.32645857,-0.4903996926666655
-0.6572598,-0.5533473749333331
-0.8299918,-0.7130805581333319
-0.3571746,-0.47278547853333236
-0.8958642,-0.6601289307999987
-0.5108768,-0.5812187187999995
-0.43622145,-0.5354447403333336
-0.55332786,-0.4394555442666662
-0.6074896,-0.44882015179999996
-0.8138897,-0.6793978257333324
-0.53283423,-0.6035518864666667
-0.75972795,-0.4381537047333321
-0.5460087,-0.6551031135047607
-0.7205705,-0.6581023495333331
-0.31472352,-0.8285669916666657
-0.6850726,-0.6494559799333328
-0.5734555,-0.5708059865333345
-0.6953194,-0.617624173933334
-0.4523236,-0.6031517861999999
-0.36449376,-0.48368858580000024
-0.65201443,-0.39662438533333366
-0.68800026,-0.5166515898000006
-0.44939592,-0.6108515356000009
-0.6067577,-0.4308601792000006
-0.69678324,-0.6592246051999991
-0.35571077,-0.3947072167333333
-0.7465535,-0.7389806125333337
-0.7143492,-0.6103489382000006
-0.58114064,-0.7494713861999998
-0.31179586,-0.6614658906000002
-0.6074896,-0.667740858133335
-0.5855321,-0.6559995373333347
-0.35131928,-0.5641504509333338
-0.6235917,-0.358396810266666
-0.96320033,-0.7543801006000003
-0.58699596,-0.5316534111333343
-0.6836088,-0.6624027445333337
-0.70703006,-0.6358537424666664
-0.6850726,-0.8172476517333334
-0.63823,-0.5608177686666669
-0.578213,-0.5672147335999997
-0.70263857,-0.7343792945999987
-0.15370218,-0.5183390589999998
-0.27476096,-0.49288142066666607
-0.8929365,-0.4917591553333334
-0.43768528,-0.7948110934666651
-0.8665876,-0.6075871688000006
-0.9307521,-0.660192360933333
-0.526247,-0.3110738191999994
-0.64847684,-0.656557189733334
-0.56796616,-0.6292006333333343
-0.6279832,-0.684652990533334
-0.45525125,-0.5627646796666665
-0.66311514,-0.5647164861333354
-0.80657053,-0.7861403361333327
-0.5299066,-0.6058268007999996
-0.68800026,-0.5802135441333328
-0.7948599,-0.7383365136666654
-0.474281,-0.586732473333333
-0.73484284,-0.4943468705333341
-0.19147344,-0.5011569651333336
-0.48013633,-0.4941769295799991
-0.68214494,-0.5645017618666661
-0.38352355,-0.6332969123333334
-0.5650385,-0.5624621630666665
-0.5972428,-0.562291394333334
-0.6345704,-0.6835111612000019
-0.6221279,-0.6626076981333334
-0.5167321,-0.5406510774666669
-0.5181959,-0.5881670236666664
-0.49989805,-0.6472179391333339
-0.7253279,-0.6967442100666669
-0.6938556,-0.5219579831999996
-0.68653643,-0.8281864078666662
-0.73045135,-0.6361026044000017
-0.6265194,-0.720653457000001
-0.6572598,-0.8606151173333325
-0.6792173,-0.7274065823333324
-0.62066406,-0.5775103321999998
-0.88634926,-0.3903645134666656
-0.4596427,-0.7065518532666683
-0.8051067,-0.770277288933333
-0.6762896,-0.7196482838666647
-0.19542135,-0.517337168133333
-0.4786725,-0.5278962468000008
-0.36888525,-0.8178029902666655
-0.62505555,-0.5025426981333333
-0.4332938,-0.6800175313333351
-0.5884598,-0.793661478133334
-0.6118811,-0.23706244793333278
-0.655796,-0.7433232940666663
-0.21957456,-0.5836202228666674
-0.63969386,-0.6466812083999995
-0.87537056,-0.5845074582666657
-0.73045135,-0.5105645015999992
-0.76851094,-0.6837844347999991
-0.46988952,-0.5024516125333341
-0.70263857,-0.5814106318666661
-0.8519493,-0.5656695548666663
-0.68800026,-0.5510394163333339
-0.6192002,-0.6180193941333344
-0.80364287,-0.6312280204
-0.2286015,-0.7075847352000008
-0.64994067,-0.750208163333335
-0.7655833,-0.6748648191333324
-0.63383853,-0.5577876588666676
-0.5123406,-0.6560844812000011
-0.48160017,-0.5495902120666657
-0.65433216,-0.47682810286666655
-0.44207677,-0.6335457695999993
-0.52844274,-0.8025425461333343
-0.6572598,-0.5835039112000013
-0.7568003,-0.6666381058000017
-0.24592349,-0.4338266732666667
-0.7655833,-0.5209772085333322
-0.5445449,-0.5738800251999993
-0.46110654,-0.5196060834000008
-0.4977023,-0.5807753448666654
-0.78900456,-0.41871402653333395
-0.7860769,-0.7119436471333345
-0.4874555,-0.6607925404666658
-0.46257037,-0.2503247510800001
-0.5635747,-0.7144874610000017
-1.1922898,-0.4284533750666669
-0.76216763,-0.5897967617333322
-0.74069816,-0.49408176400000126
-0.78314924,-0.7557316978666665
-0.37766823,-0.7236298967999989
-0.51965976,-0.7076302107333321
-0.71142155,-0.753262701733333
-0.5419832,-0.5609105109999996
-0.5022768,-0.648667741399999
-0.7670471,-0.6974175436666666
-0.6928797,-0.5445456966666674
-0.6601875,-0.5882646047333341
-0.62944704,-0.5131798698666673
-0.6953194,-0.5230356770666672
-1.0363919,-0.3494545210000007
-0.6133449,-0.346361771866667
-0.6909279,-0.5447205287333339
-0.13874672,-0.6247264574666671
-0.6235917,-0.6083337428666675
-0.7143492,-0.7738782729333344
-0.5708938,-0.5299846482666661
-0.57674915,-0.6152527728666667
-0.34107247,-0.7057711645333319
-0.57674915,-0.6969881804666664
-0.33668098,-0.6444561832666649
-0.81462157,-0.6106416906666672
-0.560647,-0.5250076162666665
0.3132597,-0.571752632066667
-0.7099577,-0.9781143845333338
-0.6328626,-0.5573275526
0.17536137,-0.6052620194866665
-0.44939592,-0.6584113637333328
-0.58699596,-0.5492145146000006
-0.6192002,-0.7645878551999982
-0.4874555,-0.6835404708666655
-0.5020938,-1.0435157848666679
-0.61242443,-0.7796020937333321
-2.0201213,-1.1285974868000004
-0.6792173,-0.5821425414666666
-0.61627257,-0.8307012676000003
-0.7758301,-0.7353112696000017
-0.90098757,-0.8275984281333334
-0.59577894,-0.5255394873999998
-0.67336196,-0.48808495666666685
-0.5730896,-0.601047248000001
-0.8541904,-0.4704067553333325
-0.30008522,-0.6560260255999998
-0.7128854,-0.5642821864666655
0.015980147,-0.4113900017333344
-0.47720867,-0.6050439189333321
-0.60602576,-0.5699325941333326
-0.028617883,-0.4657940602666662
-0.7650666,-0.7467974673333337
-0.32936183,-0.5389140130666658
-0.6265194,-0.6855898173333337
-0.6309109,-0.5217230770000005
-0.54893637,-0.7584983415999991
-0.68653643,-0.44320993026666583
-0.5123406,-0.7535115438666672
-0.56796616,-0.7212975203333349
-0.54039735,-0.6079629041333341
-0.4332938,-0.752672296200002
-0.8958642,-0.7845813584666671
-0.82120883,-0.7248204839333312
-0.71142155,-0.8345882446666665
-0.4479321,-0.5440737906000009
-0.72020453,-0.7001402813333332
-0.28764266,-0.5190888549333347
-0.67336196,-0.5945493288000007
-0.6221279,-0.750315533066666
-0.655796,-0.5115696729333329
-0.5674379,-0.5772858838000006
-0.55332786,-0.723182940933335
-0.3952342,-0.6891030221333313
-0.3571746,-0.6851702011333338
0.09987291,-0.6725714660000002
-0.6133449,-0.4965166105333333
-0.7099577,-0.606391480266668
-0.77875775,-0.4339866581333329
-0.48891932,-0.6326967401333342
-0.23128518,-0.5539524266000002
-0.77875775,-0.7441137681333319
-0.86951524,-0.7358479984
-0.49477464,-0.7344083340000006
-0.62066406,-0.5477262806666652
-0.6118811,-0.6210202491333334
-0.7772939,-0.738229173733335
-0.58114064,-0.3348658284
-0.7392343,-0.41284813453333397
-0.64847684,-0.638405675200001
-0.56943,-0.5778958256666659
-0.40108952,-0.47968743633333266
-0.68653643,-0.45078005320000075
-0.63823,-0.5134335912666667
-0.50941294,-0.8269274910666654
-0.63530236,-0.6889370998666668
-0.5064853,-0.521348045066668
-0.5460087,-0.7045472384666666
-0.6411577,-0.6570441472000005
-0.73045135,-0.587342418333334
-0.2616756,-0.6533757871333333
-0.8007152,-0.6561367379999988
-0.5119853,-0.5705034827333335
-0.53429806,-0.30020232399999963
-0.6279832,-0.5984919050666669
-0.7992514,-0.4588229766666657
-0.73264706,-0.690264339866668
-0.8094982,-0.7258061322666651
-0.38352355,-0.386119398666668
-0.75533646,-0.49224711399999943
-0.7275237,-0.4390124831999996
-0.40401718,-0.6177071322666657
-0.9065546,-0.5870398916000009
-0.6177364,-0.4974339311999996
-0.6045619,-0.6764001959999988
-0.4523236,-0.6486622578000008
-0.74057615,-0.8424083326666669
-0.48891932,-0.7059565896666674
-0.6601875,-0.5187668198666678
-0.5079491,-0.530714951000001
-0.578213,-0.8197742607333347
-0.58260447,-0.5394520472000012
-0.5064853,-0.6024149500000001
-0.45525125,-0.8186617709333311
-0.7948599,-0.6405526307999998
-0.43036613,-0.6220205398000007
-0.6718981,-0.5875229416000007
0.18602844,-0.5907921770000015
-0.8914727,-0.6228695628000005
0.03147235,-0.5422368921333325
-0.5299066,-0.42229552413333377
-0.78900456,-0.5998093740666668
-2.7839003,-0.6581527656000007
-0.7377705,-0.4891470276000001
-0.40694484,-0.44553140299999966
-0.5247832,-0.6408942118000006
-0.7099577,-0.566064202
-0.6850726,-0.5351568667333338
-0.7187407,-0.6254263991333339
-0.47647676,-0.5700740859333335
-0.55698746,-0.623147713333333
-0.38352355,-0.48396671366666605
-0.5928513,-0.5976428870000016
-0.37291077,-0.2251175888000003
-0.44106603,-0.5899449727333342
0.36447576,-0.5142064544666676
-0.80803436,-0.7285873986666653
-0.67775345,-0.5418026408666661
-0.44061294,-0.6267340754666657
-0.67775345,-0.7212389764666653
-0.68214494,-0.6703285531333326
-0.45159167,-1.0123977189333315
-0.6133449,-0.5968101351999997
-0.647013,-0.651053173266668
-0.6836088,-0.5080784093333329
-1.3082123,-0.6369771269333342
-0.8497535,-0.3557546833999995
-0.5972428,-0.8422001379999999
-0.8431663,-0.5589294517333334
-0.5591832,-0.5595442576000008
-1.0100429,-0.702697444933332
-0.65433216,-0.6617391422000007
-0.48891932,-0.5754739700666658
-0.68873215,-0.6065039471333328
-0.62066406,-0.5675465351333346
-0.88415354,-0.5794328195333346
-0.71581304,-0.6004275373919984
-0.58114064,-0.5811211112000014
-0.22126284,-0.7880514559333344
-0.7729024,-0.5566946757333326
-0.5181959,-0.5504538894666658
-0.60602576,-0.5576315192666657
-0.88854504,-0.7520867551333327
-0.7340784,-1.089253057199999
-0.49038315,-0.6563912930666685
-0.6938556,-0.7745419350000006
-0.5372257,-0.618165787733333
-0.64408535,-0.5985971412511103
-0.6411577,-0.4557428159333324
-0.4340257,-0.8361466598666663
-0.58260447,-0.6439292054666661
-0.67336196,-0.4344908596666666
-0.8343833,-0.6053670425333323
-0.74069816,-0.8744418039999978
-0.5972428,-0.39369878986666557
-0.6426215,-0.7238445812666674
-0.58699596,-0.6867804217333335
-0.56577045,-0.2506515532066671
-0.52844274,-0.5234462048000008
-0.649076,-0.7181003431333352
-0.7816854,-0.5216325243
-0.49123707,-0.6976420293599991
-0.58114064,-0.8595416474666663
-0.5310044,-0.5184203895999999
-0.65286833,-0.39261374453333286
-0.56796616,-0.5265495415999998
-0.83584714,-0.568920896866667
-0.724596,-0.7017895648000017
-0.66750664,-0.41049705833333394
-0.4684257,-0.7612893894000017
-0.6309109,-0.7196092522000018
-0.84828967,-0.5509507094666671
-0.76485133,-0.479173881733333
-0.5269789,-0.4957017329333332
-0.6279832,-0.6591628036666666
-0.6704343,-0.6278661106000012
-0.4581789,-0.4560612133333333
-0.5943151,-0.6373809831333351
-0.4914404,-0.5163618130000012
-0.6704343,-0.6107880802666669
-0.52844274,-0.2957177892666667
-1.2969537,-0.4009040906
-0.38352355,-0.655854547399999
-0.733379,-0.7680180990666673
-0.70337045,-0.731153981933333
-0.6118811,-0.6486964078666677
-0.53588253,-0.8506563499999995
-0.6718981,-0.5781056262666661
-0.65433216,-0.6380543590666655
-1.7467816,-0.6572569186133339
-0.5416172,-0.6805347347333316
-0.46988952,-0.6380787577999996
-0.6235917,-0.5497268294666667
-0.5416172,-0.5991392500666656
-0.6367662,-0.6769532227333324
-0.60017043,-0.6246944689333334
-0.5738215,-0.522831401466666
-0.457447,-0.4784870974666675
-0.4289023,-0.5797451349333335
-0.59138745,-0.576056264466667
-0.5855321,-0.6105050716666677
-0.5079491,-0.639508433933333
-0.77436626,-0.6073431977333335
-0.69239175,-0.7002779049333334
-0.681413,-0.7600402317999999
-0.6762896,-0.42840458080000066
-0.4874555,-0.7131195904
-0.54747254,-0.4521771933999999
-0.6836088,-0.5523910148
-0.9639323,-0.4089844364000003
-0.7772939,-0.6596019427333343
-0.71581304,-0.29511307293333316
-0.6836088,-0.4637463303999992
-0.68214494,-0.6850628489333324
-0.48672357,-0.5631452901333338
-0.72605985,-0.6764555000000014
-0.4523236,-0.4357578903333332
-0.61627257,-0.4063690640666661
-0.7963237,-0.7233956674666683
-0.30081713,-0.5442033019999992
-0.5035576,-0.7511694289333317
-0.37474057,-0.5679368882666679
-0.8892769,-0.5430000613333337
-0.47281718,-0.6797149793333329
-0.7582641,-0.6353902019333346
-0.62066406,-0.6307254553999997
-0.6997109,-0.638064137533333
-0.6433534,-0.6629784796000006
-0.5299066,-0.6184585665333344
-0.2554384,-0.6085240376666666
-0.5225874,-0.6391083003333339
-0.6704343,-0.41428106833333306
-0.4786725,-0.5964913556666659
-0.56796616,-0.7138319887999995
-0.5269789,-0.6104367726666656
-0.5635747,-0.6262705142666652
-0.35424694,-0.5700838506666672
-0.09465282,-1.232455094333335
-0.42743847,-0.5731847104666679
-0.7802216,-0.400518624666668
-0.578213,-0.621981485533333
-0.7772939,-0.5378795661999991
-0.78754073,-0.563547026800001
-0.73484284,-0.6729065132000015
-0.6836088,-0.6114614539333328
-0.27154052,-0.560222508733332
-0.61041725,-0.5838536022000003
-0.6536002,-0.5813008673333325
-0.90879464,-0.5962815126666672
-0.72592044,-0.3580652197333341
-0.5928513,-0.7335839568000012
-0.78129506,-0.636488041666666
-0.51526827,-0.4938329353999993
-0.22486061,-0.40643548993333256
-0.551864,-0.47878963853333334
-0.6982471,-0.5347860112666667
-0.6367662,-0.556606830533334
-0.67336196,-0.4624825603333333
-0.5299066,-0.5854566489333325
-0.742162,-0.6001216451999991
-0.56211084,-0.34988471586666725
-0.8812259,-0.7178702159999998
-0.74069816,-0.6368540248666658
-0.6382633,-0.44476990046666676
-0.483064,-0.5487314344666663
-0.819745,-0.7964407897999989
-0.31159317,-0.6620807230000005
-0.6089534,-0.7659329673333314
-0.47281718,-0.5709133344000006
-0.52405125,-0.5158391765333332
-0.5738215,-0.517568929066666
-0.7729024,-0.6618074564000005
-0.8490216,-0.5292592387999993
-0.6953194,-0.564394439333334
-0.6345704,-0.7049172560000002
-0.5079491,-0.530238374066667
-0.5987066,-0.6103782074666665
-0.5635747,-0.6103196465333341
-0.8856174,-0.6104465311333341
-0.63383853,-0.6339413408666669
-0.49038315,-0.7876773118666677
-1.0923834,-0.6881466317333349
-0.6186316,-0.6021388244666651
-0.51380444,-0.7886434700666681
-0.60017043,-0.6503115127333335
-0.6572598,-0.5531131566666665
-0.6909279,-0.6634835385333322
-0.5987066,-0.47782349900000043
-0.6118811,-0.634472877266668
-0.9105025,-0.6920892164666662
-0.45085976,-0.481043909866666
-0.5123406,-0.5170037230000003
-0.48013633,-0.440771226866666
-0.7963237,-0.5306873012000004
-0.52405125,-0.715549538866667
-0.7055662,-0.5953983491333322
-0.3718129,-0.6613081182666679
-0.7758301,-0.5018010216000004
-0.4523236,-0.9387836557333334
-0.6265194,-0.7207217331333347
-0.48160017,-0.4986635708
-0.6279832,-0.530999580666666
-0.4684257,-0.5787106946666658
-0.4694341,-0.6785341562666684
-0.7055662,-0.5625012051999996
-0.6704343,-0.6233672842666673
-0.6909279,-0.5590563050666668
-0.3659576,-0.5893576131333347
-0.39157462,-0.7629682093866684
-0.7846131,-0.6674188168000015
-0.5943151,-0.6815203836000012
-0.7475293,-0.7473384705333344
-0.7729024,-0.6581674126666677
-0.08953762,-0.6585284672666678
-0.48160017,-0.5370708927786659
-0.68800026,-0.7055076745333323
-1.1051431,-1.2532796535999997
-0.46988952,-0.7338084019999985
-0.6982471,-0.6305404652000007
-0.44061294,-0.5561872043333348
-0.578213,-0.5941394293333333
-0.5752853,-0.4577104617333342
-0.5855321,-0.47201696180000063
-0.87354076,-0.41887016686666684
-0.56796616,-0.6077238100000018
-0.6572598,-0.6075676441333339
-1.7315342,-0.27403306359999946
-0.6894641,-0.5774420338666665
-0.5416172,-0.4915932735333334
-0.7992514,-0.4671814445333342
-0.59138745,-0.6511974406666655
-0.68800026,-0.712002197400001
-0.54893637,-0.4849377087999993
-0.6367662,-0.5923649694666666
-0.5417568,-0.5426906918666657
-0.50282574,-0.7202630825333348
-0.57601726,-0.6107100206666662
-0.414264,-0.7517744727333326
-0.12222983,-0.7203704305333333
-0.47501293,-0.864533339599999
-0.36449376,-0.7422129199333333
-0.7041024,-0.7110544039333333
-0.80803436,-0.7099186729333343
-0.551864,-0.7167986673333354
-0.92001736,-0.7032338546666674
-0.7877847,-0.6563693297999987
0.12674332,-0.5093299753333319
-0.40182143,-0.7467291148000004
-0.6455492,-0.5507515191999995
-0.6192002,-0.6499699524666674
-0.5225874,-0.7458804297333339
-0.74948114,-0.6243529163999992
-0.31472352,-0.4736987427333336
-0.55771935,-0.6657118408666686
-0.28837457,-0.6525462764666667
-0.5972428,-0.5642041157333337
-0.41865548,-0.6619050545333341
-0.89000887,-0.6212756073333342
-0.60602576,-0.5774029861999993
-0.68653643,-0.7475488706666654
-0.62066406,-0.5484776910000007
-0.46037462,-0.6109832566000006
-0.578213,-0.6297642120666678
-0.600756,-0.6226359913333327
-0.6089534,-0.6478278964000009
-0.7208551,-0.6222718293333324
-0.86073226,-0.5234852420666675
-0.74948114,-0.572578749000001
-0.5445449,-0.625475176800001
-0.560647,-0.48266391040000023
-0.68800026,-0.567419671200001
-0.73630667,-0.42939754100000005
-0.53283423,-0.7318078346000012
-0.6426215,-0.44416516479999907
-0.3762044,-0.6961781948000014
-0.5840683,-0.7550131166000003
-0.65872365,-0.5987280776666667
-0.8329195,-0.4920055845333344
-0.7846131,-0.6111491810000008
-0.4840399,-0.5632867917333328
-0.551864,-0.7153739087333342
-0.47720867,-0.678460964266667
-0.08892769,-0.8085613300666665
-0.83365136,-0.6534932342666665
-0.7143492,-0.6488866840666652
-0.64408535,-0.606089185133333
-0.49916613,-0.5508101041333318
-0.7480173,-0.5580300068666662
-0.67775345,-0.566190056933334
-0.64408535,-0.5994970955333347
-0.6367662,-0.5430273805333334
-0.6748258,-0.49549681146666635
-0.49184698,-0.5073050406666656
-0.5504002,-0.6446220914666665
-0.7860769,-0.6063575669333326
-0.63969386,-0.5994970955333347
-0.6572598,-0.5389159761333336
-0.51380444,-0.7438405181333334
-1.5935537,-0.7660355211333311
-0.63530236,-0.5436958581333329
-0.50428957,-0.455714772253334
-0.8138897,-0.6438121129333342
-0.4346906,-0.6988463207333343
-0.33977968,-0.6696580373333317
-0.6745818,-0.8025732772666655
-0.6045619,-0.544213085066667
-0.65286833,-0.7478904493999983
-0.89879185,-0.6616903339333349
-0.8014471,-0.4273862434666672
-0.59138745,-0.7192286462666652
-0.6601875,-0.6168288416666681
-0.733379,-0.6417188243333322
-0.6792173,-0.7345793480666682
-0.6136377,-0.4252817523999996
-0.47281718,-0.5416465056666662
-0.48599166,-0.7691159925333352
-0.7128854,-0.6427874177999997
-0.47281718,-0.6647465110000013
-0.724596,-0.541158569933335
-0.7172769,-0.7326568687333335
-0.70263857,-0.6929675287999992
-0.63969386,-0.6915525126666677
-0.6133449,-0.5421734727333329
-0.58699596,-0.5556016756666664
-0.75387263,-0.7003396564666678
-0.6836088,-0.6562254008666681
-0.55771935,-0.7099186929333345
-0.6235917,-0.5304433331333341
-0.41060442,-0.6005510201333353
-0.560647,-0.5414952327333347
-0.53429806,-0.7906440522666659
-0.6909279,-0.5128285486000005
-0.79339606,-0.6161831297000013
-1.564635,-0.18583489873333378
-0.68873215,-0.5982381738666666
-0.8665876,-0.4396985366666675
-0.8475578,-0.654810328799999
-0.6133449,-0.7612405612666685
-0.6938556,-0.41803091833333256
-0.6514045,-0.44403438493333275
-0.551864,-0.6381714733333326
-0.73045135,-0.5682491822000005
-0.6426215,-0.5523324516000008
-0.3615661,-0.5760465186666657
-0.7611918,-0.5794328412666658
-0.7099577,-0.6827597678000004
-0.8914727,-0.7101431216000023
-0.828528,-0.6547615536666652
-0.48452783,-0.6275147717333337
-0.43768528,-0.6435124042133341
-0.3718129,-0.4190995289999999
-0.8387748,-0.498260186866666
-0.87390673,-0.5906262632000006
-0.35424694,-0.42027306306666634
-0.655796,-0.6591628036666666
-0.52844274,-0.5682784453333334
-0.8475578,-0.7982950070666675
-0.6074896,-0.7521550953333346
-0.37034908,-0.37380371326666645
-0.72605985,-0.5644334501333339
-0.42743847,-0.511101222933333
-0.7289875,-0.42036815919999987
-0.62066406,-0.3468302063999998
-0.56758285,-0.8806598614666662
-0.4779406,-0.7092746027333328
-0.39816186,-0.5196387046666671
-0.5738215,-0.6560594940000002
-0.63418007,-0.4895235565333334
-0.53429806,-0.609680439933334
-0.37913206,-0.46201413640000005
-0.42158315,-0.6332822771333341
-0.5116087,-0.6121933586666674
-0.74948114,-0.6623734721333325
-0.43768528,-0.5891990095999988
-0.42524272,-0.925500182893334
-0.7480173,-0.6388795828666675
-0.46110654,-0.6519509830666675
-0.6192002,-0.5485167411333322
-0.6616513,-0.6102513091333344
-0.664579,-0.634990060666667
-0.53283423,-0.5908995059333328
-0.32057884,-0.7084841318666669
-0.560647,-0.6695755075333342
-0.54308105,-0.6757069964000012
-0.97271526,-0.7091282117333326
-0.53283423,-0.5364840585333335
-0.8347202,-0.8597823541333353
-0.35571077,-0.6676579067333329
-0.9412429,-0.5388603367333342
-0.9339237,-0.798963474000002
-0.3805959,-0.7985487334666656
-0.5079491,-0.6062697419333336
-0.3381448,-1.0636654636666654
-0.6022198,-0.6333700978666671
-0.66897047,-0.46690333119999927
-0.4933108,-0.633828781733333
-0.56943,-0.6602383617333333
-0.5752853,-0.610885674333333
-0.48891932,-0.4830639952000006
-0.73264706,-1.0750725032666681
-0.63823,-0.6249384289999984
-0.48452783,-0.7617285231333338
-0.6704343,-0.6537271121333328
-0.8329195,-0.6033657828000004
-0.66311514,-0.7491590971333331
-0.42304698,-0.5839609575999992
-0.6309109,-0.6601289366666678
-0.4098725,-0.5563043124666662
-0.72166836,-0.7606940849333351
-0.6704343,-0.7395661269333331
-0.44646826,-0.5097935508666658
-0.85487694,-0.6589334332000009
-0.82120883,-0.6056568730666675
-0.6704343,-0.6347412273333339
-0.7275237,-0.7109661390666655
-0.49477464,-0.5315785898666666
-0.56211084,-0.5277547777999994
-0.7100187,-0.25671238733333385
-0.6411577,-0.6976078870000011
-0.6099799,-0.42800893546666724
-0.7319152,-0.5988334761999997
-0.49623847,-0.5916899547333331
-0.6418896,-0.5533203459999999
-0.474281,-0.45963784360000004
-0.6177364,-0.5683565221333338
-0.4596427,-0.6304676502000002
-0.51746404,-0.674010914399999
-0.74069816,-0.6015171577333337
-0.87171096,-0.4937889973333348
-0.7480173,-0.6134571288000009
-0.59943855,-0.6122323878000007
-0.51526827,-0.6387960568000008
-0.28727672,-0.3296737337333338
-0.44207677,-0.6401427767333343
-0.58699596,-0.5016839240000007
-0.6323747,-0.6757626544000007
-0.5708938,-0.8400924174000027
-0.3156558,-0.35388531973333365
-0.4786725,-0.3586221671333333
-0.19420148,-1.6184328244000021
-1.0561535,-0.6296666092000011
-0.5987066,-0.4955260886666674
-0.48452783,-0.7588496578666658
-0.578213,-0.6984865730666657
-0.6265194,-0.567741706266667
-0.51746404,-0.3909907149333329
-0.5079491,-0.659884952000001
-0.4564246,-0.9693981231333332
-0.60163426,-0.8242047956666674
-0.7231322,-0.7444065125333347
-0.59577894,-0.6390595297999997
0.27183515,-0.6936961641333326
-0.7319152,-0.36615763606000046
-0.6601875,-0.686375401666668
-0.75387263,-0.8015740078000008
-0.50941294,-0.5027183774
-0.6836088,-0.6023499003333327
-0.4969704,-0.7438762891333343
-0.57674915,-0.7363866917333319
-0.47135335,-0.6658378791333347
-0.92074925,-0.6191709649333345
-0.59138745,-0.655578467666667
-0.5313704,-0.604659520666666
-0.5313704,-0.7203655700000005
-0.56650233,-0.5866251193333338
-0.73045135,-0.5800281211333341
-0.58260447,-0.47021158279999953
-0.9062987,-0.5736067740666674
-0.75533646,-0.6090867834000011
-0.6514045,-0.6481938319333336
-0.43622145,-0.5044464954666675
-0.63823,-0.5439105474666672
-0.33375332,-0.7112458856666672
-0.560647,-0.6104953301999998
-0.5357619,-0.5764856708000001
-0.58699596,-0.513121316666666
-0.551864,-0.5570315376666668
-0.24445966,-0.554536015333333
-0.77875775,-0.5883914844000008
-0.62944704,-0.581618818666667
-0.56211084,-0.6067284134666664
-0.42158315,-0.5147413089333333
-0.46257037,-0.5593490643333332
-0.7919322,-0.5987651728666668
-0.91428405,-0.8204424561333332
-0.57674915,-0.7285922660000005
-0.62505555,-0.6479205856666658
-0.5562555,-0.6194295598000007
-0.5445449,-0.8090297502000018
-0.7582641,-0.6122909702666681
-1.0378557,-0.6948900370666679
-0.6279832,-0.6883320613333324
-0.29923517,-0.4214573984000008
-0.53429806,-0.5225174895999993
-0.14187099,-0.6011533023333334
-0.50062996,-0.6503635540666681
-0.28691074,-0.35330519720000075
-0.40401718,-0.7522624092000008
-0.8426783,-0.4191414717333344
-0.3762044,-0.8990553106666654
-0.63969386,-0.7133865154666679
-0.53503,-0.7491298220666652
-0.77436626,-0.5963547293333334
-0.31472352,-0.6195125111333344
-0.6850726,-0.5601200236666674
-0.6938556,-0.8793814385333346
-0.57674915,-0.5562067263333332
-0.72020453,-0.5103854310666661
-0.87976205,-0.42724101640000045
-0.664579,-0.7018651695333349
-0.65286833,-0.6758114454000009
-0.62066406,-0.6228890769333352
-0.86146414,-0.6648034294666654
-0.7524088,-0.6740116169333323
-0.6030981,-0.7026580838666664
-0.3527831,-0.8014763957333326
-0.51526827,-0.5370500586666673
-0.65506405,-0.5330099002000004
-0.55771935,-0.6502431961333326
-0.61627257,-0.4401550773999999
-0.7227662,-0.5126683428799998
-0.7165449,-0.5987456285333338
-0.5899236,-0.5338764847333324
-0.59577894,-0.6296910222666661
-0.6872683,-0.6591774208000012
-0.7289875,-0.5857565693333343
-0.80364287,-0.396950123266666
-0.4874555,-0.6001606690666677
-0.6287151,-0.5018742451999992
-0.7055662,-0.6952047436000008
-0.66750664,-0.6201761129999995
-0.828528,-0.7203118910666687
-0.5401534,-0.5017912687333339
-0.91782165,-0.5232510245999994
-0.7231322,-0.7018090504000013
-0.7626556,-0.5168784981333332
-0.9705195,-0.6510726972666672
-0.40694484,-0.550692961600001
-0.6850726,-0.7036827493333342
-0.5635747,-0.5812479842666672
-0.5020938,-0.5814138890666669
-0.6850726,-0.5155366384666674
-0.4596427,-0.43834602646666726
-0.647013,-0.5783886460666677
-0.6718981,-0.5724064538000004
-0.64994067,-0.7515492671333351
-0.48452783,-0.6253873746666668
-0.4391491,-0.6243512963333341
-0.5238019,-0.9281023571333342
-0.80364287,-0.5514883345333325
-0.54747254,-0.32483564706666657
-0.4941891,-0.7941344591999989
-0.48599166,-0.6592311177333331
-0.5064853,-0.6150332110666662
-0.63603425,-0.14490388226666642
-0.67775345,-0.4476686034666665
-0.94343865,-0.580842997333333
-0.58077466,-0.5592710083333337
-0.68800026,-0.6639056196000013
-0.733379,-0.623381918933333
-0.50062996,-0.7072935674000004
-0.6367662,-0.6735278691333347
-0.52844274,-0.690244822466668
-0.6309109,-0.6911328572000014
0.77040464,-0.6026322931333342
-0.20054476,-0.6228516546666664
-0.72166836,-0.5989115199999991
-0.6411577,-0.7941865250666684
-0.5504002,-0.6353804335333327
-0.57235765,-0.6220107894666669
-0.7084939,-0.5771517073333329
-0.52405125,-0.6148575194000004
-0.5211236,-0.5612894586000001
-0.75387263,-0.6578746154666681
-0.7092258,-0.5727919502666671
-0.5460087,-0.5570801630666686
-0.733379,-0.6331521471333332
-0.56137896,-0.6669601323333343
-0.6997109,-0.6834916738666656
-0.31252778,-0.3877951939333341
-0.59138745,-0.6304814876666676
-0.62944704,-0.5852296096000005
-0.5862641,-0.6793797679499989
-0.49038315,-0.6546834874666656
-0.5445449,-0.6500577851999995
-0.4523236,-0.6084556978666655
-0.61480874,-0.4888705349333338
-0.60602576,-0.656654796666668
-0.4977023,-0.6257874653333326
-0.6265194,-0.610420512666667
-0.66750664,-0.4787554716666664
-0.7445773,-0.5295373766666676
-0.15370218,-0.3108443784000004
-0.6514045,-0.7231712271333337
-0.7436258,-0.5761168228666675
-0.43036613,-0.7704529511333331
-0.92514074,-0.6378591796000012
-0.7041024,-0.7797154226666665
-0.4922304,-0.5653442800000004
-0.6660428,-0.4935060050133339
-0.21542703,-0.5896991646666665
-0.560647,-0.6021612345333341
-0.1987975,-0.2890210778666665
-0.5123406,-0.799514868133331
-0.5547917,-0.6815496499333326
-0.50941294,-0.6899617933333331
-0.3762044,-0.3883053989333331
-0.77436626,-0.8038087868000012
-0.6909279,-0.6282271803333334
-0.42304698,-0.5474042512666668
-0.4977023,-0.6190500026666648
-0.66311514,-0.7240981785333325
-0.6367662,-0.6449197443333341
-0.5635747,-0.868955306133332
-0.57455343,-0.5734701540000011
-0.5035576,-0.6044057727333337
-0.59577894,-0.6489062316666651
-0.60602576,-0.6125934778666672
-0.6235917,-0.5650092210000003
-0.1976171,-0.6218872604000003
-0.7655833,-0.4841570006666661
-0.51380444,-0.45937922200000003
-0.87976205,-0.5291941707999999
-0.41133633,-0.6650701659333312
-0.6074896,-0.6828085242000013
-0.63823,-0.5590595704666678
-0.59138745,-0.5516200616666657
-0.7846131,-0.6488232697999999
-0.63823,-0.7444504415999987
-0.6982471,-0.6667145265999994
-0.810962,-0.696626725400001
-0.73630667,-0.6856772496000019
-0.7816854,-0.7935034029999989
-0.5840683,-0.3611659746799994
-0.43622145,-0.6032737692666669
-0.6762896,-0.6261615639333334
-0.44720018,-0.5956374300000009
-0.34400013,-0.6289281999999994
-0.5635747,-0.607333440666667
-0.61041725,-0.5936124723333333
-0.29788947,-0.48241992913333226
-0.74069816,-0.5158489288666668
-0.5460087,-0.43078575253333296
-0.69507545,-0.6163311190666678
-0.5562555,-0.526451948466666
-0.17012255,-1.2052369657333344
-0.37766823,-0.5684703629333347
-1.5161518,-0.4291730978666678
-0.28398308,-0.5823995283999994
-0.70703006,-0.629905726266668
-0.8343833,-0.5758610893333328
-0.6997109,-0.8735931523333326
-0.6909279,-0.5176104139333323
-0.6323747,-0.4920063790000009
-0.62725127,-0.6206811352000008
-0.6953194,-0.6254459175999989
-0.6455492,-0.7106798924666677
-0.48599166,-0.668414213733335
-0.24519157,-0.7340230860666657
-0.62944704,-0.6525462865333331
-0.36473772,-0.5832599307333335
-0.66897047,-0.6501748818666673
-0.5796768,-0.5552243526666676
-0.34839162,-0.5897429755333348
-0.4977023,-0.6468389731999997
-0.7041024,-0.5656630738000006
-0.71142155,-0.48965126113333324
-0.1595575,-0.5671952122000004
-0.5504002,-0.5738936851999993
-0.25470647,-0.5919632144666674
-0.5255151,-0.574709547199999
-0.46988952,-0.511111006466666
-0.5840683,-0.4626903339333328
-0.5167321,-0.5599834074666662
-0.7377705,-0.6286028692666673
-0.6909279,-0.6317514499333335
-0.35058737,-0.4520020954
-0.664579,-0.5923145604000006
-0.36427826,-1.1146843732000014
-0.53649384,-0.41317996839999965
-0.47281718,-0.6234550826666679
-0.64847684,-0.6698341279999992
-0.46988952,-0.6042301243999996
-0.5562555,-0.5580316693333333
-0.6455492,-0.448595693733334
-0.6455492,-0.7274065741333353
-0.4640342,-0.5634917227999988
-0.7128854,-0.626470606533333
-0.45378742,-0.5005039341999985
-0.74069816,-0.25377938000000005
-0.6762896,-0.5309458886666669
-0.5315037,-0.6788026717999995
-0.40523702,-0.7091770114666656
-0.6938556,-0.5895355439999995
-0.6009024,-0.539177501666668
-0.53868955,-0.4521967147333343
-0.6601875,-0.661787934733333
-0.483064,-0.49895577838666716
-0.7524088,-0.6100486810377775
-0.6938556,-0.5846928646000006
-0.48599166,-0.7028825325333343
-0.55113214,-0.6916061590666673
-0.56211084,-0.523722711733334
-0.8182812,-0.6334579458666652
-0.88854504,-0.6229866565333324
-0.6192002,-0.5259005558666673
-0.35863844,-0.6687265006666678
-0.57674915,-0.6648788880000005
-0.6013903,-0.7370086266666669
-0.51380444,-0.6043179394666658
-0.5928513,-0.5475018191999991
-0.6279832,-0.7761521465333342
-0.8621961,-0.7060834580666678
-0.67336196,-0.757611589466665
-0.7392343,-0.7641535961333321
-0.6426215,-0.4191414717333344
-0.6806811,-0.5183791563333325
-0.65872365,-0.6770752258000017
-0.6265194,-0.5389159761333336
-0.957345,-0.5446863784666663
-0.61627257,-0.5585976530666676
-0.3480922,-0.8890876117333312
-0.62944704,-0.7801727744666658
-0.81315774,-0.5713525130000008
-0.59577894,-0.7197653874666678
-0.474281,-0.6108661521333332
-0.4479321,-0.6390692935999985
-0.5225874,-0.5696642218666674
-0.45671508,-0.5242561859333331
-0.5123406,-0.6568743460666651
-0.6894641,-0.6418505654
-0.55771935,-0.4080768511333344
-0.12262019,-0.5924316392000013
-0.4596427,-0.5764807907999999
-0.63823,-0.669312040866668
-0.61627257,-0.5216505752666666
-0.34473205,-0.8695737757333345
-0.5840683,-0.6756357742000016
-0.53429806,-0.6071284942666656
-0.647013,-0.46614213939999927
-0.63164276,-0.5002835470000003
-0.66897047,-0.5509329520000008
-0.6792173,-0.7255035990666674
-0.42158315,-0.6899812969333348
-0.37474057,-0.39518158607999937
-0.8859833,-0.5677729372000002
-0.6894641,-0.6162698051333333
-1.0012599,-0.6917102654666661
-0.6265194,-0.6758016849999987
-0.4933108,-0.5907336155999992
-0.51965976,-0.3449857730000004
-0.6279832,-0.5945395661999995
-0.70117474,-0.7273090055333333
-0.7465535,-0.5955154750666674
-0.62944704,-0.6711662083999996
-0.647013,-0.697485862666668
-0.8592684,-0.7604305822000004
-0.5855321,-0.5768076942666679
-0.551864,-0.38865671426666576
-0.54893637,-0.6371955807333339
-0.18719049,0.16249067565573347
-0.75387263,-0.5776372089333344
-0.51380444,-0.6940897769333327
-0.32204267,-0.384518957466666
-0.52405125,-0.4794825027333338
-0.6172485,-0.6056924343999986
-0.8153535,-0.5371769299999996
-0.6616513,-0.4615166514666662
-0.3322895,-0.5015700811999997
-0.7912003,-0.5834437317333322
-0.5635747,-0.48803127399999996
-1.2398642,-0.7128304072666664
-0.66750664,-0.8002272611999984
-0.57235765,-0.5977746421333326
-0.67336196,-0.7565368158000013
-0.48160017,-0.5205575938666679
-0.32204267,-0.6980245805333324
-0.6704343,-0.5666487412666668
-0.10832345,-0.3732572156000004
-0.7319152,-0.7572687070000018
-0.47135335,-0.7309100137333318
-0.7904684,-0.5140051663333335
-0.74508965,-0.5998874292666659
-0.42158315,-0.4902058825333328
-0.7319152,-0.4812020666
-0.46696186,-0.5137751607333344
-1.0202898,-0.6238844730666679
-0.7465535,-0.5943053393333317
-0.92074925,-0.6645448005999987
-0.8051067,-0.5378356354666666
-0.56796616,-0.6586943746666668
-0.74508965,-0.7121144078000017
-0.38352355,-0.8870031013999988
-0.51746404,-0.6536002420000002
-0.6221279,-0.6291640399333326
-0.5635747,-0.4800387728000005
-0.36203662,-0.4546299122666674
-0.5211236,-0.6747574773999994
-0.5020938,-0.6769366285333331
-0.5650385,-0.6836922112666659
-0.6235917,-0.4450174256666668
-0.54308105,-0.6253288135333342
-0.43182996,-0.6599239915333334
-0.55771935,-0.5808966517333339
-1.0993366,-0.6053524028666658
-0.57674915,-0.4828450234000006
-0.08051067,-0.08403664048000012
-0.6309109,-0.6653948011999988
-0.7041024,-0.6238064168666676
-0.6309109,-0.6586585751999988
-0.64408535,-0.6983482466666677
-0.62505555,-0.8016536643333344
-0.6704343,-0.40809637513333363
-0.5840683,-0.7944597653333334
-0.8864586,-0.702502879333335
-0.39986965,-0.7037071766666655
-0.77875775,-0.7045181206000012
-0.49038315,-0.7511840870666677
-0.8826897,-0.8413187510000003
-0.7128854,-0.5082639645999996
-0.56211084,-0.6082020013333337
-0.48891932,-0.33245538153333354
-0.7319152,-0.5953300346666672
-0.8585365,-0.659943516800001
-0.7289875,-0.6270366205333341
-0.7780258,-0.5960560921333334
-0.60163426,-0.5280377606666675
-0.61480874,-0.6918647708666664
-0.65433216,-0.539977733733333
-0.62505555,-0.6163018530000005
-0.64408535,-0.7032387233333313
-0.51526827,-0.5583634405333334
-0.51526827,-0.5251344826666665
-0.2605618,-0.6273683846666651
-0.5547917,-0.5091787486666676
-0.93099606,-0.9616877986666666
-0.60602576,-0.5475050654666677
-0.18444262,-0.6908400919999984
-0.49184698,-0.6498138061333323
-0.56943,-0.8118305145333347
-0.5020938,-0.5786374917999993
-0.7319152,-0.5283939641666667
-0.90318334,-0.5126683428799998
-0.33960864,-0.5265563617333343
-0.52844274,-0.6806884452000008
-0.5504002,-0.624616389733334
-0.5460087,-0.6821351661333331
-0.5020938,-0.6065429760666681
-0.5203917,-0.4691885198000002
-0.6221279,-0.6693455368666684
-0.54308105,-0.7567547436000007
-0.52405125,-0.37477044880000016
-0.56796616,-0.6078897073999995
-0.647013,-0.43970536293333273
-0.57235765,-0.7340230949333322
-0.5987066,-0.6346777990666651
-0.750945,-0.4695870158666663
-0.3977959,-0.5903663826333321
-0.4435406,-0.6057134717333335
-0.45891082,-0.8920948297333344
-0.6997109,-0.5210845523333344
-0.30154905,-0.5989993756666653
-0.56650233,-0.6699366032666657
-0.6875611,-0.6435193548000009
-0.74508965,-0.39435101693333274
-0.70776194,-0.42812890166666573
-0.7099577,-0.5858883279333321
-0.3864512,-0.6221864353333336
-0.4977023,-0.7260110575333321
-0.6265194,-0.576056264466667
-0.84054273,-0.8673096073333316
-0.5445449,-0.6353771820666664
-0.7882726,-0.41739627673333285
-0.6192002,-0.5090323411333327
-0.63383853,-0.7468169673999996
-0.3996257,-0.40906760506666645
-0.5708938,-0.5992725960000007
-0.578213,-0.7196190128000004
-0.5269789,-0.5788961200000002
-0.6455492,-0.5782487506666671
-0.6850726,-0.6969442498666677
-0.8387748,-0.7496860768666667
-0.63383853,-0.5784960057333335
-0.54308105,-0.5428663705333348
-0.6192002,-0.6116956536666681
-0.5460087,-0.4551634068000006
-0.86951524,-0.6464469944000002
-0.59577894,-0.5622734973333322
-0.51380444,-0.686663298999999
-0.75387263,-0.6580502870666671
-0.46379024,-0.5553333352000008
-0.5591832,-0.7015455596666682
-0.6030981,-0.494325753533334
-0.5357619,-0.6702781551999997
-0.7524088,-0.7075960789999983
-0.42817038,-0.7335839358666661
-1.0642047,-0.6250799378000003
-1.0276089,-0.5791595900000006
0.28979957,-1.0998801810000007
-0.50502145,-0.5626045832428578
-0.7582641,-0.5991359828666671
-0.51380444,-0.4926374469333329
-0.66311514,-0.5602761817333323
-0.60602576,-0.7758935314666678
-0.6806811,-0.6592538990000014
-0.26025683,-0.6183316998666665
-0.664579,-0.7372337607333311
-1.7527429,-0.3147398541999994
-1.052494,-0.8440478007333313
-0.78314924,-0.3667187646666675
-0.56211084,-0.6507116368666672
-0.2371405,-0.8328560158000012
-0.7568003,-0.6904107033333332
-0.57674915,-0.740785993466666
-0.09588089,-0.5709231234666671
-0.72166836,-0.6503993408000008
-0.8241365,-0.7920298196000015
-0.6228598,-0.26682211090000035
-0.5416172,-0.5624036235333333
-0.52844274,-0.6531269402666657
-0.78314924,-0.6807494386666672
-0.43475762,-0.5227191804000012
-0.86073226,-0.4700212932000012
-0.810962,-0.7219448639999986
-1.4915777,-0.2513319182000003
-0.97527695,-0.766389983266665
-0.39377037,-0.6545370671999984
-0.7992514,-0.39601002540000085
-0.6455492,-0.6210153694666662
-0.5796768,-0.6616252659333335
-0.58260447,-0.40638857746666596
0.453632,-0.46863324360000025
-0.4581789,-0.6819497646666656
-0.3571746,-0.6772947823333334
-0.55332786,-0.7547021358666665
-0.83731097,-0.4932034630000008
-0.6323747,-0.5790034463333339
-0.733379,-0.5140483994666665
-0.7187407,-0.5833754154000013
-0.733379,-0.5809161901333335
-0.5796768,-0.8282352004000014
-0.655796,-0.7328699034666669
-0.58260447,-0.5473456766000001
-0.9822301,-0.6009893461333342
-0.6074896,-0.5304677112000001
-0.4912882,-0.9113555296666663
-0.8746386,-0.690537568333335
-0.7729024,-0.7360821786666675
-0.33668098,-0.6401671673999989
-0.78900456,-0.7232102466000002
-0.48013633,-0.761412996666667
-0.04147519,-0.38871842566666664
-0.6309109,-0.6071968239999997
-0.5928513,-0.6830476399999988
-0.41865548,-0.5510020058000008
-0.47720867,-0.5107304148000001
-0.07538726,-0.9486596109333326
-0.5987066,-0.6138718915999981
-0.5181959,-0.34389258126666694
-0.6792173,-0.5372062292666685
-0.44061294,-0.6559131157333351
-0.48599166,-0.6889761622666684
-0.5394215,-0.5227264915999991
-0.5123406,-0.5573436377333335
-0.6982471,-0.5468585357999999
-0.56796616,-0.6215618781333331
-0.62944704,-0.5178624322666663
-0.91782165,-0.5951202198666671
-0.5225874,-0.7419489263333311
-0.7525104,-0.7001939693333342
-0.63383853,-0.7570052329999987
-0.9065989,-1.010509760266668
-0.1595575,-0.6084465989333335
-0.8256003,-0.5996434466000004
-0.7231322,-0.8098787874666686
-0.3996257,-0.5587538002666662
-0.5372257,-0.6504822998666647
-0.63969386,-0.5210845635333338
-0.46988952,-0.5787106757333339
-0.7582641,-0.6408429649333318
-0.69239175,-0.7191505858000009
-0.5599151,-0.15990137706666688
-0.48965123,-0.6684011992933329
-0.5416172,-0.5554943162000004
-0.72679174,-0.49661420299999964
-0.5987066,-0.6993986096666654
-0.7143492,-0.6123007192000012
-0.76997477,-0.613169246733333
-0.7041024,-0.7140905999999994
-0.37913206,-0.5978966206666662
-0.6118811,-0.5110622074666661
-0.5064853,-0.6388643585333336
-0.4684257,-0.7564196984666658
-0.50502145,-0.9794439977333328
-0.59577894,-0.711698888866665
-0.69678324,-0.8027060116666688
-0.57674915,-0.5848392516666677
-0.78900456,-0.5296650584666663
-0.6279832,-0.6824279431333329
-0.45378742,-0.5324633972666664
-0.6265194,-0.5516005368000001
-0.61041725,-0.5449352361333328
-0.6074896,-0.639649913400001
-0.6221279,-0.6801834086666669
-0.5730896,-0.892999946266667
-0.9112344,-0.7596815962666644
-0.5018847,-0.5369232018000005
-1.5747631,0.21973521486666708
-0.59577894,-0.6235722108666664
-0.6572598,-0.7411568226666656
-0.7187407,-0.5357179792666671
-0.48452783,-0.8157438766666685
-0.26145646,-1.2472070530100006
-0.63383853,-0.5777543261333344
-0.50941294,-0.4483273058000003
-0.81232125,-0.49039330393333386
-1.2120515,-0.5356799438000004
-0.4640342,-0.6239210640000017
-0.63969386,-0.6005851843999994
-0.5855321,-0.47664268359999945
-0.82706416,-0.5419685524000005
-0.41572782,-0.5399240646666674
-0.7465535,-0.815455968133332
-0.48891932,-0.6064307624666674
-0.50941294,-0.49125171093333364
-0.5796768,-0.7004721029999985
-0.5796768,-0.7142613748000008
-0.7524088,-0.6272708175333324
-0.5225874,-0.6991156338666684
-0.50062996,-0.6419579130666663
-0.6243236,-0.811732977466667
-0.6367662,-0.6746324627999994
-0.5884598,-0.5670000337333341
-0.51965976,-0.5428566037333324
-0.6411577,-0.634316705733334
-0.4596427,0.052230563399999985
-0.58699596,-0.5995824715333341
-0.5167321,-0.6548981698666668
-0.7904684,-0.31321089006666586
-0.5357619,-0.511130516733333
-0.8490216,-0.6745622965999991
-0.6938556,-0.6345216470666671
-0.7611918,-0.681920485866667
-0.7377705,-0.5751584383333334
-0.7729024,-0.6260802198666682
-0.8775663,-0.5815993258666684
-0.7480173,-0.4882947691999993
-0.8409705,-0.41922448117333255
-0.6718981,-0.5465812199333345
-0.75533646,-0.6108173558000012
-0.56211084,-0.7736636180000013
-0.42011932,-0.48649424653333395
-0.5855321,-0.6846106839999985
-0.51526827,-0.471353370533334
-0.5540598,-0.7149444984666654
-0.4098725,-0.4960920968000002
-0.5123406,-0.6896007139333348
-0.664579,-0.775420223466666
-0.6836088,-0.8176663496000014
-0.6997109,-0.49584650606666664
-0.74069816,-0.5121259312666673
-0.7611918,-0.29256846406666615
-0.7758301,-0.6056353956666659
-0.6089534,-0.5647554872000004
-0.66750664,-0.5787611098666671
-0.48599166,-0.47355235246666677
-0.7392343,-0.5635063639333324
-0.50062996,-0.6693315434000013
-0.69239175,-0.7201752693333336
-0.50502145,-0.535976595666667
-0.32741004,-0.7077814875333341
-0.7582641,-0.7753616705333345
-0.6426215,-0.6810226579333342
-0.75972795,-0.5371378912666663
-0.6660428,-0.7369312355333331
-0.4933108,-0.762460439999999
-0.80657053,-0.7053515229333334
-0.79339606,-0.7085622094666675
-0.56943,-0.6381714787999987
-0.49916613,-1.2805344141333335
-0.7392343,-0.651619178133335
-0.6235917,-0.5376795133333347
-0.57235765,-0.5789204992666658
-0.45085976,-0.6158441436000007
-1.445229,-0.26427277840000013
-0.42011932,-0.5874502584666657
-0.7319152,-0.5053337312666679
-0.5840683,-0.6439845193333318
-0.4523236,-0.6859704136666662
-0.69239175,-0.5356447951333322
-0.3418044,-0.6449831494000018
-0.474281,-0.6221571853333343
-0.68653643,-0.5989651978666671
-0.49623847,-0.05273630379999989
-0.59138745,-0.6176876099999987
-0.5899236,-0.6209373071999995
-0.7490745,-0.7069908650666654
-0.560647,-0.6631053798000001
-0.38718313,-0.6775777584000018
-0.7377705,-0.42444248473333324
-0.46257037,-0.7508961753333351
-0.70117474,-0.6552934196000009
-0.56796616,-0.6100952122
-0.88854504,-0.7132757240000009
-0.9507578,-0.5472051573333319
-0.58260447,-0.6097731771333347
-0.6133449,-0.5319705549333326
-1.0334642,-0.4741531752000006
-0.48965123,-0.7534432071333336
-0.5357619,-0.5859966461999989
-0.6572598,-0.7610161067333336
-0.2898384,-0.5199525383333351
-0.33668098,-0.42750843826666585
-0.6997109,-0.805214042133332
-0.53868955,-0.6036348519999991
-0.69239175,-0.6229427657333323
-0.9017195,-0.4998834193999992
-0.7084939,-0.48051435333333253
-0.6030981,-0.7530236157333324
-0.48026982,-0.8255807997333338
-0.6762896,-0.6446611187999988
-0.74069816,-0.6045521606666674
-0.59138745,-0.43091749760000075
-0.5225874,-0.4343770162
-0.7524088,-0.6865949872666645
-0.3864512,-0.517610404400001
-0.906111,-0.609148587733334
-0.5708938,-0.5697032247333341
-0.3996257,-0.6333530314666657
-0.6177364,-0.6424263386000005
-0.5299066,-0.5580316495333338
-0.7568003,-0.5759733289999999
-0.3375279,-0.5822645385333335
-0.5752853,-0.6583040217333322
-0.6850726,-0.6571378566666677
-0.7611918,-0.6844187550666657
-0.59138745,-0.8894965105333338
-0.8102301,-0.5337222926666667
-0.85634077,-0.6738108677333329
-0.32497033,-0.4376901426000002
-0.5401534,-0.556567805333333
-0.65872365,-0.6830720480666682
-0.39377037,-0.49581886320000024
-0.50502145,-0.5399630840000008
-0.6279832,-0.4057542482666658
-0.7626556,-0.6180812196666677
-0.5123406,-0.5847221288666651
-0.67775345,-0.5339955653333338
-0.56211084,-0.5982723554000009
-0.5943151,-0.6506335472000002
-0.7275237,-0.7342719377999996
-0.81681734,-0.6825162816000009
-0.5035576,-0.7221270286666662
-0.4874555,-0.758976517466666
-0.78314924,-0.5283158920533334
-0.6616513,-0.6231037797333346
-0.5372257,-0.6329978077333331
-0.6279832,-0.5567532239333323
-0.474281,-0.5290673098666666
-0.5774811,-0.5406120515999989
-0.6806811,-0.5693421589333334
-0.83584714,-0.3867017556000002
-0.5547917,-0.6693289598666671
-0.673118,-0.6212935266666657
-0.664579,-0.7315052963999982
-0.77875775,-0.6479726120000008
-0.53429806,-0.6351267048000007
-0.48013633,-0.6825889792666653
-0.6118811,-0.787275588133335
-0.7436258,-0.5858200251333343
-0.67775345,-0.9780826206666673
-0.64994067,-0.6299837841999999
-0.1595575,-0.42870711439999987
-0.45378742,-0.5729431706666658
-0.6323747,-0.7589862856000009
-1.0071152,-0.6537271292666677
-0.8153535,-0.7346964510666678
-0.8490216,-0.5161382617333327
-0.44646826,-0.6249091638666667
-0.3425363,-0.6365547593333325
-1.4492228,-0.5185286220000003
-0.72166836,-0.555874932226667
-0.78900456,-0.6690485320000015
-0.6279832,-0.6911914111999997
-0.84023863,-0.5973110840000004
-0.6221279,-0.6582698770666663
-0.6514045,-0.6091876344000007
-0.5755293,-0.7672504086000006
-0.6850726,-0.6009120871999992
-0.73484284,-0.7444992339333325
-0.6660428,-0.6234160672000001
-0.2752001,-0.7904976794666677
-0.5372257,-0.5320437489999995
-0.724596,-0.6781019217999984
-0.6323747,-0.6839486926666648
-0.6748258,-0.4956578468666664
-0.7143492,-0.4605307720666663
-0.6748258,-0.6005803124666651
-0.5035576,-0.516927288666666
-0.10173621,-0.6165546074666661
-0.67336196,-0.5558066164666668
-0.25761786,-0.5048848466666671
-0.5928513,-0.6491843710000014
-0.74069816,-0.46267936419999944
-0.7092258,-0.7229662776000002
-0.5416172,-0.6854824649333338
-0.7092258,-0.39022789853333256
-0.54893637,-0.6824206404000012
-0.5167321,-0.873428533466667
-0.6192002,-0.8120647737999989
-0.64847684,-0.669975647266668
-0.7568003,-0.46936256400000087
-0.6177364,-0.6548884249999983
-0.50941294,-0.646822722000001
-0.53868955,-0.7355942709333327
-0.43036613,-0.569898428666667
-0.73045135,-0.6358293541999994
-0.64994067,-0.6231306167999997
-0.45671508,-0.673205829600001
-0.7289875,-0.6882930305333336
-0.29349798,-0.5639943213333337
-0.4245108,-0.4974388354666662
-0.7626556,-0.6564986321333334
-0.87976205,-0.4116889483333323
-0.66750664,-0.6878309459999998
-0.7289875,-0.6971931207999991
-0.6496967,-0.7801044603333346
-0.71581304,-0.7501301033333337
-1.0842103,-0.594973833333335
-0.44939592,-0.7003842488000012
-0.61480874,-0.5458037780666665
-0.66311514,-0.4571005495999993
-0.57674915,-0.5820482109333323
-0.37497902,-0.6813349326666657
-0.6718981,-0.717628188933333
-0.6514045,-0.8786788170666656
-0.8519493,-0.7256027812666656
-0.56796616,-0.6695169601999996
-0.3659576,-0.7081965869333344
-1.4757377,-0.7695208085866685
-0.73630667,-0.6485158725333342
-0.48891932,-0.3361865209333338
-0.35131928,-0.5215432192000008
-0.48160017,-0.6699121965999996
-0.40108952,-0.4847718092666671
-0.647013,-0.41507396866666735
-0.6118811,-0.47760880166666636
-0.6309109,-0.6482426341333324
-0.647013,-0.7052734532000006
-0.7231322,-0.49874651739999953
-0.7436258,-0.6960122958666651
-0.7436258,-0.6123592564000001
-0.6235917,-0.5572704439333338
-0.66750664,-0.685072600733334
-0.45671508,-0.5446912790000008
-0.80803436,-0.5927634536000013
-0.63969386,-0.5841769532666654
-0.8528032,-1.168265290733334
-0.84682584,-0.23337358637333358
-0.68214494,-0.5573289833333345
-0.7001988,-0.6086118595999993
-0.6909279,-0.49753885586666713
-0.55332786,-0.44777003193333303
-0.3235065,-0.5315558221333337
-0.35912636,-0.6155308847999995
-0.47281718,-0.41315388420000126
-0.71142155,-0.6803883611999988
-0.90903866,-0.537577048466668
-0.7758301,-0.6492380539333343
-0.655796,-0.5573436377333335
-0.45525125,-0.4891437727999992
-0.5020938,-0.552839919599999
-0.63530236,-0.7277592325333343
-0.6616513,-0.5794523383333322
-0.76997477,-0.4275237974666657
-0.74069816,-0.5739922777999996
-0.3901108,-0.7016090306666674
-0.5504002,-0.5482467414666665
-0.5591832,-0.6528000198000008
-0.58260447,-0.599799600666666
-0.82267267,-0.4084037906666663
-0.4874555,-0.7250644538666677
-0.3381448,-0.7353502927333322
-0.84023863,-0.6636217802666674
-0.47281718,-0.554798514466668
-0.2371405,-0.5398508686666667
-0.6792173,-0.6665405059999991
-0.49477464,-0.7308319382666659
-0.63530236,-0.6421238250000005
-0.60602576,-0.629905717666668
-0.79412794,-0.19019709760666625
-0.4289023,-0.5496910427333332
-0.72787917,-0.5302335022666671
-0.3813278,-0.6580210247333343
-0.87976205,-0.7005169750344455
-0.7582641,-0.34716200566666633
-0.7714386,-0.5559237276666655
-0.41133633,-0.5841707809999998
-0.6887268,-0.6979286456666659
-0.54893637,-0.7523600182666687
-0.59138745,-0.6146037863333342
-0.5079491,-0.6083093440666674
-0.7524088,-0.6318525996000005
-0.50062996,-0.7934351073333352
-0.67336196,-0.6225718791333338
-0.6245432,-0.5610240299999995
-0.3659576,-0.5973208498666664
-0.6279832,-0.5525042131999994
-0.7055662,-0.4640634958000005
-0.58260447,-0.47326611013333386
-0.4581789,-0.8309676899999991
-0.6309109,-0.5009520253333333
-0.5855321,-0.5478238593333334
-0.7904684,-0.732130576933334
0.99971545,-1.106930451533333
-0.5902896,-0.8651682293333312
-0.4933108,-0.7618553848000021
-0.3864512,-0.6821937456666671
-0.43036613,-0.6605583240666663
-0.655796,-0.5645407953333342
-0.8051067,-0.5458476820666669
-0.733379,-0.5008483011999997
-0.6192002,-0.6736352200000016
-1.0383784,-0.4884945770866666
-0.76411945,-0.6827148450000012
-0.63823,-0.630379015733332
-0.7187407,-0.5158489140666661
-0.5460087,-0.49591155200000014
-0.7231322,-0.5635015037333329
-0.68214494,-0.6311206953333329
-0.48160017,-0.6396597072666653
-0.51367486,-0.1821645740666663
-0.6118811,-0.7218049683333334
-0.43036613,-0.629359207733335
-0.48891932,-0.741791158666666
-0.80217904,-0.6200004601333349
-0.8585365,-0.41571806280000023
-0.6836088,-0.5108963094000004
-0.63823,-0.6175119509999996
-0.42670655,-0.7000231810666674
-0.9910131,-0.7177677574666664
-0.7392343,-0.7407079029333348
-0.65945554,-0.6751039056666688
-0.414264,-0.6046253754000008
-0.6660428,-0.6146428398000008
-0.72020453,-0.6234550864000016
-0.6990766,-0.5141548265333333
-0.6221279,-0.6264868477333329
-0.65433216,-0.7016685847333332
-0.6177364,-0.5291551551999989
-0.6192002,-0.4839862155333332
-0.8618301,-0.30205611560000034
-0.6762896,-0.769623414533334
-0.6221279,-0.759293667599999
-0.6133449,-0.5468918876666656
-0.76997477,-0.671053992666668
-0.62944704,-0.6871800913333337
-0.7619237,-0.6763384093333331
-0.6828768,-0.6192246284666663
-0.7874123,-0.49394514740000073
-0.12883611,0.02239618726666656
-0.67775345,-0.5402412289333335
-0.79778755,-0.6355951250666667
-0.5752853,-0.4725000330000006
-0.85634077,-0.5817066385333332
-0.9849138,-0.6071078153333326
-0.7377705,-0.5708742925999997
-0.46696186,-0.41939958446666786
-0.61627257,-0.7400248056000013
-0.6265194,-0.5608519521066666
-0.46659592,-0.8063893401333349
-0.61480874,-0.5094422127333346
-0.83052856,-0.5372582010666666
-0.6850726,-0.7459386589333344
-1.0378557,-0.5301212791333335
-0.6687265,-0.37246707120000105
-0.6997109,-0.7589472354666673
-0.9304112,-0.836209500533335
-0.948562,-0.5719575481333329
-0.48891932,-0.5554065207999987
-0.44646826,-0.7170426706000017
-0.73045135,-0.5157952434666655
-0.4428087,-0.648793976600001
-0.6894641,-0.5387773813999991
-0.55954915,-0.5331855756000003
-0.61627257,-0.5148974540666662
-0.6074896,-0.647940100466666
-0.6982471,-0.6099585940666675
-0.51965976,-0.5348357760666671
-0.6514045,-0.6410308170000011
-0.7187407,-0.6444952153333331
-0.12808515,-0.3983375094666663
-0.87390673,-0.6621099875999996
-0.63530236,-0.675987096066667
-0.68214494,-0.5277274099999993
-0.53283423,-0.45557816379999955
-1.2389704,-0.4771227476000001
-0.5357619,-0.5543915763333331
-0.7714386,-0.5634331817333346
-0.54893637,-0.6392790915333335
-0.5299066,-0.4990744157333334
-0.7436258,-0.6390692918666665
-0.64408535,-0.5743256985999994
-0.7963237,-0.3388279321999996
-0.2517788,-0.6510287840666655
-0.6309109,-0.6353901987333337
-0.54747254,-0.559202703000001
-0.4596427,-0.6975200555333342
-0.5752853,-0.6185912609777788
-0.5599151,-0.6347168536666676
-0.4479321,-0.8615056346666675
-0.6773875,-0.6019563177333326
-0.4786725,-0.5132937537999995
-0.5269789,-0.4391393406666658
-0.7904684,-0.5727236124666656
-0.3189026,-0.15544245948666616
-0.7568003,-0.6843894696000018
-0.41572782,-0.5107791946666659
-0.48160017,-0.5382260030666669
-0.6042482,-0.35178628853333305
-0.70117474,-0.44275011913333323
-0.5884598,-0.6094559936000006
-0.48599166,-0.7812852951999997
-0.6192002,-0.7070690933333346
-0.62578744,-0.6875025411999978
-0.5167321,-0.6116273299999988
-0.8153535,-0.5779007122666662
-0.76411945,-0.6835768574666666
-0.7816854,-0.6093925664000011
-0.49623847,-0.5059680740000007
-0.34985545,-0.5479312142666672
-0.93538755,-0.5517013771333337
-0.66531086,-0.670195214400001
-0.62197936,-0.6817253095333351
-0.3762044,-0.9119564894000008
-0.6199321,-0.6667880572000013
-0.56650233,-0.5769638594000008
-0.8856174,-0.677216734200002
-0.7187407,-0.5800281213333325
-0.37474057,-0.6633688784666658
-0.41280016,-0.6976810460666667
-0.62505555,-0.5535864734
-0.7583965,-0.9953993893333349
-0.5211236,-0.6155489553733325
-0.68743914,-0.8589463434666681
-1.1346877,-0.393084371999999
-0.66311514,-0.5861215598000004
-0.31179586,-0.560593336666665
-1.0254376,-0.5993920219999987
-0.84609395,-0.7385089136000008
-0.5943151,-0.8283083633333326
-0.77875775,-0.5567629877333341
-0.40840867,-0.6093746732666672
-0.67775345,-0.4983512856666662
-0.66897047,-0.6889712618000005
-0.5372257,-0.6184585565333338
-0.724596,-0.6453832761333339
-0.44061294,-0.5820091930000001
-0.62725127,-0.4928765648666664
-0.80803436,-0.4405738963999996
-0.5211236,-0.6900008303333339
-0.6089534,-0.4774770396666677
-0.48599166,-0.6007071653333343
-0.9236769,-0.5421246781333328
-0.38096184,-0.6612804734666655
-0.41133633,-0.5642578046666661
-0.7055662,-0.46768403600000036
-0.65286833,-0.5417804848
-0.4684257,-0.6539320411999995
-0.8578046,-0.5265690491333342
-0.7465535,-0.6192569716666666
-0.5460087,0.20229812586666626
-0.5064853,-0.8119671599999984
-0.45085976,-0.6538247019999982
-0.7772939,-0.7793823200000003
-0.40401718,-0.5122332628666665
-0.5547917,-0.7310361711333339
-0.5416172,-0.6423092377333339
-0.78314924,-0.8030085302666682
-0.7005404,-0.5477018881333315
-0.7143492,-0.6745135230000002
-0.6331066,-0.7453238696000016
-0.46988952,-0.6727471487333333
-0.42597464,-0.6118501639333341
-0.7319152,-0.6324527830000015
-0.43475762,-0.6948802643999998
-0.6601875,-0.7281872987333339
-0.54747254,-0.5431135930000001
-0.7846131,-0.6322543345333338
-0.750945,-0.6951730204000014
-0.5562555,-0.5362555366666676
-0.79778755,-0.5660866183333336
-0.704782,-0.6944217102000004
-0.6426215,-0.7645781193999988
-0.63823,-0.5463697858666671
-0.47574484,-0.571864826066667
-0.35424694,-0.4396224130666661
-0.58114064,-0.4512257114666674
-0.35424694,-0.6459980686666665
-0.60163426,-0.6729325688666665
-0.5313704,-0.6169556870666676
-0.12881707,-0.6609194108000009
-0.5884598,-0.6102765577999993
-0.5650385,-0.6774769526000013
-0.72605985,-0.7102358486666651
-0.49916613,-0.44828340953333395
-0.5547917,-0.5278084204666669
-0.79339606,-0.699227849866667
-0.5255151,-0.8327047789333328
-0.84609395,-0.6492185137333324
-0.6265194,-0.6060491946666663
-0.4523236,-0.6348144123999999
-0.551864,-0.5464917693333324
-0.45085976,-0.6354487511999997
-0.4384172,-0.20221173016666671
-0.54747254,-0.5622572260666656
-0.6762896,-0.7983145347333339
-0.42304698,-0.7218851655333341
-0.6850726,-0.48877295093333356
-0.54308105,-0.6942849855333322
-0.33521715,-0.5292673737999991
-0.5225874,-0.7571798681333352
-0.51526827,-0.5970866225333329
-0.7524088,-0.16845759520000006
-0.59138745,-0.6899422786666675
-0.4933108,-0.5269398653333339
-0.414264,-0.5190352082666669
-0.77875775,-0.6413528902666675
-0.7231322,-0.6390888083999997
-0.5460087,-0.6795978823999992
-0.5547917,-0.7975338143333349
-0.5987066,-0.7004330573333352
-0.6265194,-0.6561863434666662
-0.7055662,0.06017806639999999
-0.8680514,-0.6624515273333327
-0.6045619,-0.700491611199999
-0.74508965,-0.6316680328666677
-0.6389619,-1.0444467852666683
-0.8431663,-0.6133644095333343
-0.8138897,-0.49644828486666737
-0.7721705,-0.6770703475333348
-1.0466387,-0.44228818225333355
-0.72020453,-0.7139198068000002
-0.6367662,-0.4879266041333339
-0.49623847,-0.538296969158666
-0.53868955,-0.6810421841333335
-0.66970235,-0.6636616198133347
-0.85634077,-0.46744006413333333
-0.55771935,-0.5810918521333345
-0.54674065,-0.47883842079999983
-0.65067255,-0.5694007165999992
-0.655796,-0.6736766786666676
-0.7187407,-0.5500440096666664
-0.7319152,-0.4743298130666672
-0.78314924,-0.44706354900000045
-0.6192002,-0.4203632811999995
-0.7055662,-0.8018179521333317
-0.5108768,-0.6676335095999989
-0.49916613,-0.7007648703333317
-0.56943,-0.6331261266666672
-3.9603772,0.03642524413333331
-0.6089534,-0.4728594728666668
-0.6601875,-0.7965115582000014
-0.67263,-0.439881025533334
-0.74069816,-0.6193364286000013
-0.54893637,-0.5986822024666654
-0.8914727,-0.5296188205333329
-0.810962,-0.5126655693333325
-0.7860769,-0.6607027569333339
-1.0962462,-0.7038389049333327
-0.9822301,-0.5979942172666658
-0.4596427,-0.5404624266666667
-0.5301018,-0.5415586630666661
-0.89440036,-0.7060151374666662
-0.49477464,-0.47594980786666763
-0.8958642,-0.5864689761333336
-0.64994067,-0.5642756852666664
-0.5972428,-0.5461648555999995
-0.8345301,-0.6868154235333327
-0.5730896,-0.8426350506666682
-0.57674915,-0.6411316653333329
-0.44646826,-0.34515167786666634
-0.73484284,-0.7772061008000012
-0.57674915,-0.5465552062666674
-0.44061294,-0.755185199999998
-0.81681734,-0.6152609183999993
-0.60017043,-0.6881431716666665
-0.53283423,-0.620904784000001
-0.6309109,-0.6391668871333318
-0.664579,-0.7147395632666658
-0.5225874,-0.5532400225333338
-0.11564259,-0.47867252673333327
-0.7084939,-0.4704067591333334
-0.50941294,-0.6248994167333338
-0.72166836,-0.7147200626000019
-0.5672343,-0.6231037808666676
-0.61480874,-0.800866428133332
-0.5299066,-0.6599337415333335
-0.6997109,-0.49182748726666603
-0.6265194,-0.9592018869333317
-0.6748258,-0.5298382744666664
-0.810962,-0.6037344495333327
-0.52405125,-0.6322185739999984
-0.7626556,-0.7222343815333331
-0.75972795,-0.49834681373333345
-0.49477464,-0.6395954606666663
-0.8343833,-0.5695422285999999
-0.47281718,-0.6555471516666674
-0.54308105,-0.6148477826666661
-0.580988,-0.5272911940000014
-0.62944704,-0.647013127733332
-0.62505555,-0.5361425101333326
-0.43475762,-0.7265770734666653
-0.82706416,-0.8550525865333322
-0.42524272,-0.8981771685466676
-0.7436258,-0.5450133015333339
-0.52844274,-0.49550169546666656
-0.997454,-0.597320843133334
-0.5460087,-0.6837454090666683
-0.81681734,-0.5306537874666664
-0.2795916,-0.6505949989811893
-0.7568003,-0.611129653733334
-0.5020938,-0.6208006717333345
-0.6762896,-0.7041414229999987
-0.6192002,-0.6132082837333337
-0.86512375,-0.814631535933334
-0.6748258,-0.7892794381333317
-0.7187407,-0.5175323174666657
-0.63969386,-0.47641822319999877
-0.46013066,-0.9436311401333352
-0.69239175,-0.6571719765333343
-0.72605985,-0.7045024940000004
-0.68214494,-0.5608714622666661
-0.4977023,-0.6383276133333345
-0.6514045,-0.6730399226666655
-0.8512173,-0.8325974355333318
-0.5357619,-0.6448563039333325
-0.5999265,-0.6530073857333338
-0.8431663,-0.4161887085333323
-0.44939592,-0.631335381933332
-0.6367662,-0.7077637420000016
-0.44646826,-0.597291551666666
-0.551864,-0.47405657119999933
-0.5079491,-0.6694925722000016
-0.9280684,-0.4275345267333328
-0.7231322,-0.6264086059999988
-0.6792173,-0.4781748258000013
-0.9273365,-0.5356594339333326
-0.4596427,-0.666330684933332
-0.7041024,-0.6371272628000003
-0.6836088,-0.48291764053333414
-0.5085258,-0.6704131494666663
-0.72166836,-0.7299829066000011
-0.18688233,-1.1014440569333352
-0.8765904,-0.5529521563333334
-0.62505555,-0.5817066730666665
-0.46110654,-0.6746501343333339
-0.83145565,-0.5151901996666671
-0.6367662,-0.6566450147333321
-0.67775345,-0.4744143946000003
-1.0131567,-1.019665263066666
-0.56796616,-0.5293979884000007
-0.14961329,-0.5399418203999993
-0.560647,-0.5849465946000009
-0.5884598,-0.7725901468666649
-0.6067577,-0.6923917551333322
-0.6616513,-0.622547519733333
-0.6660428,-0.7818805704000009
-0.56650233,-0.5675503576666668
-0.5255151,-0.466020147866667
-0.6045619,-0.732832505333333
-0.7238641,-0.7340800192666654
-0.5899236,-0.5908799911999996
-0.2891065,-0.7042829280666668
-0.71361727,-0.6061916474666671
-0.8654653,-0.2670877543999999
-0.52844274,-0.5624963162666672
-0.55771935,-0.6482719033333318
-0.62066406,-0.5256517138666665
-0.5972428,-0.7043171018666651
-0.6909279,-0.5177275025333334
-0.68214494,-0.5353325024666662
-0.5181959,-0.4723097348
-0.58040875,-0.5339467444666677
-0.7041024,-0.6169898481333326
-0.5899236,-0.46606243826666693
-0.4596427,-0.8486566550666672
-0.7860769,-0.5147510748666665
-0.23128518,-0.38623001733333434
-0.6953194,-0.5679680742666674
-0.7055662,-0.7293339538666647
-0.3908427,-0.6371467987333317
-0.46110654,-0.32784380081999936
-0.42597464,-0.5913386568666662
-0.6323747,-0.5482727479999991
-0.71142155,-0.7842422166666678
-0.5108768,-0.6471008465333343
-0.74069816,-0.5766869626666655
-0.7816854,-0.5959435892666669
-0.2701743,-0.7933086549333337
-0.5313704,-0.5582072894000008
-0.80364287,-0.690810821733332
-0.5416172,-0.5969506875999998
-0.5884598,-0.759674268666668
-0.5181959,-0.7898828556666655
-0.8665876,-0.22650660137333337
-0.5738215,-0.5364694060666662
-0.7626556,-1.0648136017999994
-0.44915193,-0.8182339490000022
-0.35863844,-0.5371086231333324
-0.5796768,-0.7186593917333344
-0.4091406,-0.6043833254000012
-0.19615327,-0.6113345665333323
-0.6235917,-0.6492721710000008
-0.8475578,-0.3720666338666661
-0.5035576,-0.7037510934000011
-0.5547917,-0.6272971790000007
-0.5584513,-0.47840833100000024
-0.7055662,-0.7100845785333328
-0.41572782,-0.4945957303333326
-0.4245108,-0.6082507778666667
-0.64994067,-0.5299748973333336
-0.14003977,-0.6196491349999995
-0.66848254,-0.48443513326666676
-0.6323747,-0.6156577648000013
-0.6894641,-0.6583576934000003
-0.50502145,-0.3915453492666674
-0.45354342,-0.6759057580000013
-0.47281718,-0.8397032913333317
-0.78900456,-0.5959741045333341
-0.6192002,-0.6625588912000008
-0.49111506,-0.5554796928000011
-0.6616513,-0.6945387032000009
-0.69239175,-0.5370468334000004
-0.3527831,-0.7022238173333326
-0.74948114,-0.6101635249333336
-0.9017195,-0.4285210391333331
-0.6426215,-0.5724015874000006
-0.5299066,-0.5836779437333338
0.5634879,-0.610360960866667
-0.86278915,-0.622108371066666
-0.36742142,-0.32256167003333347
-0.53868955,-0.7303098250666681
-0.6514045,-0.600121645999999
-0.28178734,-0.5747778760000005
-0.64408535,-0.5826776514000003
-0.4523236,-0.7189358782000005
-0.33960864,-0.6284418719999991
-0.7172769,-0.6291542784666656
-0.6748258,-0.5531961174000005
-0.5504002,-0.7547509249333325
-0.7187407,-0.6325015742666662
-0.7231322,-0.803281792066665
-0.79339606,-0.6567231019333342
-0.8329195,-0.5508881396000014
-0.58260447,-0.6504822746666673
-0.71581304,-0.7565075306666655
-0.69678324,-0.8924265977333337
-0.67994916,-0.5499342154666665
-0.60163426,-0.4822455493999998
-0.45525125,-0.5763880701666657
-0.58114064,-0.5286379329999996
-0.45085976,-0.6130423933333325
-0.3659576,-0.5752072612000008
-0.56650233,-0.5279938208000007
-0.95441735,-0.7369214845333321
-0.64042574,-0.735101449733333
-0.6850726,-0.6676237251333321
-0.75972795,-0.6646180113333333
-0.76411945,-0.5551220522666676
-0.63383853,-0.6739182280666673
-0.42011932,-0.6336531273333319
-0.724596,-0.6495958587333327
-0.5987066,-0.42993672999999993
-0.64847684,-0.4880898237333341
-0.16687666,-0.548793241799999
-0.7392343,-0.7171109656666657
-0.6133449,-0.5371183887333326
-0.750945,-0.3245214189333342
-0.59138745,-0.7177355294666674
-0.53283423,-0.5752853077333346
-0.5928513,-0.7323543088666674
-0.96466416,-0.5752267655999992
-0.68800026,-0.6780169387999984
-0.6265194,-0.585107628133333
-0.5650385,-0.4764182286000013
-0.7055662,-0.4735930180666674
-0.7480173,-0.15444776543466665
-0.966128,-0.5445644055999991
-0.67336196,-0.48575014799999994
-0.7992514,-0.7449237700666677
-0.38498738,-0.5823751200000008
-0.70263857,-0.5252613530666662
-0.8094982,-0.6420359814000005
-0.560647,-0.5549770930000001
-0.13101281,-0.6896300008666666
-0.4874555,-0.6567791676666658
-0.7524088,-0.4631786805333338
-1.0100429,-0.8407070194000016
-0.6045619,-0.6294080094000003
-0.94783014,-0.6308815907999998
-0.54893637,-0.587552206600001
-0.46549803,-0.5379478850666654
-0.84170246,-0.7016431724000013
-0.59577894,-0.48239629293333297
-0.88415354,-0.5125162871333339
-0.6718981,-0.543315258
-0.20756254,-0.5887184063333323
-0.65872365,-0.6035909385333329
-0.8263322,-0.4393963156000006
-0.7187407,-0.6521364130000006
-0.36742142,-0.7114215524000005
-0.4391491,-0.4703579642666674
-0.34839162,-0.6268609449333348
-0.63969386,-0.6385325465999998
-0.8515215,-0.6703009325333333
-0.724596,-0.4726415500666679
-0.53429806,-0.7005111376
-0.742162,-0.7145077509333332
-0.65286833,-0.758576422533335
-0.8636599,-0.6054024946666666
-0.27666393,-0.7672129982666671
-0.87171096,-0.5389730099333334
-0.5635747,-0.6197369762666661
-0.7128854,-0.5491510773333338
-0.31472352,-0.5815176403333331
-0.8066122,-0.3476573455999995
-0.6118811,-0.6594409321999996
-0.89879185,-0.4911109779999997
-0.6455492,-0.661934326399998
-0.71581304,-0.6423580478000008
-0.50502145,-0.6660648958666655
-0.7729024,-0.05714584733333323
-0.63969386,-0.5683272482000009
-0.83145565,-0.561369170466667
-0.5225874,-0.5236608922666672
-0.84023863,-0.5957691947333325
-0.6514045,-0.48273221160000085
-0.66970235,-0.6482328801333351
-0.3554668,-0.6593872660000005
-0.59138745,-0.5963325480000011
-0.7143492,-0.5583927160666662
-0.7231322,-0.5039255477333319
-0.7377705,-0.6070406916000008
-0.6455492,-0.48668455173333264
-0.6982471,-0.6183219417333321
-0.742162,-0.4701139995999992
-0.63823,-0.6869755737999996
-0.37254483,-0.6309147786000011
-0.3908427,-0.5173566758666668
-0.6089534,-0.46248744526666635
-0.4479321,-0.7789724562666686
-0.78754073,-0.5610080724666671
-0.4977023,-0.6325405793333346
-0.5843611,-0.5740264255333336
-0.41719165,-0.4850011316666673
-0.6455492,-0.7020286550666672
-0.76411945,-0.6132131536000006
-0.7319152,-0.5638674605999999
-0.5752853,-0.8135286043333326
-0.68214494,-0.6734010009333327
-0.42304698,-0.728606931600001
-0.5576218,-0.6497975464666675
-0.45891082,-0.08018923893333339
-0.7392343,-0.439881025533334
-0.483064,-0.7472073200666652
-0.80364287,-0.7038535381333333
-0.7392343,-0.6941727574666674
-0.62066406,-0.7315882301999993
-0.39669803,-0.822577501600001
-0.9032809,0.39146555066666644
-0.6997109,-0.6304082705333327
-0.6982471,-0.7025409808000015
-0.5460087,-0.6668040034000003
-0.5460087,-0.6255955117333317
-0.7729024,-0.39261374453333286
-0.7772939,-0.6831598677333339
-0.810962,-0.6146233263999997
-0.7992514,-0.7002619449377783
-0.6836088,-0.5259327611333338
-0.72679174,-0.6306864028000011
-0.7780258,-0.7653100089333347
-0.44939592,-0.5687371294666677
-0.58114064,-0.5997410523999993
-0.7099577,-0.564501768133334
-1.598722,-0.8263280459333342
-0.42743847,-0.6177949542666679
-0.5504002,-0.5046701544000012
-0.4684867,-0.6687655379999995
-0.5372257,-0.6360245157333341
-0.6323747,-0.48773850080000036
-0.578213,-0.5795401762666669
-0.54893637,-0.5797646478666661
-1.164843,-0.24215242233333303
-0.7465535,-0.7329398627999989
-0.5225874,-0.610696825999999
-0.5650385,-0.5198012791333327
-0.23860434,-0.4277995370666677
-0.7187407,-0.5420173299333333
-0.9214812,-0.6229281336666653
-0.92953223,-0.7345826265333337
-1.0078472,-0.6372790072666672
-0.53868955,-0.5865005392666676
-0.58699596,-0.463370620666668
-0.35571077,-0.5645407934666654
-0.4977023,-0.6717029482666657
-1.1725281,-0.4628387556666665
-0.6045619,-0.4695382244000001
-0.9822301,-0.6135124359333327
-0.560647,-0.44543869693333354
-0.2752001,-0.6958854168000009
-0.71581304,-0.5973842674666665
-0.5225874,-0.5187106849999998
-0.65433216,-0.6286858362666663
-0.6982471,-0.4668447734666661
-0.3322895,-0.6641203055333345
-0.578213,-0.6351541404666681
-0.51965976,-0.5073850052533341
-0.414264,-0.5559725192666672
-0.6177364,-0.6952380776000002
-0.6660428,-0.7283629528666676
-0.77702206,-0.5571240580666674
-0.6279832,-0.5277088750000003
-0.7055662,-0.5956244223333339
-0.9383152,-0.6991156222666662
-0.62066406,-0.4336499688666665
-0.68214494,-0.6063087451999996
-0.2942299,-0.8544768475333318
-0.9675918,-0.6692632321999994
-0.742162,-0.5987212439333339
-0.7377705,-0.5557212193333333
-0.5020938,-0.5963710003333331
-0.3564427,-0.6396938422666668
-0.5752853,-0.6805347143333341
-0.7143492,-0.6175997994000005
-0.3037448,-0.694499608733332
-0.5064853,-0.7739173626666646
-0.7655833,-0.6422848392666671
-0.6660428,-0.6342239998666676
-0.56943,-0.7284898133333315
-0.5504002,-0.6829354095333319
-0.7729024,-0.6781389242666673
-0.38791505,-0.5579584622000012
-0.6030981,-0.5850734560000007
-0.49916613,-0.5004347826666667
-0.70703006,-0.833407424266669
-0.75972795,-0.6239430351333345
-0.42011932,-0.7110078335333325
-0.6718981,-0.4901408158000007
-0.41719165,-0.6256898845999994
-0.5987066,-0.5827410884000009
-1.0239493,-0.8718012649466687
-0.9236769,-0.7664648319999995
-0.6704343,-0.620039502000001
-0.6030981,-0.6729618186666652
-0.4479321,-0.4577251094666674
-0.79778755,-0.6035665223333327
-0.66897047,-0.535225150199999
-0.53283423,-0.4157375724666664
-0.4391491,-0.4779593039333329
-0.50941294,-0.7639730695333353
-0.6455492,-0.5363083974666669
-0.48891932,-0.6070113952666679
-0.73484284,-0.679305089466668
-0.5108768,-0.6537271121333328
-0.66311514,-0.5383601940666652
-0.750945,-0.45196250200000015
-0.6938556,-0.5390449483333327
-0.30667245,-0.6330285458000016
-0.60017043,-0.679851601866667
-0.6748258,-0.695133998200001
-0.33082566,-0.49802435313333415
-0.6323747,-0.6551079886666658
0.0029276607,-0.6489355020000006
-0.414264,-0.700296429866667
-0.6718981,-0.7366775153333325
-0.6433534,-0.2605520383333337
-0.4977023,-0.2133777453333334
-0.5752853,-0.6105245981999998
-0.56211084,-0.5711637951333335
-0.6997109,-0.7686231670666683
-0.44207677,-0.4814342763333327
-0.6192002,-0.7444846152
-0.6616513,-0.6040447106666663
-0.7655833,-0.5956423256666667
-0.85634077,-0.5997800963333335
-0.6850726,-0.7126934413999994
-0.6184683,-0.47294667480000024
-0.63383853,-0.3266651187999995
-0.9976004,-0.8340710324666666
-0.8256003,-0.7372776831333328
-0.6221279,-0.6203517868000015
-0.2510469,-0.5904798715333321
-0.6323747,-0.5644334501333339
-0.6953194,-0.6513849826666651
-0.6894641,-0.40724945160000076
-0.7748542,-0.4577251121333343
-0.40401718,-0.6499553314666663
-0.6806811,-0.5117160601999999
-0.61627257,-0.5815895594666677
-0.65872365,-0.6115102389333328
-0.53868955,-0.6321112126000007
-0.7084207,-0.6667844855333321
-0.6616513,-0.7131781459999987
-0.7465535,-0.34819156160000053
-0.9339237,-0.5648433241333326
-0.74508965,-0.6965002351333323
-0.6953194,-0.6258118830000001
-0.6836088,-0.7407518342666645
-0.56650233,-0.6201322054666666
-0.647013,-0.5150926146
-0.41133633,-0.6909669610666669
-0.5635747,-0.577129756666666
-0.5591832,-0.5724747613333329
-0.64847684,-0.5951202466666667
-0.6792173,-0.15181610918888896
-0.7904684,-0.5361815151333338
-0.4874555,-0.42159777886666544
-0.5372257,-0.5751389533333332
-0.36302993,-0.544984025866666
-0.474281,-0.7200776566666675
-0.28398308,-0.7137148854666672
-0.4523236,-0.6059379102666652
-0.7172769,-0.6395425761333328
-0.5928513,-0.6033127874666672
-0.46110654,-0.5387188266666673
-0.56211084,-0.7093721782666675
-0.47281718,-0.5651458600666665
-0.44646826,-0.5541720058666674
-0.6828768,-0.9478603416666668
0.19863081,-0.012897838359999969
-0.62505555,-0.4940817686000001
-0.7084939,-0.5313946408666674
-0.36742142,-0.6874147172666671
-0.39816186,-0.6195320337333343
-0.87610245,-0.6790220930000002
-0.80364287,-0.8339246423333347
-0.2942299,-0.5940613796666676
-0.62944704,-0.5274131967333335
-0.67336196,-0.4642977160000002
-0.77948964,-0.8085613300666665
-0.75606835,-0.5006687569999994
-0.7231322,-0.44242808066666695
-0.7846131,-0.5810333028000013
-0.59577894,-0.6193075837333346
-0.49550655,-0.6531757125333338
-0.45085976,-0.7686475698666645
-0.61480874,-0.7180966197333322
-0.39669803,-0.8319825749333355
-0.42304698,-0.645710197933333
-0.5562555,-0.209729800666667
-0.560647,-0.5869373993333331
-0.5796768,-0.566707268399999
-0.724596,-0.6707563387999991
-0.5020938,-0.6513019939999989
-0.5840683,-0.6112272265333342
-0.65433216,-0.6368881722666663
-0.5211236,-0.5860981444000007
-0.5899236,-0.5261786871999992
-0.7341109,-0.4923544522666663
-0.96320033,-0.633365251666668
-0.7392343,-0.6604607383999992
-0.6228598,-0.8616954438666677
-0.4296342,-0.5015180183333324
-0.6792173,-0.4926862665333333
-0.76851094,-0.5884675934000014
-0.7187407,-0.6138084522666666
-0.80217904,-0.506231565
-0.91782165,-0.6512711212666676
-0.3527831,-0.34883351526666595
-0.6221279,-0.5144924586000005
-0.4479321,-0.6533611542666669
-0.73118323,-0.3935361456666674
-0.75265276,-0.6669520263333341
-0.5460087,-0.4600135642666665
-0.74948114,-0.5954173915333327
0.089453064,-0.35663577790666756
-0.79412794,-0.5564653312666663
-0.8680514,-0.5638576972000006
-0.57235765,-0.6513947394666662
-0.60602576,-0.6627443093999991
-0.7714386,-0.4387099561333345
-0.6997109,-0.5572021482666673
-0.70263857,-0.7434599204666646
-0.59577894,-0.5859712857333329
-0.828528,-0.5418172798666667
-0.7568003,-0.7232883549333347
-0.647013,-0.6296910130000006
-0.7802216,-0.46674718613333305
-0.46988952,-0.4672302523999996
-0.52405125,-0.5697617916000011
-0.5123406,-0.5660339135999993
-0.27300435,-0.5760269911999998
-0.87976205,-0.6921234064000006
-0.7490566,-0.415317939599999
-0.6837839,-0.6339187101333346
-0.4786725,-0.5994970789999989
-0.6118811,-0.8891500815333331
-0.819745,-0.6336140918666657
-0.6192002,-0.7338067937999984
-0.6762896,-0.6931822230666661
-0.7055662,-0.38946182173333305
-1.4127337,-0.8862996854666642
0.7454049,-0.6273508333333327
-0.66311514,-0.6198248145333319
-0.48891932,-0.528101178066666
-0.45085976,-0.5393444645333336
-0.7824173,-0.5189464101333326
-0.6836088,-0.6273976656666649
-0.4289023,-0.7015919373999989
-0.5635747,-0.6777534374000008
-0.5720405,-0.5966913945333335
-0.50941294,-0.623904001333333
-0.6755577,-0.6067479150666657
-0.90537906,-0.8279912554666677
-0.6718981,-0.6063770628000008
-0.38352355,-0.6932798041333335
-0.76997477,-0.652326453666667
-0.5635747,-0.7232444321333318
-0.7436258,-0.6878050852666653
-0.5635747,-0.39853757520000016
-0.48848018,-0.8066909878666653
-0.68800026,-0.5841268371333332
-0.64408535,-0.8195888265333326
-0.5452036,-0.7403670213333351
-0.9017195,-0.6471789131333319
-0.58260447,-0.5749535139333345
-0.49916613,-0.5593686084000008
-0.74069816,-0.5716062169333342
-0.6235917,-0.6842186816666659
-0.2942299,-0.5774908071333338
-0.60017043,-0.46855582253333294
-0.58040875,-0.6837844104000003
-0.414264,-0.753979980266666
-0.008375104,-0.6698741244000003
-0.47720867,-0.5801011895333332
-0.58260447,-0.6606066967999997
-0.30594054,-0.8127673891999981
-0.5460087,-0.6646179978000004
-0.9939408,-0.49921981720000036
-0.7084939,-0.5317266151333336
-0.5211236,-0.7549460894666685
-0.47062144,-0.5603835243999999
-0.414264,-0.5194645737333335
-0.61480874,-0.6859704136666662
-0.6909279,-0.7681400991999991
-0.52844274,-0.6766507098000012
-0.6660428,-0.6592994253333325
-0.810962,-0.6965587907333323
-0.42158315,-0.6456565296666649
-0.31179586,-0.727085478133334
-0.49184698,-0.731319885600001
-0.4581789,-0.6631346618666673
-0.7816854,-0.3448589083999995
-0.7436258,-0.6014976417333325
-0.7816854,-0.48845469673333386
-0.5357619,-0.6263827694666679
-0.3564427,-0.8279912554666677
-0.58114064,-0.6107653017333337
-0.60017043,-0.5929195958666664
-0.68800026,-0.7156300458666676
-0.83731097,-0.6280344538666665
-0.53283423,-0.4759351633333345
-0.6323747,-0.594237055266666
-0.83901876,-0.6146623508666674
-0.6309109,-0.6264958068666654
-0.64481723,-0.6338873087333351
-0.405481,-0.5525520350666666
-0.5591832,-0.657684318800001
-0.70117474,-0.3914770174666658
-0.75533646,-0.7446114664000008
-0.7802216,-0.6112688310666675
-0.8592684,-0.5215432192000008
-1.2870475,-0.8104392219999977
-0.48452783,-0.6913377837333343
-0.5584513,-0.4770330440000009
-0.57674915,-0.7261769626666662
-0.41133633,-0.5197963763333343
-0.42158315,-0.759269285133332
-0.7128854,-0.5308109143999996
-0.5708938,-0.5722600605333329
-1.31086,-0.6697481750666656
-0.7963237,-0.6542833623333336
-0.5840683,-0.6243724286666679
-0.80217904,-0.6816960304666675
-0.73703855,-0.6232550427333328
-0.4933108,-0.7338083984666661
-0.5738215,-0.6188977248000004
-0.7664197,-0.5907092108000007
-0.44939592,-0.606064804400001
-0.4977023,-0.719579967333332
-0.5928513,-0.5358662979333345
-0.53429806,-0.6811104928000006
-0.44061294,-0.6285004481333352
-0.66311514,-0.5072790042666657
-0.58114064,-0.6694974450666655
-0.7524088,-0.7368580223999999
-0.6667747,-0.6020441490666671
-1.0312685,-0.5551674118666666
-0.7187407,-0.46366337246666633
-0.5372257,-0.4625370486666677
-0.33960864,-0.499380823933334
-0.7099577,-0.5167560288444444
-0.9119663,-0.474554283733333
-0.31252778,-0.7008675357333352
-0.32423842,-0.6378103880000007
-0.5167321,-0.9295468629999998
-0.5987066,-0.5604128013333325
-0.8299918,-0.591192291133333
-0.53429806,-0.6698780380000012
-0.72166836,-0.7536374552000007
-0.54356897,-0.5566946850666676
0.14285074,-1.1321572767999977
-0.5401534,-0.7369712400666659
-0.78754073,-0.7203464680666656
-0.828528,-0.6080003019333327
-0.7729024,-0.5368085486666675
-0.6074896,-0.7649977547333339
-0.6074896,-0.4564808645333337
-0.96905565,-0.597154959333334
-0.5020938,-0.6156016329333354
-0.83218753,-0.716834462133335
-0.82120883,-0.670834424000001
-0.6279832,-0.5500976880666671
-0.84609395,-0.5965206265333339
-0.4581789,-0.48154162853333343
-0.6616513,-0.5450523562666674
-0.4933108,-0.5857931996666673
-0.39230654,-0.5582853735333334
-0.5416172,-0.6555812876000008
-0.83584714,-0.6329797410000019
-0.7319152,-0.7237909003333344
-0.5708938,-0.5676441427333336
-0.7172769,-0.7301891184666665
-0.51965976,-0.7890143085333343
-0.21811073,-0.4699383361333336
-0.37034908,-0.6938002893333332
-0.23274902,-0.6630858571266675
-0.4534669,-0.47721844700000027
-0.7992514,-0.859951507200002
-0.54893637,-0.5744124419333329
-0.7055662,-0.5723609378666673
-0.76997477,-0.598579744666666
-0.56650233,-0.5002217361333346
-0.5416172,-0.5771817786666673
-0.6718981,-0.7935522103333337
-0.5650385,-0.5950860497333342
-0.7655833,-0.5728230107333336
-0.12116178,-0.7809027519333354
-0.647013,-0.6727081047333342
-0.53083366,-0.8904567784000004
-0.64994067,-0.4992588542000009
-0.62944704,-0.7256654832000021
-0.57235765,-0.7822123812666655
-0.7670471,-0.8381501983333337
-0.5416172,-0.6520583432000016
-0.5591832,-0.8577655617333317
-0.56796616,-0.648920879933332
-0.37229982,-0.5980186001333331
-0.46988952,-0.5974574576000006
-0.6045619,-0.5654483776666668
-0.33155757,-0.8670267159999988
-0.7436258,-0.5778762959999996
-0.7392343,-0.5629598618666667
-0.5708938,-0.6617228784666668
-0.55332786,-0.617102060666667
-0.647013,-0.5949055132000013
-0.5450328,-0.45328970326666584
-0.34690687,-0.5615057958666678
-0.3952342,-0.7412345269333346
-0.7626556,-0.6029960406666667
-0.9192854,-0.4912871603999994
-0.5313704,-0.5052263981333329
-0.48013633,-0.4787896303333331
-0.45525125,-0.6038495348666666
-0.319115,-0.8608883571333339
-0.5108768,-0.6523316063333345
-0.23384689,-0.7530724107999986
-0.65872365,-0.5738848968666661
-0.5547917,-0.458247191466666
-0.8578046,-0.5943639044000005
-0.56796616,-0.6809397296666673
-0.6850726,-0.7171646340000015
-0.60017043,-0.6008221498000006
-0.7729024,-0.6034982005333334
-0.7128854,-0.6928406583333324
-0.6616513,-0.7675643247333342
-0.6830605,0.09777250871999983
-0.6030981,-0.5532449234666673
-0.42743847,-0.37632150633333267
-0.7524088,-0.41098500479999944
-0.23128518,-0.5820677208000012
-0.40255335,-0.4958383567999997
-0.5416172,-0.6059507725333324
-0.74508965,-0.5123308495333337
-0.7816854,-0.7365148643999986
-0.5141948,-0.4334343976000005
-0.73630667,-0.5808381153333335
-0.66897047,-0.48773850080000036
-0.63969386,-0.6557520647333345
-0.48599166,-0.791854157866665
-0.819745,-0.4906076162666665
-0.2612937,-0.5034649140666668
-1.2535267,-0.6309853229999987
-0.45671508,-0.6940507611999998
-0.8343833,-0.7232102856000019
-0.4684257,-0.5296089506666669
-0.6997109,-0.5060461505999998
-0.64408535,-0.4850011316666673
-0.647013,-0.5981357094666675
-0.96027267,-0.6537173377999999
-0.47720867,-0.738151094799998
-0.7860769,-0.557033719933333
-0.5943151,-0.4935450461999995
-0.36376184,-0.5692543385999999
-0.5855321,-0.48201557913333415
-0.8713084,-0.6402452186000002
-0.5020938,-0.6890151823333329
-0.3544909,-0.5580158648000002
-0.7041024,-0.6054792786666672
-0.5884598,-0.6052908944000002
-0.62505555,-0.7199800818000021
-0.6514045,-0.6936506506666654
-0.5123406,-0.5954173915333327
-0.49038315,-0.5490925064666674
-0.4596427,-0.661334154133332
-0.62066406,-0.5968524140000007
-0.8665876,-0.5889555610666662
-0.36302993,-0.5961107265333327
-0.6474951,-0.7269157725333328
-0.72166836,-0.6675407817333331
-0.66750664,-0.6592994213999999
-0.49916613,-0.42671628853333393
-0.33375332,-0.8320671978666657
-1.2419754,-0.664435817133334
-0.6309109,-0.6133546548666671
-0.65433216,-0.6598166605333337
-0.5416172,-0.5612618318666653
-0.73630667,-0.7028727804666667
-0.66750664,-0.6585284913333332
-0.60163426,-0.5416562494666672
-0.67775345,-0.4696114108666658
-0.5460087,-0.5788375606666676
-0.6997109,-0.6804664026666686
-0.5035576,-0.7411563345333332
-0.8724429,-0.7112653906666687
-0.63530236,-0.5862543017333327
-0.80803436,-0.49892216880000073
-0.96027267,-0.5010983935999999
-0.45842287,0.1826741281999998
-1.2876828,-0.5551625281333323
-0.45378742,-0.5926268133999997
-0.2898384,-0.529784593866667
-0.5079491,-0.7665884224666679
-0.7568003,-0.7148745674666653
-0.6927821,-0.5419146392666664
-0.71184444,-0.6968905997333346
-0.6045619,-0.6440971281333328
-0.4977023,-0.649960166333333
-0.56650233,-0.7978509631333354
-0.7172769,-0.6293299214000013
-0.7297194,-0.6066503162666667
-0.42011932,-0.5921047120000004
-0.6177364,-0.6893469476666646
-0.79778755,-0.1669517643333335
-0.6894641,-0.468045116533333
-0.70117474,-0.5001524097999996
-0.6177364,-0.7824270817999978
-1.0232174,-0.5914655180000006
-0.38791505,-0.40065036906666573
-1.3410891,0.711916382733331
-0.8755081,-0.3077243344666671
-0.55771935,-0.6370345665333327
-0.49477464,-0.6049717973333334
-0.59138745,-0.5055386826666671
-0.5591832,-0.543471404466666
-0.62066406,-0.7601671120000008
-0.6748258,-0.7534107987999986
-0.38791505,-0.5817066385333332
-0.7480173,-0.6305302984000007
-0.73045135,-0.6548469370000004
-0.6572598,-0.5997898427999989
-0.50502145,-0.5384358393999994
-0.52405125,-0.5497170824000001
-0.26910082,-0.6264526940000005
-0.64994067,-0.541402523866667
-0.6858045,-0.7043170955333332
-0.7846131,-0.4520405603333338
-0.6309109,-0.7756739597333346
-0.36888525,-0.5002542461333335
-0.5987066,-0.41756249140000096
-1.1997236,-0.43686205066666606
-0.58260447,-0.4674790904000009
-0.70703006,-0.6832379389999989
-0.47208527,-0.6068211119999998
-0.6660428,-0.43194217933333373
-0.63823,-0.6220498250666653
-0.23052236,-0.7130610087333321
-0.84609395,-0.49505766773333365
-0.5591832,-0.632033151199999
-0.73630667,-0.8279912554666677
-0.58114064,-0.707859559999999
-0.5899236,-0.39952809066666645
-0.6221279,-0.6919233252000003
-0.51965976,-0.8380607524
-0.36302993,-0.5134137562000011
-0.73484284,-0.43135664506666804
-0.7714386,-0.8448154812000003
-0.70654213,-0.5135458249333328
-0.28251925,-0.8051792034666678
-0.6894641,-0.6928504174666659
-0.36449376,-0.6981625023333331
-0.7904684,-0.6282369056000014
-0.79778755,-0.6030834651333338
-0.8636599,-0.6050889010666668
-0.64994067,-0.5953251745999996
-0.6704343,-0.5947591384666671
-0.6199321,-0.44616572119999964
-0.560647,-0.7751176968666661
-0.92880034,-0.6320136265333323
-0.3864512,-0.6210268567999986
-0.22667412,-0.532709925466667
-0.52844274,-0.6040446912666672
-0.87537056,-0.7681474181333336
-0.5504002,-0.6919086625333346
-0.5965109,-0.5912127366666678
-0.7275237,-0.5534531009333343
-0.7340822,-0.4634116363999998
-0.52844274,-0.6951974225333342
-0.7143492,-0.6067088938666675
-0.46257037,-0.31989816526666753
-0.52771086,-0.4602477677333325
-0.7172769,-0.5512785000666676
-0.7275237,-0.6527853671333336
-0.9119663,-0.7083767911333332
-0.7992514,-0.49319858539999967
-0.85268116,-0.4557830998666663
-0.5372257,-0.5207722842666671
-0.19029795,-0.3389430674666664
-0.19908093,-0.4502351795333334
-0.6118811,-0.5196012066666669
-0.6426215,-0.7073520882666673
-0.6133449,-0.4903392407333333
-0.6177364,-0.6478425087333335
-0.897328,-0.5689127739999992
-0.30387685,-0.4776283393333331
-0.6221279,-0.6497552602666677
-0.88195777,-0.6881431716666665
-0.43768528,-0.634028854733333
-0.27446818,-0.7240494170666676
-0.7436258,-0.4721535998666664
-0.6718981,-0.5432566994000014
-0.7275237,-0.5065048199333344
-0.28398308,-0.574202083066666
-0.53283423,-0.7587227935333319
-0.43934777,-0.501739947249999
-0.7465535,-0.5669902590666663
-0.6762896,-0.783139470333334
-0.6182243,-0.535879011800001
-0.1976171,-0.5319266554333326
-0.7714386,-0.6715077755999997
-0.56211084,-0.8035550086666671
-0.9368514,-0.6062990178666661
-0.50062996,-0.5272131217333339
-0.67336196,-0.7192969509999999
-0.6023662,-0.6203224997999994
-0.017565964,-0.7442894227333329
-0.48452783,-0.5595833122666661
-0.6988929,-0.42365583206666607
-0.8431663,-0.5592466262000001
-0.27666393,-0.5816871378666673
-0.65872365,-0.6141841795333329
-0.7436258,-0.47983382500000016
-0.16102134,-0.6323746997333339
-0.664579,-0.7958845887999989
-0.5464966,-0.32003722793333267
-0.6074896,-0.5493364860000001
-0.5079491,-0.7014382414000011
-0.7289875,-0.6187610791999989
-0.7355747,-0.7229760598666686
-0.5020938,-0.4492568556666662
-0.53429806,-0.5769579949333324
-1.2164431,-0.5369231905333328
-0.46988952,-0.5781836932000008
-0.52844274,-0.45115251040000015
-0.6953194,-0.6388999037333334
-0.07764285,-0.6859731146666656
-0.6953194,-0.3482875250000003
-0.7019066,-0.6660525656666678
-0.5064853,-0.6370882412666654
-0.48599166,-0.5406022851333329
-0.77875775,-0.6459785780000005
-0.8002391,-0.4549453256000003
-0.64847684,-0.5414627238000004
0.05994385,-1.0918559291999987
-1.2091238,-0.6075383716000008
-0.7436258,-0.8102300797333337
-0.71800876,-0.2737697478000003
-0.45451933,-0.6989985071333326
-0.6177364,-0.7103448252666661
-0.9412429,-0.6371663274000005
-0.37913206,-0.7630069327999989
-0.63530236,-0.3889641140000001
-0.58114064,-0.5810284281333347
-0.6374981,-0.5368874235333336
-0.29569373,-0.7024921849333342
-0.9348996,-0.9224600000000002
-0.6045619,-0.5487216906666667
-0.84609395,-0.7240690453333319
-0.664579,-0.6976420167333351
-0.33960864,-0.7058004139333324
-0.72166836,-0.769916215066668
-0.4640342,-0.5223922628666673
-0.56943,-0.7048099141999982
-0.38205972,-0.6970711428666654
-0.64628106,-0.6362066809333325
-0.70703006,-0.6723470332000002
-0.63383853,-0.4025136040000014
-0.3088682,-0.4722999777333334
-0.32497033,-0.6493941765333349
-0.48013633,-0.6053962988000001
-0.48599166,-0.5033527112666661
-0.6426215,-0.5759196277333326
-0.41865548,-0.46191410506666747
-0.6221279,-0.399425956466667
-0.7524088,-0.6866925690666665
-0.96466416,-0.4884118619333329
-0.62505555,-0.5841268540000003
-0.6850726,-0.5757423547999989
-0.36010227,-0.7720534089333324
-0.6836088,-0.7654230627999987
-0.76997477,-0.5397630421333343
-0.70263857,-0.6619440819999989
-0.7341109,-0.4808975468666671
-0.38352355,-0.30814698053333395
-0.6514045,-0.4492568556666662
-0.8870812,-0.4675425365333328
-0.32204267,-0.5681125545999994
-0.2466554,-0.5376795273333341
-0.92880034,-0.5542988610000008
-0.552596,-0.6780413382000006
-0.4786725,-0.3890617072666666
-0.6074896,-0.6252604508000008
-0.7041024,-0.5447742116000008
-0.62066406,-0.7428418667333321
-0.83731097,-0.6369443109333338
-0.57674915,-0.5564116493333339
-0.51526827,-0.6727471487333333
-0.9412429,-0.663427426999999
-0.5840683,-0.7550144237999988
-0.65945554,-0.4734612732000003
-0.71581304,-0.8983270357333343
-0.5796768,-0.5676529038000006
-0.48452783,-0.5108084788000004
-0.76997477,-0.6232311270666667
-0.55332786,-0.6647936730666669
-0.70703006,-0.6080458370666665
-0.53649384,-0.5692055442000009
-0.7524088,-0.5421280063999996
-0.5708938,-0.5144973173999997
-0.6894641,-0.5484777206666663
-0.5445449,-0.7458215641999998
-0.72605985,-0.45716884733333385
-0.62603146,-0.4692000826800005
-0.32936183,-0.5497658745333326
-0.86512375,-0.4775599996666672
-0.7055662,-0.41408018853333334
-0.7963237,-0.42860237846666666
-0.647013,-0.6481442403999991
-0.57674915,-0.5287263001333331
-0.57162577,-0.7097722880000008
-0.4684257,-0.47983383173333255
-0.7992514,-0.7755714795333324
-0.44646826,-0.5699179604000002
-0.9763748,-0.6081163396000007
-0.79778755,-0.6613488746666675
0.5631439,-0.5050253325333339
-0.67263,-0.5474237442000007
-0.4786725,-0.6428065879999995
-0.58699596,-0.5278181808000005
-0.81681734,-0.6526503998000001
-0.7524088,-0.659143271866667
-0.24885115,-0.636600309533334
-0.578213,-0.5847221589999998
-0.405481,-0.6867511318666667
-0.45671508,-0.6547615640000015
-0.72166836,-0.509710586
-0.5972428,-0.6129935882000006
-0.23421285,-0.6240503814000012
-0.5160002,-1.0697875792533333
-0.5821653,-0.6913134049333326
-0.81655943,-0.5792718074666661
-0.64408535,-0.5633307205333346
-0.68800026,-0.9162602152000003
-0.61480874,-0.5500781606666658
-0.733379,-0.6139060288000008
-0.6367662,-0.836539994333331
-0.5013619,-0.6388863256666671
-0.5416172,-0.4959701038
-0.7758301,-0.6815203836000012
-0.57016194,-0.6129545532000013
-0.44939592,-0.5294283810000011
-0.5591832,-0.6152966794666668
-0.4332938,-0.4588293731333324
-0.7331594,-0.6835859940666669
-0.65433216,-0.8371792556666671
-0.42304698,-0.40294370786666656
-0.09124542,-0.30463502240000023
-0.5562555,-0.5564116626666671
-0.48452783,-0.7256987693333338
-0.6997109,-0.5287599139999992
-0.5708938,-0.5179421978666666
-0.69239175,-0.5973854983999997
-0.4977023,-0.5719477818000015
-0.16213632,-0.9354434340000015
-1.4768509,-0.5949061961333343
-0.6997109,-0.6658769152000009
-0.75533646,-0.6316720702666672
-0.6177364,-0.3667301502666674
-0.5738215,-0.6908986447333331
-0.7275237,-0.636727169466665
-0.92660457,-0.6463908845999995
-0.60602576,-0.507905199933334
-0.6118811,-0.5715248967999991
-0.6722096,-0.3118448377999998
-0.5686981,-0.6976977156666664
-0.39669803,-0.6311158093333333
-0.7626556,-0.37318890040000036
-0.7084939,-0.6962400068799988
-0.53868955,-0.712075374600001
-0.8153535,-0.5682101349333343
-0.43182996,-0.7054361107999998
-0.36254197,-0.4163060712533328
-0.6309109,-0.6637787526666652
-0.6074896,-0.6116468741999993
-0.66897047,-0.5639162409999997
-0.6177364,-0.6442707752000001
-0.6704343,-0.8023725520000012
-0.4933108,-0.6887419423333322
-0.19468944,-0.5942994268000001
-0.7904684,-0.6296373469999993
-0.43695337,-0.5421441870666673
0.15369521,-1.1213984756000017
-0.58699596,-0.7176623286666677
-0.93282586,-0.38002953220000035
-0.64847684,-0.5891233910000008
-0.5020938,-0.5426418926666674
-0.72605985,-0.6581771624000006
-0.4082257,-0.7196580297333329
-0.5796768,-0.6211785103333344
-0.49477464,-0.48454736533333215
-0.67336196,-0.9421017049333339
-0.56796616,-0.5613984561999993
-0.58260447,-0.7876773415333345
-0.84170246,-0.7855596734666677
-0.5255151,-0.7236494270666681
-0.6133449,-0.6974663688666667
-0.5972428,-0.6915671185333349
-0.5269789,-0.6745135230000002
-0.7128854,-0.731759028333332
-0.5357619,-0.7853205715333348
-0.8241365,-0.6901764718000017
-0.58699596,-0.6866633072000013
-0.45378742,-0.5683857957333333
-0.36742142,-0.631096289866666
-0.52405125,-0.6180730746666662
-0.5738215,-0.6273302016666681
-0.724596,-0.5921584003333343
-0.4289023,-0.4716949195999999
-0.5225874,-0.667023577
-0.84023863,-0.7079625195999998
-0.5928513,-0.645924915333335
-0.8241365,-0.5289162070666666
-0.32057884,-0.6107490527333324
-0.742162,-0.6425483123999989
-0.6938556,-0.7001012573333341
-0.32204267,-0.6336457962666664
-0.483064,-0.6937214019333332
-0.27666393,-0.5535328196000003
-0.68653643,-0.5779889956666666
-0.6221279,-0.6164140914000008
-0.5416172,-0.5822043638666661
-0.8731748,-0.6631249260000015
-0.7626556,-0.6543711917999995
-0.44500443,-0.5297602057999995
-0.647013,-0.5155805607999999
-0.44939592,-0.22208220006666693
-0.6997109,-0.6389896066666668
-0.60163426,-0.6442512460000003
-0.76411945,-0.6604509650666656
-0.37913206,-0.6035274802666664
-0.5269789,-0.5793011100000012
-0.9046472,-0.7827835337333344
-0.69239175,-0.3842457049999993
-0.52405125,-0.6417217297333342
-1.1109252,-0.7030289203999984
-0.77021873,-0.6525950880666659
-0.48013633,-0.5926463281999989
-0.73630667,-0.4750051190666671
-0.3805959,-0.5586269379333327
-0.8241365,-0.6491997233333325
-0.5255151,-0.7455588717333347
-0.6411577,-0.5250474724222227
-0.7289875,-0.559446690666666
-0.5943151,-0.633516495799999
-0.7480173,-0.6241870101999993
-0.46110654,-0.5934368252666669
-0.62066406,-0.6554251513333317
-0.5416172,-0.44955205366666734
-0.5928513,-0.6440137956000006
-0.6235917,-0.6232013709333343
-0.6323747,-0.5964815926666676
-0.7275237,-0.6698926791999988
-0.7626556,-0.7515695310000007
-0.7099577,-0.5249295566666653
-0.6601875,-0.5839756104666668
-1.1827749,-0.7201904225333334
-0.6118811,-0.49389634240000047
-0.76851094,-0.5151316500000005
-0.61627257,-0.7016138625333326
1.1696913,-0.1057392030000002
-0.6806811,-0.7640218496000003
-0.6221279,-0.7435802860666679
-0.84023863,-0.6702781591999999
-0.5035576,-0.7328227465333321
-0.3469278,-0.5233887812666674
-0.5225874,-0.553054628866667
-0.10539579,-0.5068561094
-0.5225874,-0.5387383542666658
-0.7275237,-0.7841056046666681
-0.4691576,-0.6822630426000006
-0.8051067,-1.2014013278666644
-0.6477449,-1.0812455207333325
-0.70263857,-0.5668731860666664
-0.63530236,-0.8073658810000021
-0.65433216,-0.5760855576666662
-0.51965976,-0.5276522916000005
-0.27227244,-0.6040967528666662
-0.7729024,-0.5575876048666674
-0.49184698,-0.6148188333333338
-0.38352355,-0.6014439613333334
-0.7846131,-0.9498178317999992
-0.5650385,-0.7629939106666682
-0.5482045,-0.5782814656000003
-0.5064853,-0.4902367668000001
-0.65286833,-0.5948941302666669
-0.38498738,-0.6779974359333341
-1.0349281,-0.7072154715333329
-0.47281718,-0.45352402341333287
-0.7377705,-0.6001021276666675
-0.49916613,-0.5365426094666668
-0.63823,-0.7201898947333322
-0.8578046,-0.5857370677333344
-0.5591832,-0.5286476783333338
-0.63823,-0.6236209939999997
-1.0166302,-0.6453052233333328
-0.6806811,-0.4980634020666664
-0.5884598,-0.6890249427999987
-0.6997109,-0.5047140685333337
-0.5884598,-0.5673318254666678
-0.49038315,-0.6510043706666662
-0.68653643,-0.6960122790000008
-1.0071152,-0.6006681343333329
-0.45671508,-0.7034778355199995
-0.47574484,-0.7759252198000003
-0.73630667,-0.43472833346666656
-0.6850726,-0.7445333802666674
-0.5167321,-0.6110222945333337
-0.5547917,-0.42694563733333457
-0.66750664,-0.7495055389999981
-0.65506405,-0.42509631799999903
-0.5943151,-0.8426100541333329
-0.474281,-0.698920451866667
-0.6572598,-0.5586708439333339
-0.59577894,-0.6624320218000003
-0.65433216,-0.6703269307999987
-0.578213,-0.6990765890666654
-0.61041725,-0.27411237057200033
-0.4639188,-0.7650799371333353
-0.63823,-0.7588203988000004
-0.5504002,-0.6752161240666684
-0.78754073,-0.7213365197333349
-0.19908093,-0.7681059428666651
-0.47574484,-0.6035762750666676
-0.552596,-0.6103489382000006
-0.49038315,-0.4446140751333342
-0.53868955,-0.5531766007333323
-0.25031498,-0.5634673260666658
-0.74948114,-0.5612520494666658
-0.7465535,-0.6284711572666656
-0.59577894,-0.5023865549333333
-0.3666895,-0.49283262046666665
-0.68653643,-0.7899853044666646
-0.3996257,-0.5784520549333341
-0.7055662,-0.4890852325333329
-0.7714386,-0.6486525082666674
-0.79778755,-0.8106253066666675
-0.8644092,-0.5700228610666658
-0.6894641,-0.5402314784666675
-0.6909279,-0.4630500292666667
-0.6660428,-0.5965889148000014
-0.58114064,-0.6504058473333338
-1.2488302,-0.05083133845333326
-0.6850726,-0.8676805846666682
-0.4523236,-0.7663997732000009
-0.53562975,-0.2778029982933328
-0.52982813,-0.6168681890666663
-0.4933108,-0.47884819246666627
-0.76997477,-0.5989993756666653
-0.83584714,-0.4666300668000008
-0.67775345,-0.5903530094666675
-0.27666393,-0.5576998372666676
-0.68800026,-0.6670577321999985
-0.69239175,-0.44923002406666673
-0.0629447,-0.5770443956000002
-0.6411577,-0.5101741354000008
-0.57674915,-0.7055076783999987
-0.5460087,-0.6757138414000007
-0.74948114,-0.28384238106666604
-0.8592684,-0.6358878960000003
-0.6455492,-0.734930656000002
-0.62944704,-0.8877350679333345
-0.49989805,-0.526451948466666
-0.5562555,-0.5875375876666661
-0.42984158,-0.7488077682666678
-0.63969386,-0.7909953774666676
-0.1258894,-0.5753731311333329
-0.68653643,-0.5564214228000005
-0.5035576,-0.7650816586666663
-0.6572598,-0.6430509037333333
-0.72605985,-0.5744363030666665
-0.75972795,-0.6594360438666675
-0.8343833,-0.4974185074666675
-0.57674915,-0.6376347488000008
-0.14418729,-0.5187033886666664
-0.5584513,-0.42264952466666655
-0.7465535,-0.5834339940000013
-0.6309109,-0.5978038961333338
-0.9939408,-0.6996383631999987
-0.04098725,-0.5713524944666648
-0.52405125,-0.8067169106666653
-1.7359697,-0.503277488133334
-0.75972795,-0.6566501363999986
-0.327898,-0.6752649340000005
-0.7655833,-0.600170431466667
-0.635178,-0.4615166514666662
-0.4977023,-0.7461387369333342
-0.7392343,-0.6286858362666663
-0.6345704,-0.5491803627333341
-0.7904684,-0.7471129881333327
-0.5504002,-0.5726357971333339
-0.53429806,-0.7648409261333338
-0.5987066,-0.5191392991999998
-0.5401534,-0.6361871717333327
-0.405481,-0.563433161133334
-0.54308105,-0.7892338780000013
-0.75606835,-1.0484978237333349
-0.90318334,-0.6546737322666664
-0.4523236,-0.5890453266666662
-0.4391491,-0.6432851248666679
-0.6997109,-0.5950860402000014
-0.750945,-0.7716175039333332
-0.6938556,-0.7815731886666656
-0.5123406,-0.6677994008000003
-0.55332786,-0.5991652556666678
-0.8153535,-0.7130415204000019
-0.7465535,-0.6678140632666686
-0.41572782,-0.5380161895333331
-0.38498738,-0.6106169018666653
-0.88854504,-0.6369174540333327
-0.8182812,-0.6198050998666663
-0.7392343,-0.5736848562666664
-0.5708938,-0.5994775732000008
-0.67336196,-0.39613793146666615
-0.45671508,-0.7338474438666684
-0.6447692,-0.7574590559333336
-0.60163426,-0.6217960854666671
-0.50062996,-0.6245383373333329
-0.5269789,-0.6399866343333342
-0.6192002,-0.6055280508666667
-0.5547917,-0.562628062466667
-0.7279056,-0.6795490797333332
-0.55771935,-0.6243821814000005
-0.4684257,-0.5470089954666675
-0.58260447,-0.6596019388666665
-0.74143004,-0.5815114694666668
-0.5884598,-0.4969215985999997
-0.61041725,-0.825600293266668
-0.63383853,-0.5874448734666661
-0.66311514,-0.6120372116666669
-0.52405125,-0.5710523985333329
-0.6836088,-0.6172045403999991
-0.6713695,-0.25992929933333303
-0.74582154,-0.5501903816666669
-0.5591832,-0.8479285943333352
-0.5064853,-0.6513215461999997
-0.6426215,-0.6426849849333321
-0.80364287,-0.43194217933333373
-0.53429806,-0.6647838939999979
-0.49038315,-0.6187399260666683
-0.58919173,-0.6238503435999992
-0.6221279,-0.6345013073333321
-0.4933108,-0.9695021640666668
-0.55332786,-0.7346671938666678
-0.6118811,-0.5777640726666673
-0.1828324,-0.3494545210000007
-0.7548241,-0.5838693586666674
-0.82267267,-0.4922763935999987
-0.55771935,-0.6755284245333346
-0.5899236,-0.6815886860666659
-0.49477464,-0.6463006234666685
-0.58480024,-0.630735212333334
-0.34546396,-0.4845473356
-0.53429806,-0.4564808529333325
-1.0583494,-0.46319983033333234
-0.81681734,-0.6101537588666663
-0.5399094,-0.6181877398000006
-0.70776194,-0.800510288800001
-0.45085976,-0.6395377351333329
-0.1690724,-0.22138807226666718
-0.77436626,-0.5769492107999993
-0.42158315,-0.43830008066666637
-0.6265194,-0.716183865999999
-0.83584714,-0.6504871785333345
-0.7355747,-0.8128649645333322
-0.74948114,-0.6910791899333325
-0.72020453,-0.7089037632000009
-0.83731097,-0.5236104891333341
-0.61700445,-0.6126813005999988
-0.7099577,-0.5401631453333329
-0.71581304,-0.6899813154666674
-0.026104974,-0.48713345846666706
-0.5943151,-0.5064072177333337
-0.4245108,-0.6128298732000017
-0.45085976,-0.5278864874666674
-0.6418896,-0.5963840025333345
0.24362208,-1.0756478007999994
-0.5079491,-0.6449474372933346
-0.5796768,-0.5623840902666678
-0.92514074,-0.6536685450666663
0.15092163,-0.17034164133333313
-0.49184698,-0.729621839933331
-0.6192002,-0.6996718799999991
-0.5064853,-0.7093721741999999
-0.7860769,-0.5690152500666659
-0.60383004,-0.4987757848
-0.66311514,-0.5554211258666669
-0.6894641,-0.5951324015999988
-0.65286833,-0.37006607280000003
-0.51526827,-0.45597664046666664
-0.6177364,-0.6059720672666671
-0.655796,-0.6345850863333321
-0.58699596,-0.5364059881333326
-0.32057884,-0.5194645809333334
-0.7128854,-0.5705815360000009
-0.7992514,-0.7026190403999997
-0.57931083,-0.543985992066668
-0.6909279,-0.5600419894000004
-0.4523236,-0.6828036683999995
-0.39816186,-0.6667454418666666
-0.65872365,-0.5617156048000004
-0.44061294,-0.5752462814666669
-0.4684257,-0.5895381464666661
-0.36010227,-0.6572403017999998
-0.68800026,-0.5477848400666677
-0.6953194,-0.7714249321333323
-0.6418896,-0.6253919401333331
-0.5899236,-0.5806039102666662
-0.78754073,-0.6768653710666663
-0.69458747,-0.5306482563333335
-0.70117474,-0.5083346097333343
-0.70194846,-0.6302678672666675
-0.62066406,-0.7305294221333334
-0.5020938,-0.8678415729333309
-0.31618735,-0.5139264200000001
-0.41572782,-0.7431537226666676
-0.7055662,-0.6436535203333337
-0.88415354,-0.5805356063333332
-0.44646826,-0.5744558254666672
-0.74069816,-0.5566556361333326
-0.35571077,-0.796021190199998
-0.51380444,-0.5959838771333338
-0.5496683,-0.6132570853333322
-0.64408535,-0.630579091933334
-0.6953194,-0.7278750151333347
-0.6997109,-0.51918157732
-0.7758301,-0.5434714138666658
-0.5148413,0.025387503200000026
-0.45679426,-0.6734497839999993
-0.43768528,-0.5629959141333336
-0.80803436,-0.5920412840000011
-0.2942299,-0.6253146416666658
-0.6265194,-0.6952348457999988
-0.66897047,-0.5651749423999998
-0.61627257,-0.6135823722666678
-0.551864,-0.5123894255333339
-0.81242585,-0.3378227627999998
-0.483064,-0.6361279704666672
-0.50941294,-0.47536671140000036
-0.7626556,-0.6185366301333326
-0.59577894,-0.6715028816666674
-0.45947054,-0.3746915624666677
-0.6177364,-0.6805249624000008
-0.63383853,-0.6038007337333349
-0.5562555,-0.7130805653333327
-0.49665323,-0.6590003698000011
-0.5108768,-0.6649205168666663
-0.5855321,-0.5855321242666669
-0.69678324,-0.6459688079999985
-0.37693632,-0.7633188184000007
-0.56211084,-0.5514541483999996
-0.5928513,-0.5942760733333344
-0.54893637,-0.6012782731333345
-0.45891082,-0.6165067792000004
-0.45671508,-0.5635323917999999
-0.65286833,-0.6319648074666663
-0.80217904,-0.6321112126000007
-0.7172769,-0.5787497008666658
-0.6323747,-0.3974275037999991
-0.6616513,-0.4561685682666665
-0.3908427,-0.659231128000001
-0.58114064,-0.5871472230666674
-0.66311514,-0.6563693297999987
-0.5796768,-0.5747973620000005
-0.5460087,-0.6480620900666659
-0.4391491,-0.7793823200000003
-0.578213,-0.5824154572000013
-0.70446837,-0.619415596266666
-0.43622145,-0.5981259485333331
-0.6982471,-0.6575330804666668
-0.46257037,-0.6613655962666669
-0.7443577,-0.6389424321333323
-0.5460087,-0.6527414578666678
-0.57235765,-0.7631825911999996
-0.58260447,-0.7672813200000008
-0.5972428,-0.6853751198000004
-0.38498738,-0.7339547994666682
-0.7568003,-0.5539621863999996
-0.84609395,-0.5090705796666664
-0.6704343,-0.44255494553333297
-0.52844274,-0.6257581786666682
-0.3370567,-0.6073951672800005
-0.49477464,-0.4940793537999998
-0.5299066,-0.6944508825999989
-0.8446301,-0.5477165022000006
-0.2166469,-0.8640144690666672
-0.681413,-0.6799004073333333
-0.44061294,-0.7109382599333349
-0.5928513,-0.5957203936000004
-0.84072655,-0.5121235116
-0.6953194,-0.6509458404666673
-0.62505555,-0.6431485138666679
-0.80657053,-0.5959887631333325
-0.75533646,-0.7070690939999994
-0.483064,-0.43281560320000106
-0.065872364,-0.6796661857333333
-0.35131928,-0.6449051088666686
-0.62066406,-0.6563229696000001
-0.742162,-0.6418798559999996
-0.6426215,-0.6584406419999993
-0.66311514,-0.6069430897333334
-0.4786725,-0.6965929293333345
-0.7582641,-0.5326292890666675
-0.8475578,-0.5586074156000013
-0.5738215,-0.5860835074000011
-0.30745316,-0.28913664584000043
-0.8709791,-0.45150382693333285
-0.483064,-0.5536791634
-0.6367662,-0.42895596870666736
-0.55771935,-0.6834233481999995
-0.70654213,-0.6120323459999982
-0.6806811,-0.4499570558666674
-0.91782165,-0.4823467370000004
-0.69678324,-0.8743165657333336
-0.6030981,-0.6277782789333342
-0.48599166,-0.6727227537999991
-0.54893637,-0.6614886712666653
-0.5123406,-0.772355928666668
-0.87759084,-0.24597654622666673
-0.3554668,-0.550296753599999
-0.7275237,-0.6013967876666674
-0.5591832,-0.43555783833333306
-0.7143492,-0.5859420098666661
-0.6192002,-0.4871627272666662
-0.60602576,-0.6883125367333339
-0.56211084,-0.6612628320000002
-0.6345704,-0.5802891954666681
-0.68873215,-0.4272610869333341
-0.23348093,-0.6483269551333326
-0.38937888,-0.6900106092000009
-0.6718981,-0.8991328943333313
-0.6514045,-0.5732115646666659
-0.474281,-0.633732237466666
-0.68800026,-0.4668447734666661
-0.66897047,-0.6715175468000002
-0.77875775,-0.5521421647333336
-0.6792173,-0.5949787138000013
-0.6426215,-0.6012926886666653
-0.5167321,-0.630998709333333
-0.578213,-0.7120363539999993
-0.7172769,-0.8424197062666661
-0.5840683,-0.4733832068666674
-0.64994067,-0.4914029528000012
-0.31984693,-0.6392156724666674
-0.7377705,-0.6645203999999987
-0.7231322,-0.7684987594666686
-0.54893637,-0.6032493578666668
-0.53429806,-0.4283543286666664
-0.6514045,-0.6733229256666664
-0.37327674,-0.6607242110000012
-0.2708086,-0.678739095933333
-0.6177364,-0.783695692666665
-0.4581789,-0.41925076493333335
-0.58114064,-0.4628273649333345
-0.40840867,-0.7924884857999995
-0.5635747,-0.5930659691999997
-0.5211236,-0.796343242733334
-0.2035944,-0.6706589676000007
-0.83731097,-0.5889867686666659
-0.27029628,-0.239670986
-0.43622145,-0.614559880400001
-0.9910131,-0.7323835929333345
-0.52405125,-0.7902049083333328
-0.46549803,-0.7458053001333327
-0.62066406,-0.601024327666668
-0.6938556,-0.6542443444666667
-0.74948114,-0.5331953065333342
-0.70703006,-0.7168035672666654
-0.77436626,-0.588650098133334
-0.66750664,-0.39827895393333296
-0.5708938,-0.6783438451333336
-0.6660428,-0.6589481055333338
-0.61041725,-0.5662095737333327
-0.483064,-0.6664331562000002
-0.828528,-0.668014085600001
-0.47574484,-0.4882557330000002
-0.6411577,-0.7333692519999995
-0.6514045,-0.8424977429333345
-0.51965976,-0.6676627953333348
-0.4684257,-0.686087519199999
-0.69897896,-0.5554796928000011
-0.82120883,-0.465176009266666
-0.7860769,-0.3903645134666656
-0.7099577,-0.5867911301999997
-0.75533646,-0.6370882270666651
-0.6118811,-0.48927065893333266
-0.690196,-0.5611164246000006
-0.6909279,-0.6723470405333338
-0.5181959,-0.9139323767999987
-0.6045619,-0.4693528063333324
-0.7714386,-0.29050160586666635
-0.53868955,-0.6292030785333331
-0.68016875,-0.8262732572666663
-0.5987066,-0.5720844023999999
-0.44646826,-0.6379872454000012
-0.6718981,-0.4765694871333322
-0.46549803,-0.6528781031999991
-0.5020938,-0.4163718989333333
-0.85487694,-0.6914675764666671
-0.6537976,-0.13477945439999972
-0.59577894,-0.6733424360666667
-0.8256003,-0.5558944631999989
-0.6982471,-0.6298845618666657
-0.35131928,-0.5136092680000011
-0.63383853,-0.6304814909333323
-0.3762044,-0.6003265774666651
-0.54747254,-0.6328659071333324
-0.870052,-0.8169922568666647
-0.6089534,-0.7301829557333339
-0.5203917,-0.4835810624000003
-0.48160017,-0.7502228182666677
-0.4340257,-0.625621567400001
-0.6265194,-0.5210162449333328
-0.6192002,-0.5454426939333331
-0.6707271,-0.7634753613333328
-0.75387263,-0.644466929333334
-0.7055662,-0.6513459447333327
-0.4874555,-0.6605631904000011
-0.73630667,-0.6427581330666676
-0.7860769,-0.6615244370666681
-0.4927009,-0.44057389186666657
-0.6660428,-0.6811007312000005
-0.26641712,-0.7628605497333323
-0.7465535,-0.6148185027999998
-0.48160017,-0.5074709177333329
-0.65286833,-0.6902496782
-0.47501293,-0.5482971986666659
-0.6850726,-0.757044271600002
-0.53868955,-0.3971274066666663
-0.68653643,-0.4597386916666673
-0.61627257,-0.6311158093333333
-0.6150527,-0.6795094743333324
-0.5972428,-0.7590838513333334
-0.6309109,-0.7059468155333336
-0.51380444,-0.596149777866667
-0.5357619,-0.6544004717999992
-0.4631803,-0.458432622533333
-0.664579,-0.5420205898666663
-0.65286833,-0.5820579498666657
-0.6177364,-0.6359930683999999
-0.5899236,-0.6315842311333323
-0.45671508,-0.7744101486666657
-0.59138745,-0.722844309333332
-0.7187407,-0.4636921742666673
-0.56211084,-0.46902099706666606
-0.62505555,-0.5364216950666658
-0.724596,-0.5925633940666654
-1.0012599,-0.7029947653333326
-0.64847684,-0.588017384066667
-0.5181959,-0.7670861481333341
-0.61041725,-0.6682678542666676
-0.37327674,-0.5893032397333333
-0.67775345,-0.6293689680000016
-0.78314924,-0.5975550494666659
-0.56943,-0.6216789840000004
-0.6426215,-0.6766019019999995
-0.60163426,-0.659052212466666
-0.8392627,-0.4192660741333324
-0.44939592,-0.5278181799333342
-0.58260447,-0.7472317036000012
-0.85634077,-0.9971174165333324
-0.76851094,-0.6414895009333343
-0.7106896,-0.5022304223333339
-0.4874555,-0.6938555993333348
-0.65433216,-0.7001435546666661
-0.7275237,-0.675961073199998
-0.46257037,-0.6464665053333334
-0.7729024,-0.7187407096666653
-0.44939592,-0.4920055845333344
-0.6221279,-0.7350185110000015
-0.7846131,-0.5796133774666671
-0.3088682,-0.4713208415333341
-0.52502716,-0.6555617693333351
-0.34985545,-0.6364929492000002
-0.776562,-0.5486175789333346
-0.4332938,-0.699496205866668
-0.828528,-0.6445147239999999
-0.5686981,-0.46957426933333307
-0.53429806,-0.5918022046000001
-0.4684257,-0.5057485098666674
-0.5394215,-0.6361513690000021
-0.70703006,-0.6537661475333334
-0.38022992,-0.4643074729333347
-0.40840867,-0.4909589416000001
-0.6235917,-0.5536596691333338
-0.65433216,-0.6223913696666673
-0.6997109,-0.6520632319333327
-0.733379,-0.519645128599999
-0.69678324,-0.8304504355333328
-0.46696186,-0.708542642666668
-0.5928513,-0.6862924593333333
-0.42678237,-0.5780178173333338
-0.6193466,-0.8055946358000001
-0.036595758,-0.5779104588000004
-0.7092258,-0.6426800868000005
-0.68873215,-0.6651840188000002
-0.4779406,-0.8285718863333322
-0.8475578,-0.6904399683333341
-0.4098725,-0.40838786619999984
-0.49038315,-0.6360709809333339
-0.6748258,-0.6134717715333321
-0.5730896,-0.7693470664666674
-0.71142155,-0.644495236666668
-0.9105025,-0.6406354287333321
-0.83267546,-0.5388501274133339
-0.5445449,-0.5864104274666662
-0.8958642,-0.5295988049999998
-0.88854504,-0.5593783874666666
-0.73045135,-0.5981357094666675
-0.5416172,-0.6147209122666659
-0.819745,-0.6662770220666667
-0.5774811,-0.7362969176666652
-0.09217252,-0.32729042906666755
-0.32643417,-0.609090058533334
-0.5547917,-0.7121534560000004
-0.76997477,-0.7154226775333331
-0.551864,-0.6803102712000009
-0.2776398,-0.5370183376
-0.72166836,-0.4964727086000002
-0.4581789,-0.5777640726666673
-0.551864,-0.6283052621333328
-0.5504002,-0.3662308351999992
-0.77436626,-0.48706678820000077
-0.7392343,-0.7145834028000014
-0.80803436,-0.5360058713333324
-0.9163578,-0.5426565534666652
-0.64847684,-0.5868300616666661
-0.7084939,-0.6876782081333335
-0.35571077,-0.6602753210666664
-0.62944704,-0.6868731061333339
-0.42011932,-0.7089427931333344
-0.5643066,-0.6977298432666675
-0.33642307,-0.904628024600002
-0.18883412,-0.5092421786666665
-0.5079491,-0.6582357113333328
-0.46696186,-0.5728472426666668
-0.7816854,-0.6469788470666675
-0.60017043,-0.5304254461333329
-0.5299066,-0.49877629440000076
-0.56650233,-0.5385041376666662
-0.5840683,-0.7331399211999993
-0.51526827,-0.5945883570666677
-0.6323747,-0.6247001264666658
-0.6836088,-0.7170621860000016
-0.50502145,-0.46702043613333294
-0.6177364,-0.7082011053333341
-0.5972428,-0.496353153200001
-0.65286833,-0.810718028333332
-0.57674915,-0.5677612271333322
-0.5108768,-0.5894552053333326
-0.5372257,-0.5178836393333331
-0.2986214,-0.5814529313333332
-0.41380394,-3.227886815599993
-0.5752853,-0.7250755892666653
-0.5928513,-0.8972206635999989
-0.7084939,-0.546003824066667
-0.6411577,-0.6927684502666666
-0.6997109,-0.5750023230000006
-0.46696186,-0.6406697304000006
-0.48452783,-0.6992718692666682
-0.70117474,-0.8008713517333346
-0.7626556,-0.6023564228000015
-0.6982471,-0.6652523212666682
-0.6243236,-0.5769150532666677
-0.77431744,0.12893333053333345
-0.6045619,-0.5948372317333321
-0.5313704,-0.6798825193333314
-0.66750664,-0.6811983233999996
-0.67336196,-0.5808966517333339
-0.97930247,-0.7025669984
-0.66311514,-0.567741534098889
-0.629691,-0.9399986773333323
-0.96027267,-0.5491705777333329
-0.29599965,-0.6491160526666662
-0.68214494,-0.5546990201999995
-0.5299066,-0.7426179909333329
-0.38352355,-0.5024158464000004
-1.1166022,-1.0086222776000004
-0.560647,-0.6494917748000009
-0.5299066,-0.5769589705333336
-0.73386693,-0.8428430363333319
-0.85048544,-0.6781698352666657
-0.51380444,-0.6775485040000004
-0.39133063,-0.9150286126666668
-0.6476473,-0.5568279051999994
-0.67775345,-0.7700137720000014
-0.7904684,-0.6543516799333321
-0.5401534,-0.2418540485333332
-0.72166836,-0.5655855550000011
-0.37034908,-0.5873987511333342
-0.724596,-0.5212016544666663
-0.9105025,-0.551668859533333
-0.750945,-0.6924015046666671
-0.3418044,-0.4087372044666661
-0.5064853,-0.6516972630000004
-0.49038315,-0.5312942594666671
-0.3952342,-0.6596946428000009
-0.27827415,-0.08403664048000012
-0.5504002,-0.5921998858000008
-0.73703855,-0.6011170185333334
-0.30301288,-0.6063477939333346
-0.94826263,-0.687970987399998
-0.7816854,-0.5866739138666673
-0.89440036,-0.6503358974666668
-0.7480173,-0.45974031533333337
-0.6045619,-0.825522240000001
-0.47720867,-0.5097984248666672
-0.47940442,-0.5575827363333339
-0.63823,-0.672210426266668
-0.983572,-0.4603471309333337
-0.6762896,-0.5517176304000002
-0.90757483,-0.5842537173333345
-0.74337125,-0.6021303487999996
-0.5255151,-0.6090217282666657
-0.55771935,-0.5155252620666663
-0.59138745,-0.4234665954666672
-0.8878131,-0.5142793451466673
-0.7772939,-0.5866486983999996
-0.5884598,-0.487554719733334
-0.64994067,-0.639928066066667
-0.6997109,-0.5511467718666668
-0.53283423,-0.8189935637999998
-0.56211084,-0.6081727138666663
-0.69678324,-0.598931060066667
-0.76582724,-0.6868059554666677
-0.4873335,-0.5744455750666659
-0.48599166,-0.5275790961333339
-0.6074896,-0.5553381946666658
-0.64408535,-0.7609917283333332
-0.73630667,-0.6295836653333321
-0.5225874,-0.7204411996666674
-0.40108952,-0.6222425578666669
-0.50941294,-0.4726724462666669
-0.30520862,-0.5821165476000006
-0.7802216,-0.584419612266667
-0.59943855,-0.5811211187999997
-0.66750664,-0.6236502724666664
-0.733379,-0.7368336446666655
-0.68653643,-0.6606412586666669
-0.5030697,-0.6841259883333328
-0.41572782,-0.5412756650666672
-0.89879185,-1.0129842068000012
-0.49477464,-0.4383114566666666
-0.19468944,-0.4121063591333337
-0.87976205,-0.7136465738666674
-0.758996,-0.5941822096533341
-0.50062996,-0.8197791402666684
0.055625554,-0.5676929118666675
-0.89879185,-0.7967514536000014
-0.578213,-0.3686343113333334
-0.4640342,-0.5938108952000009
-0.9324599,-0.635565854733332
-0.56650233,-0.6398500010666671
-0.40401718,-0.5317510083333331
-0.50502145,-0.5744363030666665
-0.7568003,-0.6023271324000005
-0.6118811,-0.7034778355199995
-2.2554352,-0.4992792580800003
-0.33960864,-0.4715680643333346
-0.93977904,-0.6419383953333327
-0.8826897,-0.43877826033333284
-0.43475762,-0.6157651063999992
-0.47720867,-0.621952223866667
-0.6367662,-0.5232900589333339
-0.7187407,-0.5612715898000005
-0.5064853,-0.7219318579999987
-0.6997109,-0.6567621190666653
-0.27812776,-0.5967450670666679
-0.82706416,-0.5565287663333336
-0.48891932,-0.8793619010666682
-0.64310944,-0.6733033925333352
-0.15809368,-0.6365905610666674
-0.8058386,-0.47293429826666605
-0.923189,-0.36441021566666726
-0.75972795,-0.8625083390666668
-0.5225874,-0.6659809957333331
-0.72166836,-0.5367573004666671
-2.2121592,-0.634819032600001
-0.551864,-0.5199427543333331
-0.7055662,-0.5729334384666671
-0.78754073,-0.9353827298666647
-0.63530236,-0.6921575444666658
-0.33668098,-0.6596222933333328
-0.9655177,-0.49588337879999983
-0.39669803,-0.8554170683333361
-0.8351152,-0.468181741066666
-0.26799905,-1.494150186799998
-0.655796,-0.6871805254000007
-0.5635747,-0.5760327001333333
-1.0595062,-0.8146456984533327
-0.77436626,-0.31666661266666757
-0.52844274,-0.4899204138666669
-0.5921194,-0.7211413742666675
-0.66897047,-0.6553470824000004
-0.5211236,-0.5316143672000012
-0.82267267,-0.7047896919999989
-0.6660428,-0.7112019717333333
-0.60017043,-0.6775436492666681
-0.51526827,-0.6497454917333333
-0.7019066,-0.6951420856666665
-0.63823,-0.5905433126666654
-0.46476611,-0.45236260986666527
-0.6982471,-0.34819969373333365
-0.64994067,-0.5790376019333328
-0.6426215,-0.5416074594000012
-0.7729024,-0.6067121292666656
0.5824108,-0.6621281785333323
-0.51380444,-0.6793587661333347
-0.5160002,-0.5942663137333333
-0.9807663,-0.7163205006666652
-0.5972428,-0.6950266576000004
-0.6367662,-0.4907442480000001
-0.71581304,-0.6215033314000012
-0.59577894,-0.5889086933333337
-0.2752001,-0.6280027476666686
-0.2854469,-0.5870154760666666
-0.86951524,-0.5146729890000008
-0.7099577,-0.5682247989999994
-0.9105025,-0.4660933359333337
-0.5943151,-0.6150917471333341
-0.8929365,-0.6417960989333341
-0.67336196,-0.7122510376000005
-0.28081146,-0.3876582951333344
-0.72605985,-0.7396734781333328
-0.5796768,-0.6317306176666658
-0.54308105,-0.5779202120666673
-0.6704343,-0.6693998567999991
-0.7275237,-0.616067625733334
-0.6279832,-0.6232794381333323
-0.74948114,-0.6520486044666681
-0.7816854,-0.5762660949999995
-0.46988952,-0.7002866748666663
-0.5026631,-0.6512483593333329
-0.2898384,-0.6181007510666677
-0.7041024,-0.5959806631333334
-0.7085335,-0.4966288249333335
-0.60017043,-0.4955455848
-0.6748258,-0.6335945479333344
-0.6953194,-0.6158187840666666
-0.34546396,-0.7954551849333346
-0.5108768,-0.6295251241333332
-0.34400013,-0.7091635955333347
-0.8051067,-0.5189571359333326
-0.6982471,-0.6221474095999989
-0.4523236,-0.691907066333332
-0.7041024,-0.5304628291333328
-0.44939592,-0.6853849056666683
-0.7939937,-0.9030275547333334
-0.21713671,-0.6707347334666676
-0.6411577,-0.6085142439999994
-0.72166836,-0.6409722789333328
-0.8299918,-0.6755967355333342
-0.7084939,-0.4468293357999992
-0.6982471,-0.5087070608266664
-0.8709791,-0.6736644866000012
-0.4640342,-0.6263632346666668
-0.47135335,-0.6745427766666654
-0.38352355,-0.6422214111999985
-0.66531086,-0.5523080721333331
-0.6074896,-0.7473537061333317
-0.45378742,-0.5838145475999998
-0.8387748,-0.43186898346666697
-0.5460087,-0.6551274911333351
-0.64408535,-0.8451800335066652
-0.7084939,-0.6606754441333345
-0.4735491,-0.5808917960000002
-0.9002557,-0.4810927223999994
-0.60602576,-0.5192206123999998
-0.54308105,-0.681081228266668
-0.5928513,-0.7680392271999985
-0.6309109,-0.6298373878000013
-0.74069816,-0.6250165242000008
-0.44939592,-0.542202744666668
-0.63969386,-0.6393779957999992
-0.82120883,-0.16494994607999997
-0.25981325,-0.7152567660666681
-0.6850726,-0.5774969072666665
-0.6426215,-0.3080953026666661
-0.42011932,-0.6333603415333343
-0.64994067,-0.6635103597333316
-0.5269789,-0.4940915116666676
-0.80657053,-0.5896894173999991
-0.6367662,-0.4607064458000005
-0.4684257,-0.649797872666667
-0.5943151,-0.778103900266667
-0.74948114,-0.6495519250666647
-0.7377705,-0.7375781362666672
-0.61056364,-0.6493941771999995
-0.62505555,-0.42983099846666734
-0.50502145,-0.8495430737999995
-0.6748258,-0.5387237264000009
-0.67336196,-0.748046579133333
-0.49184698,-0.6728105908666673
-0.48599166,-0.681774120133335
-0.5035576,-0.6794124512000007
-0.56650233,-0.5548307293333334
-0.57601726,-0.5746844899700011
-0.742162,-0.542051853933333
-0.86951524,-0.46388783866666566
-0.6579917,-0.6081141613333337
-0.38205972,-0.6660233002666675
-0.45525125,-0.5018986206666676
-0.5460087,-0.4394028245999991
-0.53868955,-0.5944322243333336
-0.70703006,-0.5970134387999998
-0.28837457,-0.6572569186133339
-0.552596,-0.7288899262666658
-0.48599166,-0.4157863734000001
-0.5818726,-0.2416619340933333
-0.5855321,-0.6268170347999995
-0.578213,-0.6085533077999998
-0.6118811,-0.6657793255333344
-0.7714386,-0.6417985013333322
-0.750945,-0.7792359360000006
-0.75167686,-0.39996236519999945
-0.6309109,-0.5222653981333323
-0.65286833,-0.6789635556666681
-0.58114064,-0.6104270086666649
-0.5401534,-0.6844578002
-0.80437475,-0.5286595318666668
-0.04537874,-1.3937616661333305
-0.54893637,-0.5809226780000011
-0.74069816,-0.7395368758000013
-0.46549803,-0.6303058263333338
-0.50868106,-0.558361649
-0.58114064,-0.6318985112000003
-0.5708938,-0.7250370571999979
-0.53283423,-0.6212788679333322
-0.6030981,-0.17502531480000008
-0.65433216,-0.6558838233333344
-0.5401534,-0.6354292468000009
-0.57235765,-0.5475310756666666
-0.49916613,-0.7490322445333331
-0.5189279,-0.5844683969999985
-0.6762896,-0.6108385012444449
-0.5211236,-0.6685166693333346
-0.6792173,-0.7638461993333313
-0.5752853,-0.5898650641333331
-0.560647,-0.683106198666666
-1.1081196,-0.603756821133333
-0.27300435,-0.623263192400001
-0.5372257,-0.6031664028000011
-0.69678324,-0.48697731385333376
-0.6265194,-0.7303244930266677
-0.33521715,-0.6213618083333337
-0.15662985,-0.6711564622000016
-0.5562555,-0.43597746619999944
-1.0993366,-0.5266471279333338
-0.5635747,-0.6602362755333326
-0.7128854,-0.7049104948666658
-0.8182812,-0.5611983953333339
-0.40840867,-0.6397621562666667
-0.52405125,-0.7560195846666656
-0.43182996,-0.6226060833999999
-0.52405125,-0.6676822982666665
-0.67336196,-0.6334823370000009
-0.59943855,-0.6875269554666655
-0.664579,-0.5997391120000004
-0.82706416,-0.598474654333332
-0.7568003,-0.7506912379333321
-0.86073226,-0.5923145584666668
-0.60163426,-0.6804956814666678
-0.61480874,-0.6904790125333344
-0.61480874,-0.6769776234666661
-0.3659576,-0.648915991333333
-0.7275237,-0.6273641562000002
-0.5943151,-0.7051270757333333
-0.405481,-0.5978278320000002
-0.5269789,-0.6241382186666676
-0.4874555,-0.6681780430666675
-0.67994916,-0.6356292722000013
-0.56211084,-0.5825068804666681
-0.47281718,-0.6026687118666664
-0.7289875,-0.6611503586666652
-0.55771935,-0.563399011333333
-0.5064853,-0.6059525868000007
-0.7172769,-0.5891136341333342
-0.4435406,-0.6300520824666679
-0.60163426,-0.623952810733335
-0.55771935,-0.6261387948666665
-0.42597464,-0.7173549366666653
-0.5445449,-0.5664145146666671
-0.61041725,-0.7758788704666676
-0.45378742,-1.1511903356666684
-0.7655833,-0.5144021780000009
-0.32227603,-0.07621225446666663
-0.8102301,-0.7715401559999987
-0.50502145,-0.8178614915333335
-0.483064,-0.544915720733334
-0.5547917,-0.5559464916666677
-0.52405125,-0.688039284133334
-1.4508903,-0.34842729586666665
-0.6180506,-1.4523117152666645
-0.69897896,-0.6662184912000003
-0.5884598,-0.40133348660000073
-0.5108768,-0.6541564805333325
-0.5708938,-0.584055286
-0.8592684,-0.40606652299999996
-0.5322961,-0.24090987946666653
-0.7660712,-0.8255807997333338
-0.5079491,-0.6665795496666678
-0.76851094,-0.672122578066666
-0.4391491,-0.7052051653333348
-0.457447,-0.6359269511999998
-0.5943151,-0.6173509326666661
-0.6953194,-0.5693714390666663
-0.7568003,-0.5350885349999994
-0.6792173,-0.7618261075333324
-0.5313704,-0.5429054044666664
-0.5401534,-0.581208974066668
-0.4640342,-0.6939531705333332
-0.72679174,-0.6195027740666676
-0.94854724,-0.7438795457333327
-0.47647676,-0.7599931424
-0.7524088,-0.816095144666668
-0.61627257,-0.45732987866666747
-0.66750664,-0.6885594226666648
-2.4078133,-0.4576350515999997
-0.76851094,-0.6309499150666664
-0.5591832,-0.4342067991333334
-0.74948114,-0.913069537333335
-0.647013,-0.568571209466667
-0.7758301,-0.3542264434000009
-0.7568003,-0.5101588006666675
-0.6089534,-0.6804566602666654
-0.3908427,-0.525426764133333
-0.25470647,-0.5814626964000014
-0.5152378,-0.4755392776666672
-0.5108768,-0.5124560972666677
-0.6616513,-0.6987838148000001
-0.6850726,-0.5361132089866658
-0.92953223,-0.7021118236666667
-0.47281718,-0.6982036000000006
-0.44061294,-0.40413914953333396
0.021957455,-0.7459576231333318
-0.8958642,-0.7472268480666667
-0.78754073,-0.6500285071333335
-0.7919322,-0.7268112822666662
-0.6030981,-0.7454117059333341
-0.8782982,-0.6954267594666661
-0.7948599,-0.4305183126666669
-0.84023863,-0.4368265014666662
-0.89000887,-0.6275831092666677
-0.36302993,-0.5827020628000007
-0.9529535,-0.5857253492653332
-0.74069816,-0.4448352732666674
-0.5313704,-0.6709759104000007
-0.6089534,-0.7647732880000004
-0.7953478,-0.5740264255333336
-0.51380444,-0.6769532422000014
-0.59138745,-0.30417419440000026
-1.0598131,-0.6393229953999989
-0.84609395,-0.6581674126666677
-0.7626556,-0.527779144
-0.36961716,-0.5575876048666674
-0.5987066,-0.6527487709333347
-0.5899236,-0.712651167066667
-1.2581621,-0.6762993777333334
-0.5123406,-0.7507058781999995
-0.66311514,-0.764704975999999
-0.4340257,-0.6749884328666658
-0.97271526,-0.6067381392666672
-0.42011932,-0.7518379083333341
-0.6367662,-0.6207226261333328
-0.5382321,-0.6837844347999991
-0.68800026,-0.8091175948000017
-0.647013,-0.5908214349333347
-0.3571746,-0.055129382999999914
-0.3044767,-0.6208633130666659
-0.53283423,-0.5201623491999995
-0.46110654,-0.6407624618666681
-0.6177364,-0.6533465223999988
-0.59504706,-0.707826204333332
-0.6235917,-0.5922754879999989
-0.72605985,-0.8194521883333356
-0.6748258,-0.48879246966666595
-0.828528,-0.6277339508666668
-0.6265194,-0.6171508478666664
-0.20054476,-0.6180194107999993
-0.2942299,-0.6761936555333328
-0.7758301,-0.704570834399999
-0.65286833,-0.4749564706666672
-0.5401534,-0.7218928201333316
-0.68214494,-0.5014302061333327
-0.2649533,-0.556079861333334
-0.83731097,-0.4427306066666667
-0.68214494,-0.6374135290000009
-0.58699596,-0.649618630333333
-0.45378742,-0.6668918265333323
-0.45085976,-0.5605754434000001
-0.6748258,-0.7934155760000003
-0.6177364,-0.6104025682666674
-0.5108768,-0.42407164946666753
-1.3208915,-1.0233206182000005
-0.63530236,-0.803148421599999
-0.6953194,-0.6248896370666673
-0.5738215,-0.5278474443333345
-0.6792173,-0.312508257333333
-0.80217904,-0.6383764075333334
-0.655796,-0.7739856681999986
-0.40694484,-0.4517722038666655
-1.3361512,-0.5265742787333335
-0.6074896,-0.5618180816666662
-0.55552363,-0.5027929418000001
-0.61358887,-0.6166808151333346
-0.49916613,-0.750027640666666
-0.72020453,-0.7877570097333348
-0.6909279,-0.38181574246666616
-0.6894641,-0.6191124001999994
-0.15516602,-0.6331233562666673
-0.560647,-0.6026687053333328
-0.9617365,-0.6509556021333338
-0.7099577,-0.47001078306666577
-0.43036613,-0.7365994323999988
-0.5833364,-0.7839309063999989
-0.9280684,-0.4537351609999999
-0.59138745,-0.6674383254666654
-0.49916613,-0.5949494166666656
-0.74948114,-0.4735932957199997
-0.6704343,-0.5414513190000008
-0.49038315,-0.7169076511333319
-0.5064853,-0.6631151696000013
-0.46183845,-0.5495097190666659
-0.49184698,-0.5766125225333341
-0.5072172,-0.6762655383333331
-0.29715756,-0.5744753317333333
-0.27056465,-0.6873717930666666
-0.5372257,-0.5927829601999991
-0.56211084,-0.7100162694000011
-1.3152516,-0.6110603913999987
-0.5818726,-0.5530741340666658
-0.6601875,-0.6231306167999997
-0.8094982,-0.6126910705333332
-0.71581304,-0.6257240482666672
-0.73630667,-0.6942557144000016
-0.5591832,-0.5960278093333328
-0.560647,-0.8163196260000004
-0.62505555,-0.7480270680000006
-0.65433216,-0.5538748574666662
-0.6221279,-0.6859801928000008
-0.72020453,-0.753228543933335
-0.5255151,-0.4754716179333347
-0.6762896,-0.599113465146666
-0.62066406,-0.5558651634666665
-0.5013619,-0.6168580873333325
-0.72605985,-0.8804483527333309
-0.6894641,-0.6238307846666659
-0.48452783,-0.7367555638666672
-0.5313704,-0.5793336201333321
-0.53283423,-0.5832599521333339
-0.7465535,-0.4744322887333347
-0.48450345,-0.44324644773333366
-0.59138745,-0.5217053963333336
-0.6616513,-0.6399085612666653
-0.3044767,-0.4081841965333332
-0.38357234,-0.8380008647999997
-0.67848533,-0.6173465381333331
-0.5796768,-0.5807600487999998
-0.6660428,-0.4764377261333338
-0.6997109,-0.6362977786666657
-0.56650233,-0.49945564100000023
-0.6455492,-0.7582153257333349
-0.5313704,-0.5855516656666674
-0.7692428,-0.7855645617999992
-0.4098725,-0.5707767060000011
-0.5949475,-0.861469267399999
-0.49623847,-0.6492770481333348
-0.61041725,-0.6005412792000003
-0.48891932,-0.4684647558000006
-0.43182996,-0.5893201993333328
-0.23128518,-0.5144615653333336
-1.0085791,-0.5475018191999991
-0.49184698,-0.6215325825333328
-0.34985545,-0.28870466971333286
-0.4296342,-0.5386212491333343
-0.5299066,-0.5705425008666668
-0.62505555,-0.6593970261333326
-0.48160017,-0.719296967866668
-0.6367662,-0.5409633680000004
-0.85890245,-0.31681218639999964
-0.5928513,-0.48947444240000104
-0.64994067,-0.795650357266666
-0.53283423,-0.628851772266667
-0.66311514,-0.6359074197999987
-0.5313704,-0.6988130875999994
-0.59138745,-0.572616264666668
-0.3650761,-0.5888914242666679
-0.5299066,-0.609988261066666
-0.7846131,-0.6404062527999991
-0.8150663,-0.298483986133334
-0.7231322,-0.5082614323333342
-0.65067255,0.15939235386666678
-0.77436626,-0.6178730065999991
-0.6258456,-0.6109051899999993
-0.9225245,-0.10590583229333297
-0.48013633,-0.5767296099999993
-0.8343833,-0.5514151254666673
-0.42743847,-0.6999548753333338
-0.69678324,-0.6269975601333349
-0.43036613,-0.6962269948000009
-0.8006609,-0.7600120348000006
-0.4837959,-0.6353267697999992
-0.55332786,-0.7177648080000012
-0.4435406,-0.4895927052000001
-0.36449376,-0.5605396686666669
-0.57162577,-0.8663712540666683
-0.4874555,-0.5883719600000007
-0.76997477,-0.33601250006666683
-0.61627257,-0.8315239629333347
-0.5167321,-0.7152860707999994
-0.46110654,-0.6370785039333344
-0.6118811,-0.5832212321999989
-0.6718981,-0.5360107510000002
-0.742162,-0.04367094360000005
-0.5123406,-0.5552942727333331
-0.20981568,-0.620195635199999
-0.6616513,-0.6465453474946656
-0.65872365,-0.6549957674666655
-0.82779604,-0.5716891776
-0.4659372,-0.6023466708000002
-0.7187407,-0.7208760449333335
-0.72166836,-0.6123885428666668
-0.87243545,-0.5204419712666657
-0.5167321,-0.5473895775999995
-0.7128854,-0.6011999887333339
-0.5738215,-0.7027459194666653
-0.7758301,-0.4238976175822217
-0.58699596,-0.6528878508000008
-0.97271526,-0.6564010546666655
-0.56943,-0.4163060712533328
-0.3096001,-0.6233270139333343
-0.57235765,-0.5326390630000006
-0.78754073,-0.6949973799999992
-0.48672357,-0.8279473260666684
-0.23860434,-0.793132527933334
-0.13613622,-0.5226302833333321
-0.5562555,-0.6559995373333347
-0.73484284,-0.8206037693999995
-0.6704343,-0.6562693066666657
-0.8446301,-0.6298373959333323
-0.6616513,-0.5180348945333326
-0.6118811,-0.6390839165999997
-0.6616513,-0.7111190353333344
-0.32643417,-0.5462331627333336
-0.62944704,-0.8156950846666645
-0.57674915,-0.617305356666666
-0.29715756,-0.5579340644000005
-0.4969704,-0.43662155633333316
-0.5181959,-0.6948509718000021
-0.7023946,-0.6289883788666665
-0.8055946,-0.5825556714666655
-0.58260447,-0.5692494406666674
-0.4296342,-0.5811552860666671
-0.7714386,-0.4724463645999992
-0.60602576,-0.3692316823999997
-0.45671508,-0.5306734678666671
-0.6426215,-0.8317735924666653
-0.7860769,-0.6077042706000003
-0.65433216,-0.6077261246666669
-0.4556172,-0.4089619962000012
-0.6177364,-0.6171752513333343
-0.32936183,-0.4369143241333329
-0.5855321,-0.6821059041333324
-0.6894641,-0.6471105936666665
-0.6133449,-0.5578657411999987
-0.5079491,-0.587005717666667
-0.72166836,-0.5591148748666662
-0.52844274,-0.6012439113333332
-0.55771935,-0.6295348695999998
-0.7758301,-0.5665803993333344
-0.7611918,-0.6361269784000011
-0.48891932,-0.6449831594
-0.61480874,-0.27990365993333377
-0.4933108,-0.5299748644000004
-0.51380444,-0.5858444129333336
-0.5547917,-0.6147794651999992
-0.6762896,-0.6551323963333319
-0.6118811,-0.6405721732000014
-0.6836088,-0.6304619653333343
-0.65433216,-0.5916597119999999
-0.37913206,-0.6584503978666659
-0.63969386,-0.7132806165999999
-0.6177364,-0.7149445016000003
-0.5752853,-0.697407806999999
-0.80217904,-0.6303302169333341
-0.56943,-0.6501663222666676
-0.5416172,-0.5515907837999998
-0.5928513,-0.6419481516666675
-0.6045619,-0.6557589535999996
-0.6235917,-0.585092966999999
-0.6133449,-0.6247335315333344
-0.5855321,-0.7701504158666672
-0.3718129,-0.6496141523333333
-0.49477464,-0.6403096401333344
-0.6665307,-0.7375167489333324
-0.6982471,-0.6462323056
-0.47720867,-0.5059583134000006
-0.58699596,-0.6370687233333316
-0.5738215,-0.6722071383333321
-0.61700445,-0.6631423570000003
-0.5123406,-0.5981503475333337
-0.52844274,-0.9729617032666699
-0.5928513,-0.5115477071333346
-0.67775345,-0.5785447798666672
-0.9293515,-0.7291183320666668
-0.60602576,-0.5274473376000006
-0.62856877,-0.5532498005333337
-0.6323747,-0.5043383572666666
-0.4391491,-0.4997760759333329
-0.26934478,-0.6067967113333332
-0.102956064,-0.6029810046666673
-0.48599166,-0.7788065321333341
-0.819745,-0.3940728905999998
-0.7048343,-0.5634331817333346
-0.9484,-0.5551563862666675
-0.742162,-0.6059711036000013
-0.75972795,-0.553601101999999
-0.7611918,-0.5900575271333326
-0.6133449,-0.6147404265333338
-0.6762896,-0.4380122017999996
-0.40694484,-0.664315462000001
-0.8428003,-0.4626143028666662
-0.6514045,-0.49023677813333394
-0.75533646,-0.5889965075999994
-0.55771935,-0.6121543207333325
-0.5123406,-0.7126316255333347
-0.72605985,-0.6717712579333334
-0.5332002,-0.6423359133333334
-0.7655833,-0.876308222399999
-0.60602576,-0.6699170564000011
-0.5445449,-0.592617086933333
-0.4933108,-0.6514532978
-0.73630667,-0.5823214586000005
-0.52844274,-0.5130725167333327
-0.20091072,-0.5641406765333334
-0.48599166,-0.6146818701333345
-0.7524088,-0.734412962599999
-0.6982471,-0.45885224920000023
-0.8098713,-0.495379711133334
-0.42597464,-0.7320908566666682
-0.63823,-0.5826923017333323
-0.38205972,-0.6462615933333337
-0.63823,-0.7299731454666667
-0.64408535,-0.8720232202666691
-0.44720018,-0.5012545442666678
-0.46988952,-0.5457777582666664
-0.5020938,-0.38452872200000066
-0.6367662,-0.44946504339999954
-0.339877,-0.7486952039333346
-0.9192854,-0.8571385237333349
-0.63823,-0.7457190583999985
-0.39133063,-0.4386204923333331
-0.34291446,-0.6737673477333342
-0.54893637,-0.6405721460666672
-0.12455163,-0.5786661468000011
-0.56796616,-0.7094112181333326
-0.65433216,-0.6972516611333344
-0.43036613,-0.30944651420000097
-0.73484284,-0.5381901832666676
-0.42011932,-0.6677004901333341
-0.83047974,-0.8875386900000005
-0.5635747,-0.6994113350000011
-0.560647,-0.6873854369333338
-0.6177364,-0.5237975185999996
-0.61627257,-0.445380158666667
-0.578213,-0.7290411823333347
-0.6792173,-0.7464754098000009
-0.7729024,-0.598101557733332
-0.6748258,-0.5841756346666663
-0.66750664,-0.5632916726666672
-0.74768037,-0.38816095956666774
-0.5225874,-0.5782325025333321
-0.22982135,-0.4929692655333325
-0.35058737,-0.6624905583999998
-0.94002306,-0.7106213288666657
-0.82120883,-0.6485646673333337
-0.7546045,-0.6855995874666665
-0.6089534,-0.5699374443333335
-0.742162,-0.5338491569333335
-0.3996257,-0.6160188393999995
-0.53283423,-0.7910002350000016
-0.34802565,-0.47491536033333376
-0.60163426,-0.531087396
-0.62505555,-0.6504091005333319
-0.61627257,-0.609636544533335
-0.7399662,-0.571332979133333
-0.6192002,-0.4632339923333323
-0.5796768,-0.8204964009333321
-0.56211084,-0.6610560207999993
-0.3805959,-0.3826891690000003
-0.3235065,-0.5600232397999999
-0.50062996,-0.6374169081333325
-0.6030981,-0.6617879573333336
-0.46696186,-0.7605623355333325
-0.60163426,-0.6728154421333352
-0.5181959,-0.5984382326666676
-0.7846131,-0.6167556203333345
-0.71749526,-0.7046838209333344
-0.5504002,-0.5206161213999998
-0.3864512,-0.7042234173333345
-0.7568003,-0.3247361139999991
-0.47574484,-0.7237745024000012
-0.9163578,-0.7000817370666663
-0.19176178,-0.6945040570000017
-0.5482045,-0.6589578593333345
-0.75533646,-0.42238416753333313
-0.51157117,-0.749677576399999
-0.63530236,-0.5883914750000012
-0.6762896,-0.7005501734666648
-0.55771935,-0.6538637186666674
-0.60602576,-0.5313234810666672
-0.6265194,-0.6423043549333335
-0.5108768,-0.6954950592000001
-0.4977023,-0.4581315054666667
-0.3527831,-0.7326470905999984
-0.89440036,-0.6900886602000017
-0.67409384,-0.6057525235999998
-0.35424694,-0.5188888135333336
-0.8578046,-0.5744850849999997
-0.93977904,-0.7916199325999984
-0.7099577,-0.5315753589999992
-0.48013633,-0.8358373573999988
-0.61627257,-0.6775094853999977
-0.36242,-0.9001081568666659
-0.7655833,-0.5825068804666681
-0.7948599,-0.6640032036
-0.81242585,-0.6409039613333327
-0.5855321,-0.5370549400666672
-0.92074925,-0.6290238241333332
-0.65872365,-0.6890054285333335
-0.578213,-0.5893673670666677
-0.85487694,-0.4623166515999997
-0.5818726,-0.6721128155333327
-0.25909796,-0.7982559761999972
-0.67263,-0.6342093600000008
-0.6221279,-0.5097771326666677
-0.5313704,-0.4567931405333342
-0.6265194,-0.6194588393999995
-0.40108952,-0.39412167646666607
-0.6030981,-0.3993524415999997
-0.5899236,-0.5623645664666668
-0.63530236,-0.5868690963999988
-0.5269789,-0.5604518361999992
-0.66311514,-0.5293064167999997
-0.8958642,-0.5644090691999989
-0.5160002,-0.679392939066666
-0.41572782,-0.9214388858666672
-0.71142155,-0.4176210286000004
-0.56650233,-0.6328333709333327
-0.53429806,-0.6218156099999996
-0.6235917,-0.7715947426000004
-0.65433216,-0.6936896803333324
-0.560647,-0.6030297857999997
-0.44939592,-0.5587326824666659
-0.7289875,-0.6479401041999984
-0.22250222,-0.6980694700666678
-0.98637766,-0.5532009727333328
-0.55552363,-0.5097154690666669
-0.31862706,-0.4804683668000006
-0.41572782,-0.5309410199333341
-0.2942299,-0.5989603300666664
-0.61261296,-0.7229023196666665
-0.34400013,-0.5163222410000007
-0.45085976,-0.7661346166666647
-0.84482527,-0.46430986160000043
-0.724596,-0.784447178533335
-1.0378557,-0.8042381622666676
-0.6323747,-0.7151543142
-0.34546396,-0.7023945789333346
-0.6660428,-0.5416562576000004
-0.76411945,-0.6547127681333325
-0.5384456,-0.662627220666668
-0.39303845,-0.6308425437999984
-0.5899236,-0.6798271879999999
-0.81242585,-0.7223661058000013
-0.29276606,-0.6572500711999988
-0.80364287,-0.600580297333334
-0.6265194,-0.5829948150666667
-0.91782165,-0.42165633666666746
-0.66091937,-0.5741337648000003
-0.7926641,-0.3606411465333338
-0.62944704,-0.5703896159333323
-0.5445449,-0.6312134026666673
-0.6279832,-0.42069508186666776
-0.7436258,-0.7179502297333337
-0.5855321,-0.5487216777333322
-0.42304698,-0.6289298309333329
-0.5460087,-0.43491374613333333
-0.3864512,-0.4791409437999998
-0.92953223,-0.10937819816000008
-0.48013633,-0.6440755693333324
-0.5079491,-0.6791880089999995
-0.5708938,-0.5166686754666656
-0.66897047,-0.6647465110000013
-0.46549803,-0.7032143345333333
-0.7319152,-0.726157420533335
-0.664335,-0.4766133908666664
-0.61041725,-0.5588709072666672
-0.61480874,-0.48431314766666617
-0.42304698,-0.6508092069999993
-0.6192002,-0.6166726783333333
-0.6704343,-0.5643163493333339
-0.828528,-0.5155986315333329
-0.61480874,-0.5830143401333344
-0.59577894,-0.7830028409333352
-0.80217904,-0.4429452885333349
-0.9997961,-0.4952333293333322
-0.7611918,-0.6298422851333332
-0.62505555,-0.7412958987999982
-0.7729024,-0.7874236136000002
-0.38352355,-0.733408284533334
-0.4596427,-0.5449352421333328
-0.33668098,-0.7893168703333349
-0.6118811,-0.5849173247999996
-0.6235917,-0.5244334669333343
-0.40621293,-0.5138800768000014
-1.1961417,-0.40499901973333297
-0.6426215,-0.7003159586666661
-0.7714386,-0.41627430986666636
-0.79778755,-0.7049700397999988
-0.48891932,-0.6976420322000007
-0.8578046,-0.6355365984000012
-0.5855321,-0.5615643629333337
-0.4933108,-0.6107588028666677
-0.78754073,-0.6452499073999993
-0.5789449,-0.4948136744666675
-0.041353207,-0.5805296336666667
-0.64994067,-0.5158538056666665
-0.44061294,-0.682974429400001
-0.42011932,-0.5888306068000003
-0.48013633,-0.5788912040000002
-0.42158315,-0.704087759799999
-0.4428087,-0.661680576866668
-0.58260447,-0.5671903250666668
-0.72605985,-0.6081678431333347
-0.57235765,-0.5811406567333341
-0.44646826,-0.7411773431999988
-0.64847684,-0.6115931835333324
-0.5445449,-0.6211617492000006
-0.750945,-0.7882538269999994
-0.6133449,-0.8460792682000007
-0.7919322,-0.4085046264000003
-0.66311514,-0.6245675946000002
-0.17419581,-0.6093828087333327
-0.3442441,-0.4917762916666672
-0.40694484,-0.7269381528000005
-0.6422285,-0.07676459786666681
-0.52844274,-0.5404363746666676
-0.327898,-0.6894153126000007
-0.6997109,-0.6786415099999988
-1.0839664,-0.5560017845999996
-0.5167321,-0.738736623999999
-0.63354576,-0.4574518685333324
-0.57235765,-0.619405178666667
-0.5123406,-0.4856494517999993
-0.6601875,-0.6016401133777785
-0.6514045,-0.7647488817333322
-0.5372257,-0.5025524691999996
-0.47281718,-0.5036064256666661
-0.33521715,-0.4750959009333325
-0.7611918,-0.7037608286666671
-0.5884598,-0.5816773629333336
-0.6806811,-0.5843708404666674
-0.65286833,-0.6851311509333324
-0.8709791,-0.6485549222000009
-0.5123406,-0.6121348269333352
-1.026999,-0.31918658366666636
-0.66750664,-0.551707908666666
-0.48891932,-0.7310954300666657
-0.8446301,-0.7167986943999984
-0.5401534,-0.6699658646666666
-0.46988952,-0.4474929329999993
-0.55771935,-1.0149861893333316
-0.81681734,-0.7824173309999988
-0.84609395,-0.5319852152000003
-0.43512356,-0.7326909790666671
-0.6367662,-0.5470529000000013
-0.2708086,-0.5129261575333331
-0.6192002,-0.7659583166666671
-0.20054476,-1.0142684100000006
-0.6074896,-0.513201952133333
-0.50502145,-0.5747583290666679
-0.68653643,-0.6857703621333324
-0.62066406,-0.576092050066666
-0.62505555,-0.6486622605333328
-0.5445449,-0.6752031238000011
-0.51380444,-0.6811885741333321
-0.8138897,-0.5743875008000009
-0.61041725,-0.5373135517333336
-0.6938556,-0.706629922466669
-0.46549803,-0.6053523843333338
-0.7626556,-0.5669530422666672
-0.241532,-0.6337897642666686
-0.20347242,-0.7072496298666667
-0.6806811,-0.5707708847333336
-0.6616513,-0.6221034975999993
-0.44134486,-0.5860298383333323
-0.6030981,-0.706083466933335
-0.60968536,-0.7960407087333308
-0.83145565,-0.6548103377333337
-0.56211084,-0.5942175175999989
-0.51526827,-0.673967034066667
-0.68214494,-0.5912313353333319
-0.5943151,-0.6665014592000006
-0.810962,-0.48969361940000017
-0.68214494,-0.586293319466666
-0.5123406,-0.6497601215333334
-0.44939592,-0.7030435503333347
-0.65433216,-0.5100472906666665
-0.31179586,-0.5726992325999991
-0.65872365,-2.348171657333335
-0.8782982,-0.6344299256666651
-1.0144345,-0.6001004980666658
-0.46549803,-0.5305984927333328
-0.57674915,-0.6033781300666664
-0.7479024,-0.5290103349466664
-0.42011932,-0.7741808429999987
-0.6855043,-0.5357068359333337
-0.60017043,-0.36758244226666725
-0.7524088,-0.6435583734666673
-0.46549803,-0.6569882075999997
-0.8812259,-0.47319529379999903
-0.7473899,-0.6185854045999994
-0.4684257,-0.5137459032000011
-0.72166836,-0.5162588009999995
-0.14453515,-0.7996713357333343
-0.86048824,-0.7114231898666679
-0.39669803,-0.6551811802666659
-1.0497876,-0.7320984372666653
-0.74508965,-0.2793898093333329
-0.5650385,-0.6868975056000005
-0.4933108,-0.6115102493333329
-0.51526827,-0.4396985366666675
-0.6704343,-0.4766077060666665
-0.49038315,-0.5061730229333334
-0.5943151,-0.4427549952666671
-0.5108768,-0.694221540733334
-0.76997477,-0.6339361254666656
-0.5445449,-0.7560635132666679
-0.65945554,-0.5108865381333324
-0.7392343,-0.8135286186666665
-0.43459496,-0.7353510411333356
-0.49916613,-0.7644219871333356
-0.37254483,-0.6821547120000004
-0.36742142,-0.4933645026666664
-0.5547917,-0.6535709646666665
-0.6221279,-0.7571906473999988
-0.46110654,-0.6410193207999995
-0.8724429,-0.6589383494666663
-0.6309109,-0.6602242417333325
-0.62066406,-0.6546405429333323
-0.7084939,-0.6636616440666675
-0.5752853,-0.5793547610000008
-0.48965123,-0.7220343041333341
-0.7611918,-0.6428459889333347
-0.7231322,-0.7080449772000015
-0.42158315,-0.5500001022666664
-0.50502145,-0.5534449651333333
-0.7392343,-0.4808877779333334
-0.7611918,-0.7317590182000004
-0.5635747,-0.7683401500666663
-0.8709791,-0.7276505482
-0.5752853,-0.5777177126666668
-0.8812259,-0.6896982950000011
-0.60602576,-0.6419481672666664
0.038373265,-0.6980275467333336
-0.6192002,-0.6370443223333335
-0.8256003,-0.5790229553333339
-0.86414784,-0.48930968046666634
-0.664579,-0.5747095393333321
-0.46696186,-0.5906896888666684
-0.6030981,-0.5299504962666658
-0.60017043,-0.6804849533333321
-0.72605985,-0.5651995283333329
-0.5272717,-0.01739644599999995
-0.64408535,-0.5176787238666655
-0.6894641,-0.6498430792666671
-0.5247832,-0.8662751529999999
-0.3718129,-0.7124657513333325
-0.63530236,-0.6176778413333325
-0.56211084,-0.34929139353333266
-0.7436258,-0.6215911437333345
-0.74948114,-0.649050992933335
-0.3864512,-0.6354194807999987
-0.40694484,-0.29700809633333286
-0.5167321,-0.7450300967333319
-0.6089534,-0.6083044383999993
-0.5079491,-0.5825068630666654
-0.7582641,-0.5370695762666661
-0.5357619,-0.6123007191999986
-0.5899236,-0.6326616249333324
-1.0817707,-0.6324007452666681
-0.4245108,-0.6344533428000002
-0.76851094,-0.4342257481333332
-0.62505555,-0.6459297716000004
-0.7143492,-0.641007114733334
-0.72605985,-0.42796544433333433
-0.7904684,-0.744757856599999
-0.6953194,-0.5533571455333329
-0.5943151,-0.6479254674666658
-0.4874555,-0.6403769674666668
-0.73045135,-0.6441146419333333
-0.57235765,-0.5861810884000004
-0.551864,-0.6296910034000001
-0.6221279,-0.5043529801333339
-1.7998765,-0.6010836456666676
-0.8627178,-0.6932212562666674
-0.7802216,-0.2822459971999998
-0.5167321,-0.6320331485999985
-0.7143492,-0.5509076625333327
-0.7172769,-0.968704343333334
-0.55332786,-0.0857341909333333
-0.06001704,-0.6655060522666677
-0.6118811,-0.40226058153333294
-0.86512375,-0.7091282117333326
-0.75972795,-0.7411568226666656
-0.60163426,-0.4690958261555548
-0.5504002,-0.7202915556000002
-0.50502145,-0.8119939956666647
-0.7275237,-0.6277489916000004
-0.5979747,-0.7733806196666657
-0.48452783,-0.7133795609333344
-0.6235917,-0.5819213606666686
-0.20493625,-0.6797832950666655
-0.8160854,-0.40163439333333273
-0.64994067,-0.5772175740000005
-0.70117474,-0.6448709551999997
-0.67336196,-0.8546295179333346
-0.7289875,-0.7434950573333321
-0.63823,-0.6209726830000002
-0.4103229,-0.35885299166666695
-0.75972795,-0.7733757240666667
-0.828528,-0.6873269053333347
-0.5840683,-0.437743833666667
-0.6118811,-0.533663725333333
-0.6323747,-0.7340426193333333
-0.7868088,-0.563261643333334
-0.6279832,-0.5146729815333334
-0.7172769,-0.5585586242666668
-0.7626556,-0.6637885082000003
-0.32497033,-0.7393286748000008
-0.6836088,-0.5115599150666668
-0.56028104,-0.6436250069999998
-0.6997109,-0.7068576558666679
-0.6177364,-0.6475692640666657
-0.56796616,-0.49997614373333304
-0.6748258,-0.8017886954666674
-0.47281718,-0.38757835599999935
-0.4098725,-0.5380650007999997
-0.7289875,-0.7061224752666679
-0.474281,-0.54081699
-0.7004428,-0.5984577171333338
-0.74411374,-0.652326711799999
-0.63383853,-0.49107605593333403
-0.5727236,-0.4823711368000005
-0.64994067,-0.6899065093333344
-0.7714386,-0.7540192790666658
-0.48452783,-0.5501074283333344
-0.40499306,-0.4489860396000005
-0.63383853,-0.4353215938266669
-0.7582641,-0.5109670448000002
-0.6118811,-0.6209905901333337
-0.79339606,-0.5708222530666679
-0.65433216,-0.7028142121333348
-0.9954046,-0.7509059396666687
-0.47135335,-0.4687965509999995
-0.60017043,-0.547931202666666
-0.6074896,-0.463185194066667
-0.56943,-0.7061224851333326
-0.66231,-0.9096257789333343
-0.11417877,-0.7120400664666662
-0.8329195,-0.46596646793333385
-0.6115151,-0.7268600751999995
-0.15931353,-0.5548112135333325
-0.9046472,-0.6088168046666678
-0.6287151,-0.7205997702000005
-0.66311514,-0.742454721733332
-0.6982471,-0.5184936016000005
-0.664579,-0.5725577199999996
-0.69678324,-0.6461786298666659
-0.56211084,-0.6638958382000015
-0.5108768,-0.5203136142666669
-0.5064853,-0.7862037701333319
-0.36010227,-0.615101519800001
-0.88415354,-0.6360586954666678
-0.5108768,-0.5887916021333346
-0.56796616,-0.4837959312000003
-0.6850726,-0.6926430269333349
-0.6243236,-0.6778266210666678
-0.22700988,-0.33167324093333334
-0.25982988,-0.39856196759999946
-0.51380444,-0.4998492672000001
-0.61480874,-0.5987651516666673
-0.6660428,-0.5719087444666668
-0.53283423,-0.6862436773333348
-0.7048343,-0.4379096446666666
-0.56943,-0.7314843850666658
-0.6792173,-0.8511880996666665
-0.47574484,-0.5555333590000014
-0.4061316,-0.5452603463333332
-0.63823,-0.5170403200666667
-0.80803436,-0.6424409107776188
-0.5738215,-0.5179519421999995
-0.66897047,-0.5832631779999986
-0.6727356,-1.0927950392666659
-0.50941294,-0.6889371220000012
-0.733379,-0.5860395937333325
-0.5064853,-0.7229126102000003
-0.5752853,-0.6307514817999992
-0.5928513,-0.394102170666666
-1.0846983,-0.5411292699333335
-0.62944704,-0.4019482877333332
-0.5167321,-0.5615741090000003
-0.5899236,-0.7201386308000022
-0.32204267,-0.7421766270000012
-0.73484284,-0.6703321321333328
-0.560647,-0.5003307004666664
-0.5181959,-0.6385618312000012
-0.58260447,-0.6652694111333338
-0.62505555,-0.5815602761333324
-0.62066406,-0.591202035600001
-0.62505555,-0.6018583525333343
-0.49916613,-0.6249921207999997
-0.5899236,-0.7141874847333318
-0.0058553214,-0.3123454307133333
-0.82706416,-0.6197532334666671
-0.8446301,-0.7721997895999996
-0.67775345,-0.604835166666667
-0.5796768,-0.5335856782666676
-0.36357886,-0.6750867881333348
-0.7319152,-0.6033225386000004
-0.4245108,-0.6362802084000008
-0.5299066,-0.4338402806666672
-0.5796768,-0.6131985200666664
-0.7377705,-0.8355836111333313
-0.60163426,-0.8814014977999999
-0.7099577,-0.6359530136666682
-0.98421675,-0.7998629405066647
-0.5416172,-0.7469536089333332
-0.41645974,-0.712104676266667
-0.7465535,-0.7296608643333337
-0.664579,-0.5675367793333331
0.47808698,-0.2024669535733334
-0.6455492,-0.6405279266666661
-0.62505555,-0.6023466578666671
-0.7729024,-0.6490574926000005
-0.647013,-0.30746880633333407
-0.70117474,-0.7439249008666652
-0.73045135,-0.5946323013333344
-0.5108768,-0.7097966802000012
-0.32643417,-0.5311069113333347
-0.8812259,-0.7446285437333319
-0.5401534,-0.4987660221333337
-0.85048544,-0.5763685404
-0.50941294,-0.6239332829333323
-0.44500443,-0.6569622030666679
-0.77875775,-0.6393362852666665
-0.6909279,-0.617433878800001
-0.8856174,-0.569932281066666
-0.2122554,0.03846011446666664
-0.61041725,-0.6306376258666678
-0.5928513,-0.6706782522666676
-0.4523236,-0.7000915006666678
-0.6309109,-0.5935148835333339
-0.66897047,-0.2258153524799999
-0.84170246,-0.6010682313333322
-0.50941294,-0.5407096661333326
-0.7805875,-0.5010984148666671
-0.41280016,-0.5937442332
-0.72166836,-0.5979161323333336
-0.7670471,-0.4775795289999996
-1.0188259,-0.5954682815999989
-0.55332786,-0.6511800320000014
-0.474281,-0.5402704723999996
-0.4874555,-0.6434900540000015
-0.62139595,-0.7566343968666687
-0.9705195,-0.703921854933334
-0.7816854,-0.6644229276666671
-0.07685109,-0.6741491595333341
-0.560647,-0.6685280686666661
-0.6177364,-0.7238950852666649
-0.6492087,-0.5844002742666659
-0.2942299,-0.7681474181333336
-1.0305365,-0.6657532713333324
-0.5943151,-0.7984901992666676
-0.58260447,-0.5080304624666667
-0.47135335,-0.5207915843333335
-0.69336766,-0.7280701970666672
-0.6133449,-0.5662632434666665
-0.7150811,-0.3029341943733337
-0.655796,-0.7452262293333345
-0.69678324,-0.8175492196000007
-0.72605985,-0.7256109626000002
-0.4245108,-0.7664225267999999
-0.5708938,-0.6781212313999991
-0.56211084,-0.3444295197333341
-0.39377037,-0.6985203227999985
-0.914894,-0.6679457620000009
-0.810962,-0.5596028168000005
-0.7480173,-0.7147590713333345
-0.77875775,-0.7110702282666678
-0.6279832,-0.6619830976000006
-1.0202898,-0.6553568454666654
-0.59577894,-0.9523387626666662
-0.9470982,-0.4082671650666672
-0.54747254,-0.6954072480666668
-0.50941294,-0.6441634213333333
-0.6235917,-0.6145159902000015
-0.655796,-0.7287744459999999
-0.7846131,-0.646388432000001
-0.32057884,-0.5477555384666674
-0.72166836,-0.7158032897333315
-0.42304698,-0.6617781855999997
-0.7187407,-0.9373100823333321
-0.63383853,-0.5608812259333338
-0.3044767,-0.6154820957333339
-0.6894641,-0.5434128406666677
-0.5079491,-0.8649431852000017
-0.5445449,-0.533130257
-0.6572598,-0.678402409333333
-0.5079491,-0.7126447179333327
-0.5116087,-0.659514139066668
-0.34985545,-0.5695763869333327
-1.0429791,-0.5959692567333338
-0.29788947,-0.5108098732000005
-0.6177364,-0.4825386140666663
-0.85487694,-0.6900301079333336
-0.70337045,-0.5716159754666674
-0.284715,-0.5351665896666656
-0.5460087,-0.4775502568666666
-0.51965976,-0.4978682220666659
-0.62505555,-0.5670260657333336
-0.6235917,-0.5678490530666663
-0.551864,-0.6922063273333325
-0.49477464,-0.5180592995999994
-0.94563437,-0.626636491733332
-0.6718981,-0.6975834697999997
-0.4523236,-0.6371565503333328
-0.83584714,-0.6178730282666665
-0.6133449,-0.6678530799999994
-0.68873215,-0.5781316523333343
-0.41133633,-0.561383807666667
-0.70703006,-0.6593384546666669
-0.6074896,-0.38623001733333434
-0.43768528,-0.6071041290666654
-0.49184698,-0.5256614462666659
-0.42597464,-0.5641114193333336
-0.6045619,-0.6853105255333338
-0.750701,-0.7770694818666684
-0.4837959,-0.4492328129333334
-0.5928513,-0.7161497387333337
-0.6514045,-0.5697130009999994
-0.8812259,-0.5333807373333328
-0.44207677,-0.6681370609999984
-0.72605985,-0.5442716485333338
-0.6192002,-0.8765952961333323
-0.45525125,-0.3987099809333318
-0.52331936,-0.4853475861333334
-0.72166836,-0.5144046070000001
-0.13760005,-0.48350317059999903
-0.6279832,-0.6685280686666661
-0.6089534,-0.664912269333333
-0.67336196,-0.6134815102666658
-0.63383853,-0.5221970632000007
-0.5504002,-0.33972537993333285
-0.551864,-0.7114231898666679
-0.5211236,-0.5965889148000014
-0.7436258,-0.7050099719999994
-0.40255335,-0.6158236739999986
-0.6192002,-0.562319036666666
-0.5855321,-0.6111784363333339
-0.36449376,-0.6309836212666675
-0.5504002,-0.5088079071333332
-0.6634079,-0.5172590769999995
-0.32057884,-0.5179890590666664
-0.6792173,-0.5454231803333336
-0.69458747,-0.6479484502666676
-0.8929365,-0.7500552941333344
-0.049997937,-0.5982315422000001
-0.36181006,-0.785282772866668
-0.6265194,-0.5820238120000005
-0.7714386,-0.5757147178666657
-0.8724429,-0.5404461546666672
-0.810962,-0.8091468464666658
-0.75387263,-0.5104571405333329
-0.82120883,-0.4304149096666655
-0.56796616,-0.4974968674666657
-0.68800026,-0.7173451805333343
-0.69239175,-0.6880197889333344
-0.89440036,-0.6188684293333343
-0.47281718,-0.6789245036666675
-0.6045619,-0.6492786933333333
-0.32716608,-0.644563520200001
-0.6235917,-0.45159166280000024
-0.560647,-1.001640533600001
-0.80364287,-0.40815559546666746
-0.80803436,-0.7193463946666672
-0.6909279,-0.6686776994000004
-0.6133449,-0.6828443410000008
-0.7904684,-0.48642594239999976
-0.3805959,-1.0716676319999987
-0.62944704,-0.5414513176666674
-0.5108768,-0.4782431365333327
-0.25318456,-0.5888781660000005
-0.5357619,-0.6263876473333319
-0.31545544,-0.6657793255333344
-0.48965123,-0.5606323657333334
-0.560647,-0.6629785152000008
-0.9680798,-0.6341166260000006
-0.40108952,-0.48697729046666666
-0.5123406,-0.7229662839999988
-0.810962,-0.4887143859999993
-0.67775345,-0.5602859506000001
-0.5211236,-0.5134702228000018
0.14016175,-0.6336238477333341
-0.45671508,-0.4789126712666667
-0.5035576,-0.6396060435333337
-0.63823,-0.7093526485333357
0.27527714,-0.7068710680000004
-0.5108768,-0.4284533830666664
-0.43475762,-0.7972508079333326
-0.39669803,-0.6339409866666675
-0.5401534,-0.5255980548000009
-0.80364287,-0.6498576847333339
-0.5255151,-0.536005846733333
-0.78754073,-0.768115703133331
-0.5504002,-0.24585647393333337
-0.7729024,-0.6300618571999996
-1.0634727,-0.7966067178666665
-0.560647,-0.6366084285333334
-1.0627408,-0.6113736159333324
-0.33835393,-0.6894933439333348
-0.66311514,-0.703921854933334
-0.2190866,-0.5616917236000005
-0.4581789,-0.5753357395333344
-0.6323747,-0.7391513649333332
-0.24006817,-0.5230851259333346
-0.552596,-0.6652257724959987
-0.7143492,-0.6680141035999995
-0.5752853,-0.6167409926666663
-0.5445449,-0.5394946475999987
0.012863476,-0.5249683029333344
-0.42341292,-0.6962969432000007
-0.6894641,-0.4984390961333338
-0.3864512,-0.7418887326666672
-0.6309109,-0.5882151483333329
-0.58260447,-0.6436266816666653
-0.6514045,-0.5362132682666673
-0.36785126,-1.1624602583466679
-0.4245108,-0.4837617786666662
-0.60163426,-0.4743005533333337
-0.3952342,-0.5443953030000012
-0.26348945,-0.3720080796000001
-0.5313704,-0.632120977866668
-0.35863844,-0.5457452151333335
-0.62066406,-0.7444016341333342
-0.37034908,-0.5517566925333341
-0.53868955,-0.6729228050000018
-0.5372257,-0.4450792414000004
-0.3743746,-0.840433770000002
-0.62505555,-0.5914264894666673
-0.61480874,-0.6247042447999995
-0.7797458,-0.6510385533333349
-1.096409,-0.5355471984666675
-0.6718981,-0.6725324494000012
-0.5899236,-0.6462810795333318
-0.42158315,-0.6351950396000005
-0.90757483,-0.40517847879999985
-0.38352355,-0.7190529895333326
-0.8353686,-0.44340181680000074
-0.5643066,-0.7322030721999998
-0.5855321,-0.5849270855999994
-0.6792173,-0.3655283564499991
-0.65872365,-0.4602151370000005
-0.4640342,-0.593758860999999
-0.98369396,-0.4463511487333335
-0.5928513,-0.4664836941333343
-0.6762896,-0.6555325039333325
-0.42597464,-0.7325007049333315
-0.8680514,-0.6416306850666661
-0.88634926,-0.687970987399998
-0.5643066,-0.7300474117866652
-0.74069816,-0.654581010599999
-0.6518924,-0.6419188760000006
-0.5357619,-0.5968075378666663
-0.19176178,-0.6847700494666682
-0.7963237,-0.5817944907333321
-0.6221279,-0.5841756346666663
-0.48891932,-0.5584293062222214
-0.6616513,-0.5362010374000002
-0.647013,-0.5195882067333337
-0.21957456,-0.7820660124666662
-1.0158982,-0.601712348133334
-0.664579,-0.6549814159166677
-0.6616513,-0.5939052254000002
-0.35131928,-0.7974166988666679
-0.5211236,-0.49746809953333243
-0.5738215,-0.49301805926666714
-0.7099577,-0.626719408933332
-0.66897047,-0.7190929831333344
-0.8393603,-0.6121783413333329
-0.6367662,-0.6009983262666677
-0.67775345,-0.5183960074000001
-0.83731097,-0.5608617101333331
-0.3908427,-0.6560594919333356
-0.6074896,-0.5997215245333329
-0.6514045,-0.6444952024000009
-0.655796,-0.7267088344666686
-0.73045135,-0.6011072897999992
-0.8204769,-0.4811965052000007
-0.5357619,-0.7729512237333315
-0.55332786,-0.5682198840666672
-1.0978727,-0.6478620385333326
0.044158883,-0.7053243898666676
-0.83145565,-0.46148910973333385
-0.8756313,-0.8126905412199991
-0.75387263,-0.5959302106666654
-0.724596,-0.5925487363999992
-0.39669803,-0.33054264213333273
-0.71142155,-0.4514050322666666
-0.6118811,-0.5649214149333339
-0.4435406,-0.8369596131333336
-0.5181959,-0.6071057259333343
-0.78900456,-0.6425092947999999
-0.63530236,-0.6262851631333342
-0.54747254,-0.4144396342666663
-0.72166836,-0.9521305337333339
-0.4596427,-0.6142134375333335
-0.28105542,-0.7692135717333339
-0.81581247,-0.5988334761999997
-0.8094982,-0.5731578799333342
-0.48452783,-0.6714153868000007
-0.49038315,-0.5520201788666664
-0.7816854,-0.26907803269333314
-0.30008522,-0.46622020619999965
-0.5460087,-0.8643429730666674
-0.3227746,-0.6471740520000009
-0.4684257,-0.6257093795333316
-0.4786725,-0.5582365859333335
-0.6030981,-0.6073432022000004
-0.45134768,-0.7109433616000015
-0.4977023,-0.6352511266666659
-0.7729024,-0.6406697579333334
-0.41865548,-0.7235252041999987
-0.54893637,-0.6315549565333337
-0.8138897,-0.6425881076000007
-0.74143004,-0.5010886482666667
-0.53868955,-0.8097714407333321
-0.42304698,-0.5374257986666663
-0.70117474,-0.7082743007333341
-0.51351166,-0.6169166605333329
-0.5203917,-0.7221538638666661
-0.16834049,-0.5935831961333328
-0.45378742,-0.6843114152666678
-0.109973736,-0.5197218493333335
-0.60602576,-0.7109941060000013
-0.57567567,-0.5744460838666658
-0.7436258,-0.6165653359333322
-0.7014293,-0.6341703250666674
-0.84609395,-0.6729032876
-0.89440036,-0.31034667113333275
-0.6074896,-0.5482825303333332
-0.62944704,-0.5897821194666657
-0.5460087,-0.4890852325333329
-0.53429806,-0.44835244579999983
-0.66750664,-0.551161391666666
-0.108941816,-0.7278672774133341
-0.66897047,-0.6397402086666678
-0.7128854,-0.6101244692000006
-0.8636599,-0.6919623843333355
-0.64994067,-0.659231128000001
-0.71361727,-0.6039275902000013
-0.47281718,-0.6874684029333327
-0.83584714,-0.6170239866666676
-0.3042734,-0.05955510699999973
-0.75533646,-0.5922169672666676
-0.5357619,-0.6200785309999999
-0.5796768,-0.6959732378666682
-0.60017043,-0.5528691874666657
-0.7099577,-0.7038096249333342
-0.49477464,-0.5425638218666674
-0.8329195,-0.7154617176000007
-0.23860434,-0.6377518333333337
-0.5372257,-0.5804509983333335
-0.7055662,-0.5491852353333344
-0.73630667,-0.644246360799999
-0.82267267,-0.7827491188000003
-0.56650233,-0.4543241375333335
-0.78900456,-0.5999547468666658
-0.51965976,-0.7811990881333324
-0.49038315,-0.6804462974133344
-0.6953194,-0.6500675389333347
-0.64408535,-0.3267757136000004
-0.8621961,-0.6987252613333329
-0.43622145,-0.6508336003999995
-0.66701585,-0.570971912
-0.3864512,-0.530941013666667
-0.5357619,-0.6100073822666662
-0.46696186,-0.38488002899999973
-0.6030981,-0.5891331480000009
-0.66311514,-0.7482417734666669
-0.65872365,-0.6450693694666669
-1.0620089,-0.43418184206666666
-0.76485133,-0.6376445096666662
-0.51965976,-0.5772468474000008
-0.46319774,-0.6618269755999999
-0.5752853,-0.6967246853999995
-0.9476502,-0.4574933262666674
-0.47720867,-0.4649808307333339
-0.5972428,-0.7012235116666676
-0.9851578,-0.5781666229333328
-0.7083719,-0.6259972756000006
-0.664579,-0.5081150261333337
-0.6089534,-0.816261097733334
-0.6455492,-0.6796759586666665
-0.5943151,-0.6745769339999996
-0.6030981,-0.5852003354666663
-0.6909279,-0.6841796446000014
-0.5335662,-0.6150234313333346
-0.63530236,-0.6724251068
-0.52405125,-0.43851477266666783
-0.6000833,-0.5300431970666667
-0.4933108,-0.9514994430666663
-0.60017043,-0.5093934382666672
-0.5357619,-0.5486159593666667
-0.7436258,-0.5954048570666682
-0.76851094,-0.649091643466667
-0.39669803,-0.4882850081333334
-0.750945,-0.6830427551999999
-0.67336196,-0.6477742115333339
-0.47281718,-0.5615741053333335
-0.6192002,-0.34919184519999946
-0.5928513,-0.5379410353333335
-0.664579,-0.541262984066667
-0.58533406,-0.6138035685333351
-0.7948599,-0.6074407857333326
-0.7128854,-0.6386691856000009
0.2401457,-0.5558261268666662
-0.47574484,-0.6057525044666662
-1.3671931,-0.5290590749999994
-0.7714386,-0.630061839733335
-0.742162,-0.673644965866666
-0.6455492,-0.6369443109333338
-0.647013,-0.7799385525333318
-0.55552363,-0.6834623894666656
-0.41572782,-0.5274668673333331
-0.7319152,-0.5885378598000001
-1.0261451,-0.800510273600002
-0.75533646,-0.5791986226666668
-0.50941294,-0.5505173145333337
-0.6367662,-0.7067763226666677
-0.54308105,-0.605284061133332
-0.45085976,-0.8013300151999992
-0.7209364,-0.5878352339333326
0.032343995,-0.1693114969666668
-0.6909279,-0.7156300458666676
-0.47135335,-0.7078652654000002
-0.5840683,-0.7746883029333319
-0.43622145,-0.6437346768666651
-0.60017043,-0.5913484287999986
-0.80437475,-0.6603013149333322
-0.34985545,-0.662500347333335
-0.8870812,-0.4945794876000005
-0.98623836,-0.6967687040000011
-0.5815066,-0.5089103696666676
-0.6572598,-0.6804761783999996
-0.7062981,-0.6389896066666668
-1.0846983,-0.29847879506666686
-0.76997477,-0.6762310701333346
-0.63530236,-0.6136588165333321
-0.68214494,-0.7488028993333349
-0.5108768,-0.4654980504000004
-0.39921463,-0.8300459266666651
-0.79998326,-0.6308035339999991
-0.5987066,-0.5708255158666667
-0.3527831,-0.45914990546666756
-0.62066406,-0.5186789953999994
-0.6847909,-0.6448026283333343
-0.7887606,-0.6349699130000006
-0.6367662,-0.6856874108666673
-1.0614356,-0.3800594980666673
-0.60017043,-0.48397157293333265
-0.49477464,-0.5420563850666674
-0.6953194,-0.5090079586666673
-0.8299918,-0.5555626346666656
-0.68214494,-0.6539027710666654
-0.578213,-0.45090854046666673
-0.40840867,-0.5278767299333336
-0.73484284,-0.506475540066667
-0.89000887,-0.7862330550000016
-0.97930247,-0.6784658444000002
-0.7099577,-0.6253288135333342
-0.6279832,-0.6399768668000009
-0.37913206,-0.5761489897999992
-0.6909279,-0.7376485096666677
-0.655796,-0.4053780343333323
-0.45378742,-0.5744265378666673
-0.5840683,-0.47055312793333287
-0.647013,-0.7357917945333348
-0.43182996,-0.4327879333333327
-0.76997477,-0.6176984339333322
-0.6265194,-0.5435396960000008
-0.63823,-0.696841819066667
-0.8519493,-0.5306635326000009
-0.14711495,-0.5447791049333333
-0.48452783,-0.5689225328000003
-0.64408535,-0.6316232616666678
-0.73045135,-0.7199605723333349
-0.776562,-0.5642001183333323
-0.8299918,-0.3236724101333337
-0.66311514,-0.6081133385333343
-0.42158315,-0.611842034866667
-0.63530236,-0.4768768906666676
-0.5855321,-0.6248896506666678
-0.47062144,-0.5270082146000001
-0.7802216,-0.44637648153333365
-0.7480173,-0.6203615368000005
-0.7319152,-0.7156373961333344
-0.62505555,-0.5583683093333343
-0.6333506,-0.6250848210666675
-0.3718129,-0.5066121428666668
-0.483064,-0.6275635809333336
-0.7289875,-0.6504871785333345
-0.23348093,-0.43942234313333406
-0.5123406,-0.635780549333334
-0.7655833,-0.4923837364666671
-0.81681734,-0.6146038043333322
-0.4786725,-0.5584707818666652
-0.9807663,-0.45980860240000015
-0.6133449,-0.4697870825333334
-0.7816854,-0.4959977682000009
-0.44646826,-0.5925991831999986
-0.6221279,-0.6377323269333314
-0.7019066,-0.5969060928000017
-0.43036613,-0.5738204996000014
-0.6894641,-0.6109491224000012
-0.8395067,-0.6326186783999985
-0.474281,-0.6053524028666658
-0.2768992,-0.44669758193333364
-0.5877279,-0.5035137199999999
-0.5079491,-0.5961692817333324
-0.80217904,-0.7959317192666687
-0.5416172,-0.620703088
-0.35937035,-0.5949201672000011
-0.66311514,-0.7434804190666667
-0.33960864,-0.7424645086666672
-0.64408535,-0.8487581112000022
-0.5504002,-0.5918753906666674
-0.51526827,-0.4376169589999996
-0.8929365,-0.5210455234666668
-0.993167,-0.383825105266667
-0.6718981,-0.5548112135333325
-0.65116054,-0.7708433100000008
-0.83584714,-0.4930326992000001
-0.3718129,-0.5688786249999995
-0.69678324,-0.6420359690000005
-0.61480874,-0.5670293102666656
-0.6850726,-0.6826231381333329
-0.61041725,-0.5592856723333327
-0.55771935,-0.5898943477999989
-0.8007152,-0.4628875341333336
-0.5299066,-0.5877910210666653
-0.5211236,-0.6470032400000013
-0.578213,-0.5722503129333341
-0.56796616,-0.5725674753333319
-0.5079491,-0.6026003956666659
-0.5313704,-0.5750120834666674
-0.63823,-0.6996230967333344
-0.7992514,-0.7587715791333344
-0.28251925,-0.5425687257333341
-0.6118811,-0.6672089870666665
-0.6411577,-0.7339937914666688
-0.560647,-0.6448172652666656
-0.9046472,-0.5883784637333337
-0.9529535,-0.6720640399999999
-0.86512375,-0.5068541838000002
-0.5357619,-0.8939660786000009
-0.63823,-0.8190874046666659
-0.733379,-0.5464234878000008
-0.52288413,-0.624831094193334
-0.2993533,-0.523319322599999
-0.062212788,-0.6281247145999991
-0.15662985,-0.38912578260000025
-0.5299066,-0.550551477800001
-0.5738215,-0.7246936174000006
-0.6755577,-0.720350908866668
-0.60163426,-0.6223621088666667
-0.4245108,-0.6003558357333341
-0.55771935,-0.8072292283333354
-0.6894641,-0.5672293734666671
-0.47135335,-0.6733814743333336
-0.7655833,-0.6311304611333332
-0.57235765,-0.4876506832000004
-0.66311514,-0.7912588593333315
-0.7319152,-0.6208169538666669
-0.68653643,-0.660089892
-0.7128854,-0.6589188272666672
-0.51380444,-0.6715077719333327
-0.78754073,-0.6037519258666673
-0.64994067,-0.7728194792000008
-0.51380444,-0.6861070296666674
-0.53283423,-0.6202444313333325
-0.5035576,-0.6983153843333336
-0.61627257,-0.6852872937333327
-0.48013633,-0.5903042049333336
-0.31263423,-0.4196703964000006
-0.8812259,-0.790829472333332
-0.74069816,-0.8686873240000004
-0.46696186,-0.7862037701333319
-0.55332786,-0.6763628011333336
-0.6133449,-0.6674090503333331
-0.48636624,-0.44959349533333265
-0.63383853,-0.7741710866666683
-0.49989805,-0.5505173254000001
-0.57016194,-0.5712841870666676
-0.67775345,-0.5517436742222225
-0.35424694,-0.6961196451333319
-0.61480874,-0.6549079369333329
-0.7209364,-0.7103513455333341
-0.65433216,-0.7216927521333343
-0.60017043,-0.4453167039333336
-0.24519157,-0.6792123774666674
-0.2993533,-0.5744070166666673
-0.5079491,-0.6945972595333326
-0.7758301,-0.6601676343333333
-0.95002586,-0.6533413065333327
-0.6660428,-0.5926073168666661
-0.483064,-0.5649135913333342
-0.7802216,-0.6667893506666681
-0.50941294,-0.5886159332000012
-0.41719165,-0.8086090439333347
-0.53868955,-0.565799683066667
-0.6177364,-0.5830448361333341
-0.7084939,-0.5157318225999991
-0.84170246,-0.7089330485333343
-0.65286833,-0.7371827417999987
-0.36742142,-0.5714500748666662
-0.7099577,-0.5223922304666664
-0.86512375,-0.5415619151999994
-0.5943151,-0.7888679326666659
-0.6884882,-0.5221482756666656
-0.56943,-0.5307604764000008
-0.91343015,-0.7194530977999998
-0.67336196,-0.5265300166666661
-0.5357619,-0.536518222933334
-0.38791505,-0.7051466130666677
-0.35424694,-0.6040739820666666
-0.50941294,-0.6997011475999977
-0.6748258,-0.5963449466000014
-0.44939592,-0.6733131424000011
-0.41865548,-0.4806399112000011
-0.41206825,-0.8526714226666654
-0.5269789,-0.542075877000001
-0.73630667,-0.4256151556666674
-0.7275237,-0.5174835287999996
-0.63969386,-0.6738499180666678
-0.45012784,-0.6296422249333321
-0.63823,-0.6533318929333342
-0.21957456,-0.6834916738666656
-0.6265194,-0.5615887391999991
-0.64994067,-0.6024832778666654
-0.56943,0.1578269781999997
-0.7524088,-0.5274413583333322
-0.4374413,-0.12060737832000011
-0.7626556,-0.6559716593999987
-0.63823,-0.7251815553333316
-0.4933108,-0.5658924092000002
-0.5972428,-0.8015992143999989
-0.52844274,-0.6875368331333327
-0.647013,-0.6295299991333351
-0.5372257,-0.5170285282666658
-0.7692428,-0.4767109864666669
-0.8138897,-0.4991124893999994
-0.5547917,-0.576222176533334
-0.5123406,-0.5804965498000013
-0.6572598,-0.7219903913333343
-0.43182996,-0.6016440276000008
-0.7099577,-0.6208006854666676
-0.73045135,-0.46160425559999974
-0.1620604,-0.647964511333332
-0.65872365,-0.5741923339333327
-0.42817038,-0.6591139954000009
-0.664579,-1.134566596400001
-0.5796768,-0.6200004634666674
-0.54308105,-0.7131390935333336
-0.45525125,-0.7216293275333332
-0.8051067,-0.7241080857333315
-0.7099577,-0.7908392219333328
-0.8768344,-0.604962019533333
-0.5884598,-0.6072536523333337
-0.63823,-0.6955373463333344
-0.67336196,-0.6733717110000003
-0.5372257,-0.6524926048000005
-0.72605985,-0.7009307541333344
-0.74069816,-0.5763620550666686
-0.58260447,-0.6535904613333344
-0.3615661,-0.5689420437333332
-0.6762896,-0.4891632993333328
-1.0012599,-0.6368758114533337
-0.6133449,-0.6387570185333336
-0.5064853,-0.639137594000001
-0.9017195,-0.6427581330666676
-0.72605985,-0.5657338457333342
-0.48599166,-0.7242264777333325
-0.47135335,-0.6435193218666655
-0.7611918,-0.5859712825333339
-0.7143492,-0.5877181125333333
-0.6704343,-0.7953624636000003
-0.68214494,-0.5868886259999997
-0.82706416,-0.7532285590000009
-0.5460087,-0.6353267339999993
-0.78900456,-0.6270073514000006
-0.5372257,-0.5505661106666672
-0.6118811,-0.5164979120000002
-0.67336196,-0.26140911453333376
-0.49038315,-0.6044838472000008
-0.6792173,-0.5319949602666669
-0.47062144,-0.5092193911333338
-0.64994067,-0.6174046046666665
-0.5123406,-0.6898934794666658
-1.0041876,-0.5646579164000008
-0.89952374,-0.5946127724666672
-0.7128854,-0.6414114233333322
-0.70132107,-1.0623042253333346
-0.43182996,-0.5892502527333339
-0.48013633,-0.7650270213333323
-0.061480872,-0.8336655502666658
-0.37327674,-0.6277782789333342
-0.17273198,-0.5162832036666668
-0.7904684,-0.5651946362000007
-0.44939592,-0.612798411466666
-0.48891932,-0.5254988218666675
-0.7143492,-0.6199614378000017
-0.647013,-0.6782511426000001
-0.6718981,-0.7496519223999997
-0.6953194,-0.5541866323333335
-0.957345,-0.5276815556666675
-0.43622145,-0.481424527666667
-0.5123406,-0.6771516511333333
-0.5899236,-0.654145113799998
-0.50502145,-0.4574518685333324
-0.62066406,-0.5754512180000011
-0.3132597,-0.5784471853333325
-0.33960864,-0.7358284760000002
-0.69678324,-0.5637722973999991
-0.6177364,-0.6689119155999987
-0.6539662,-0.5264031177999998
-0.5972428,-0.7363554716000017
-0.6177364,-0.4842985123999992
-0.5372257,-0.6381422055333325
-0.7802216,-0.5482337422666668
-0.6426215,-0.7429661030666679
0.3704078,-0.2962256886
-0.48891932,-0.6693900813999993
-0.91343015,-0.48113175786666584
-0.8621961,-0.5740638164666679
-0.62505555,-0.7137337352000003
-0.58699596,-0.7132854986666682
-0.6770215,-0.4533775451333344
-0.7436258,-0.6921282597333325
-0.46696186,-0.5030935192000002
-0.4977023,-0.6388350656666675
-0.5928513,-0.3948048005333333
-0.50502145,-0.747763593866668
-0.7846131,-0.6249335838000006
-0.56796616,-0.6592994253333325
-0.74948114,-0.6111198918000016
-0.64847684,-0.5462038960000014
-0.66311514,-0.47965817006666794
-0.6389619,-0.4784578249333323
-0.29517898,-0.4730783302666667
-0.62066406,-0.7690281708666675
-0.28691074,-0.6560800258000005
-0.6137109,-0.6269341411999994
-0.4384172,-0.6232892100000005
-0.92660457,-0.4888461405333335
-0.66750664,-0.688493086466666
-0.6909279,-0.6928406583333324
-0.6601875,-0.4784578249333323
-0.6323747,-0.6424019368000005
-0.64994067,-0.6183109973333343
-0.52844274,-0.40712049773333325
-0.74508965,-0.6560741094666663
-0.25324264,-0.8596320238000017
-0.7436258,-0.6746354933333341
-0.83584714,-0.4938029549999997
-0.54893637,-0.572972449
-0.46257037,-0.7191749823333345
-0.58699596,-0.5736677820666667
-0.5313704,-0.6519314653333337
-0.39816186,-0.5067390189333334
-0.69239175,-0.8568238115333351
-0.83301705,-0.1138286960666667
-0.7377705,-0.6805916383999996
-0.22542988,-0.6486822866666675
-0.88854504,-0.6101358698000001
-0.63383853,-0.6868487296000011
-0.13686813,-0.563281917933334
-0.79339606,-0.6832867243999996
-0.47281718,-0.6297934946666659
-0.79778755,-0.6052987128000008
-0.26348945,-0.8894965105333338
-0.60163426,-0.48429037286666726
-0.58260447,-0.4681589547333337
-0.46330228,-0.6637104460000007
-0.61480874,-0.5703043753999996
-0.5738215,-0.7631825911999996
-0.4193874,-0.6565441754666661
-0.5921194,-1.0080880151999996
-0.7729024,-0.7210535544666651
-0.42011932,-0.6400939896000012
-0.54747254,-0.5838243419999999
-0.42742708,-0.8245804830666675
-0.6192002,-0.6272268894666674
-0.6850726,-0.8432150634666642
-0.49477464,-0.6901992470000009
-0.67336196,-0.6571970419333344
-0.63530236,-0.4634340549333343
-0.8501195,-0.6682385568666659
-0.7524088,-0.5514980555999995
-0.64408535,-0.7405322601333316
-0.33082566,-0.5238853450000001
-0.3864512,-0.6282223039333326
-0.5547917,-0.4989343636666675
-0.560647,-0.6812178554666655
-0.7041024,-0.6066405732666659
-0.8256003,-0.41350363413333385
-0.82120883,-0.592207196133332
-0.664579,-0.6323893425333328
-0.56650233,-0.6061135947333326
-0.8058386,-0.49700944033333316
-0.65433216,-0.6194246823333337
-0.65872365,-1.0972075276666653
-0.5108768,-0.6967832378666668
-0.75387263,-0.6134229644000007
-0.8387748,-0.7104066339999994
0.15714817,-0.32354566239999927
-0.7480173,-0.5235592646666664
-0.46549803,-0.5814568038666659
-0.64994067,-0.7855401406666654
-0.2122554,-0.6370677420333342
-0.45451933,-0.5664193695999994
-0.83731097,-0.6098024263333326
-0.5943151,-0.6529073755999993
-0.62944704,-0.766125353933335
-0.75463116,-0.5267593727999994
-0.897328,-0.687668441066666
-0.43622145,-0.549912284666667
-0.68800026,-0.4890689780000008
-0.5796768,-0.6805347347333316
-0.6709222,-0.49902301959999895
-0.4933108,-0.5722210380666661
-0.57235765,-0.5706693550666674
-0.5730896,-0.7756885702666688
-1.0081668,-0.5996529853333342
-0.6411577,-0.7034192786000014
-0.8153535,-0.543051760866667
-0.5738215,-0.4526358451333335
-0.5650385,-0.5120283150000005
-0.7816854,-0.5408365014666677
-0.6221279,-0.6304034170666664
-0.47281718,-0.6342484130666662
-0.82267267,-0.6915817651333341
-0.7392343,-0.5728846594666687
-0.6894641,-0.6205624033999997
-0.77509815,-0.5566288025333337
-0.560647,-0.7142906526666676
-0.6755577,-0.17536596326666626
-0.57235765,-0.6841650423333342
-0.36742142,-0.6588993122666652
-0.5943151,-0.6678286961333337
-0.70263857,-0.5382113889333334
-0.3996257,-0.6972126557333339
-0.7783918,-0.7087085654666682
-0.50502145,-0.6475253466000004
-0.43036613,-0.6249969888000003
-0.62505555,-0.7323738424666647
-0.63383853,-0.5956423169999988
-0.44500443,-0.5236657994666658
-0.83145565,-0.5994190153333337
-0.560647,-0.6468080695999988
-0.7846131,-0.9039866049333322
-0.54747254,-0.6671553245999982
-0.54308105,-0.5523617584000002
-0.5313704,-0.7983852774666687
-0.6023662,-0.6866348776666663
-0.85048544,-0.41925425366666647
-0.62944704,-0.5855028720666656
-0.30154905,-0.5001127366000001
-0.74948114,-0.8485238773999986
-0.5401534,-0.7629190974666671
-0.48599166,-0.698393456266666
-0.64847684,-0.6217668201333327
-0.65286833,-0.5459159872000003
-0.8870812,-0.46517357339999876
-0.51965976,-0.6032542575333331
-0.64847684,-0.8172564508000013
-0.5416172,-0.5438129821333335
-0.63530236,-0.9437606880666649
-0.41097036,-0.5251344826666665
-0.4874555,-0.34897714933333374
-0.9017195,-0.5481166322666662
-0.86951524,-0.7394002238666663
-0.48599166,-0.5976916802666662
-0.37034908,-0.6642276527999998
-0.62505555,-0.6501748816000005
-0.72605985,-0.5468821322666674
-0.47135335,-1.0878065063333344
-0.7128854,-0.4047686031333342
-0.85268116,-0.6059306039666659
-0.9046472,-0.6211395980000002
-0.35571077,-0.4948014974000001
-0.70117474,-0.5706596006666669
-0.647013,-0.5415294001333342
-0.46257037,-0.48572817206666663
-0.65433216,-0.6265730528666672
-0.63530236,-0.6725617400666669
-0.6221279,-0.8173937598666661
-0.6411577,-0.4235349140000001
-0.664579,-0.6269048717999988
-0.655796,-0.6975200354666677
-0.5064853,-0.6357805674000011
-0.43475762,-0.5540917026800003
-0.6806811,-0.655947047466666
-0.63823,-0.6398207273333348
-0.5108768,-0.678163323933333
-0.4289023,-0.6695852816000003
-0.95880884,-0.5950860672666661
-0.47501293,-0.5328879101999994
-0.46818173,-0.522287724
-0.5313704,-0.6325015870000001
-0.40182143,-0.5292803840666669
-0.5035576,-0.7171939077333336
-0.7099577,-0.5153853729333344
-0.8471918,-0.694594832666667
-0.733379,-0.6842707293333323
-1.1754558,-0.5393922004666674
-0.74948114,-0.5886159308666667
-0.47574484,-0.6926942769333332
-0.39230654,-0.5958570133999994
-0.57235765,-0.5892209836666661
-0.6792173,-0.5424808902666667
-0.6707271,-0.6667844855333321
-0.38352355,-0.6702781551999997
-0.63823,-0.7200321100000003
-0.5562555,-0.5394052260666663
-0.2986214,-0.6813609717333327
-0.58133584,-0.6003363148666658
-0.4933108,-0.6935497933333338
-0.6235917,-0.5225678943333327
-0.7084939,-0.6116468687999995
-0.5640626,-0.6436535203333337
-0.69897896,-0.6636518776666674
-1.2798756,-0.46100165386666686
-0.6748258,-0.44658047993333355
-0.41572782,-0.45027909926666665
-0.48599166,-0.6774850662000009
-0.6667747,-0.5013212425999993
-0.70117474,-0.37173482986666656
-0.6411577,-0.6734556461333326
-0.39230654,-0.5052263981333329
-0.6718981,-0.363595943466666
-0.4657908,-0.6055345690000006
-0.7919322,-0.5539719661333327
-0.46549803,-0.6683898217333318
-0.67401254,-0.7844720342666676
-0.52331936,-0.705624796000002
-0.59256667,-0.7217404895999979
-0.7611918,-0.6939531642666669
-0.6235917,-0.4778820338666666
-0.8343833,-0.6464469973999999
-0.560647,-0.5520426566666671
-0.5460087,-0.5275839562666672
-0.50062996,-0.23421377538266683
-0.10759153,-0.7204839606666669
-0.7714386,-0.4907344674000004
-0.7099577,-0.6190636071333344
-0.9742604,0.15920449066666675
-0.7758301,-0.5181666495333336
-0.89152145,-0.5802818532666683
-0.5020938,-0.47482264780000066
-0.8834216,-0.4332775121333328
-0.70703006,-0.6118469182000005
-0.6177364,-0.5720843871999994
-0.6235917,-0.3624248783999996
-0.7325007,-0.6324820566666677
-0.74948114,-0.5282329207333334
-0.38498738,-0.5892063559333347
-0.49916613,-0.5328976467999993
-0.5987066,-0.6205859878666676
-0.13467239,-0.5749291351999992
-0.31033203,-0.4737394168666664
-0.11442274,-0.6412748336000011
-0.51965976,-0.6442170923999991
-0.7626556,-0.5984919050666669
-0.5460087,-0.7794254288666668
0.07831492,-0.24892635802666693
-0.54747254,-0.5638698772666667
-0.6426215,-0.5916509462000015
-0.38205972,-0.703604695199999
-0.60163426,-0.596476680999999
-0.7868088,-0.5907765234666662
-0.5401534,-0.6152137259999989
-0.4684257,-0.5727821929999999
-0.6836088,-0.6759773366666664
-0.76851094,-0.7665103772000011
-0.4435406,-0.5336442369333343
-0.63530236,-0.6265681772666664
-0.5466741,-0.5430778876000001
-0.7084939,-0.6163116016666679
-0.28691074,-0.6582601067333324
-0.5255151,-0.5929293533333319
-0.52844274,-0.577119994933334
-0.7480173,-0.6219815061333345
-0.60602576,-0.30566728253333264
-0.6953194,-0.42215810386666636
-0.6133449,-0.6448367698666677
-0.3718129,-0.592607304200001
-0.48452783,-0.6444952024000009
-0.56211084,-0.46188726780000006
-0.61041725,-0.7390293915333342
-0.60163426,-0.6409917686666676
-0.4245108,-0.5462819649333334
-0.647013,-0.49698992453333357
-0.69239175,-0.7745320608000011
-0.9558812,-0.6628809284000013
-0.5899236,-0.5362303374666665
-0.6894641,-0.5330050179999989
-0.62944704,-0.47309045259999966
-0.405481,-0.49783894313333243
-3.4232404,-0.8431623921333314
-0.5899236,-0.5784764665333334
-0.5943151,-0.31625810946666666
-0.7165449,-0.5095105421333336
0.03262425,-0.7635987771999995
-0.36302993,-0.6847895973999992
-0.38937888,-0.6344094263999992
-0.7172769,-0.4006809345333331
-0.9339237,-0.6295544096666679
-0.52844274,-0.4529432690666665
-0.8051067,-0.6146558335333321
-0.733379,-0.44313071926666775
-0.6045619,-0.584845538000001
-0.3615661,-0.6561668365333332
-0.66311514,-0.6535530711999995
-0.6938556,-0.6965246582000006
-1.1447153,-0.7716532950666682
-0.49477464,-0.43512845253333265
-0.3805959,-0.5093103654666667
-0.41572782,-0.4210268871333344
-0.5299066,-0.6207193780666684
-0.70263857,-0.6536002513999987
-0.5840683,-0.5459794402000004
-0.7966896,-0.7043122160000012
-0.68214494,-0.5493657533333333
-0.43622145,-0.6315644954666659
-0.6221279,-0.5659070415333334
-0.5928513,-0.7670751453333343
-0.5928513,-0.6067674483333345
-0.9436826,-0.6013414820000013
-0.19615327,-0.5627158881999995
-0.7036145,-0.642114062400001
-0.6850726,-0.5644041729333338
-0.7780258,-0.6408340251333329
-0.6616513,-0.6666771290000004
-0.52844274,-0.5320193958000008
-0.62505555,-0.5705034827333335
-0.4330986,-0.5855516590666668
-0.40401718,-0.5240415205333335
-0.7997393,-0.5986773226000008
-0.5189279,-0.6316720702666672
-0.20127667,-0.5891819428000005
-0.5247832,-0.6975997319333327
-0.6836088,-0.7138515321333346
-0.42597464,-0.5602132414666667
-0.4581789,-0.439061277866667
-0.5313704,-0.6373468267333326
-0.55332786,-0.6585089428000007
-0.655796,-0.768870620533333
-0.69239175,-0.5173119372666661
-0.8343833,-0.6937970346666656
-0.38401148,-0.4542363096666666
-0.6894641,-0.7699747442666662
-0.38279164,-0.48798533599999955
-0.5269789,-0.5966669989333342
-0.6850726,-0.5692966270000002
-0.54893637,-0.5513956088000003
-0.5972428,-0.4868504578000001
-0.7568003,-0.5314387132000006
-0.7128854,-0.6405038219999989
-0.6938556,-0.5381723363999997
-0.49623847,-0.5753858570000002
-0.6704343,-0.7657979416666684
-0.6982471,-0.7073911363333323
-0.483064,-0.8617479729333356
-0.8007152,-0.49944913386666656
-0.5357619,-0.6151649206666664
-0.05929413,-0.3589382804666674
-0.40694484,-0.609187629533334
-0.552596,-0.6611828857333328
-0.5357619,-0.6058501108000011
-0.6411577,-0.6671162797333328
-0.5738215,-0.7415471879333311
-0.6411577,-0.8079953129333338
-0.4581789,-0.737604596599999
-0.6089534,-0.806466190799998
-0.57674915,-0.6121250643999988
-0.6953194,-0.5397923090666665
-0.38205972,-0.5761733811333328
-0.7128854,-0.5484777207333323
-0.6806811,-0.6908400801333349
-0.40248364,-0.6010836456666676
-0.76851094,-0.5294088718666663
-0.6228598,-0.7176964930666667
-0.79339606,-0.6955633851333338
-0.5416172,-0.4725722797333336
-0.72605985,-0.555972508933334
-0.20932774,-1.0143904638
-0.6748258,-0.7276603053333337
-0.5167321,-0.7783088415999994
-0.49184698,-0.6123690137333333
-0.53429806,-0.5156781293999998
-0.5708938,-0.6537856513999998
-1.076448,-0.396130216933333
-0.45671508,-0.6660470589333336
-0.57016194,-0.6645789685333338
-0.70263857,-0.5758610893333328
-0.6748258,-0.516663804
-0.4640342,-0.6590749861333346
-0.7513198,-0.5715200101999991
-0.60163426,-0.661236556399999
-0.40401718,-0.7094258517333327
-0.7480173,-0.590626255466667
-0.6309109,-0.8465086940666662
-0.7099577,-0.5999362223999993
-0.5123406,-0.5948420964666652
-0.5770419,-0.6665112795999985
-0.5225874,-0.3002706372000003
-0.7289875,-0.7437650341333328
-0.5357619,-0.5739190763333325
-0.65433216,-0.5611642325333328
-0.7048343,-0.7711195202666671
-0.3564427,-0.5936905458666665
-0.23860434,-0.5730554171333334
-0.9163578,-0.684165817533334
-0.6836088,-0.5285305815333345
-0.8782982,-0.45717861286666617
-0.8782982,-0.5630857534000006
-0.6884882,-0.531406192533333
-0.6762896,-0.7221660814666675
-0.63383853,-0.7072105979999997
-0.30315927,-0.9591026403333336
-0.6030981,-0.6083141962666663
-0.5416172,-0.6686835368666654
-0.5884598,-0.6133839365333342
-1.3777363,-0.5798048734666666
-0.5628428,-0.658382078000001
-0.5460087,-0.7497770855333333
-0.57674915,-0.5567405705333328
-0.5752853,-0.6603045699333322
-0.37400866,-0.7157544934666674
-0.55332786,-0.5709621361999999
-0.4289023,-0.6952071760000008
-0.72605985,-0.6504774031333345
-0.62944704,-0.5787594779333344
-0.22652775,-0.6545565973333342
-0.57455343,-0.5934222109999995
-0.5796768,-0.4849181927999989
-0.44500443,-0.38236321893333414
-0.27666393,-0.6153210803999994
-0.60602576,-0.6681507233333318
-0.51380444,-0.4607734705333335
-0.7816854,-0.5130334830666663
-0.828528,-0.7535603667999999
-0.6806811,-0.38701692138682486
-0.7099577,-0.62148381
-0.80803436,-0.5475994007333336
-0.60017043,-0.6232013535333344
-0.69239175,-0.574124006999999
-0.8007152,-0.6968515579999981
-0.5628428,-0.43976389959999856
-0.7231322,-0.5297113910666661
-0.5401534,-0.6803298075333352
-0.7275237,-0.5854501710666663
-0.6850726,-0.5363571823333337
-0.76851094,-0.596413271266667
-0.64994067,-0.632140488000001
-0.5547917,-0.6290238241333332
-0.77436626,-0.49700456626666656
-0.7573126,-0.40546930373333223
-0.6426215,-0.5542451989333321
-0.46257037,-0.4926179355333332
0.088805705,-0.5174835238666673
-0.9895493,-0.6347412050666654
-0.40840867,-0.6573622959333336
-0.8592684,-0.7349111344666659
-0.7772939,-0.653780791866665
-0.6660428,-0.6021612395999995
-0.6850726,-0.5562067366666675
-0.6045619,-0.6497552667333337
-0.483064,-0.6990375459333342
-0.6953194,-0.5149803771999997
-0.56211084,-0.5951250945333336
-0.5584513,-0.28962371280000043
-0.60163426,-0.6917243215333341
-0.51965976,-0.6424377179333342
-0.48891932,-0.43264969920000074
-0.6660428,-0.5981308309333341
-0.414264,-0.47298310106666624
-0.41280016,-0.6832293203333352
-0.66897047,-0.6054987881333321
-0.7142272,-0.6002094831999992
-0.6667747,-0.6411881999333349
-0.82706416,-0.5529667886666655
-0.59577894,-0.5827313374666658
-0.5727236,-0.6613395870200008
-0.67336196,-0.6547713185333349
-0.6133449,-0.657825848466668
-0.64994067,-0.5750901469333322
-0.72020453,-0.6752600629333326
-0.3571746,-0.6922160989999988
-0.7846131,-0.3462946233333328
-0.57235765,-0.6106758550000005
-0.5416172,-0.5779689944000002
-0.6919526,-0.6113638673333354
-0.6850726,-0.5937393417999992
-0.29715756,-0.7409128637333341
-0.34839162,-0.4829859477333335
-0.5372257,-0.5997508126666661
-0.41719165,-0.6877562935999988
-0.49623847,-0.7186089678666658
-0.48525974,-1.2916175629333324
-0.7094698,-0.5567005573333329
-0.64628106,-0.5730602898000008
-0.83731097,-0.5375429026000007
-0.7436258,-0.4100416333333329
-0.7231322,-0.6802810019999993
-0.51380444,-0.7090599178666684
-0.6601875,-0.6288094626000006
-0.90757483,-0.551337048533333
-0.47135335,-0.49450140966666595
-1.0078472,-0.6877465269999992
-0.61480874,-0.5397532714000004
-0.51965976,-0.578691171533332
-0.73630667,-0.5665901807333333
-0.90520203,0.5854163989333333
-0.3908427,-0.6928406590666651
-1.1266927,-1.8244678146666642
-0.6660428,-0.7418984982666655
-1.2673378,-1.7176552260433304
-0.6235917,-0.6659159236666673
-0.4871561,-0.4514061492666675
-0.58699596,-0.5985504443333318
0.20830491,0.018138098599999982
-0.75387263,-0.45201128346666736
-0.5445449,-0.4970972584
-0.42011932,-0.7073943876666678
-0.5496683,-0.7279335373333348
-0.48891932,-0.5971744563333339
-0.46988952,-0.457879950933334
-0.26788095,-0.6225963241333329
-0.6118811,-0.6591855674666687
-0.35131928,-0.7136950569333327
-0.51526827,-0.5472985111666667
-0.68800026,-0.5610373721999992
-0.9467323,-0.37043040106666647
-0.7611918,-0.5576803433333349
-0.61627257,-0.5243505321333325
-0.7041024,-0.6575220753333344
-0.474281,-0.6954072317333345
-0.558744,-0.6318516448666682
-0.36010227,-0.833134176399998
-0.62944704,-0.48421068559999997
-0.5884598,-0.5475310969999998
-0.9932089,-0.5538889981333347
-0.5211236,-0.6209568327999989
-0.6514045,-0.5475701063333335
-0.7670471,-0.650496930999999
-0.45159167,-0.31294008433333315
-0.78754073,-0.6079287158666662
-0.7319152,-0.6585919154666651
-0.8343833,-0.6214106066000014
0.11469924,-0.7660355211333311
-0.31472352,-0.5232920219333334
-0.70703006,-0.7056638120666673
-0.4874555,-0.5793352449999987
-0.62505555,-0.5527032933333333
-0.14955467,-0.4840203762666673
-0.37264937,-0.578525462133333
-0.6850726,-0.6602070014000005
-0.86953384,-0.2518556545333324
-0.46598598,-0.6787683716666677
-0.53795767,-0.6032054482666651
-0.61480874,-0.7765229440000004
-0.5035576,-0.679026960800001
-0.97442305,-0.2694029325333329
-0.43036613,-0.8115182849333352
-0.7084939,-0.5619644544666669
-0.5979747,-0.30941958346666704
-0.61041725,-0.675440593666666
-0.6089534,-0.7435512289999994
-0.76851094,-0.7015163075333313
-0.8856174,-0.6589090695333324
-0.56211084,-0.7192513958666683
-0.36010227,-0.5186643740666661
-0.6265194,-0.34519071606666685
-1.018094,-0.6245334565999996
-0.89000887,-0.675928519000002
-0.70703006,-0.7552582146666658
-0.54308105,-0.6591676819999996
-0.5884598,-0.5537474862666676
-0.64847684,-0.39833750420000047
-0.578213,-0.6090591386666658
-0.6089534,-0.5648677230666675
-0.74069816,-0.6243724240000001
-0.62944704,-0.6193944394666676
-0.4837959,-0.5042602588666667
-0.8241365,-0.535332509133334
-0.69678324,-0.6521444505333343
-0.92660457,-0.5238463108666661
-0.6133449,-0.6557472009333319
-0.41133633,-0.5737385354
-0.7758301,-0.6526633860666675
-0.6482329,-0.6303058298666661
-0.80217904,-0.6225987482000006
-0.7860769,-0.393633735333333
-0.7099577,-0.5854052604000007
-0.48891932,-0.6586602178000011
-0.8299918,-0.401112281266666
-0.733379,-0.5621011016666667
-0.62442344,-0.7970645746666684
-0.53429806,-0.5328830309999991
-0.31545544,0.5787917072666678
-0.6323747,-0.5638576972000006
-0.92074925,-0.5986870954000012
-0.59577894,-0.5810820720000015
-0.6030981,-0.7542873704666682
-0.34400013,-0.5711865803999996
-0.647013,-0.6401915377333339
-0.64408535,-0.6840674546666675
-0.75196964,-0.7117533483333343
-0.6762896,-0.6909620750666656
-0.55448675,-1.2322221277999967
-0.6894641,-0.6303790153999992
-0.6426215,-0.6816553581333339
-0.78754073,-0.5620678835333329
-0.7714386,-0.6341996156666657
-0.42743847,-0.4411399100666676
-0.75387263,-0.4864161890666668
-0.6616513,-0.5763685552666681
-0.7436258,-0.5902261476000001
-0.80217904,-0.5211387938666672
-0.7948599,-0.5041821928
-0.8475578,-0.6362196917333347
-0.57235765,-0.6809543693333343
-0.87390673,-0.631626526666666
-0.38205972,-0.4847718092666671
-0.54893637,-0.7116069544000017
-0.75387263,-0.7504179925333313
-0.61041725,-0.6893372266
-0.64408535,-0.6933513744666651
-0.8519493,-0.4843619483999993
-0.7187407,-0.6642179000666657
-0.3762044,-0.4787388750666668
-0.7436258,-0.6783292240666654
-0.3908427,-0.5593800046666666
-0.66750664,-0.4864015427999999
-0.6133449,-0.34523123779999965
-0.30594054,-0.7559373540000014
-0.62944704,-0.6032932695999993
-0.655796,-0.6036738530666665
-0.5497496,-0.868870592666666
-0.64847684,-0.697845000933333
-1.385843,-0.6081840985333328
-1.0320004,-0.5341126541999995
-1.0402954,-0.48458638706666646
-0.63530236,-0.6278953781333343
-0.54308105,-0.6719477118666662
-0.33929813,-0.7526295469999996
1.0163908,0.06474845479999997
-0.39230654,-0.5929683839333342
-0.5108768,-0.531502150933333
-0.21045001,-0.7128964050666655
-0.92660457,-0.6326235604666679
-0.6287151,-0.819998719866666
-0.4881874,-0.4919055519333331
-0.6938556,-0.6050157187333324
-0.5504002,-0.6960025172000015
-0.6601875,-0.629481188400001
-0.44939592,-0.699701147666666
-0.86683154,-0.5344834931999994
-0.44939592,-0.15767345796000004
-0.5972428,-0.5438471341333341
-0.8501195,-0.5458379244000008
-0.5708938,-0.6921282597333325
-0.68214494,-0.5228216524000004
-0.43475762,-0.7286361945333326
-1.2808515,-0.4438236109333325
-0.70703006,-0.40168479999999984
-0.54893637,-0.41800163126666723
-0.6601875,-0.7183601195333342
-0.73484284,-0.6937775155333343
-0.3851965,-0.5497795454666671
-0.74333304,-0.43095642026666603
-1.1033621,-0.8284893173333326
-0.74948114,-0.5524398015333333
-0.5562555,-0.5581666282666663
-0.8246244,-0.6682066809999997
-0.7611918,-0.6952755230000016
-0.6792173,-0.5468682200666666
-0.3908427,-0.7260006246199981
-0.73045135,-0.7616016471333321
-0.7041024,-0.5385837531333338
-0.56943,-0.6436217890666671
-0.5108768,-0.751872079266668
-0.5650385,-0.7438112485333342
-0.64408535,-0.45422655839999937
-0.53503,-0.5552991374000003
-0.6572598,-0.8772979161333347
-0.28325117,-0.740124019666668
-0.551864,-0.6386952091333342
-0.6566184,-0.5598877685999998
-0.27666393,-0.6229037052000008
-0.17419581,-0.6610120906666678
-0.7084939,-0.5882255713333333
-0.6309109,-0.808320607866666
-0.5738215,-0.4864503468666675
-0.742162,-0.7661395411333352
-0.70117474,-0.5715452332666674
-0.3908427,-0.7139352830000013
-0.6416456,-0.8586243325333336
-0.7055662,-0.5944127236000017
-0.6982471,-0.5030989813333331
-0.72166836,-0.4601931217333325
-0.6806811,-0.534688414133334
-0.58114064,-0.6459443990666675
-0.5650385,-0.506628402266667
-0.6616513,-0.736384729800001
-0.63383853,-0.6157651063999992
-0.6323747,-0.7109726281333336
-0.6572598,-0.7537555374666686
-0.4933108,-0.6159261356666661
-0.8498697,-0.8500836372066655
-0.6762896,-0.5496438897999997
-0.67775345,-0.6545224629333319
-0.5079491,-0.568073518933333
-0.5566215,-0.5006006815999997
-0.3659576,-0.5217384164000004
-0.51965976,-0.5074221534666666
-0.3418044,-0.6140621830666657
-0.6806811,-0.4985220509333331
-0.6762896,-0.6414390960000008
-0.5562555,-0.6996865091999988
-0.72605985,-0.746187513333333
-0.6265194,-0.5091982611333339
-0.49623847,-0.6543907178000014
-0.7758301,-0.47653045200000027
1.0169365,-0.31060842099999947
-0.7948599,-0.6759724726000017
-0.724596,-0.7269511584666665
-0.35131928,-0.5450311325333338
-0.6589676,-0.4938443308666664
0.11398733,-1.0080880151999996
-0.7289875,-0.671444342933334
-0.72776765,-0.5289209447333331
-0.60163426,-0.7839201717333321
-0.5123406,-0.5892600223999999
-0.48891932,-0.661368306466666
-0.85536486,-0.5022987566666669
-0.66311514,-0.5468577282666662
-0.5547917,-0.6903814264666674
-0.47574484,-0.39009369679999967
-0.50941294,-0.5862972061333324
-0.6074896,-0.5043048563999994
-0.551864,-0.44669758193333364
-0.5372257,-0.7175403510666691
-0.62944704,-0.5866486983999996
-0.53283423,-0.5729283645333326
-0.4933108,-0.5257492849999994
-0.51965976,-0.7054393496666668
-0.71142155,-0.7757991854666659
-0.3425363,-0.5049523956000002
-0.42011932,-0.526354328333334
-0.46330228,-0.6687167301333339
-0.551864,-0.7102895163999999
-0.5781398,-0.4307444389333342
-0.6997109,-0.7128951244666653
-0.19176178,-0.5432469408000009
-0.5884598,-0.6649595695333326
-0.25324264,-0.6241577397333344
-0.7062981,-0.5922950092666663
-0.5181959,-0.42823730493333245
-0.46257037,-0.47983382500000016
-0.6118811,-0.522197085266667
-0.6718981,-0.6840137442666667
-0.48891932,-0.6896211967333349
-0.66311514,-0.501893740599999
-0.64847684,-0.4998736597333336
-0.6748258,-0.7005794278666677
-0.6367662,-0.45731035233333234
-0.828528,-0.5322096654666674
-0.7084939,-0.6132131693999994
-0.63383853,-0.47312949359999945
-0.78754073,-0.3631250933999991
-0.68653643,-0.5163319800000011
-0.48774827,-0.6448107655333323
-0.819745,-0.8684890540666672
-0.578213,-0.44842700600000046
-0.5225874,-0.4591157453333328
-0.56650233,-0.6061428631333332
-0.405481,-0.4809658597333338
-0.7758301,-0.9780826206666673
-0.5547917,-0.5830484993999996
-0.733379,-0.5773151533333328
-0.0819745,-0.6792953272666686
-0.6118811,-0.6399622186666675
-0.7187407,-0.9026954309333358
-0.4391491,-0.6250750913333338
-0.77875775,-0.4953455568000005
-0.77436626,-0.7445919540000007
-0.8343833,-0.5945005339999991
-0.5504002,-0.3920088856666661
-0.44500443,-0.7663054369333356
-0.60602576,-0.4850011316666673
-0.6133449,-0.5962579278000004
-0.12735324,-0.4843619483999993
-0.70117474,-0.5902798211333332
-0.76997477,-0.5128383137333327
-0.61041725,-0.566121738826666
-0.7626556,-0.6609389224666674
-0.65286833,-0.6042301330666675
-0.655796,-0.7816414573333346
-1.0153437,-0.7839126900666668
-0.48013633,-0.5123308580000003
-0.7802216,-0.5341712191333328
-0.74508965,-0.6006583934000004
-0.7465535,-0.7128707090666676
-0.7611918,-0.5947147428666664
-0.35863844,-0.2699546455000004
-0.51965976,-0.17384953566666692
-0.60163426,-0.6629590091999988
-0.6411577,-0.38485497186666606
-0.84023863,-0.7308904924000001
-0.62944704,-0.6498528338666677
-0.59138745,-0.7187715478666669
-0.7480173,-0.6414114233333322
-0.5899236,-0.5179080421333321
-0.48452783,-0.6138426060666672
-0.7670471,-0.5039479837333332
-0.30740437,-0.703604695199999
-0.71142155,-0.5381284209999995
-0.72020453,-0.5687127222666674
-0.27108568,-0.5983894409333346
-0.57235765,-0.8279229259333334
-0.4640342,-0.6792953453333332
-0.51526827,-0.7524478463999978
-0.6323747,-0.5911824929999997
-0.25599185,-0.1821645740666663
-0.9039152,-0.6937091840666679
-0.6762896,-0.5753877878666661
-0.750945,-0.5717135848000009
-0.49038315,-0.6254068813999992
-0.42024428,-0.6853409753333337
-0.80364287,-0.7963806116666671
-0.551864,-0.467357107333333
-0.647013,-0.6436559486666673
-0.63383853,-0.6233867787999997
-0.6660428,-0.838599136266665
0.18610425,-0.42666231880000133
-0.13320856,-0.6382788291333333
-0.6323747,-0.6827597540000006
-0.34546396,-0.7361310135333314
-0.33960864,-0.5266376787999991
0.49806827,-0.43602507153333275
-0.29276606,-0.5877181125333333
-0.7904684,-0.6128423299999994
-0.47574484,-0.5511809139999995
-0.3132597,-0.48920231866666647
-0.6909279,-0.6987545367333341
-0.6982471,-0.6743033192666678
-0.48086825,-0.8941229230666674
-0.578213,-0.5701228885333329
-0.36083418,-0.6456174746666676
-0.48452783,-0.5876254098666659
-0.4332938,-0.5261510408666668
-0.80217904,-0.5621596493333341
-0.4581789,-0.6437047520000012
-0.38937888,-0.6744061409999991
-0.647013,-0.4813854921333325
-0.8329195,-0.49028555626666787
-0.9339237,-0.36706032966666785
-0.5828484,-0.5962278485333337
-0.72020453,-0.5838926341333345
-0.66750664,-0.4360555450666667
-0.647013,-0.5001127366000001
-0.5401534,-0.7030972324666671
-0.82267267,-0.7464997858666689
-0.6704343,-0.5977599907333335
-0.5899236,-0.6013589446
-0.6074896,-0.5897089529999988
-0.15175042,-0.6441731697333344
-0.5181959,-0.625585783199999
-0.4874555,-0.3016505910466667
-0.90318334,-0.592914713133333
-0.5635747,-0.4944331003333329
-0.56796616,-0.7207510268666664
-0.8343833,-0.6702879187999992
-0.7143492,-0.6485549176666658
-0.810962,-0.6854166099999984
-0.96466416,-0.43205195359999987
-0.5416172,-0.5917680585333347
-0.54308105,-0.604083747466666
-1.4019634,-0.1854963474
-0.7392343,-0.7171304874666652
-0.7816854,-0.4078182622666668
-0.6221279,-0.5651019405999992
-0.40426114,-0.7806704295333318
-0.48599166,-0.6988521466000017
-0.6279832,-0.5644090613333339
-0.6089534,-0.7273821821999983
-0.3658112,-0.4474072865333334
-0.6748258,-0.6257168444000013
-0.7165449,-0.6643350092666659
-0.65286833,-0.5807502757333349
-0.63969386,-0.7823880315333328
-0.48672357,-0.6898576632666676
-0.6221279,-0.7482628968000017
-0.42085123,-0.756826296399999
-0.5650385,-0.5810040126666663
-0.7275237,-0.5553967337333345
-0.4933108,-0.7239763302666656
-0.78314924,-0.6774753239333338
-0.9653961,-0.654341916733333
-0.39669803,-0.5548502215333331
-0.60383004,-0.527427831000001
-0.47135335,-0.5992921497333342
-0.5064853,-0.6117054314666658
-0.72166836,-0.7317297584666653
-0.74948114,-0.6393230099333341
-0.7582641,-0.8431809196666671
-0.56211084,-0.6027760550666663
-0.56211084,-0.5734994455999999
-0.8768344,-0.6836282958000013
-0.56650233,-0.8395555114000018
-0.6279832,-0.7323738424666647
-0.5225874,-0.5495219006
-0.5299066,-0.7889996610666651
-0.5972428,-0.590518923799999
-0.6192002,-0.5825057855999991
-0.7172769,-0.6932407789333324
-0.8665876,-0.6329895328000014
-0.36742142,-0.5968329141333347
-0.53767884,-0.588975384733334
-0.033922236,-0.6385093679333346
-0.733379,-0.7059614536000003
-0.6572598,-0.5807600487999991
-0.5108768,-0.3563255787999993
-0.7568003,-0.5530741421999995
-0.7568003,-0.6867999118000011
-0.6133449,-0.7111824361333328
-0.7524088,-0.7011991365333321
-0.6836088,-0.6329504828666669
-0.60163426,-0.5346103463999997
-0.48160017,-0.7928299932000019
-0.33668098,-0.6119086213333318
-0.80217904,-0.6815984456666664
-0.7860769,-0.5214293959999998
-0.6496479,-0.755273209199999
-0.4596427,-0.6829158887999991
-0.948562,-0.4863429677333329
-0.42304698,-0.46215562563333296
-0.7041024,-0.581911585600001
-0.56577045,-0.7190139451333349
-0.63969386,-0.5126333762666663
-0.6426215,-0.5328342381333331
-0.49038315,-0.690840090599999
-0.38205972,-0.675762621533333
-0.39645404,-0.21791686013333356
-0.6133449,-0.6577868047999996
-0.52844274,-0.6278075595999999
-0.54308105,-0.6612902506000012
-0.9427067,-0.6085630720000007
-0.82764965,-0.517717762133333
-0.6616513,-0.3826647692666662
-0.15077452,-0.3990889388666681
-0.66311514,-0.46215074026666786
-0.5372257,-0.5455597973999992
-0.551864,-0.5101936646000005
-0.7948599,-0.5977599822666664
-0.6938556,-0.6494771254666655
-0.78900456,-0.3492308879333327
-0.16028942,-0.626670635199999
-0.44939592,-0.49541711633333296
-0.7084939,-0.5014451787999996
-0.6133449,-0.6284028555333324
-0.664579,-0.6141126049999995
0.083722964,-0.6343208906666661
-0.6309109,-0.7010283515333342
-0.7392343,-0.5351080551999993
-0.3571746,-0.7330417844000011
-0.551864,-0.4750959009333325
-0.5247832,-0.5938271669333338
-0.51380444,-0.7469373140000012
-0.5255151,-0.6112532578000006
-0.62066406,-0.5088518314666668
-0.49477464,-0.6099146749333317
-0.742162,-0.500083496600001
-0.67775345,-0.6946753205333337
-0.5408853,-0.44568754346666706
-0.71215343,-0.617648589466667
-0.75619036,-0.6443098026666653
-0.474281,-0.7203464680666656
-0.58699596,-0.6576696860000005
-0.6323747,-0.4506060206666674
-0.2708086,-0.6698463161333336
-0.5650385,-0.5931392032666656
-0.4933108,-0.7448944748666644
-0.93634933,-0.46368416319999967
-0.9910131,-0.5008519876666656
-1.031387,-0.41572201226666733
-0.7084939,-0.715051856399998
-0.67336196,-0.622181576000001
-0.47720867,-0.568785901066668
-0.58260447,-0.6578404585333337
-0.73045135,-0.6003655958666652
-0.86731946,-0.6758558264666676
-0.3718129,-0.7392343098666674
-0.5035576,-0.647169975
-0.35863844,-0.5460128083333333
-0.750945,-0.6322543345333338
-0.42304698,-0.6608120643333334
-0.49916613,-0.46434650673333255
-0.68800026,-0.6332237085999999
-0.81242585,-0.7512572668000007
-0.6221279,-0.4025435778666671
-0.55552363,-0.5913581655344449
-0.724596,-0.3786558372000002
-0.51526827,-0.5684882630000001
-0.5064853,-0.5415196313333344
-0.27271602,-0.5432852277333338
-0.5547917,-0.5877669177999995
-0.59138745,-0.6801541329333329
-0.75387263,-0.5161358434666674
-1.0473706,-0.5719136335333322
-0.7392343,-0.7467501715333327
-0.8600003,-0.8065656315333349
-0.7143492,-0.590239476066667
-0.75533646,-0.6304131667333334
-0.6265194,-0.6158017190000004
-0.6953194,-0.7535749698666675
-0.9322474,-0.6653659773999996
-0.41572782,-0.7414886358666679
-0.40401718,-0.7728341211333322
-0.39157462,-0.6948233460666665
-0.742162,-0.6397865852666663
-0.85707265,-0.6414114233333322
-0.92660457,-0.6522730353333348
-0.57674915,-0.7689305655999994
-0.16687666,-0.48342535480000026
-0.66311514,-0.7452350333333322
-0.5173908,-0.47812115406666683
-0.5416172,-0.5385431918666662
-0.7487492,-0.7623140530666657
-0.80803436,-0.8344418413333353
-0.64994067,-0.7050294750666676
0.0058553214,-0.4815148874566656
-0.76485133,-0.5245261881999989
-0.5796768,-0.5146778738666662
-0.5211236,-0.6152381316000007
-0.5313704,-0.6064746882666664
-0.79998326,-0.6154572216666664
-0.9164242,-0.5212949320666677
-0.76851094,-0.6239723195999994
-0.5987066,-0.7415764564666664
-0.4933108,-0.3837170070666665
-0.6089534,-0.5419685466000012
-0.6367662,-0.4536263821333343
-0.7289875,-0.7091282151999984
-0.5591832,-0.6451588411999996
-0.6133449,-0.7470755847333356
-0.66750664,-0.48674309690000067
-0.9436826,-0.7044098012000016
-0.74508965,-0.5939345201333325
-0.62505555,-0.6769727326666667
-0.6779974,-0.6583576934000003
-0.9807663,-0.6857004164666669
-0.647013,-0.5934953644000004
-0.82267267,-0.6749233712000013
-0.4098725,-0.819998719866666
-0.72605985,-0.7125464261733329
-0.2466554,-0.7609575509333343
-0.49623847,-0.7157740087333312
-0.5650385,-0.6241870111333327
-0.6045619,-0.5463639272666675
-0.66311514,-0.6800663028666674
-0.758996,-0.6893469476666646
-0.5064853,-0.6445147403333322
-0.86073226,-0.6502431826666679
-0.66750664,-0.4553585786666656
-1.0173621,-0.44280868840000037
-0.54308105,-0.6527024320666676
-0.44505322,-0.5675172655999994
-0.65433216,-0.6913280364666665
-0.405481,-0.5642141756666668
-0.6938556,-0.5294137579333329
-0.80364287,-0.596808660000001
-0.75533646,-0.47364345246666745
-0.46988952,-0.6762408211333343
-0.74948114,-0.6177391072000004
-0.73630667,-0.4449556296666674
-0.59577894,-0.5316143777999991
-0.31984693,-0.14735405286666683
-0.5313704,-0.7199410509999997
-0.26202562,-0.565043399200001
-0.56796616,-0.9858896978666686
-0.43036613,-0.4042500891333326
-0.6309109,-0.6864974018666667
-0.7524088,-0.47676954153333384
-0.5460087,-0.6713125973333327
-0.6572598,-0.5945883465333317
-0.4435406,-0.6446987027999994
-0.6718981,-0.5553772226666667
-0.7487492,-0.7655052035333331
-0.43768528,-0.6009609197333343
-0.9427067,-0.8377988703333347
-0.551864,-0.7005306397333341
-0.5101449,-0.6543809497333342
-0.5591832,-0.6288005379999994
-0.6938556,-0.5434648970666665
-1.0422472,-0.6770215179333354
-0.57674915,-0.9830351786666679
-0.76851094,-0.5185472548666681
-0.63383853,-0.5797948820666667
-0.5291747,-0.694719219866666
-0.768267,-0.8037973246666674
-0.7128854,-0.6416358571999998
-0.77509815,-0.5722747050000003
-0.6660428,-0.6372346406000001
-0.32057884,-0.5672244925333334
-1.0539578,-0.4273403705333334
-0.61041725,-0.6075774159333328
-0.31618735,-0.5510491433333329
-0.4332938,-0.27114529426666734
-0.5738215,-0.6539320517999996
-0.4640342,-0.7120949183999986
-0.9002557,-0.4589888854666663
-0.2656852,-0.6129869526
-0.5211236,-0.5366719101999994
-0.9017195,-0.578056834933334
-0.7729024,-0.5022548159333337
-0.44500443,-0.7159399128666676
-0.70117474,-0.6504822998666647
-0.84716743,-0.6204737755333338
-0.664579,-0.7781038586666661
-0.4837959,-0.7115630518000002
-0.30813628,-0.6723092060000008
-0.47720867,-0.6432851081333318
-0.69946694,-0.6424604990666666
-0.5504002,-0.6237771421333331
-0.80803436,-0.8214723424666679
-0.69897896,-0.5682955291333323
-0.64994067,-0.5681881806666654
-0.76411945,-0.5285013065999999
-0.38791505,-0.5813065242666675
-0.3908427,-0.603127366533335
-0.95880884,-0.6092900894666681
-0.75387263,-0.5431200816666663
-0.5123406,-0.5482434804000014
-0.63969386,-0.6943825690666653
-0.73796564,-0.5794816360666666
-1.4308425,0.22355048066666677
-0.60602576,-0.7727299802666687
-0.6192002,-0.6597971189333346
-0.3659576,-0.6352697955999994
-0.3469278,-0.510013154666667
-0.6792173,-0.6346289991999994
-0.4684257,-0.5571240573333337
-0.6601875,-0.5621108501333328
-0.9119663,-0.506016856666667
-0.6455492,-0.5689030158666676
-0.5650385,-0.5763685577999994
-0.87390673,-0.5433620613600001
-0.5547917,-0.7130708019999982
-0.14345537,-0.8002370221333318
-0.664579,-0.6290322957333322
-0.724596,-0.5095528030333331
-0.70703006,-0.7339235792599993
-0.6953194,-0.6441146197333345
-0.6279832,-0.5297764576000008
-0.7106896,-0.5247929238666664
-0.6953194,-0.47641822319999877
-0.5738215,-0.6254556699333349
-1.1036512,-0.6809681004000014
-0.70703006,-0.49384267346666644
-0.49623847,-0.6325503682666659
-0.5482045,-0.6650961956000006
-0.6118811,-0.5715769454000001
-0.8241365,-0.6119591700000003
-0.828528,-0.5344444705333328
-0.4874555,-0.7793530447333318
-0.53283423,-0.6143598341333337
-0.9105025,-0.5233974073333331
0.03404156,-0.6015708376666662
-0.7319152,-0.7435575080000009
-0.60017043,-0.699954860533332
-0.8026294,-0.6969784221333329
-0.65872365,-0.46570786193333435
-0.75533646,-0.7046854803333327
-0.48599166,-0.6478522727999999
-0.47281718,-0.7403856130666691
-0.7128854,-0.592545098733332
-0.44207677,-0.5828874803333325
-0.6235917,-0.5194158034666665
-0.750213,-0.6970174483333336
-0.7172769,-0.6089339060666665
-0.55135167,-0.3600650924666662
-0.83365136,-0.5173566758666668
-0.5401534,-0.6494058889333345
-0.5928513,-0.5895869447333344
-0.40108952,-0.6617586595999998
-0.73462325,-0.741800924933334
-0.8826897,-0.537274515133333
-0.2681974,-0.7823978253333318
-0.89000887,-0.14317236326666663
-0.5943151,-0.5810398084000004
-0.9807663,-0.7156129780000019
-0.4691576,-0.5577096074666668
-0.39816186,-0.6286565801333326
-0.40694484,-0.5768760085333324
-0.6616513,-0.5381528196666666
-1.1639891,-0.6850823754666674
-0.6514045,-0.5708840668000003
-0.5072172,-0.5058412074666669
-0.66897047,-0.6414211944000009
-0.6323747,-0.5856346028666672
-4.989021,-0.474068786266667
-0.7377705,-0.428929343466667
-0.60163426,-0.4285210391333331
-0.42304698,-0.6203973313333324
-0.655796,-0.5903237402666652
-0.6030981,-0.655483704933335
-0.38420665,-0.7986145876000026
-0.6601875,-0.707547268733334
-0.72020453,-1.0088499221999996
-0.10847372,-0.5094653982000004
-0.5035576,-0.42933185113333233
-0.59943855,-0.554496482466667
-0.84609395,-0.4975168871333336
-0.5562555,-0.602893159666666
-0.56650233,-0.6499162736666667
0.04342697,-0.5036057407333342
-0.7083109,-0.8153377858666648
-0.6704343,-0.6596214698666664
0.13174473,-0.7525356644666673
-0.5562555,-0.622079106933334
-0.80217904,-0.5513663247999989
-0.6572598,-0.6291225521333341
-0.32643417,-0.5895407359333324
-0.73484284,-0.6056109935333325
-0.5987066,-0.655766716133335
-0.70703006,-0.570858075933333
-0.74948114,-0.5520592135999992
-0.6323747,-0.7120363539999993
-0.7780258,-0.6029517067999997
-1.1734253,-0.9722997639999985
-0.733379,-0.4577251121333343
-0.6309109,-0.6067235077333322
-0.46696186,-0.6173265167333345
-0.7480173,-0.40110578186666634
-0.25470647,-0.46588840279999894
-0.5547917,-0.6043862565999998
-0.85048544,-0.5593100375333323
-0.65433216,-0.6983592809999988
-0.63969386,-0.45268141480000074
-0.3864512,-0.7543776505999997
-0.4391491,-0.5238999906666671
-0.63823,-0.6304229351999991
-0.31765118,-0.7430972180666676
-0.6660428,-0.5063193953333336
-0.6514045,-0.5883817156000009
-0.78754073,-0.6872634481333324
-0.52405125,-0.5778421550000011
-0.69239175,-0.5658875196333335
-0.48965123,-0.3389430674666664
-0.58699596,-0.6811470951999995
-0.46257037,-0.6428850019333345
-0.7524088,-0.5086875605333342
-0.68800026,-0.5547038864000003
-0.6309109,-0.45025468893333254
-0.4977023,-0.6496186253999985
-0.71800876,-0.7982657484666676
-1.0182967,-0.6047718470666674
-0.7611918,-0.7365018599333343
-0.55332786,-0.43063302086666777
-0.6718981,-0.6941434587999997
-0.7991049,-0.7330508760666674
-0.65872365,-0.6987057378
-0.5987066,-0.7301878569333325
-0.5987066,-0.5248758867999994
-0.5708938,-0.633872696
-0.9002557,-0.6851555544
-0.7319152,-0.7164473740666656
-0.43622145,-0.6851701965333347
-0.5840683,-0.5976916729999995
-0.71581304,-0.6097731569333319
-0.6601875,-0.48313085913333365
-0.57674915,-0.4858745667333337
-1.0931627,-0.8946115657333318
-0.5020938,-0.5483801043333345
-1.0217535,-0.7356446892666675
-0.4289023,-0.6547810674000009
-0.83145565,-0.5558261508000002
-0.05342981,-0.6072358509333339
-0.6074896,-0.6325828987333322
-0.8153535,-0.6564839781333336
-0.5752853,-0.6569182576666668
-0.6762896,-0.6714199575333335
-0.7289875,-0.6057329807333348
-0.42231506,-0.5701570417333331
-0.61627257,-0.6145253402666673
-0.2986214,-0.5548502215333331
-0.750945,-0.7647244683333327
-0.6133449,-0.6484182800666676
-0.44500443,-0.28886153602666637
-0.50062996,-0.6324777909333341
-0.55771935,-0.6501797346666658
-0.6572598,-0.6149355877333339
-0.40108952,-0.5314188490666677
-0.80217904,-0.7271528341333338
-0.6660428,-0.6824816239999992
-0.47940442,-0.5712402869999995
-0.7209364,-0.5352541029333346
-0.44500443,-0.8133350398000015
-0.7143492,-0.5816773802666655
-0.6792173,-0.6599697626666667
-0.7275237,-0.6231322598000005
-0.62944704,-0.4996638391333341
-0.5562555,-0.6102708654
-0.6118811,-0.642450743333333
-0.44646826,-0.5321223362666662
-0.72166836,-0.6960563892666677
0.039692324,0.11103622800000032
-0.53429806,-0.49616041613333284
-0.6762896,-0.5830143401333344
-0.050705455,-1.140373871799998
-0.5650385,-0.5019376631333345
-0.948562,-0.5189636163333325
-0.75606835,-0.733554677066667
-0.59980446,-0.7676131152666666
-0.2898384,-0.6883613487999989
-0.3044767,-0.6023564213333348
-0.3805959,-0.5506768117333339
-0.7816854,-0.6373517138000019
-0.5108768,-0.6143012877999996
-0.40255335,-0.5328976763333328
-0.6997109,-0.54976588
-0.88195777,-0.4627167677333331
-1.3254517,-0.4947776045333336
-0.46037462,-0.5462078116666673
-0.56650233,-0.5294235088666666
0.28884646,-0.40499367213333265
-0.43182996,-0.7717508666666674
-0.4977023,-0.5834437317333322
-0.5225874,-0.7552193374666684
-0.6192002,-0.6851311533333327
-0.6572598,-0.7803484252000017
-0.51965976,-0.8016910831333344
-0.3571746,-0.4639268638666665
-0.5840683,-0.6029223987333341
-0.5708938,-0.6083776268666662
-0.6894641,-0.5606518957999992
-0.6192002,-0.842087936800002
-0.60017043,-0.4632339923333323
-0.8299918,-0.5105198989999997
-0.6443642,-0.707584497233334
-0.66311514,-0.6745232690000003
-0.474281,-0.765563762133332
-0.55771935,-0.6949290617333324
-0.7392343,-0.3992938793333327
-0.60017043,-0.636463688266668
-0.4977023,-0.6022393113333326
-0.49623847,-0.6200199823999996
-0.6953194,-0.7815097350666675
-0.8578046,-0.5366011532000003
-0.5972428,-0.5551722904666664
-0.6235917,-0.7122315152666667
-0.3996257,-0.4286778223333339
-0.31966394,-0.617177357999999
-0.7582641,-0.5927634536000013
-0.75387263,-0.6809484981333346
-0.6309109,-0.6519148696
-0.75606835,-0.5380259526000001
-0.5752853,-0.5992140606666659
-0.758996,-0.6237283272000007
-0.45671508,-0.7094771014933325
-0.8138897,-0.4892267369999999
-0.7992514,-0.6840967197333324
-0.51526827,-0.6353609424
-0.49038315,-0.4527431976666658
-0.39816186,-0.812613409333333
-0.72166836,-0.7523209624000013
-0.49721438,-0.748905378933334
-0.4786725,-0.6638861054666649
-0.6938556,-0.582746943466667
-0.5708938,-0.5983552939999991
-0.6572598,-0.5479214384666667
-0.7128854,-0.6688923865333324
-0.5635747,-0.6130326208000003
-0.6140768,-0.8165928664000008
-0.6909279,-0.37426238613333385
-0.6279832,-0.4323910853999993
-0.5943151,-0.5661802739333324
-0.70117474,-0.5099301778666656
-0.84243435,-0.7005794446666658
-0.7319152,-0.7908197221333344
0.15370218,-0.4400210057333329
-0.54747254,-0.6215228505333333
-0.35424694,-0.6767678
-0.48891932,-0.7112605295333317
-0.5401534,-0.5111207748000001
-0.6616513,-0.5955056993333343
-0.9888174,-0.7182385576666666
-0.7846131,-0.6885760179333356
-0.29196444,-0.7151201746666673
-0.55332786,-0.807382385533333
-0.7758301,-0.6340239476666677
-0.78314924,-0.5925211027333345
-0.38352355,-0.6201566021333336
-0.58297044,-0.5704286449333344
-0.5452768,-0.6617537899999995
-0.40255335,-0.6541116134666675
-0.6593092,-0.6051376907333342
-0.6221279,-0.6313134062
-0.44134486,-0.7540482877333325
-0.7392343,-0.651834250533332
-0.56650233,-0.6406404614000012
-0.39377037,-0.39348247026666544
-0.7092258,-0.5855435094666677
-0.9685677,-0.5024743851333342
-0.76851094,-0.6658769092666657
-0.49916613,-0.5734652908666665
-0.448664,-0.5328976467999993
-0.9529535,-0.547174889999999
-0.71756965,-0.393633735333333
-0.46257037,-0.6480132826666658
-0.6755577,-0.6445537870000018
-0.93538755,-0.6274448500777781
-0.5108768,-0.5753341058000009
-0.8256003,-0.655229975533334
-0.71142155,-0.6811885615333316
-0.6030981,-0.4354797526666669
-0.73484284,-0.5810284089999999
-0.6221279,-0.5915338150666658
-0.59138745,-0.769760072266666
-0.5401534,-0.7794018435333339
-0.6792173,-0.6150429479999993
-0.58699596,-0.6269585456000013
-0.81681734,-0.6128093405333332
-0.5891158,-0.9609040943333357
-0.6074896,-0.4687965509999995
-0.5987066,-0.5367377794000007
-0.5650385,-0.6552007076666677
-0.96905565,-0.3077459332666665
-0.5752853,-0.750042278599998
-0.45427534,-0.7484135147999988
-0.724596,-0.5845562490666673
-0.6748258,-0.6462908497333322
-0.74948114,-0.6678530799999994
-0.04098725,-0.6643397117333331
-0.7041024,-0.6115785556666667
-0.5635747,-0.6969784221333329
-0.9259984,-0.7017505293333344
-0.6155406,-0.31905275233333324
0.18425673,-0.7993898353466646
-0.647013,-0.6320526654666665
-0.72605985,-0.5660924666666658
-0.6806811,-0.5318388441333336
-0.6367662,-0.793932773066668
-0.5313704,-0.6414797330666657
-0.43622145,-0.734611062133332
-0.41572782,-0.6718298051999997
-0.20786391,-0.5867415564666667
-0.50502145,-0.6038495360000001
-0.42011932,-0.6206152974666654
-0.6792173,-0.4676889082666665
-0.5035576,-0.6371764363333344
-0.483064,-0.4479808861999993
-0.3805959,-0.24112213406666683
-0.7377705,-0.6651176576666661
-0.65384424,-0.6913378069333341
-0.51380444,-0.5907726646666674
-0.6704343,-0.6046692725333341
-0.58114064,-0.5957203901333323
-0.5840683,-0.5830241180000003
-0.12003408,-0.46833789093333317
-0.3864512,-0.7337595985333322
-1.0251343,-0.5602363258666665
-0.3070384,-0.655996330133333
-0.53868955,-0.5327268937333322
0.07515089,-0.5978483485333327
-1.5816909,-0.21443173553333386
-0.56796616,-0.539504434533334
-0.51380444,-0.6114673041999985
-0.6601875,-0.5350787763333325
-0.36519715,-0.44067148126666683
-0.55771935,-0.555240605
-0.6309109,-0.6327065145999992
-0.51307255,-0.578730193866667
-0.8863249,-0.6425220248666657
-0.5591832,-0.5473749483999998
-0.9105025,-0.5954617809333321
-0.42743847,-0.7720046083999995
-0.46696186,-0.6444264312666655
-0.906111,-0.6286663096666651
-0.7143492,-0.7545752779999995
-0.6238357,-0.35965496799999885
-0.92514074,-0.5928065351333341
-0.6858045,-0.6637787526666652
-0.57235765,-0.5533912961333346
-0.56892115,-0.860082580666667
-0.68800026,-0.5936710353333347
-0.9236769,-0.8405297117333346
-0.63969386,-0.6288126990666685
-0.7465535,-0.5737903968666676
-0.56211084,-0.5297211573333346
-0.4332938,-0.7638608375333327
-0.62505555,-0.7146533499999996
-0.62505555,-0.7551364213333345
-0.6030981,-0.5670228093333334
-0.6192002,-0.7343304836666672
-0.6243236,-0.5084858527999997
-0.74069816,-0.549912284666667
-0.2649533,-0.5603249530666664
-0.69678324,-0.7137539228666685
-0.72166836,-0.6473838500000005
-0.9017195,-0.6207827726666666
-0.65433216,-0.3497334701333327
-0.53429806,-0.6590554361000005
-0.63823,-0.43057592659999916
-0.56211084,-0.6501846506666654
-0.69678324,-0.5224898359999993
-0.7172769,-0.6069447072000008
-0.71581304,-0.42575994246666765
-0.6909279,-0.7789952250666685
-0.52405125,-0.5524428970000008
-0.655796,-0.6786839910000008
-0.62505555,-0.46944062779999984
-0.5635747,-0.6431484874666675
-0.47720867,-0.6667259313999992
-0.51526827,-0.48495722073333297
-0.66332424,0.22175497859999999
-0.45378742,-0.6006486233999989
-0.7275237,-0.6519217081333321
-0.7758301,-0.6767336482000004
-0.37474057,-0.6410763559333328
-0.7582641,-0.6241674950666659
-0.61627257,-0.3912371142666658
-0.22835754,-0.4829957059333336
-0.6953194,-0.5372940226666665
-0.64408535,-0.6661997623999996
-0.7816854,-0.5888810586000007
-0.84170246,-0.358872647533334
-0.63823,-0.6459004915999998
-0.3235065,-0.7031102449333324
-0.828528,-0.620810914866666
-0.54747254,-0.8876569802666646
-1.1123748,-0.5597193519466678
-0.5591832,-0.659771096666666
-0.61627257,-0.33791059186666716
-0.5181959,-0.6193466141333321
-0.55552363,-0.7144370426666659
-0.42011932,-0.6720835456000003
-0.39669803,-0.403156114333333
-0.53795767,-0.6970955369333327
-0.67409384,-0.7349013988000015
-0.84170246,-0.7607472642666673
-0.6455492,-0.5517225264000006
-0.4356226,-0.6500821494666664
-0.5899236,-0.6877953344000008
-0.6909279,-0.7489590458000006
-0.66311514,-0.7047757558666672
-0.37913206,-0.630510761000001
-0.4786725,-0.704165806666666
-0.49623847,-0.707264288200001
-0.72679174,-0.6231525844666678
-0.50502145,-0.7910821085333336
-0.6367662,-0.6833647634000004
-0.55771935,-0.7646929388000014
-0.65286833,-0.5970085773333335
-0.75533646,-0.5909417800000004
-0.74106413,0.027640508666666688
-0.64994067,-0.446835837933333
-0.53868955,-0.5097398747999992
-0.44646826,-0.8190521292000007
-0.44061294,-0.6052548143333334
-0.65433216,-0.6529366336666675
-0.48891932,-0.8695058568000017
-0.65433216,-0.7388927669999985
-0.6514045,-0.5790034535333327
-0.70703006,-0.3382580073333337
-0.14272346,-0.6563229578000017
-0.5855321,-0.651711892866667
-0.57235765,-0.4374803451999994
-0.3132597,-0.6750136242666677
-0.56796616,-0.46167630957333433
-0.55332786,-0.4733832068666674
-0.50502145,-0.6043054439999992
-0.27373627,-0.7011518894666678
-0.6045619,-0.589269792666667
-0.72020453,-0.7441918361999988
-0.74948114,-0.8242243397333344
-0.55332786,-0.6473350364000009
-0.72069246,-0.5730115041333321
-0.3952342,-0.6839697433333333
-0.25324264,-0.8995432662000006
-0.61480874,-0.5725433407333324
-0.62505555,-0.37999105933333355
-0.5591832,-0.5722930809333328
-0.7289875,-0.5055093999333331
-0.6323747,-0.5187033886666664
-1.340576,-0.7610741569333331
-0.47135335,-0.6578453524000009
-0.60017043,-0.6467299981333328
-0.6411577,-0.6453540011999992
-0.9706659,-0.21086963593333305
-0.5591832,-0.7051433536666679
-0.56650233,-0.4636516523333333
-0.838718,-0.678739082733334
-0.07611918,-0.6939434166666663
-0.58260447,-0.5659948705333323
-0.5943151,-0.7547070076666669
-0.6118811,-0.5539426686666664
-0.48599166,-0.5110622160666668
-0.63969386,-0.5717574818000009
-0.82267267,-0.5422271431333342
-0.45671508,-0.5372062123333335
-0.5401534,-0.6065868894000014
-0.80657053,-0.44970331933333274
-0.6089534,-0.5511223468000007
-0.6909279,-0.6438901829333342
-0.40694484,-0.6838527428666671
-0.60017043,-0.769916215066668
-0.7885574,-0.7062493308000014
-0.8153535,-0.5740264255333336
-0.8665876,-0.46488275313333216
-0.35351503,-0.7453177769333342
-0.5441789,-0.7090452502000006
-0.65506405,-0.6930943937999996
-0.6309109,-0.6037958615999993
-0.7392343,-0.5053581373333338
-0.664579,-0.6859313782666683
-0.40108952,-0.5741386393333343
-0.59138745,-0.8148167866666646
-0.6572598,-0.5676977901333331
-0.3908427,-0.6436852165333343
-0.5635747,-0.6785341569333334
-1.0439616,-0.748649925606667
-0.9002557,-0.6494559799333328
-0.6762896,-0.5639552791999992
-0.39377037,-0.36858625946666673
-0.48013633,-0.6135791343333349
-0.7860769,-0.47333440693333384
-0.40840867,-0.48478156766666736
-0.8138897,-0.6429825931999996
-0.3864512,-0.6284711593333321
-0.19757688,-2.1498752398733374
-0.5752853,-0.7391464878000004
-0.53429806,-0.654732759447856
-0.5269789,-0.6651547529333318
-0.5057534,-0.5125943678000012
-0.36010227,-0.5004006536666665
-0.64847684,-0.5351080551999993
-0.483064,-0.6740060372666667
-0.45671508,-0.6232013709333343
-0.61627257,-0.5158570499999996
-0.74948114,-0.6868047901333341
-0.36888525,-0.5320437489999995
-0.7655833,-0.5842773041333333
-0.733379,-0.6320038581333336
-0.6221279,-0.7658858137333345
-0.6514045,-0.5480983045999992
-0.79851943,-0.5936374028888896
-0.89074075,-0.5924804362666675
-0.6030981,-0.7230541216666654
-0.9807663,-0.5276912930666668
-0.4933108,-0.6075188646666669
-0.56943,-0.5579584408000012
-0.78900456,-0.4175966383333327
-0.6806811,-0.836671728733334
-0.3996257,-0.5926997045333331
-0.5452768,-0.6142329494666673
-0.5445449,-0.6318948992
-0.43475762,-0.6463591605333321
-0.59577894,-0.8445129472000008
-0.5979747,-0.676943459000001
-0.6279832,-0.5731871712666662
-0.4933108,-0.7082889489333326
-0.23128518,-0.5699374456666664
-0.8094982,-0.5891917035333333
-0.29276606,-0.24749345579999987
-0.59577894,-0.8506562004000009
-0.5943151,-0.6030785838666682
-0.7926641,-0.6599239953333327
-0.50062996,-0.6017513809333331
-0.5540598,-0.43740226426666634
-0.43209082,-0.636738814288001
-0.6089534,-0.49752108613333423
-0.49038315,-0.5621791515333325
-0.65286833,-0.5562164892666667
-0.3469278,-0.740732321733333
-0.7055662,-0.6007559693999985
-0.39377037,-0.5442643016666675
-0.54308105,-0.35747142426666734
-0.63383853,-0.49224711173333446
-0.75972795,-0.5714988624666661
-0.7611918,-0.5443887314666678
-0.68800026,-0.533697908733333
-0.5211236,-0.8379249761333342
-0.56650233,-0.5110166505333331
-0.049738947,-0.3913743440666668
-0.44266793,-0.39238860506666723
-0.5547917,-0.7327446781333338
-0.57235765,-0.5743582182666682
-0.6482917,-0.6936273163999997
-0.61627257,-0.569732507933334
-0.6718981,-0.734091402333333
-0.8182812,-0.6439780073999998
-0.5494731,-0.6461932695333322
-0.83145565,-0.7902341756000011
-0.75265276,-0.5773802059777773
-0.29715756,-0.6625877098666672
-0.89440036,-0.5567483538666659
-0.70263857,-0.6775729168666671
-0.65433216,-0.550717366733333
-0.3615661,-0.7202142966666654
-0.948562,-0.4749590091999994
-0.69239175,-0.6431257315333337
-0.6411577,-0.6783789921333324
-0.43399084,-1.0264997646666678
-0.58699596,-0.6521794414000008
-0.6367662,-0.568844477199999
-0.7041024,-0.6716541473333341
-0.6997109,-0.5190156982000006
-0.6118811,-0.3792589166666659
-0.47574484,-0.6421784867999983
-0.48525974,-0.5622084204666672
-0.5504002,-0.6542361972000016
-0.74948114,-0.6518625999999996
-0.5591832,-0.5894340372666668
-0.5372257,-0.7097430204666656
-0.54747254,-0.5111597890000003
-0.9046472,-0.5435992461999994
-0.7948599,-0.6644911347333348
-0.7524088,-0.6508189810666669
-0.7714386,-0.7845642900666683
-0.7436258,-0.7238738486666676
-0.8343833,-0.6351267221333338
-0.47281718,-0.5053727630666665
-0.49184698,-0.6556105715333322
-0.63823,-0.7749322686000012
-0.7172769,-0.6184585665333344
-0.67409384,-0.38874567859999964
-0.647013,-0.6523804091333344
-0.9002557,-0.36248668330666683
-0.5357619,-0.5485167309333341
-0.42011932,-0.623377016133334
-0.5225874,-0.6625442601333336
-0.5020938,-0.571917561194668
-0.6455492,-0.5139313105333326
-0.75972795,-0.6376445091333339
-0.66750664,-0.5076173096
-0.49916613,-0.5571045237999998
-0.70263857,-0.752808917266666
-0.60017043,-0.6176192840000003
0.19815536,-0.6757995258666657
-0.54893637,-0.5037869653333336
-0.5562555,-0.6851555551333322
-0.36302993,-0.5558066164666668
-0.4933108,-0.6266023482000004
-0.5401534,-0.7853644960000015
-0.78314924,-0.7045025224000014
-0.6455492,-0.651007033533334
-0.7480173,-0.5086810309333337
-0.7209364,-0.46630478313333384
-0.4933108,-0.8847959880666694
-1.0283408,-0.3829583972933341
-0.53283423,-0.5457208287333326
-0.84609395,-0.6171118388
-0.655796,-0.8798391366666682
-0.40621293,-0.634780268400001
-0.8051067,-0.6064226200666657
-0.56943,-0.5144973173999997
-0.73045135,-0.7565465679999989
-0.5943151,-0.5262811551333335
-0.38773206,-3.3056601886266668
-0.8619033,-0.5617926261533334
-0.7275237,-0.7338327950666661
-0.47135335,-0.5684833815333344
-0.90537906,-0.6015952273999995
-0.5972428,-0.6634030249333328
-0.81681734,-0.5467406180666678
-0.6279832,-0.5404756310666666
-0.67336196,-0.705566242666667
-0.9675918,-0.5582024294666673
-0.56796616,-0.5986382784000004
-0.56211084,-0.6834184713333332
-0.10539579,-0.7809534655999998
-0.8438982,-0.5064852923333334
-0.61627257,-0.6406062920666684
-0.65433216,-0.6024198599333321
-0.5635747,-0.6832818483333327
-0.5020938,-0.8071462840666676
-0.4640342,-0.6615342086666662
-0.931728,-0.566560892799999
-0.6323747,-0.6586911267333346
-0.4684257,-0.5318242041333333
-0.49184698,-0.6647351133999994
-0.86073226,-0.47533986499999953
-0.5987066,-0.6838261100666677
-0.59577894,-0.5419002190666676
-0.5357619,-0.7064228317333335
-0.6118811,-0.5878840211333322
-0.51526827,-0.5143509329999995
-0.6045619,-0.5869520483999987
-0.647013,-0.6440267978666668
-0.8256003,-0.4800485104666675
-0.46257037,-0.513194493733333
-0.7919322,-0.5928065351333341
-0.6089534,-0.7025507299999995
-0.43036613,-0.6841747837333322
-0.62725127,-0.5066007781333339
-0.5108768,-0.7591033901333317
-0.7802216,-0.7673349860666673
-0.74948114,-0.5200501237333335
-0.78900456,-0.654293114266667
-0.53381014,-0.6309230870000014
-0.8490216,-0.9108944365000013
-0.7524088,-0.521481416399999
-0.39230654,-0.7385531408666657
-0.6938556,-0.5989993681999998
-0.6579917,-0.6146233263999997
-0.8578046,-0.7368726831333341
-0.7655833,-0.4775600174
-0.06592929,-0.29697766886666593
-0.80364287,-0.5461843702666676
-1.0408809,-0.5798768701999988
-0.6089534,-0.5982869533999999
-0.68800026,-0.730119547933333
-0.60163426,-0.5507401426000013
-0.6137109,-0.6462323170666687
-0.55332786,-0.4561490569999995
-0.4977023,-0.5041919709333337
-0.62505555,-0.5956545077333347
-0.61627257,-0.6282174214000001
-0.578213,-0.5745241276666653
-0.48599166,-0.5837267437999989
-0.51965976,-0.4671960914666672
-0.65872365,-0.45774461080000056
-0.6118811,-0.6631639284000012
-0.61480874,-0.8038559352666674
-0.5708938,-0.7857060673333341
-0.5650385,-0.6036738808000013
-0.5752853,-0.539743532666666
-0.42561254,-0.4283543286666664
-0.38498738,-0.4248328380000005
-0.5020938,-0.641723702466667
-0.57674915,-0.7404249100666663
-0.47574484,-0.7549558704666672
-0.52405125,-0.4824931661133337
-0.7919322,-0.6428850019333345
-0.5401534,-0.49581886320000024
-0.51380444,-0.46513210446666725
-0.80364287,-0.6011316797333341
-0.42597464,-0.5267349457333335
-0.6223602,-0.5575680841333343
-0.77436626,-0.7108945717999992
-0.5796768,-0.6164482320000005
-0.7231322,-0.5758805981333339
-0.6616513,-0.6672675324666677
-0.53795767,-0.6202249169999992
-0.43036613,-0.7101821908666679
-0.67336196,-0.6297007666666666
-0.7090794,-0.5566458744666679
-1.0883578,-0.5582024294666673
-0.7443577,-0.5815026999999995
-0.49916613,-0.6060745483999997
-0.58260447,-0.6380348328666683
-0.7099577,-0.7474903274666662
-3.0196385,-0.5865655557199998
-0.52405125,-0.6246261686666666
-0.43036613,-0.6117249302666663
-0.47647676,-0.48802224960000057
-0.43768528,-0.7428158260666681
-0.6762896,-0.4053151036666665
-0.67336196,-0.6361326644000005
-0.6836088,-0.5588806579999998
-0.71142155,-0.6798418637333347
-0.6894641,-0.5235047533333326
-0.20347242,-0.5234169238666678
-0.6953194,-0.5505758779999994
-0.5269789,-0.6392400508666677
-1.4469963,-0.4533986675333331
-0.733379,-0.5118757623333341
-0.38205972,-0.7520769945333345
-0.67775345,-0.654039388466667
-0.733379,-0.6498162370000001
-0.38205972,-0.6250360580666677
-0.7084939,-0.6515240614000006
-0.5752853,-0.6393766890666672
-0.724596,-0.5774859340000004
-0.560647,-0.6381568322
-0.57674915,-0.4079835901333333
-0.74508965,-0.8182128182666689
-0.73118323,-0.7605916183999999
-0.68214494,-0.6509458286666654
-0.68214494,-0.5700379718666678
-0.9566131,-0.645645028399999
-0.80657053,-0.6702796929444451
-0.75533646,-0.7165937426666683
-0.6792173,-0.5276132323333337
-0.69239175,-0.7452067476000015
-0.48013633,-0.7582836365333324
-0.51526827,-0.6442610024000012
-0.66311514,-0.35774060599999963
-0.5225874,-0.6968369018666688
-0.5708938,-0.6359213991333325
-1.1695582,-0.8533886205333325
-0.55332786,-0.5421181653333326
-0.8702471,-0.17081192293333328
-0.51380444,-0.3616197573999994
-0.7670471,-0.8755608667333322
-0.57674915,-0.6700537000666685
-0.46110654,-0.49820978433333435
-0.6572598,-0.7143687373333328
-0.72020453,-0.7006595155333353
-0.6718981,-0.6143403094666675
-0.78689015,-0.8262598837066675
-0.6748258,-0.7073911363333323
-0.6045619,-0.5708157611333329
-0.57674915,-0.5499903246666666
-0.50062996,-0.5880352769333326
-1.1216698,-0.6841796446000014
-0.69678324,-0.673157026866665
-0.5728282,-0.6939531665666672
-0.7342329,-0.7657234815333349
-0.483064,-0.43259115106666607
-0.60602576,-0.7197361093333329
-0.35131928,-0.6303741318666671
-0.83584714,-0.2471498607600004
-0.44646826,-0.6685280686666661
-0.78754073,-0.6985027214666651
-0.7128854,-0.8043747815333324
-0.5774811,-0.776021224666666
-0.6118811,-0.7085817322666679
-0.61480874,-0.6495307786666654
-0.47574484,-0.8277277756000009
-0.61041725,-0.43853429259999976
-0.61627257,-0.6047766036666676
-0.74948114,-0.8238827047333324
-0.44061294,-0.6478815519999993
-0.41341007,-0.6807757776000009
-0.88854504,-0.4827126803333334
-0.72020453,-0.6712686623333337
-0.7289875,-0.5233583842666678
-0.5299066,-0.5803989788000004
-0.6279832,-0.598394309066667
-0.9427067,-0.6124763793333349
-0.64408535,-0.5369719935999999
-0.6894641,-0.3126660259333338
-0.59577894,-0.4701627948000003
-0.36888525,-0.5190889030666663
-0.38498738,-0.4920324145333328
-0.45598316,-0.5315753344000003
-0.20493625,-0.5867415564666667
-0.12591353,-0.3110708763333341
-0.65286833,-0.5689030158666676
-0.79778755,-0.571040210866667
-0.6909279,-0.5976038399333344
-0.5899236,-0.5749632744666674
-0.40694484,-0.5319656862000003
-0.45671508,-0.6260704483333325
-0.51526827,-0.4894145822000002
-0.2986214,-0.6174094765333324
-0.5987066,-0.666140401066665
-0.46988952,-0.6929187345999982
-1.0439104,-0.7326470905999984
-0.8138897,-0.3247556308000007
-0.6792173,-0.561183753066667
-0.5884598,-0.677060566866667
-0.6872683,-0.7763814806666682
-0.5211236,-0.5218503224000004
-0.5635747,-0.5858395360000007
-0.31472352,-0.5797158468666666
-0.81681734,-0.47030915813333374
-0.18690674,-0.7811901326666678
-0.32936183,-0.6743204300000006
-0.42743847,-0.7405127558000008
-0.54747254,-0.7030918600666668
-0.6030981,-0.2878678680666668
-0.45525125,-0.4631786805333338
-0.74508965,-0.5202648238666664
-0.8665876,-0.7077668650666655
-0.5943151,-0.6926242172000004
-0.54747254,-0.6770312927999995
-0.37986398,-0.4781062420333322
-0.80803436,-0.5817749893333334
-0.69239175,-0.5649197672000005
-0.6872683,-0.5957155116000009
-0.750945,-0.6145745378666678
-0.87536997,-0.6222718293333324
-0.7172769,-0.6652718562666656
-0.5181959,-0.6169861737333322
-0.6433534,-0.801100680333332
-0.36302993,-0.43550037826666727
-0.7041024,-0.6494600077999988
-0.54308105,-0.5994177428666669
-0.5899236,-0.6280368593333331
-0.49184698,-0.615482099
-0.72166836,-0.7721978146666674
-0.63875633,-0.4895519828000001
-0.44061294,-0.7110312078000012
-0.49916613,-0.4109459691999989
-0.6792173,-0.6647253620666655
-0.5445449,-0.5191230204000001
-0.5884598,-0.7230443577333329
-0.6850726,-0.6889664129333349
-0.474281,-0.6593970092666681
-0.60602576,-0.7492029940000012
-0.63969386,-0.7529831802000004
-0.7172769,-0.9870168514000002
-0.6748258,-0.7039560199999995
-0.8665876,-0.6694828035333326
-0.7568003,-0.5725723622666661
-0.6601875,-0.6687801686666659
-0.6235917,-0.7180087904666668
-0.7258159,-0.5297055300000011
-0.7084939,-0.7451482039999995
-0.28178734,-0.5406510774666669
-0.8578046,-0.7037266845333342
-0.5884598,-0.5781349094666672
-0.50941294,-0.6594750917333321
