latitude,longitude,time,GPI,predicted_GPI,residual
40.5,30.5,13602255.0,0.0,-0.083143376,0.08314337581396103
40.5,31.5,13602255.0,0.0,0.0057465294,-0.005746529437601566
40.5,32.5,13602255.0,0.0,0.067067355,-0.06706735491752625
40.5,33.5,13602255.0,0.0,0.33400396,-0.3340039551258087
40.5,34.5,13602255.0,0.0,0.435412,-0.4354119896888733
40.5,35.5,13602255.0,0.0,0.35477367,-0.3547736704349518
40.5,36.5,13602255.0,0.0,0.25246722,-0.25246721506118774
40.5,37.5,13602255.0,0.0,0.1577932,-0.15779319405555725
40.5,38.5,13602255.0,0.0,0.042006377,-0.04200637713074684
40.5,39.5,13602255.0,0.0,-0.060021468,0.06002146750688553
40.5,40.5,13602255.0,0.0,-0.05377751,0.053777508437633514
40.5,41.5,13602255.0,0.0,-0.07069235,0.07069235295057297
40.5,42.5,13602255.0,0.0,-0.07010726,0.07010725885629654
40.5,43.5,13602255.0,0.0,-0.07126377,0.07126376777887344
40.5,44.5,13602255.0,0.0,-0.059627265,0.059627264738082886
40.5,45.5,13602255.0,0.0,-0.041206468,0.041206467896699905
40.5,46.5,13602255.0,0.0,0.029921006,-0.02992100641131401
40.5,47.5,13602255.0,0.0,0.05646502,-0.056465018540620804
40.5,48.5,13602255.0,0.0,0.058659695,-0.05865969508886337
40.5,49.5,13602255.0,0.0,-0.029839847,0.02983984723687172
40.5,50.5,13602255.0,0.0,-0.027914613,0.027914613485336304
40.5,51.5,13602255.0,0.0,-0.048728604,0.04872860386967659
40.5,52.5,13602255.0,0.0,-0.048728604,0.04872860386967659
40.5,53.5,13602255.0,0.0,-0.047555152,0.04755515232682228
40.5,54.5,13602255.0,0.0,-0.046445884,0.04644588381052017
40.5,55.5,13602255.0,0.0,-0.051633656,0.05163365602493286
40.5,56.5,13602255.0,0.0,-0.05243077,0.05243077129125595
40.5,57.5,13602255.0,0.0,-0.05243077,0.05243077129125595
40.5,58.5,13602255.0,0.0,-0.05243077,0.05243077129125595
40.5,59.5,13602255.0,0.0,-0.051963024,0.05196302384138107
40.5,60.5,13602255.0,0.0,-0.052925486,0.052925486117601395
40.5,61.5,13602255.0,0.0,-0.052925486,0.052925486117601395
40.5,62.5,13602255.0,0.0,-0.052925486,0.052925486117601395
40.5,63.5,13602255.0,0.0,-0.052925486,0.052925486117601395
40.5,64.5,13602255.0,0.0,-0.052344162,0.05234416201710701
40.5,65.5,13602255.0,0.0,-0.052344162,0.05234416201710701
40.5,66.5,13602255.0,0.0,-0.048516,0.04851600155234337
40.5,67.5,13602255.0,0.0,-0.047712453,0.047712452709674835
40.5,68.5,13602255.0,0.0,-0.048431523,0.04843152314424515
40.5,69.5,13602255.0,0.0,-0.049937405,0.049937404692173004
40.5,70.5,13602255.0,0.0,-0.039289862,0.03928986191749573
40.5,71.5,13602255.0,0.0,0.0026958077,-0.002695807721465826
40.5,72.5,13602255.0,0.0,-0.03948807,0.03948806971311569
40.5,73.5,13602255.0,0.0,-0.03424793,0.034247931092977524
40.5,74.5,13602255.0,0.0,-0.034044947,0.03404494747519493
40.5,75.5,13602255.0,0.0,-0.036298208,0.03629820793867111
40.5,76.5,13602255.0,0.0,-0.03544824,0.035448238253593445
40.5,77.5,13602255.0,0.0,-0.04217382,0.04217382147908211
40.5,78.5,13602255.0,0.0,-0.009502492,0.009502491913735867
40.5,79.5,13602255.0,0.0,-0.09260945,0.0926094502210617
40.5,80.5,13602255.0,0.0,-0.093343504,0.09334350377321243
40.5,81.5,13602255.0,0.0,-0.01889456,0.018894560635089874
40.5,82.5,13602255.0,0.0,0.0982942,-0.098294198513031
40.5,83.5,13602255.0,0.0,-0.12857044,0.12857043743133545
40.5,84.5,13602255.0,0.0,-0.12657066,0.1265706568956375
40.5,85.5,13602255.0,0.0,-0.07160894,0.07160893827676773
40.5,86.5,13602255.0,0.0,-0.03309213,0.03309212997555733
40.5,87.5,13602255.0,0.0,-0.00066757994,0.0006675799377262592
40.5,88.5,13602255.0,0.0,0.104846954,-0.10484695434570312
40.5,89.5,13602255.0,0.0,-0.014281847,0.014281846582889557
40.5,90.5,13602255.0,0.0,-0.1609949,0.16099490225315094
40.5,91.5,13602255.0,0.0,-0.115023024,0.11502302438020706
40.5,92.5,13602255.0,0.0,0.010052143,-0.010052142664790154
40.5,93.5,13602255.0,0.0,0.038289882,-0.038289882242679596
40.5,94.5,13602255.0,0.0,-0.07982426,0.07982426136732101
40.5,95.5,13602255.0,0.0,0.064921476,-0.06492147594690323
40.5,96.5,13602255.0,0.0,0.0097693,-0.009769299998879433
40.5,97.5,13602255.0,0.0,-0.028226115,0.028226114809513092
40.5,98.5,13602255.0,0.0,0.019805476,-0.01980547606945038
40.5,99.5,13602255.0,0.0,0.08900191,-0.08900190889835358
40.5,100.5,13602255.0,0.0,-0.008726067,0.008726066909730434
40.5,101.5,13602255.0,0.0,-0.107934766,0.10793476551771164
40.5,102.5,13602255.0,0.0,0.07275644,-0.07275643944740295
40.5,103.5,13602255.0,0.0,0.09582128,-0.09582127630710602
40.5,104.5,13602255.0,0.0,0.2940652,-0.2940652072429657
40.5,105.5,13602255.0,0.0,0.1176341,-0.11763410270214081
40.5,106.5,13602255.0,0.0,0.22329983,-0.22329983115196228
40.5,107.5,13602255.0,0.0,0.252936,-0.2529360055923462
40.5,108.5,13602255.0,0.0,-0.04900651,0.04900651052594185
40.5,109.5,13602255.0,0.0,-0.061994556,0.061994556337594986
40.5,110.5,13602255.0,0.0,-0.015003764,0.015003764070570469
40.5,111.5,13602255.0,0.0,-0.04424876,0.044248759746551514
40.5,112.5,13602255.0,0.0,-0.06658251,0.06658250838518143
40.5,113.5,13602255.0,0.0,-0.0056684674,0.005668467376381159
40.5,114.5,13602255.0,0.0,-0.043865897,0.04386589676141739
40.5,115.5,13602255.0,0.0,-0.042733498,0.04273349791765213
40.5,116.5,13602255.0,0.0,-0.003441123,0.0034411230590194464
40.5,117.5,13602255.0,0.0,0.13779461,-0.1377946138381958
40.5,118.5,13602255.0,0.0,0.008470615,-0.00847061537206173
40.5,119.5,13602255.0,0.0,0.061061792,-0.061061792075634
40.5,120.5,13602255.0,0.0,-0.21008612,0.21008612215518951
39.5,30.5,13602255.0,0.0,-0.049590953,0.049590952694416046
39.5,31.5,13602255.0,0.0,0.039298914,-0.03929891437292099
39.5,32.5,13602255.0,0.013972885,0.10938943,-0.09541654677461624
39.5,33.5,13602255.0,0.48303258,0.376326,0.10670658527000426
39.5,34.5,13602255.0,0.9210214,0.47773415,0.44328725149765014
39.5,35.5,13602255.0,0.50686854,0.38945875,0.11740979428199771
39.5,36.5,13602255.0,0.06355861,0.28715223,-0.2235936207395935
39.5,37.5,13602255.0,0.00927273,0.19247828,-0.18320555423976898
39.5,38.5,13602255.0,0.037920006,0.06878211,-0.030862107492488862
39.5,39.5,13602255.0,0.11665547,-0.033245753,0.14990122349688528
39.5,40.5,13602255.0,0.072512396,-0.027001776,0.0995141718011818
39.5,41.5,13602255.0,0.0,-0.04391664,0.04391663894057274
39.5,42.5,13602255.0,0.0,-0.043331537,0.043331537395715714
39.5,43.5,13602255.0,0.0,-0.044488046,0.04448804631829262
39.5,44.5,13602255.0,0.0,-0.03285153,0.032851528376340866
39.5,45.5,13602255.0,0.0,-0.014430766,0.014430765993893147
39.5,46.5,13602255.0,0.0,0.056696754,-0.056696753948926926
39.5,47.5,13602255.0,0.0,0.08324075,-0.08324074745178223
39.5,48.5,13602255.0,0.0,0.08543541,-0.0854354128241539
39.5,49.5,13602255.0,0.0,-0.00306413,0.0030641299672424793
39.5,50.5,13602255.0,0.0,-0.0011389091,0.0011389091378077865
39.5,51.5,13602255.0,0.0,-0.02195287,0.02195286937057972
39.5,52.5,13602255.0,0.0,-0.02195287,0.02195286937057972
39.5,53.5,13602255.0,0.0,-0.020779418,0.02077941782772541
39.5,54.5,13602255.0,0.0,-0.019670147,0.019670147448778152
39.5,55.5,13602255.0,0.0,-0.02485793,0.024857930839061737
39.5,56.5,13602255.0,0.0,-0.025655052,0.025655051693320274
39.5,57.5,13602255.0,0.0,-0.025655052,0.025655051693320274
39.5,58.5,13602255.0,0.0,-0.025655052,0.025655051693320274
39.5,59.5,13602255.0,0.0,-0.025187297,0.0251872967928648
39.5,60.5,13602255.0,0.0,-0.026149774,0.026149773970246315
39.5,61.5,13602255.0,0.0,-0.026149774,0.026149773970246315
39.5,62.5,13602255.0,0.0,-0.026149774,0.026149773970246315
39.5,63.5,13602255.0,0.0,-0.026149774,0.026149773970246315
39.5,64.5,13602255.0,0.0,-0.025568435,0.025568434968590736
39.5,65.5,13602255.0,0.0,-0.025568435,0.025568434968590736
39.5,66.5,13602255.0,0.0,-0.021740278,0.021740278229117393
39.5,67.5,13602255.0,0.0,-0.02093673,0.02093672938644886
39.5,68.5,13602255.0,0.0,-0.0216558,0.021655799821019173
39.5,69.5,13602255.0,0.0,-0.023161672,0.023161672055721283
39.5,70.5,13602255.0,0.0,-0.012514131,0.012514131143689156
39.5,71.5,13602255.0,0.0,0.029471505,-0.029471505433321
39.5,72.5,13602255.0,0.0,-0.012712363,0.01271236315369606
39.5,73.5,13602255.0,0.0,-0.0074722264,0.007472226396203041
39.5,74.5,13602255.0,0.020680007,-0.007269238,0.027949245121807575
39.5,75.5,13602255.0,0.03726376,-0.009522495,0.04678625485999346
39.5,76.5,13602255.0,0.014282613,-0.0086725345,0.022955147488141536
39.5,77.5,13602255.0,0.0023740546,-0.015398082,0.017772136923372366
39.5,78.5,13602255.0,0.00034745308,0.017273236,-0.01692578298610298
39.5,79.5,13602255.0,0.0,-0.06583373,0.06583373248577118
39.5,80.5,13602255.0,0.0,-0.06656778,0.06656777858734131
39.5,81.5,13602255.0,0.0,0.007881164,-0.007881163619458675
39.5,82.5,13602255.0,0.0,0.12506992,-0.12506991624832153
39.5,83.5,13602255.0,0.0,-0.10179475,0.10179474949836731
39.5,84.5,13602255.0,0.0,-0.09979494,0.09979493916034698
39.5,85.5,13602255.0,0.0,-0.044833213,0.044833213090896606
39.5,86.5,13602255.0,0.0,-0.006316405,0.006316404789686203
39.5,87.5,13602255.0,0.0,0.026108125,-0.02610812522470951
39.5,88.5,13602255.0,0.0,0.13162264,-0.13162264227867126
39.5,89.5,13602255.0,0.0,0.012493849,-0.01249384880065918
39.5,90.5,13602255.0,0.0,-0.13421917,0.13421916961669922
39.5,91.5,13602255.0,0.0,-0.08824742,0.08824741840362549
39.5,92.5,13602255.0,0.0,0.03682788,-0.03682788088917732
39.5,93.5,13602255.0,0.0,0.065065585,-0.06506558507680893
39.5,94.5,13602255.0,0.0,-0.053048518,0.0530485175549984
39.5,95.5,13602255.0,0.0,0.09169723,-0.09169723093509674
39.5,96.5,13602255.0,0.0,0.03654501,-0.036545008420944214
39.5,97.5,13602255.0,0.0,-0.0014503681,0.0014503680868074298
39.5,98.5,13602255.0,0.0,0.046581175,-0.04658117517828941
39.5,99.5,13602255.0,4.5e-05,0.11577762,-0.1157326191830635
39.5,100.5,13602255.0,0.0065164575,0.01804965,-0.011533192394237519
39.5,101.5,13602255.0,0.003518972,-0.081159055,0.0846780272330017
39.5,102.5,13602255.0,0.0,0.09953218,-0.09953217953443527
39.5,103.5,13602255.0,0.003706931,0.12259699,-0.11889005559181595
39.5,104.5,13602255.0,0.09347879,0.32084092,-0.22736213497825622
39.5,105.5,13602255.0,0.10511015,0.14440988,-0.03929973004207611
39.5,106.5,13602255.0,0.008660142,0.25007564,-0.24141549629421996
39.5,107.5,13602255.0,0.0,0.27971175,-0.2797117531299591
39.5,108.5,13602255.0,0.0,-0.022230746,0.02223074622452259
39.5,109.5,13602255.0,0.0,-0.035218854,0.03521885350346565
39.5,110.5,13602255.0,0.0,0.011771978,-0.011771977879106998
39.5,111.5,13602255.0,0.0,-0.017473,0.017472999170422554
39.5,112.5,13602255.0,0.0,-0.039806787,0.0398067869246006
39.5,113.5,13602255.0,0.0,0.02110725,-0.021107250824570656
39.5,114.5,13602255.0,0.0,-0.017090185,0.01709018461406231
39.5,115.5,13602255.0,0.0,-0.015957728,0.015957728028297424
39.5,116.5,13602255.0,0.0,0.023334678,-0.023334678262472153
39.5,117.5,13602255.0,0.0,0.16457029,-0.16457028687000275
39.5,118.5,13602255.0,0.0,0.03524646,-0.035246461629867554
39.5,119.5,13602255.0,0.0,0.0878375,-0.08783750236034393
39.5,120.5,13602255.0,0.0,-0.18331043,0.18331043422222137
38.5,30.5,13602255.0,0.0,0.26834926,-0.2683492600917816
38.5,31.5,13602255.0,0.040910456,0.38804117,-0.3471307124513092
38.5,32.5,13602255.0,0.27407402,0.48725712,-0.21318310299346926
38.5,33.5,13602255.0,0.52834284,0.84460723,-0.3162643940011597
38.5,34.5,13602255.0,1.8010126,1.0795103,0.7215022688461303
38.5,35.5,13602255.0,2.9516184,1.0400145,1.9116038946136475
38.5,36.5,13602255.0,2.597621,0.88892937,1.7086916329345705
38.5,37.5,13602255.0,0.8977585,0.7104675,0.18729098262405397
38.5,38.5,13602255.0,0.06479999,0.21289325,-0.14809325760437012
38.5,39.5,13602255.0,0.0062216045,0.04296938,-0.03674777507406044
38.5,40.5,13602255.0,0.0,0.04470819,-0.044708188623189926
38.5,41.5,13602255.0,0.0,0.027793331,-0.02779333107173443
38.5,42.5,13602255.0,0.0,0.028378433,-0.028378432616591454
38.5,43.5,13602255.0,0.0,0.027221924,-0.02722192369401455
38.5,44.5,13602255.0,0.0,0.038858436,-0.03885843604803085
38.5,45.5,13602255.0,0.0,0.040505618,-0.04050561785697937
38.5,46.5,13602255.0,0.0,0.11892612,-0.11892612278461456
38.5,47.5,13602255.0,0.0,0.14538403,-0.1453840285539627
38.5,48.5,13602255.0,0.0,0.15107322,-0.15107321739196777
38.5,49.5,13602255.0,0.0,0.06257364,-0.06257364153862
38.5,50.5,13602255.0,0.0,0.06449885,-0.06449884921312332
38.5,51.5,13602255.0,0.0,0.04368487,-0.04368487000465393
38.5,52.5,13602255.0,0.0,0.04368487,-0.04368487000465393
38.5,53.5,13602255.0,0.0,0.04485832,-0.04485832154750824
38.5,54.5,13602255.0,0.0,0.04596759,-0.04596759006381035
38.5,55.5,13602255.0,0.0,0.04077981,-0.04077981039881706
38.5,56.5,13602255.0,0.0,0.03998269,-0.039982691407203674
38.5,57.5,13602255.0,0.0,0.03998269,-0.039982691407203674
38.5,58.5,13602255.0,0.0,0.03998269,-0.039982691407203674
38.5,59.5,13602255.0,0.0,0.040450443,-0.04045044258236885
38.5,60.5,13602255.0,0.0,0.03948797,-0.039487969130277634
38.5,61.5,13602255.0,0.0,0.03948797,-0.039487969130277634
38.5,62.5,13602255.0,0.0,0.03948797,-0.039487969130277634
38.5,63.5,13602255.0,0.0,0.03948797,-0.039487969130277634
38.5,64.5,13602255.0,0.0,0.040069308,-0.04006930813193321
38.5,65.5,13602255.0,0.0,0.040069308,-0.04006930813193321
38.5,66.5,13602255.0,0.0,0.043897457,-0.04389745742082596
38.5,67.5,13602255.0,0.0,0.04470101,-0.04470100998878479
38.5,68.5,13602255.0,0.0,0.04398194,-0.04398193955421448
38.5,69.5,13602255.0,0.0,0.042476065,-0.04247606545686722
38.5,70.5,13602255.0,0.0,0.053123586,-0.053123585879802704
38.5,71.5,13602255.0,0.0,0.09510931,-0.09510930627584457
38.5,72.5,13602255.0,0.0,0.05292543,-0.05292543023824692
38.5,73.5,13602255.0,0.0,0.05816557,-0.058165568858385086
38.5,74.5,13602255.0,0.0,0.058368552,-0.05836855247616768
38.5,75.5,13602255.0,0.0,0.056115292,-0.0561152920126915
38.5,76.5,13602255.0,0.0,0.056965224,-0.05696522444486618
38.5,77.5,13602255.0,0.0,0.05023967,-0.050239671021699905
38.5,78.5,13602255.0,0.0,0.082910985,-0.08291098475456238
38.5,79.5,13602255.0,0.0,-0.00019597253,0.00019597253412939608
38.5,80.5,13602255.0,0.014837473,-0.00093002873,0.015767501734728694
38.5,81.5,13602255.0,0.0062030787,0.073518895,-0.06731581591278915
38.5,82.5,13602255.0,0.0,0.19070776,-0.1907077580690384
38.5,83.5,13602255.0,0.0,-0.036156993,0.036156993359327316
38.5,84.5,13602255.0,0.0,-0.034157176,0.034157175570726395
38.5,85.5,13602255.0,0.0,0.020804526,-0.020804526284337044
38.5,86.5,13602255.0,0.0,0.059321336,-0.059321336448192596
38.5,87.5,13602255.0,0.0,0.098460786,-0.09846078604459763
38.5,88.5,13602255.0,0.0,0.20397529,-0.20397529006004333
38.5,89.5,13602255.0,0.0,0.0848465,-0.08484649658203125
38.5,90.5,13602255.0,0.0,-0.0633126,0.0633125975728035
38.5,91.5,13602255.0,0.0,-0.017340705,0.017340704798698425
38.5,92.5,13602255.0,0.0,0.10773458,-0.10773458331823349
38.5,93.5,13602255.0,0.0,0.13597237,-0.13597236573696136
38.5,94.5,13602255.0,0.0,0.017858183,-0.01785818301141262
38.5,95.5,13602255.0,0.0,0.16541757,-0.16541756689548492
38.5,96.5,13602255.0,0.0,0.11835863,-0.11835862696170807
38.5,97.5,13602255.0,0.0,0.077310346,-0.07731034606695175
38.5,98.5,13602255.0,0.0,0.12839483,-0.12839482724666595
38.5,99.5,13602255.0,0.0034594603,0.19759123,-0.19413176997324677
38.5,100.5,13602255.0,0.016450914,0.0998633,-0.08341238423732376
38.5,101.5,13602255.0,0.023762237,0.000654515,0.02310772200459641
38.5,102.5,13602255.0,0.061874926,0.18678024,-0.12490531811201477
38.5,103.5,13602255.0,0.60715365,0.2098451,0.39730855412712096
38.5,104.5,13602255.0,1.3879634,0.40808886,0.9798745371040345
38.5,105.5,13602255.0,0.7319066,0.23165798,0.5002486181274414
38.5,106.5,13602255.0,0.05755093,0.3292303,-0.27167937853271484
38.5,107.5,13602255.0,0.0,0.35343194,-0.35343194007873535
38.5,108.5,13602255.0,0.0,0.051489476,-0.05148947611451149
38.5,109.5,13602255.0,0.0,0.0385014,-0.038501400500535965
38.5,110.5,13602255.0,0.0,0.08549222,-0.08549222350120544
38.5,111.5,13602255.0,0.0,0.05624716,-0.05624715983867645
38.5,112.5,13602255.0,0.0,0.033913378,-0.03391337767243385
38.5,113.5,13602255.0,0.0,0.094827406,-0.09482740610837936
38.5,114.5,13602255.0,0.0,0.056630068,-0.05663006752729416
38.5,115.5,13602255.0,0.0,0.0577624,-0.057762399315834045
38.5,116.5,13602255.0,0.0,0.09705476,-0.09705475717782974
38.5,117.5,13602255.0,0.0,0.23829019,-0.2382901906967163
38.5,118.5,13602255.0,0.0,0.10896651,-0.10896650701761246
38.5,119.5,13602255.0,0.0,0.16155775,-0.16155774891376495
38.5,120.5,13602255.0,0.0,-0.10959016,0.10959015786647797
37.5,30.5,13602255.0,0.0,0.28515488,-0.28515487909317017
37.5,31.5,13602255.0,0.0062048794,0.37162855,-0.3654236732752472
37.5,32.5,13602255.0,0.6966772,0.4879731,0.20870410601348877
37.5,33.5,13602255.0,1.5785296,0.90791297,0.6706166304107666
37.5,34.5,13602255.0,1.6046566,1.0690552,0.5356014003768921
37.5,35.5,13602255.0,1.5575291,1.0295594,0.5279697261444092
37.5,36.5,13602255.0,1.9941678,0.90408194,1.09008585934906
37.5,37.5,13602255.0,1.9421309,0.72562027,1.2165106302246094
37.5,38.5,13602255.0,0.5374514,0.230616,0.3068353967250824
37.5,39.5,13602255.0,0.039962377,0.03861867,0.0013437080861587528
37.5,40.5,13602255.0,0.0,0.03925257,-0.039252571761608124
37.5,41.5,13602255.0,0.0,0.022337727,-0.02233772724866867
37.5,42.5,13602255.0,0.0,0.022922829,-0.022922828793525696
37.5,43.5,13602255.0,0.0,0.02176632,-0.02176631987094879
37.5,44.5,13602255.0,0.0,0.033402827,-0.03340282663702965
37.5,45.5,13602255.0,0.0,0.033158306,-0.033158306032419205
37.5,46.5,13602255.0,0.0,0.11132677,-0.11132676899433136
37.5,47.5,13602255.0,0.0,0.13962841,-0.13962841033935547
37.5,48.5,13602255.0,0.0,0.14531758,-0.14531758427619934
37.5,49.5,13602255.0,0.0,0.056818012,-0.05681801214814186
37.5,50.5,13602255.0,0.0,0.05874325,-0.058743249624967575
37.5,51.5,13602255.0,0.0,0.037929274,-0.03792927414178848
37.5,52.5,13602255.0,0.0,0.037929274,-0.03792927414178848
37.5,53.5,13602255.0,0.0,0.03910273,-0.03910272940993309
37.5,54.5,13602255.0,0.0,0.040211998,-0.0402119979262352
37.5,55.5,13602255.0,0.0,0.035024222,-0.03502422198653221
37.5,56.5,13602255.0,0.0,0.034227107,-0.03422710672020912
37.5,57.5,13602255.0,0.0,0.034227107,-0.03422710672020912
37.5,58.5,13602255.0,0.0,0.034227107,-0.03422710672020912
37.5,59.5,13602255.0,0.0,0.034694858,-0.0346948578953743
37.5,60.5,13602255.0,0.0,0.03373239,-0.03373238816857338
37.5,61.5,13602255.0,0.0,0.03373239,-0.03373238816857338
37.5,62.5,13602255.0,0.0,0.03373239,-0.03373238816857338
37.5,63.5,13602255.0,0.0,0.03373239,-0.03373238816857338
37.5,64.5,13602255.0,0.0,0.034313727,-0.03431372717022896
37.5,65.5,13602255.0,0.0,0.034313727,-0.03431372717022896
37.5,66.5,13602255.0,0.0,0.03814186,-0.03814186155796051
37.5,67.5,13602255.0,0.0,0.03894541,-0.038945410400629044
37.5,68.5,13602255.0,0.0,0.038226344,-0.03822634369134903
37.5,69.5,13602255.0,0.0,0.03672046,-0.036720458418130875
37.5,70.5,13602255.0,0.0,0.047367983,-0.04736798256635666
37.5,71.5,13602255.0,0.0,0.0893537,-0.08935370296239853
37.5,72.5,13602255.0,0.0,0.047169816,-0.04716981574892998
37.5,73.5,13602255.0,0.0,0.052409954,-0.052409954369068146
37.5,74.5,13602255.0,0.0,0.052612938,-0.05261293798685074
37.5,75.5,13602255.0,0.0,0.050359678,-0.05035967752337456
37.5,76.5,13602255.0,0.0,0.05120961,-0.05120960995554924
37.5,77.5,13602255.0,0.0,0.04448407,-0.04448407143354416
37.5,78.5,13602255.0,0.0,0.077155404,-0.07715540379285812
37.5,79.5,13602255.0,0.0,-0.005951579,0.0059515791945159435
37.5,80.5,13602255.0,0.03770571,-0.0066856365,0.04439134647195697
37.5,81.5,13602255.0,0.0197015,0.06776326,-0.048061761497020725
37.5,82.5,13602255.0,0.0,0.18495214,-0.18495213985443115
37.5,83.5,13602255.0,0.0,-0.04191259,0.041912589222192764
37.5,84.5,13602255.0,0.0,-0.039912764,0.039912763983011246
37.5,85.5,13602255.0,0.0,0.015048926,-0.015048925764858723
37.5,86.5,13602255.0,0.0,0.053565726,-0.053565725684165955
37.5,87.5,13602255.0,0.0,0.09270518,-0.09270518273115158
37.5,88.5,13602255.0,0.0,0.19821966,-0.1982196569442749
37.5,89.5,13602255.0,0.0,0.07909089,-0.0790908932685852
37.5,90.5,13602255.0,0.0,-0.06906822,0.06906822323799133
37.5,91.5,13602255.0,0.0,-0.023096295,0.023096295073628426
37.5,92.5,13602255.0,0.0,0.10197892,-0.10197892040014267
37.5,93.5,13602255.0,0.0,0.13021678,-0.1302167773246765
37.5,94.5,13602255.0,0.0,0.012102582,-0.012102581560611725
37.5,95.5,13602255.0,0.0,0.15966193,-0.1596619337797165
37.5,96.5,13602255.0,0.0,0.11260301,-0.11260300874710083
37.5,97.5,13602255.0,0.0,0.071554735,-0.07155473530292511
37.5,98.5,13602255.0,0.0,0.12263925,-0.1226392462849617
37.5,99.5,13602255.0,0.0,0.1918356,-0.19183559715747833
37.5,100.5,13602255.0,0.0038541188,0.094107695,-0.09025357612387772
37.5,101.5,13602255.0,0.034114268,-0.005101082,0.03921534991519976
37.5,102.5,13602255.0,0.15844338,0.18102455,-0.022581171391601568
37.5,103.5,13602255.0,0.8231847,0.20408948,0.6190952223417282
37.5,104.5,13602255.0,0.81319535,0.38829583,0.4248995207038879
37.5,105.5,13602255.0,0.20283826,0.21186495,-0.009026688272705086
37.5,106.5,13602255.0,0.0024077175,0.32347465,-0.321066928114624
37.5,107.5,13602255.0,0.0043973164,0.34767625,-0.3432789309583221
37.5,108.5,13602255.0,0.001304698,0.04573389,-0.04442919342751694
37.5,109.5,13602255.0,0.0,0.032745793,-0.03274579346179962
37.5,110.5,13602255.0,0.0,0.07973656,-0.07973656058311462
37.5,111.5,13602255.0,0.0,0.050491545,-0.05049154534935951
37.5,112.5,13602255.0,0.0,0.028157678,-0.028157677501440048
37.5,113.5,13602255.0,0.0,0.08907176,-0.08907175809144974
37.5,114.5,13602255.0,0.0,0.050874524,-0.05087452381849289
37.5,115.5,13602255.0,0.0,0.04723311,-0.047233108431100845
37.5,116.5,13602255.0,0.0,0.091299094,-0.09129909425973892
37.5,117.5,13602255.0,0.0,0.2325346,-0.23253460228443146
37.5,118.5,13602255.0,0.0,0.103210896,-0.10321089625358582
37.5,119.5,13602255.0,0.0,0.1558021,-0.15580210089683533
37.5,120.5,13602255.0,0.0,-0.11622599,0.11622598767280579
36.5,30.5,13602255.0,0.0,0.079284094,-0.07928409427404404
36.5,31.5,13602255.0,0.0012423529,0.16676764,-0.16552528900196992
36.5,32.5,13602255.0,0.10442754,0.23447064,-0.13004309565254213
36.5,33.5,13602255.0,0.55074525,0.5254123,0.025332928909301722
36.5,34.5,13602255.0,1.1630486,0.61682606,0.546222542565918
36.5,35.5,13602255.0,0.97110975,0.6041748,0.36693495723342895
36.5,36.5,13602255.0,0.41084945,0.47869697,-0.06784752213172912
36.5,37.5,13602255.0,0.19154437,0.34683228,-0.155287905390625
36.5,38.5,13602255.0,0.04790394,0.13662761,-0.08872367449813842
36.5,39.5,13602255.0,0.0077574216,0.005711643,0.0020457785747209547
36.5,40.5,13602255.0,0.0,0.011955626,-0.011955626308918
36.5,41.5,13602255.0,0.0,-0.0049592284,0.004959228448569775
36.5,42.5,13602255.0,0.0,-0.004374127,0.0043741269037127495
36.5,43.5,13602255.0,0.0,-0.005530636,0.005530635826289654
36.5,44.5,13602255.0,0.0,0.0061058756,-0.006105875596404076
36.5,45.5,13602255.0,0.0,0.015692243,-0.015692243352532387
36.5,46.5,13602255.0,0.0,0.09507551,-0.09507551044225693
36.5,47.5,13602255.0,0.0,0.12050184,-0.12050183862447739
36.5,48.5,13602255.0,0.0,0.1181522,-0.1181522011756897
36.5,49.5,13602255.0,0.0,0.034666415,-0.03466641530394554
36.5,50.5,13602255.0,0.0,0.03885792,-0.03885791823267937
36.5,51.5,13602255.0,0.0,0.01804393,-0.01804392971098423
36.5,52.5,13602255.0,0.0,0.01804393,-0.01804392971098423
36.5,53.5,13602255.0,0.0,0.019217378,-0.01921737752854824
36.5,54.5,13602255.0,0.0,0.020326648,-0.0203266479074955
36.5,55.5,13602255.0,0.0,0.015138868,-0.015138868242502213
36.5,56.5,13602255.0,0.0,0.014341749,-0.014341749250888824
36.5,57.5,13602255.0,0.0,0.014341749,-0.014341749250888824
36.5,58.5,13602255.0,0.0,0.014341749,-0.014341749250888824
36.5,59.5,13602255.0,0.0,0.0148095,-0.014809500426054
36.5,60.5,13602255.0,0.0,0.013847029,-0.013847028836607933
36.5,61.5,13602255.0,0.0,0.013847029,-0.013847028836607933
36.5,62.5,13602255.0,0.0,0.013847029,-0.013847028836607933
36.5,63.5,13602255.0,0.0,0.013847029,-0.013847028836607933
36.5,64.5,13602255.0,0.0,0.014428368,-0.014428367838263512
36.5,65.5,13602255.0,0.0,0.014428368,-0.014428367838263512
36.5,66.5,13602255.0,0.0,0.018256517,-0.018256517127156258
36.5,67.5,13602255.0,0.0,0.019060066,-0.01906006596982479
36.5,68.5,13602255.0,0.0,0.018340997,-0.018340997397899628
36.5,69.5,13602255.0,0.0,0.016835121,-0.01683512143790722
36.5,70.5,13602255.0,0.0,0.027482659,-0.027482658624649048
36.5,71.5,13602255.0,0.0,0.06946833,-0.06946832686662674
36.5,72.5,13602255.0,0.0,0.026336037,-0.02633603662252426
36.5,73.5,13602255.0,0.0,0.03157617,-0.03157617151737213
36.5,74.5,13602255.0,0.0,0.03177916,-0.03177915886044502
36.5,75.5,13602255.0,0.0,0.029525906,-0.02952590584754944
36.5,76.5,13602255.0,0.0,0.030375866,-0.03037586621940136
36.5,77.5,13602255.0,0.0,0.03325777,-0.03325777128338814
36.5,78.5,13602255.0,0.0,0.0659291,-0.0659290999174118
36.5,79.5,13602255.0,0.0,-0.017177882,0.0171778816729784
36.5,80.5,13602255.0,0.006980798,-0.017911931,0.02489272949983883
36.5,81.5,13602255.0,0.0040170224,0.056537006,-0.05251998365034828
36.5,82.5,13602255.0,0.0,0.17816724,-0.17816723883152008
36.5,83.5,13602255.0,0.0,-0.04869749,0.048697490245103836
36.5,84.5,13602255.0,0.0,-0.046697658,0.04669765755534172
36.5,85.5,13602255.0,0.0,0.008264044,-0.008264044299721718
36.5,86.5,13602255.0,0.0,0.04860536,-0.048605360090732574
36.5,87.5,13602255.0,0.0,0.09013713,-0.09013713151216507
36.5,88.5,13602255.0,0.0,0.19565165,-0.19565165042877197
36.5,89.5,13602255.0,0.0,0.07652289,-0.07652288675308228
36.5,90.5,13602255.0,0.0,-0.07783632,0.07783631980419159
36.5,91.5,13602255.0,0.0,-0.031864382,0.031864382326602936
36.5,92.5,13602255.0,0.0,0.093210794,-0.09321079403162003
36.5,93.5,13602255.0,0.0,0.12144862,-0.12144862115383148
36.5,94.5,13602255.0,0.0,0.003334482,-0.003334481967613101
36.5,95.5,13602255.0,0.0,0.14691629,-0.14691628515720367
36.5,96.5,13602255.0,0.0002731707,0.099857375,-0.0995842043257492
36.5,97.5,13602255.0,0.010515534,0.05880908,-0.048293545229831696
36.5,98.5,13602255.0,0.0352442,0.109893605,-0.07464940511302948
36.5,99.5,13602255.0,0.015122009,0.17908993,-0.16396792463380433
36.5,100.5,13602255.0,0.001390909,0.08136206,-0.0799711522025261
36.5,101.5,13602255.0,0.061749835,-0.017846711,0.07959654597993851
36.5,102.5,13602255.0,0.30382726,0.16827895,0.13554831252742766
36.5,103.5,13602255.0,1.2474107,0.19134383,1.0560668709642411
36.5,104.5,13602255.0,0.7522808,0.3900285,0.3622522934825897
36.5,105.5,13602255.0,0.06677169,0.21359757,-0.14682587588935853
36.5,106.5,13602255.0,1.2373201,0.54873693,0.6885831701065064
36.5,107.5,13602255.0,1.2396924,0.57293856,0.6667538385604859
36.5,108.5,13602255.0,0.04529029,0.12163398,-0.07634368669792176
36.5,109.5,13602255.0,0.009408003,0.06793984,-0.05853183725716782
36.5,110.5,13602255.0,0.010641359,0.060901575,-0.05026021579047775
36.5,111.5,13602255.0,0.0,0.03165646,-0.03165645897388458
36.5,112.5,13602255.0,0.0,0.009322808,-0.009322808124125004
36.5,113.5,13602255.0,0.0,0.07023678,-0.07023677974939346
36.5,114.5,13602255.0,0.0,0.032039452,-0.03203945234417915
36.5,115.5,13602255.0,0.0,0.028398093,-0.028398092836141586
36.5,116.5,13602255.0,0.0,0.072464146,-0.07246414572000504
36.5,117.5,13602255.0,0.0,0.21369968,-0.21369968354701996
36.5,118.5,13602255.0,0.0,0.084375866,-0.08437586575746536
36.5,119.5,13602255.0,0.0,0.13696705,-0.13696704804897308
36.5,120.5,13602255.0,0.0,-0.13506101,0.13506101071834564
35.5,30.5,13602255.0,0.0,-0.042453907,0.04245390743017197
35.5,31.5,13602255.0,0.0,0.018618505,-0.01861850544810295
35.5,32.5,13602255.0,0.0066705896,0.059593756,-0.05292316615184822
35.5,33.5,13602255.0,0.088167414,0.1607805,-0.07261309034589386
35.5,34.5,13602255.0,0.16357176,0.24620894,-0.08263717597602843
35.5,35.5,13602255.0,0.12639448,0.19932659,-0.07293210970355987
35.5,36.5,13602255.0,0.021409279,0.19055133,-0.16914204667882538
35.5,37.5,13602255.0,0.0020227428,0.089480855,-0.08745811177086563
35.5,38.5,13602255.0,0.0,0.04205905,-0.042059049010276794
35.5,39.5,13602255.0,0.0,0.017272638,-0.01727263815701008
35.5,40.5,13602255.0,0.0,0.02351662,-0.023516619578003883
35.5,41.5,13602255.0,0.0,0.0066017695,-0.0066017694771289825
35.5,42.5,13602255.0,0.0,0.00718687,-0.007186870090663433
35.5,43.5,13602255.0,0.0,0.006030362,-0.006030362099409103
35.5,44.5,13602255.0,0.0,0.01766687,-0.01766687072813511
35.5,45.5,13602255.0,0.0,0.03781162,-0.03781161829829216
35.5,46.5,13602255.0,0.0,0.11719486,-0.11719486117362976
35.5,47.5,13602255.0,0.0,0.14262117,-0.14262117445468903
35.5,48.5,13602255.0,0.0,0.14027157,-0.14027157425880432
35.5,49.5,13602255.0,0.0,0.056785766,-0.056785766035318375
35.5,50.5,13602255.0,0.0,0.060977302,-0.060977302491664886
35.5,51.5,13602255.0,0.0,0.040163316,-0.0401633158326149
35.5,52.5,13602255.0,0.0,0.040163316,-0.0401633158326149
35.5,53.5,13602255.0,0.0,0.041336764,-0.04133676365017891
35.5,54.5,13602255.0,0.0,0.04244603,-0.04244602844119072
35.5,55.5,13602255.0,0.0,0.03725825,-0.037258248776197433
35.5,56.5,13602255.0,0.0,0.036461134,-0.036461133509874344
35.5,57.5,13602255.0,0.0,0.036461134,-0.036461133509874344
35.5,58.5,13602255.0,0.0,0.036461134,-0.036461133509874344
35.5,59.5,13602255.0,0.0,0.03692888,-0.03692888095974922
35.5,60.5,13602255.0,0.0,0.03596641,-0.0359664112329483
35.5,61.5,13602255.0,0.0,0.03596641,-0.0359664112329483
35.5,62.5,13602255.0,0.0,0.03596641,-0.0359664112329483
35.5,63.5,13602255.0,0.0,0.03596641,-0.0359664112329483
35.5,64.5,13602255.0,0.0,0.03654775,-0.03654775023460388
35.5,65.5,13602255.0,0.0,0.03654775,-0.03654775023460388
35.5,66.5,13602255.0,0.0,0.040375903,-0.040375903248786926
35.5,67.5,13602255.0,0.0,0.04117944,-0.041179440915584564
35.5,68.5,13602255.0,0.0,0.040460374,-0.04046037420630455
35.5,69.5,13602255.0,0.0,0.038954508,-0.03895450755953789
35.5,70.5,13602255.0,0.0,0.049602035,-0.04960203543305397
35.5,71.5,13602255.0,0.0,0.09158772,-0.09158772230148315
35.5,72.5,13602255.0,0.0,0.04845543,-0.04845542833209038
35.5,73.5,13602255.0,0.0,0.053695567,-0.053695566952228546
35.5,74.5,13602255.0,0.0,0.05389855,-0.05389855057001114
35.5,75.5,13602255.0,0.0,0.05471332,-0.05471331998705864
35.5,76.5,13602255.0,0.0,0.05556329,-0.05556328967213631
35.5,77.5,13602255.0,0.0,0.06466414,-0.06466414034366608
35.5,78.5,13602255.0,0.0,0.09733548,-0.09733548015356064
35.5,79.5,13602255.0,0.0,0.01422851,-0.014228509739041328
35.5,80.5,13602255.0,0.0,0.013494461,-0.013494460843503475
35.5,81.5,13602255.0,0.0,0.096050516,-0.09605051577091217
35.5,82.5,13602255.0,0.0,0.2174156,-0.21741560101509094
35.5,83.5,13602255.0,0.0,-0.009449195,0.009449195116758347
35.5,84.5,13602255.0,0.0,-0.0074493596,0.007449359633028507
35.5,85.5,13602255.0,0.0,0.047512334,-0.04751233384013176
35.5,86.5,13602255.0,0.0,0.08972799,-0.0897279903292656
35.5,87.5,13602255.0,0.0,0.1312598,-0.13125979900360107
35.5,88.5,13602255.0,0.0,0.23677419,-0.23677419126033783
35.5,89.5,13602255.0,0.0,0.11764551,-0.1176455095410347
35.5,90.5,13602255.0,0.0,-0.036713656,0.03671365603804588
35.5,91.5,13602255.0,0.0,0.009258269,-0.0092582693323493
35.5,92.5,13602255.0,0.0,0.13433361,-0.13433361053466797
35.5,93.5,13602255.0,0.0,0.16257127,-0.1625712662935257
35.5,94.5,13602255.0,0.0,0.04445716,-0.04445715993642807
35.5,95.5,13602255.0,0.06944567,0.18803892,-0.1185932453957367
35.5,96.5,13602255.0,0.41680637,0.14473435,0.27207201717292784
35.5,97.5,13602255.0,0.7657631,0.13315377,0.6326093336063385
35.5,98.5,13602255.0,0.9069306,0.16051316,0.746417437387085
35.5,99.5,13602255.0,0.61756516,0.22970964,0.3878555198546981
35.5,100.5,13602255.0,0.16423906,0.13198178,0.032257284835395805
35.5,101.5,13602255.0,0.016692743,0.032772932,-0.016080189201623917
35.5,102.5,13602255.0,0.03140337,0.20090023,-0.16949685683143617
35.5,103.5,13602255.0,0.16788974,0.20380327,-0.03591353105522155
35.5,104.5,13602255.0,0.0508856,0.39672637,-0.3458407698577881
35.5,105.5,13602255.0,0.3144426,0.26902026,0.04542234061965944
35.5,106.5,13602255.0,2.2913022,0.6041599,1.6871423083946229
35.5,107.5,13602255.0,1.4839967,0.6283614,0.8556352960578919
35.5,108.5,13602255.0,0.07573491,0.14951095,-0.0737760398500824
35.5,109.5,13602255.0,0.26357022,0.095816754,0.16775346619531634
35.5,110.5,13602255.0,0.12666203,0.08877855,0.03788348205736161
35.5,111.5,13602255.0,0.0016688744,0.059533488,-0.057864613605399705
35.5,112.5,13602255.0,0.0,0.03719976,-0.03719976171851158
35.5,113.5,13602255.0,0.0,0.09811386,-0.09811385720968246
35.5,114.5,13602255.0,0.0,0.059916448,-0.05991644784808159
35.5,115.5,13602255.0,0.0,0.05627506,-0.056275058537721634
35.5,116.5,13602255.0,0.0,0.10034118,-0.10034117847681046
35.5,117.5,13602255.0,0.0,0.24157673,-0.24157673120498657
35.5,118.5,13602255.0,0.0,0.11225284,-0.11225283890962601
35.5,119.5,13602255.0,0.0,0.16484399,-0.16484399139881134
35.5,120.5,13602255.0,0.0,-0.107183985,0.10718398541212082
34.5,30.5,13602255.0,0.0,-0.09115567,0.09115567058324814
34.5,31.5,13602255.0,0.0,-0.030083207,0.03008320741355419
34.5,32.5,13602255.0,0.0,0.010892,-0.010892000049352646
34.5,33.5,13602255.0,0.006271779,0.112078816,-0.10580703669862365
34.5,34.5,13602255.0,0.010691642,0.19750723,-0.18681559042759704
34.5,35.5,13602255.0,0.00122449,0.15062484,-0.1494003514516449
34.5,36.5,13602255.0,0.0,0.14184958,-0.1418495774269104
34.5,37.5,13602255.0,0.0,0.044219427,-0.044219426810741425
34.5,38.5,13602255.0,0.0,-0.0032023785,0.0032023785170167685
34.5,39.5,13602255.0,0.0,-0.027988758,0.02798875793814659
34.5,40.5,13602255.0,0.0,-0.021744765,0.02174476534128189
34.5,41.5,13602255.0,0.0,-0.03865963,0.038659628480672836
34.5,42.5,13602255.0,0.0,-0.038074527,0.03807452693581581
34.5,43.5,13602255.0,0.0,-0.03923102,0.03923102095723152
34.5,44.5,13602255.0,0.0,-0.027594522,0.027594521641731262
34.5,45.5,13602255.0,0.0,-0.0074497876,0.007449787575751543
34.5,46.5,13602255.0,0.0,0.06849311,-0.06849311292171478
34.5,47.5,13602255.0,0.0,0.093919426,-0.09391942620277405
34.5,48.5,13602255.0,0.0,0.091569796,-0.09156979620456696
34.5,49.5,13602255.0,0.0,0.008084021,-0.00808402057737112
34.5,50.5,13602255.0,0.0,0.012275543,-0.012275543063879013
34.5,51.5,13602255.0,0.0,-0.008538441,0.008538440801203251
34.5,52.5,13602255.0,0.0,-0.008538441,0.008538440801203251
34.5,53.5,13602255.0,0.0,-0.0073649916,0.007364991586655378
34.5,54.5,13602255.0,0.0,-0.006255721,0.00625572120770812
34.5,55.5,13602255.0,0.0,-0.011443503,0.011443503201007843
34.5,56.5,13602255.0,0.0,-0.01224062,0.012240620329976082
34.5,57.5,13602255.0,0.0,-0.01224062,0.012240620329976082
34.5,58.5,13602255.0,0.0,-0.01224062,0.012240620329976082
34.5,59.5,13602255.0,0.0,-0.01177287,0.01177287008613348
34.5,60.5,13602255.0,0.0,-0.012735342,0.012735341675579548
34.5,61.5,13602255.0,0.0,-0.012735342,0.012735341675579548
34.5,62.5,13602255.0,0.0,-0.012735342,0.012735341675579548
34.5,63.5,13602255.0,0.0,-0.012735342,0.012735341675579548
34.5,64.5,13602255.0,0.0,-0.012154002,0.012154001742601395
34.5,65.5,13602255.0,0.0,-0.012154002,0.012154001742601395
34.5,66.5,13602255.0,0.0,-0.008325861,0.00832586083561182
34.5,67.5,13602255.0,0.0,-0.0075223087,0.007522308733314276
34.5,68.5,13602255.0,0.0,-0.008241376,0.008241375908255577
34.5,69.5,13602255.0,0.0,-0.009747256,0.009747255593538284
34.5,70.5,13602255.0,0.0,0.0009002897,-0.0009002896840684116
34.5,71.5,13602255.0,0.0,0.042885974,-0.042885974049568176
34.5,72.5,13602255.0,0.0,-0.00024631404,0.00024631404085084796
34.5,73.5,13602255.0,0.0,0.0049938224,-0.004993822425603867
34.5,74.5,13602255.0,0.0,0.0051968116,-0.005196811631321907
34.5,75.5,13602255.0,0.0,0.006011584,-0.0060115838423371315
34.5,76.5,13602255.0,0.0,0.0068615344,-0.006861534435302019
34.5,77.5,13602255.0,0.0,0.015962405,-0.015962405130267143
34.5,78.5,13602255.0,0.0,0.048633683,-0.04863368347287178
34.5,79.5,13602255.0,0.0,-0.034473237,0.0344732366502285
34.5,80.5,13602255.0,0.0,-0.035207298,0.035207297652959824
34.5,81.5,13602255.0,0.0,0.047348768,-0.04734876751899719
34.5,82.5,13602255.0,0.0,0.16871375,-0.1687137484550476
34.5,83.5,13602255.0,0.0,-0.058150955,0.05815095454454422
34.5,84.5,13602255.0,0.0,-0.05615112,0.056151121854782104
34.5,85.5,13602255.0,0.0,-0.0011894105,0.0011894104536622763
34.5,86.5,13602255.0,0.0,0.041026264,-0.04102626442909241
34.5,87.5,13602255.0,0.0,0.082558,-0.08255799859762192
34.5,88.5,13602255.0,0.0,0.18807252,-0.18807251751422882
34.5,89.5,13602255.0,0.0,0.068943754,-0.06894375383853912
34.5,90.5,13602255.0,0.0,-0.08541541,0.08541540801525116
34.5,91.5,13602255.0,0.0,-0.0394435,0.039443500339984894
34.5,92.5,13602255.0,0.0,0.08563175,-0.08563175052404404
34.5,93.5,13602255.0,0.0,0.11386949,-0.11386948823928833
34.5,94.5,13602255.0,0.0007111112,-0.004244619,0.00495573024913187
34.5,95.5,13602255.0,0.06715233,0.13933712,-0.07218479244033814
34.5,96.5,13602255.0,0.29491034,0.096032485,0.19887785463413238
34.5,97.5,13602255.0,0.6653233,0.084451966,0.5808713340123176
34.5,98.5,13602255.0,0.5895074,0.1118115,0.4776959036826134
34.5,99.5,13602255.0,0.40101355,0.1810078,0.22000574751358032
34.5,100.5,13602255.0,0.08048618,0.08327992,-0.0027937426045608477
34.5,101.5,13602255.0,0.0013935486,-0.015928825,0.017322373963516807
34.5,102.5,13602255.0,0.0,0.14039044,-0.14039044082164764
34.5,103.5,13602255.0,0.0,0.13218977,-0.1321897655725479
34.5,104.5,13602255.0,0.0005662922,0.23556708,-0.2350007857943466
34.5,105.5,13602255.0,0.05292405,0.11399225,-0.061068201455783844
34.5,106.5,13602255.0,0.4552518,0.308617,0.14663480418853758
34.5,107.5,13602255.0,0.21331884,0.2866405,-0.07332165506187438
34.5,108.5,13602255.0,0.07902431,0.033543248,0.04548106227046013
34.5,109.5,13602255.0,0.13040727,0.012403989,0.11800328078927516
34.5,110.5,13602255.0,0.016700324,0.040076908,-0.023376583724142076
34.5,111.5,13602255.0,0.0,0.010831772,-0.010831772349774837
34.5,112.5,13602255.0,0.0,-0.011501973,0.011501972563564777
34.5,113.5,13602255.0,0.0,0.049412068,-0.049412067979574203
34.5,114.5,13602255.0,0.0,0.011214685,-0.011214684695005417
34.5,115.5,13602255.0,0.0,0.0075733764,-0.007573376409709454
34.5,116.5,13602255.0,0.0,0.05163945,-0.05163944885134697
34.5,117.5,13602255.0,0.0,0.19287497,-0.1928749680519104
34.5,118.5,13602255.0,0.0,0.063551135,-0.06355113536119461
34.5,119.5,13602255.0,0.0,0.11614227,-0.11614227294921875
34.5,120.5,13602255.0,0.0,-0.15588577,0.15588577091693878
33.5,30.5,13602255.0,0.0,-0.10465173,0.10465172678232193
33.5,31.5,13602255.0,0.0,-0.04357926,0.043579261749982834
33.5,32.5,13602255.0,0.0,-0.002604063,0.0026040629018098116
33.5,33.5,13602255.0,0.0,0.08684588,-0.08684588223695755
33.5,34.5,13602255.0,0.0,0.14757633,-0.14757633209228516
33.5,35.5,13602255.0,0.0,0.100693814,-0.10069381445646286
33.5,36.5,13602255.0,0.0,0.09191865,-0.09191864728927612
33.5,37.5,13602255.0,0.0,0.024854077,-0.024854077026247978
33.5,38.5,13602255.0,0.0,-0.022567745,0.0225677452981472
33.5,39.5,13602255.0,0.0,-0.04735414,0.047354139387607574
33.5,40.5,13602255.0,0.0,-0.041110165,0.041110165417194366
33.5,41.5,13602255.0,0.0,-0.058025002,0.05802500247955322
33.5,42.5,13602255.0,0.0,-0.057439912,0.05743991211056709
33.5,43.5,13602255.0,0.0,-0.05859641,0.0585964098572731
33.5,44.5,13602255.0,0.0,-0.04695992,0.04695992171764374
33.5,45.5,13602255.0,0.0,-0.026815142,0.02681514248251915
33.5,46.5,13602255.0,0.0,0.049127772,-0.04912777245044708
33.5,47.5,13602255.0,0.0,0.0745541,-0.07455410063266754
33.5,48.5,13602255.0,0.0,0.07220444,-0.07220444083213806
33.5,49.5,13602255.0,0.0,-0.011281327,0.011281327344477177
33.5,50.5,13602255.0,0.0,-0.0070898226,0.007089822553098202
33.5,51.5,13602255.0,0.0,-0.02790382,0.02790381945669651
33.5,52.5,13602255.0,0.0,-0.02790382,0.02790381945669651
33.5,53.5,13602255.0,0.0,-0.026730368,0.0267303679138422
33.5,54.5,13602255.0,0.0,-0.025621101,0.02562110126018524
33.5,55.5,13602255.0,0.0,-0.03080888,0.030808880925178528
33.5,56.5,13602255.0,0.0,-0.031605996,0.03160599619150162
33.5,57.5,13602255.0,0.0,-0.031605996,0.03160599619150162
33.5,58.5,13602255.0,0.0,-0.031605996,0.03160599619150162
33.5,59.5,13602255.0,0.0,-0.03113825,0.03113825060427189
33.5,60.5,13602255.0,0.0,-0.03210072,0.03210071846842766
33.5,61.5,13602255.0,0.0,-0.03210072,0.03210071846842766
33.5,62.5,13602255.0,0.0,-0.03210072,0.03210071846842766
33.5,63.5,13602255.0,0.0,-0.03210072,0.03210071846842766
33.5,64.5,13602255.0,0.0,-0.03151938,0.03151937946677208
33.5,65.5,13602255.0,0.0,-0.03151938,0.03151937946677208
33.5,66.5,13602255.0,0.0,-0.02769123,0.027691230177879333
33.5,67.5,13602255.0,0.0,-0.026887681,0.0268876813352108
33.5,68.5,13602255.0,0.0,-0.027606748,0.027606748044490814
33.5,69.5,13602255.0,0.0,-0.029112633,0.02911263331770897
33.5,70.5,13602255.0,0.0,-0.018465068,0.0184650681912899
33.5,71.5,13602255.0,0.0,0.0235206,-0.02352060005068779
33.5,72.5,13602255.0,0.0,-0.019611686,0.01961168646812439
33.5,73.5,13602255.0,0.0,-0.014371549,0.014371548779308796
33.5,74.5,13602255.0,0.0,-0.014168562,0.01416856236755848
33.5,75.5,13602255.0,0.0,-0.013353803,0.0133538031950593
33.5,76.5,13602255.0,0.0,-0.012503843,0.012503842823207378
33.5,77.5,13602255.0,0.0,-0.0034029486,0.003402948612347245
33.5,78.5,13602255.0,0.0,0.029268349,-0.029268348589539528
33.5,79.5,13602255.0,0.0,-0.053838603,0.05383860319852829
33.5,80.5,13602255.0,0.0,-0.054572653,0.05457265302538872
33.5,81.5,13602255.0,0.0,0.027983395,-0.027983395382761955
33.5,82.5,13602255.0,0.0,0.14934835,-0.14934834837913513
33.5,83.5,13602255.0,0.0,-0.07751631,0.07751630991697311
33.5,84.5,13602255.0,0.0,-0.075516485,0.0755164846777916
33.5,85.5,13602255.0,0.0,-0.03573854,0.035738538950681686
33.5,86.5,13602255.0,0.0,-0.001206462,0.001206462038680911
33.5,87.5,13602255.0,0.0,0.040325273,-0.04032527282834053
33.5,88.5,13602255.0,0.0,0.1458398,-0.14583979547023773
33.5,89.5,13602255.0,0.0,0.02671105,-0.026711050420999527
33.5,90.5,13602255.0,0.0,-0.1453108,0.14531080424785614
33.5,91.5,13602255.0,0.0,-0.099339016,0.09933901578187943
33.5,92.5,13602255.0,0.0,0.045189645,-0.045189645141363144
33.5,93.5,13602255.0,0.0,0.073427364,-0.07342736423015594
33.5,94.5,13602255.0,0.0,-0.044686705,0.044686704874038696
33.5,95.5,13602255.0,0.0,0.08028867,-0.08028867095708847
33.5,96.5,13602255.0,0.018413698,0.013308093,0.005105605048225402
33.5,97.5,13602255.0,0.056245506,-0.017433923,0.07367942873783684
33.5,98.5,13602255.0,0.020037908,0.029087003,-0.009049095320455551
33.5,99.5,13602255.0,0.001726531,0.1060094,-0.10428287038101577
33.5,100.5,13602255.0,0.0,0.015245707,-0.015245706774294376
33.5,101.5,13602255.0,0.0,-0.083963014,0.08396301418542862
33.5,102.5,13602255.0,0.0,0.05624113,-0.05624112859368324
33.5,103.5,13602255.0,0.0,0.0480404,-0.04804040119051933
33.5,104.5,13602255.0,0.0,0.12558271,-0.1255827099084854
33.5,105.5,13602255.0,0.0,0.0040079723,-0.004007972311228514
33.5,106.5,13602255.0,0.0,0.12451396,-0.12451396137475967
33.5,107.5,13602255.0,0.0,0.10253748,-0.10253748297691345
33.5,108.5,13602255.0,0.0,-0.08020132,0.08020132035017014
33.5,109.5,13602255.0,0.0,-0.02523386,0.025233859196305275
33.5,110.5,13602255.0,0.0,0.023116566,-0.023116566240787506
33.5,111.5,13602255.0,0.0,-0.0020384095,0.0020384094677865505
33.5,112.5,13602255.0,0.0,-0.024372103,0.024372102692723274
33.5,113.5,13602255.0,0.0,0.036541987,-0.03654198721051216
33.5,114.5,13602255.0,0.0,-0.0016555083,0.0016555082984268665
33.5,115.5,13602255.0,0.0,-0.010885816,0.010885816067457199
33.5,116.5,13602255.0,0.0,0.03318022,-0.03318021818995476
33.5,117.5,13602255.0,0.0,0.17441587,-0.17441587150096893
33.5,118.5,13602255.0,0.0,0.045092028,-0.04509202763438225
33.5,119.5,13602255.0,0.0,0.09768313,-0.0976831316947937
33.5,120.5,13602255.0,0.0,-0.17434487,0.17434486746788025
32.5,30.5,13602255.0,0.0,-0.1067297,0.10672970116138458
32.5,31.5,13602255.0,0.0,-0.045657236,0.045657236129045486
32.5,32.5,13602255.0,0.0,-0.004682038,0.004682037979364395
32.5,33.5,13602255.0,0.0,0.08476789,-0.0847678929567337
32.5,34.5,13602255.0,0.0,0.14549835,-0.1454983502626419
32.5,35.5,13602255.0,0.0,0.09861584,-0.09861584007740021
32.5,36.5,13602255.0,0.0,0.08984067,-0.08984067291021347
32.5,37.5,13602255.0,0.0,0.0227761,-0.022776100784540176
32.5,38.5,13602255.0,0.0,-0.024645722,0.024645721539855003
32.5,39.5,13602255.0,0.0,-0.049432114,0.04943211376667023
32.5,40.5,13602255.0,0.0,-0.043188132,0.04318813234567642
32.5,41.5,13602255.0,0.0,-0.060102977,0.060102976858615875
32.5,42.5,13602255.0,0.0,-0.05951787,0.05951787158846855
32.5,43.5,13602255.0,0.0,-0.060674384,0.060674384236335754
32.5,44.5,13602255.0,0.0,-0.04903787,0.0490378700196743
32.5,45.5,13602255.0,0.0,-0.028893113,0.028893113136291504
32.5,46.5,13602255.0,0.0,0.047049798,-0.04704979807138443
32.5,47.5,13602255.0,0.0,0.072476126,-0.07247612625360489
32.5,48.5,13602255.0,0.0,0.07012647,-0.07012646645307541
32.5,49.5,13602255.0,0.0,-0.013359312,0.01335931196808815
32.5,50.5,13602255.0,0.0,-0.009167797,0.009167796932160854
32.5,51.5,13602255.0,0.0,-0.0299818,0.02998179942369461
32.5,52.5,13602255.0,0.0,-0.0299818,0.02998179942369461
32.5,53.5,13602255.0,0.0,-0.028808352,0.0288083516061306
32.5,54.5,13602255.0,0.0,-0.02769908,0.027699079364538193
32.5,55.5,13602255.0,0.0,-0.032886863,0.03288686275482178
32.5,56.5,13602255.0,0.0,-0.033683978,0.03368397802114487
32.5,57.5,13602255.0,0.0,-0.033683978,0.03368397802114487
32.5,58.5,13602255.0,0.0,-0.033683978,0.03368397802114487
32.5,59.5,13602255.0,0.0,-0.03321623,0.03321623057126999
32.5,60.5,13602255.0,0.0,-0.0341787,0.03417870029807091
32.5,61.5,13602255.0,0.0,-0.0341787,0.03417870029807091
32.5,62.5,13602255.0,0.0,-0.0341787,0.03417870029807091
32.5,63.5,13602255.0,0.0,-0.0341787,0.03417870029807091
32.5,64.5,13602255.0,0.0,-0.03359736,0.03359736129641533
32.5,65.5,13602255.0,0.0,-0.03359736,0.03359736129641533
32.5,66.5,13602255.0,0.0,-0.029769212,0.029769212007522583
32.5,67.5,13602255.0,0.0,-0.028965667,0.028965666890144348
32.5,68.5,13602255.0,0.0,-0.029684735,0.02968473546206951
32.5,69.5,13602255.0,0.0,-0.031190606,0.031190605834126472
32.5,70.5,13602255.0,0.0,-0.020543043,0.020543042570352554
32.5,71.5,13602255.0,0.0,0.02144262,-0.02144262008368969
32.5,72.5,13602255.0,0.0,-0.021689657,0.021689657121896744
32.5,73.5,13602255.0,0.0,-0.016449522,0.016449522227048874
32.5,74.5,13602255.0,0.0,-0.016246537,0.016246536746621132
32.5,75.5,13602255.0,0.0,-0.015431772,0.015431771986186504
32.5,76.5,13602255.0,0.0,-0.01458182,0.014581819996237755
32.5,77.5,13602255.0,0.0,-0.005480918,0.005480918101966381
32.5,78.5,13602255.0,0.0,0.027190385,-0.02719038538634777
32.5,79.5,13602255.0,0.0,-0.055916578,0.05591657757759094
32.5,80.5,13602255.0,0.0,-0.056650635,0.05665063485503197
32.5,81.5,13602255.0,0.0,0.025905421,-0.025905421003699303
32.5,82.5,13602255.0,0.0,0.14727038,-0.14727038145065308
32.5,83.5,13602255.0,0.0,-0.07959429,0.07959429174661636
32.5,84.5,13602255.0,0.0,-0.07759445,0.07759445160627365
32.5,85.5,13602255.0,0.0,-0.037816513,0.03781651332974434
32.5,86.5,13602255.0,0.0,-0.008417254,0.008417254313826561
32.5,87.5,13602255.0,0.0,0.033114467,-0.033114466816186905
32.5,88.5,13602255.0,0.0,0.13862899,-0.1386289894580841
32.5,89.5,13602255.0,0.0,0.01950026,-0.019500259310007095
32.5,90.5,13602255.0,0.0,-0.15252164,0.15252164006233215
32.5,91.5,13602255.0,0.0,-0.10654981,0.10654980689287186
32.5,92.5,13602255.0,0.0,0.037978858,-0.03797885775566101
32.5,93.5,13602255.0,0.0,0.06621658,-0.06621658056974411
32.5,94.5,13602255.0,0.0,-0.051897503,0.051897503435611725
32.5,95.5,13602255.0,0.0,0.07307788,-0.07307787984609604
32.5,96.5,13602255.0,0.0,0.006097292,-0.006097292061895132
32.5,97.5,13602255.0,0.0,-0.024644721,0.024644721299409866
32.5,98.5,13602255.0,0.0,0.021876222,-0.021876221522688866
32.5,99.5,13602255.0,0.0,0.09879862,-0.09879861772060394
32.5,100.5,13602255.0,0.0,0.008034907,-0.008034907281398773
32.5,101.5,13602255.0,0.0,-0.09117383,0.09117382764816284
32.5,102.5,13602255.0,0.0,0.04903034,-0.04903034120798111
32.5,103.5,13602255.0,0.0,0.04082959,-0.04082959145307541
32.5,104.5,13602255.0,0.0,0.11837192,-0.11837191879749298
32.5,105.5,13602255.0,0.0,-0.003202846,0.0032028460409492254
32.5,106.5,13602255.0,0.0,0.11455613,-0.11455612629652023
32.5,107.5,13602255.0,0.0,0.09257971,-0.09257970750331879
32.5,108.5,13602255.0,0.0,-0.09015912,0.09015911817550659
32.5,109.5,13602255.0,0.0,-0.028150603,0.02815060317516327
32.5,110.5,13602255.0,0.0,0.02294685,-0.022946849465370178
32.5,111.5,13602255.0,0.0,-0.0022080964,0.0022080964408814907
32.5,112.5,13602255.0,0.0,-0.0052995235,0.00529952347278595
32.5,113.5,13602255.0,0.0,0.03446398,-0.03446397930383682
32.5,114.5,13602255.0,0.0,-0.0037334678,0.0037334677763283253
32.5,115.5,13602255.0,0.0,-0.012963783,0.012963782995939255
32.5,116.5,13602255.0,0.0,0.03110228,-0.03110227920114994
32.5,117.5,13602255.0,0.0,0.17233798,-0.17233797907829285
32.5,118.5,13602255.0,0.0,0.04301406,-0.04301406070590019
32.5,119.5,13602255.0,0.0,0.110294856,-0.11029485613107681
32.5,120.5,13602255.0,0.0,-0.1617332,0.16173319518566132
31.5,30.5,13602255.0,0.0,-0.11297722,0.11297722160816193
31.5,31.5,13602255.0,0.0,-0.05190478,0.05190477892756462
31.5,32.5,13602255.0,0.0,-0.010929579,0.01092957891523838
31.5,33.5,13602255.0,0.0,0.07852034,-0.07852034270763397
31.5,34.5,13602255.0,0.0,0.13925083,-0.13925082981586456
31.5,35.5,13602255.0,0.0,0.09236829,-0.09236828982830048
31.5,36.5,13602255.0,0.0,0.08359312,-0.08359312266111374
31.5,37.5,13602255.0,0.0,0.016528556,-0.016528556123375893
31.5,38.5,13602255.0,0.0,-0.030893266,0.030893266201019287
31.5,39.5,13602255.0,0.0,-0.051693276,0.051693275570869446
31.5,40.5,13602255.0,0.0,-0.045449294,0.04544929414987564
31.5,41.5,13602255.0,0.0,-0.06236414,0.062364138662815094
31.5,42.5,13602255.0,0.0,-0.061779033,0.06177903339266777
31.5,43.5,13602255.0,0.0,-0.06293554,0.06293553858995438
31.5,44.5,13602255.0,0.0,-0.05129905,0.05129905045032501
31.5,45.5,13602255.0,0.0,-0.03115428,0.03115428052842617
31.5,46.5,13602255.0,0.0,0.04478863,-0.044788628816604614
31.5,47.5,13602255.0,0.0,0.07021495,-0.07021494954824448
31.5,48.5,13602255.0,0.0,0.067865305,-0.06786530464887619
31.5,49.5,13602255.0,0.0,-0.0156204775,0.015620477497577667
31.5,50.5,13602255.0,0.0,-0.011428954,0.0114289540797472
31.5,51.5,13602255.0,0.0,-0.03224296,0.03224296122789383
31.5,52.5,13602255.0,0.0,-0.03224296,0.03224296122789383
31.5,53.5,13602255.0,0.0,-0.031069512,0.03106951154768467
31.5,54.5,13602255.0,0.0,-0.029960241,0.02996024116873741
31.5,55.5,13602255.0,0.0,-0.035148025,0.035148024559020996
31.5,56.5,13602255.0,0.0,-0.03594514,0.035945139825344086
31.5,57.5,13602255.0,0.0,-0.03594514,0.035945139825344086
31.5,58.5,13602255.0,0.0,-0.03594514,0.035945139825344086
31.5,59.5,13602255.0,0.0,-0.035477392,0.03547739237546921
31.5,60.5,13602255.0,0.0,-0.036439862,0.036439862102270126
31.5,61.5,13602255.0,0.0,-0.036439862,0.036439862102270126
31.5,62.5,13602255.0,0.0,-0.036439862,0.036439862102270126
31.5,63.5,13602255.0,0.0,-0.036439862,0.036439862102270126
31.5,64.5,13602255.0,0.0,-0.035858523,0.03585852310061455
31.5,65.5,13602255.0,0.0,-0.035858523,0.03585852310061455
31.5,66.5,13602255.0,0.0,-0.032030374,0.0320303738117218
31.5,67.5,13602255.0,0.0,-0.031226827,0.031226826831698418
31.5,68.5,13602255.0,0.0,-0.03194589,0.03194589167833328
31.5,69.5,13602255.0,0.0,-0.033451773,0.03345177322626114
31.5,70.5,13602255.0,0.0,-0.0228042,0.022804200649261475
31.5,71.5,13602255.0,0.0,0.019181456,-0.01918145641684532
31.5,72.5,13602255.0,0.0,-0.023950823,0.02395082265138626
31.5,73.5,13602255.0,0.0,-0.018710688,0.01871068775653839
31.5,74.5,13602255.0,0.0,-0.018507699,0.01850769855082035
31.5,75.5,13602255.0,0.0,-0.017692935,0.017692934721708298
31.5,76.5,13602255.0,0.0,-0.01684297,0.016842970624566078
31.5,77.5,13602255.0,0.0,-0.007742078,0.007742078043520451
31.5,78.5,13602255.0,0.0,0.024929224,-0.024929223582148552
31.5,79.5,13602255.0,0.0,-0.058177747,0.05817774683237076
31.5,80.5,13602255.0,0.0,-0.058911797,0.058911796659231186
31.5,81.5,13602255.0,0.0,0.02364426,-0.023644259199500084
31.5,82.5,13602255.0,0.0,0.14500922,-0.14500921964645386
31.5,83.5,13602255.0,0.0,-0.08185545,0.08185545355081558
31.5,84.5,13602255.0,0.0,-0.07985561,0.07985561341047287
31.5,85.5,13602255.0,0.0,-0.040077675,0.04007767513394356
31.5,86.5,13602255.0,0.0,-0.010678416,0.01067841611802578
31.5,87.5,13602255.0,0.0,0.028197553,-0.028197553008794785
31.5,88.5,13602255.0,0.0,0.13371208,-0.13371208310127258
31.5,89.5,13602255.0,0.0,0.014583339,-0.014583338983356953
31.5,90.5,13602255.0,0.0,-0.15743855,0.15743854641914368
31.5,91.5,13602255.0,0.0,-0.11146672,0.11146672070026398
31.5,92.5,13602255.0,0.0,0.03306193,-0.0330619290471077
31.5,93.5,13602255.0,0.0,0.06129967,-0.06129967048764229
31.5,94.5,13602255.0,0.0,-0.056814425,0.05681442469358444
31.5,95.5,13602255.0,0.0,0.06816096,-0.06816095858812332
31.5,96.5,13602255.0,0.0,0.0011803819,-0.0011803818633779883
31.5,97.5,13602255.0,0.0,-0.029561646,0.029561646282672882
31.5,98.5,13602255.0,0.0,0.016959287,-0.016959287226200104
31.5,99.5,13602255.0,0.0,0.09388168,-0.09388168156147003
31.5,100.5,13602255.0,0.0,0.0031179835,-0.0031179834622889757
31.5,101.5,13602255.0,0.0,-0.09609075,0.09609074890613556
31.5,102.5,13602255.0,0.0,0.039642103,-0.039642103016376495
31.5,103.5,13602255.0,0.0,0.031441383,-0.03144138306379318
31.5,104.5,13602255.0,0.0,0.108983666,-0.10898366570472717
31.5,105.5,13602255.0,0.0,-0.01259107,0.01259106956422329
31.5,106.5,13602255.0,0.0,0.09699597,-0.09699597209692001
31.5,107.5,13602255.0,0.0,0.075019605,-0.07501960545778275
31.5,108.5,13602255.0,0.0,-0.10771926,0.10771925747394562
31.5,109.5,13602255.0,0.0,-0.032028355,0.032028354704380035
31.5,110.5,13602255.0,0.0,0.019069117,-0.019069116562604904
31.5,111.5,13602255.0,0.0,-0.0023218798,0.002321879845112562
31.5,112.5,13602255.0,0.0,-0.005413343,0.005413343198597431
31.5,113.5,13602255.0,0.0,0.034350194,-0.0343501940369606
31.5,114.5,13602255.0,0.0,-0.0038472784,0.0038472784217447042
31.5,115.5,13602255.0,0.0,-0.013077568,0.013077568262815475
31.5,116.5,13602255.0,0.0,0.030988494,-0.03098849393427372
31.5,117.5,13602255.0,0.0,0.1722242,-0.17222419381141663
31.5,118.5,13602255.0,0.0,0.042900305,-0.04290030524134636
31.5,119.5,13602255.0,0.0,0.11018104,-0.1101810410618782
31.5,120.5,13602255.0,0.0,-0.16184698,0.16184698045253754
30.5,30.5,13602255.0,0.0,-0.102397285,0.10239728540182114
30.5,31.5,13602255.0,0.0,-0.041324828,0.04132482782006264
30.5,32.5,13602255.0,0.0,-0.00034962973,0.00034962972858920693
30.5,33.5,13602255.0,0.0,0.08910035,-0.08910035341978073
30.5,34.5,13602255.0,0.0,0.115152046,-0.11515204608440399
30.5,35.5,13602255.0,0.0,0.068269536,-0.06826953589916229
30.5,36.5,13602255.0,0.0,0.05949435,-0.05949435010552406
30.5,37.5,13602255.0,0.0,0.010736037,-0.01073603704571724
30.5,38.5,13602255.0,0.0,-0.024012238,0.024012237787246704
30.5,39.5,13602255.0,0.0,-0.04481227,0.044812269508838654
30.5,40.5,13602255.0,0.0,-0.038568288,0.03856828808784485
30.5,41.5,13602255.0,0.0,-0.055483166,0.05548316612839699
30.5,42.5,13602255.0,0.0,-0.054898065,0.05489806458353996
30.5,43.5,13602255.0,0.0,-0.056054574,0.05605457350611687
30.5,44.5,13602255.0,0.0,-0.044418037,0.04441803693771362
30.5,45.5,13602255.0,0.0,-0.024273276,0.024273276329040527
30.5,46.5,13602255.0,0.0,0.051669657,-0.0516696572303772
30.5,47.5,13602255.0,0.0,0.07709597,-0.07709597051143646
30.5,48.5,13602255.0,0.0,0.07474631,-0.07474631071090698
30.5,49.5,13602255.0,0.0,-0.008739445,0.008739445358514786
30.5,50.5,13602255.0,0.0,-0.0045479634,0.004547963384538889
30.5,51.5,13602255.0,0.0,-0.025361946,0.02536194585263729
30.5,52.5,13602255.0,0.0,-0.025361946,0.02536194585263729
30.5,53.5,13602255.0,0.0,-0.024188492,0.024188492447137833
30.5,54.5,13602255.0,0.0,-0.023079222,0.023079222068190575
30.5,55.5,13602255.0,0.0,-0.02826701,0.028267009183764458
30.5,56.5,13602255.0,0.0,-0.029064128,0.029064128175377846
30.5,57.5,13602255.0,0.0,-0.029064128,0.029064128175377846
30.5,58.5,13602255.0,0.0,-0.029064128,0.029064128175377846
30.5,59.5,13602255.0,0.0,-0.028596379,0.02859637886285782
30.5,60.5,13602255.0,0.0,-0.029558849,0.029558848589658737
30.5,61.5,13602255.0,0.0,-0.029558849,0.029558848589658737
30.5,62.5,13602255.0,0.0,-0.029558849,0.029558848589658737
30.5,63.5,13602255.0,0.0,-0.029558849,0.029558848589658737
30.5,64.5,13602255.0,0.0,-0.028977515,0.028977515175938606
30.5,65.5,13602255.0,0.0,-0.028977515,0.028977515175938606
30.5,66.5,13602255.0,0.0,-0.025149357,0.025149356573820114
30.5,67.5,13602255.0,0.0,-0.024345804,0.024345804005861282
30.5,68.5,13602255.0,0.0,-0.025064874,0.025064874440431595
30.5,69.5,13602255.0,0.0,-0.026570749,0.026570748537778854
30.5,70.5,13602255.0,0.0,-0.01592318,0.01592317968606949
30.5,71.5,13602255.0,0.0,0.02606248,-0.026062479242682457
30.5,72.5,13602255.0,0.0,-0.017069817,0.01706981658935547
30.5,73.5,13602255.0,0.0,-0.011829679,0.011829678900539875
30.5,74.5,13602255.0,0.0,-0.011626691,0.01162669062614441
30.5,75.5,13602255.0,0.0,-0.010811916,0.010811915621161461
30.5,76.5,13602255.0,0.0,-0.009961979,0.00996197946369648
30.5,77.5,13602255.0,0.0,-0.007941355,0.007941354997456074
30.5,78.5,13602255.0,0.0,0.024729943,-0.02472994290292263
30.5,79.5,13602255.0,0.0,-0.05837702,0.05837702006101608
30.5,80.5,13602255.0,0.0,-0.059111085,0.059111084789037704
30.5,81.5,13602255.0,0.0,0.023445005,-0.02344500459730625
30.5,82.5,13602255.0,0.0,0.14480996,-0.14480996131896973
30.5,83.5,13602255.0,0.0,-0.082054734,0.0820547342300415
30.5,84.5,13602255.0,0.0,-0.08005491,0.08005490899085999
30.5,85.5,13602255.0,0.0,-0.04027694,0.040276940912008286
30.5,86.5,13602255.0,0.0,-0.013604337,0.013604337349534035
30.5,87.5,13602255.0,0.0,0.02527164,-0.025271639227867126
30.5,88.5,13602255.0,0.0,0.13078621,-0.1307862102985382
30.5,89.5,13602255.0,0.0,0.011657421,-0.011657420545816422
30.5,90.5,13602255.0,0.0,-0.16036448,0.16036447882652283
30.5,91.5,13602255.0,0.0,-0.11439263,0.11439263075590134
30.5,92.5,13602255.0,0.0,0.030136008,-0.03013600781559944
30.5,93.5,13602255.0,0.0,0.05837375,-0.05837374925613403
30.5,94.5,13602255.0,0.0,-0.059740372,0.059740372002124786
30.5,95.5,13602255.0,0.0,0.06523503,-0.06523503363132477
30.5,96.5,13602255.0,0.0,-0.0038652888,0.0038652888033539057
30.5,97.5,13602255.0,0.0,-0.03460733,0.03460732847452164
30.5,98.5,13602255.0,0.0,0.011913631,-0.011913631111383438
30.5,99.5,13602255.0,0.0,0.08883601,-0.08883600682020187
30.5,100.5,13602255.0,0.0,-0.0019276843,0.0019276842940598726
30.5,101.5,13602255.0,0.0,-0.0966916,0.09669160097837448
30.5,102.5,13602255.0,0.0,0.035146922,-0.03514692187309265
30.5,103.5,13602255.0,0.0,0.026946237,-0.026946237310767174
30.5,104.5,13602255.0,0.0,0.10448849,-0.10448849201202393
30.5,105.5,13602255.0,0.0,-0.017086241,0.017086241394281387
30.5,106.5,13602255.0,0.0,0.095764525,-0.09576452523469925
30.5,107.5,13602255.0,0.0,0.07378807,-0.07378806918859482
30.5,108.5,13602255.0,0.0,-0.09592002,0.09592001885175705
30.5,109.5,13602255.0,0.0,-0.004013884,0.0040138838812708855
30.5,110.5,13602255.0,0.0,0.061365195,-0.061365194618701935
30.5,111.5,13602255.0,0.0,0.034745492,-0.03474549204111099
30.5,112.5,13602255.0,0.0,0.08683995,-0.0868399515748024
30.5,113.5,13602255.0,0.0,0.17351781,-0.17351780831813812
30.5,114.5,13602255.0,0.0,0.23483665,-0.2348366528749466
30.5,115.5,13602255.0,0.0,0.24848048,-0.24848048388957977
30.5,116.5,13602255.0,0.004579672,0.6822323,-0.6776526483086853
30.5,117.5,13602255.0,0.3266577,0.86076057,-0.5341028695724488
30.5,118.5,13602255.0,1.0477738,0.91374993,0.13402386675720224
30.5,119.5,13602255.0,1.4520942,1.0841489,0.3679453161804198
30.5,120.5,13602255.0,0.0,0.054944415,-0.054944414645433426
29.5,30.5,13602255.0,0.0,-0.08775127,0.08775126934051514
29.5,31.5,13602255.0,0.0,-0.026678849,0.026678849011659622
29.5,32.5,13602255.0,0.0,0.014296407,-0.014296406880021095
29.5,33.5,13602255.0,0.0,0.06911975,-0.06911975145339966
29.5,34.5,13602255.0,0.0,0.04027508,-0.040275078266859055
29.5,35.5,13602255.0,0.0,-0.0032375702,0.00323757017031312
29.5,36.5,13602255.0,0.0,0.004761383,-0.0047613829374313354
29.5,37.5,13602255.0,0.0,-0.013078274,0.013078274205327034
29.5,38.5,13602255.0,0.0,-0.046462893,0.04646289348602295
29.5,39.5,13602255.0,0.0,-0.043221697,0.043221697211265564
29.5,40.5,13602255.0,0.0,-0.03697772,0.03697771951556206
29.5,41.5,13602255.0,0.0,-0.0538926,0.053892601281404495
29.5,42.5,13602255.0,0.0,-0.0533075,0.05330749973654747
29.5,43.5,13602255.0,0.0,-0.05446401,0.054464008659124374
29.5,44.5,13602255.0,0.0,-0.042827465,0.04282746464014053
29.5,45.5,13602255.0,0.0,-0.022682741,0.022682741284370422
29.5,46.5,13602255.0,0.0,0.05326019,-0.053260188549757004
29.5,47.5,13602255.0,0.0,0.07868653,-0.07868652790784836
29.5,48.5,13602255.0,0.0,0.07633688,-0.07633688300848007
29.5,49.5,13602255.0,0.0,-0.0071488903,0.0071488902904093266
29.5,50.5,13602255.0,0.0,-0.0029573562,0.0029573561623692513
29.5,51.5,13602255.0,0.0,-0.023771353,0.02377135306596756
29.5,52.5,13602255.0,0.0,-0.023771353,0.02377135306596756
29.5,53.5,13602255.0,0.0,-0.0225979,0.0225978996604681
29.5,54.5,13602255.0,0.0,-0.02148863,0.021488629281520844
29.5,55.5,13602255.0,0.0,-0.026676415,0.026676414534449577
29.5,56.5,13602255.0,0.0,-0.02747353,0.027473529800772667
29.5,57.5,13602255.0,0.0,-0.02747353,0.027473529800772667
29.5,58.5,13602255.0,0.0,-0.02747353,0.027473529800772667
29.5,59.5,13602255.0,0.0,-0.027005782,0.02700578235089779
29.5,60.5,13602255.0,0.0,-0.027968254,0.027968253940343857
29.5,61.5,13602255.0,0.0,-0.027968254,0.027968253940343857
29.5,62.5,13602255.0,0.0,-0.027968254,0.027968253940343857
29.5,63.5,13602255.0,0.0,-0.027968254,0.027968253940343857
29.5,64.5,13602255.0,0.0,-0.027386911,0.02738691121339798
29.5,65.5,13602255.0,0.0,-0.027386911,0.02738691121339798
29.5,66.5,13602255.0,0.0,-0.023558764,0.023558763787150383
29.5,67.5,13602255.0,0.0,-0.022755207,0.022755207493901253
29.5,68.5,13602255.0,0.0,-0.023474278,0.023474277928471565
29.5,69.5,13602255.0,0.0,-0.024980148,0.024980148300528526
29.5,70.5,13602255.0,0.0,-0.014332627,0.014332626946270466
29.5,71.5,13602255.0,0.0,0.02765305,-0.027653049677610397
29.5,72.5,13602255.0,0.0,-0.015479247,0.015479247085750103
29.5,73.5,13602255.0,0.0,-0.010239107,0.010239106602966785
29.5,74.5,13602255.0,0.0,-0.010036118,0.01003611832857132
29.5,75.5,13602255.0,0.0,-0.00922134,0.009221339598298073
29.5,76.5,13602255.0,0.0,-0.008371372,0.008371371775865555
29.5,77.5,13602255.0,0.0,0.006221763,-0.0062217628583312035
29.5,78.5,13602255.0,0.0,0.038893066,-0.038893066346645355
29.5,79.5,13602255.0,0.0,-0.04421391,0.0442139096558094
29.5,80.5,13602255.0,0.0,-0.044947952,0.04494795203208923
29.5,81.5,13602255.0,0.0,0.030549822,-0.030549822375178337
29.5,82.5,13602255.0,0.0,0.15191488,-0.15191487967967987
29.5,83.5,13602255.0,0.0,-0.074949875,0.07494987547397614
29.5,84.5,13602255.0,0.0,-0.0771885,0.07718849927186966
29.5,85.5,13602255.0,0.0,-0.052469146,0.05246914550662041
29.5,86.5,13602255.0,0.0,-0.03095449,0.03095448948442936
29.5,87.5,13602255.0,0.0,0.0057319202,-0.005731920246034861
29.5,88.5,13602255.0,0.0,0.111246526,-0.11124652624130249
29.5,89.5,13602255.0,0.0,-0.007882357,0.007882356643676758
29.5,90.5,13602255.0,0.0,-0.17990425,0.1799042522907257
29.5,91.5,13602255.0,0.0,-0.13393232,0.13393232226371765
29.5,92.5,13602255.0,0.0,0.010596221,-0.010596221312880516
29.5,93.5,13602255.0,0.0,0.038833994,-0.038833994418382645
29.5,94.5,13602255.0,0.0,-0.07928015,0.07928015291690826
29.5,95.5,13602255.0,0.0,0.04569527,-0.04569527134299278
29.5,96.5,13602255.0,0.0,-0.03097945,0.030979450792074203
29.5,97.5,13602255.0,0.0,-0.061721403,0.061721403151750565
29.5,98.5,13602255.0,0.0,-0.015200514,0.01520051434636116
29.5,99.5,13602255.0,0.0,0.061721828,-0.06172182783484459
29.5,100.5,13602255.0,0.0,-0.02904181,0.02904180996119976
29.5,101.5,13602255.0,0.0,-0.11335454,0.11335454136133194
29.5,102.5,13602255.0,0.0,0.005461423,-0.005461423192173243
29.5,103.5,13602255.0,0.0,0.017111989,-0.017111988738179207
29.5,104.5,13602255.0,0.0,0.110409096,-0.11040909588336945
29.5,105.5,13602255.0,0.0,-0.011165762,0.011165762320160866
29.5,106.5,13602255.0,0.0,0.058293123,-0.05829312279820442
29.5,107.5,13602255.0,0.0,-0.0006898773,0.0006898773135617375
29.5,108.5,13602255.0,0.0,-0.11019724,0.11019723862409592
29.5,109.5,13602255.0,0.0,-0.01744927,0.01744926907122135
29.5,110.5,13602255.0,0.0,0.04675087,-0.04675086960196495
29.5,111.5,13602255.0,0.0,-0.031946063,0.03194606304168701
29.5,112.5,13602255.0,0.0,0.7570243,-0.7570242881774902
29.5,113.5,13602255.0,0.0005067449,2.211229,-2.210722341022241
29.5,114.5,13602255.0,0.10869817,2.2235339,-2.114835698789673
29.5,115.5,13602255.0,0.8631899,2.4141276,-1.5509376882720947
29.5,116.5,13602255.0,2.7375445,3.9865613,-1.2490167983703615
29.5,117.5,13602255.0,5.7312922,4.483617,1.2476753710815434
29.5,118.5,13602255.0,7.3761473,4.7112327,2.6649146377990727
29.5,119.5,13602255.0,7.6754417,2.9873865,4.6880552349273685
29.5,120.5,13602255.0,0.0,0.64104867,-0.6410486698150635
28.5,30.5,13602255.0,0.0,-0.022875791,0.022875791415572166
28.5,31.5,13602255.0,0.0,0.03819662,-0.0381966196000576
28.5,32.5,13602255.0,0.0,0.07917201,-0.07917200773954391
28.5,33.5,13602255.0,0.0,0.13399532,-0.13399532437324524
28.5,34.5,13602255.0,0.0,0.10515076,-0.10515075922012329
28.5,35.5,13602255.0,0.0,0.06163795,-0.06163794919848442
28.5,36.5,13602255.0,0.0,0.07543788,-0.07543788105249405
28.5,37.5,13602255.0,0.0,0.05134879,-0.051348790526390076
28.5,38.5,13602255.0,0.0,0.01611513,-0.016115130856633186
28.5,39.5,13602255.0,0.0,0.018433345,-0.01843334548175335
28.5,40.5,13602255.0,0.0,0.024677327,-0.024677326902747154
28.5,41.5,13602255.0,0.0,0.0077624917,-0.007762491703033447
28.5,42.5,13602255.0,0.0,0.008347595,-0.008347595110535622
28.5,43.5,13602255.0,0.0,0.00719109,-0.007191089913249016
28.5,44.5,13602255.0,0.0,0.018827582,-0.01882758177816868
28.5,45.5,13602255.0,0.0,0.040785473,-0.040785472840070724
28.5,46.5,13602255.0,0.0,0.11672858,-0.11672858148813248
28.5,47.5,13602255.0,0.0,0.14215487,-0.14215487241744995
28.5,48.5,13602255.0,0.0,0.13980521,-0.13980521261692047
28.5,49.5,13602255.0,0.0,0.056319345,-0.05631934478878975
28.5,50.5,13602255.0,0.0,0.058086973,-0.05808697268366814
28.5,51.5,13602255.0,0.0,0.037272986,-0.03727298602461815
28.5,52.5,13602255.0,0.0,0.037272986,-0.03727298602461815
28.5,53.5,13602255.0,0.0,0.038446438,-0.03844643756747246
28.5,54.5,13602255.0,0.0,0.039555706,-0.03955570608377457
28.5,55.5,13602255.0,0.0,0.034367923,-0.03436792269349098
28.5,56.5,13602255.0,0.0,0.033570807,-0.03357080742716789
28.5,57.5,13602255.0,0.0,0.033570807,-0.03357080742716789
28.5,58.5,13602255.0,0.0,0.033570807,-0.03357080742716789
28.5,59.5,13602255.0,0.0,0.034038555,-0.03403855487704277
28.5,60.5,13602255.0,0.0,0.033076085,-0.03307608515024185
28.5,61.5,13602255.0,0.0,0.033076085,-0.03307608515024185
28.5,62.5,13602255.0,0.0,0.033076085,-0.03307608515024185
28.5,63.5,13602255.0,0.0,0.033076085,-0.03307608515024185
28.5,64.5,13602255.0,0.0,0.033657424,-0.03365742415189743
28.5,65.5,13602255.0,0.0,0.033657424,-0.03365742415189743
28.5,66.5,13602255.0,0.0,0.037485573,-0.037485573440790176
28.5,67.5,13602255.0,0.0,0.038289122,-0.03828912228345871
28.5,68.5,13602255.0,0.0,0.03757005,-0.0375700518488884
28.5,69.5,13602255.0,0.0,0.036064178,-0.03606417775154114
28.5,70.5,13602255.0,0.0,0.046711706,-0.04671170562505722
28.5,71.5,13602255.0,0.0,0.088697396,-0.0886973962187767
28.5,72.5,13602255.0,0.0,0.04556509,-0.04556509107351303
28.5,73.5,13602255.0,0.0,0.050805233,-0.0508052334189415
28.5,74.5,13602255.0,0.0,0.051008213,-0.05100821331143379
28.5,75.5,13602255.0,0.0,0.051822975,-0.051822975277900696
28.5,76.5,13602255.0,0.0,0.052672967,-0.052672967314720154
28.5,77.5,13602255.0,0.0,0.06448121,-0.0644812136888504
28.5,78.5,13602255.0,0.0,0.09715252,-0.09715252369642258
28.5,79.5,13602255.0,0.0,0.014045526,-0.014045526273548603
28.5,80.5,13602255.0,0.0,0.013311472,-0.013311471790075302
28.5,81.5,13602255.0,0.0,0.08880927,-0.08880926668643951
28.5,82.5,13602255.0,0.0,0.2101744,-0.21017439663410187
28.5,83.5,13602255.0,0.0,-0.016690461,0.016690460965037346
28.5,84.5,13602255.0,0.0,-0.018929081,0.01892908103764057
28.5,85.5,13602255.0,0.0,0.0057902946,-0.005790294613689184
28.5,86.5,13602255.0,0.0,0.02448493,-0.02448493055999279
28.5,87.5,13602255.0,0.0,0.061171412,-0.06117141246795654
28.5,88.5,13602255.0,0.0,0.16668604,-0.1666860431432724
28.5,89.5,13602255.0,0.0,0.04755709,-0.04755708947777748
28.5,90.5,13602255.0,0.0,-0.1244649,0.12446489930152893
28.5,91.5,13602255.0,0.0,-0.078493066,0.07849306613206863
28.5,92.5,13602255.0,0.0,0.066035606,-0.06603560596704483
28.5,93.5,13602255.0,0.0,0.09427334,-0.09427334368228912
28.5,94.5,13602255.0,0.0,-0.023840722,0.02384072169661522
28.5,95.5,13602255.0,0.0,0.10113481,-0.10113480687141418
28.5,96.5,13602255.0,0.0,0.022245865,-0.0222458653151989
28.5,97.5,13602255.0,0.0,-0.008496069,0.008496069349348545
28.5,98.5,13602255.0,0.0,0.038024798,-0.03802479803562164
28.5,99.5,13602255.0,0.0,0.11494725,-0.11494725197553635
28.5,100.5,13602255.0,0.0,0.024183484,-0.02418348379433155
28.5,101.5,13602255.0,0.0,-0.060129315,0.060129314661026
28.5,102.5,13602255.0,0.0,0.064924955,-0.06492495536804199
28.5,103.5,13602255.0,0.0,0.07657559,-0.07657559216022491
28.5,104.5,13602255.0,0.0,0.15502428,-0.15502427518367767
28.5,105.5,13602255.0,0.0,0.033449627,-0.033449627459049225
28.5,106.5,13602255.0,0.0,0.105562955,-0.1055629551410675
28.5,107.5,13602255.0,0.0,0.07600445,-0.07600445300340652
28.5,108.5,13602255.0,0.0,0.07789166,-0.07789166271686554
28.5,109.5,13602255.0,0.0,0.3986235,-0.3986234962940216
28.5,110.5,13602255.0,0.0,0.514192,-0.5141919851303101
28.5,111.5,13602255.0,0.0,0.8367933,-0.8367933034896851
28.5,112.5,13602255.0,0.01287151,2.5274253,-2.5145537791540526
28.5,113.5,13602255.0,0.87142813,4.8792186,-4.007790448338623
28.5,114.5,13602255.0,3.66213,5.042615,-1.3804849368286134
28.5,115.5,13602255.0,6.357033,5.233211,1.1238219595031742
28.5,116.5,13602255.0,6.7236395,5.587659,1.1359806178588867
28.5,117.5,13602255.0,6.538244,5.5753875,0.9628565221252439
28.5,118.5,13602255.0,6.1212273,5.0132327,1.1079945920227052
28.5,119.5,13602255.0,3.8651917,3.7763934,0.08879828645629884
28.5,120.5,13602255.0,0.0,0.9507854,-0.9507853984832764
27.5,30.5,13602255.0,0.0,-0.15728545,0.15728545188903809
27.5,31.5,13602255.0,0.0,-0.09621302,0.09621302038431168
27.5,32.5,13602255.0,0.0,-0.05523774,0.05523774027824402
27.5,33.5,13602255.0,0.0,-0.0004143878,0.0004143877886235714
27.5,34.5,13602255.0,0.0,-0.025680097,0.025680096819996834
27.5,35.5,13602255.0,0.0,-0.0691927,0.06919270008802414
27.5,36.5,13602255.0,0.0,-0.051790167,0.05179016664624214
27.5,37.5,13602255.0,0.0,-0.07587925,0.07587925344705582
27.5,38.5,13602255.0,0.0,-0.111167334,0.11116733402013779
27.5,39.5,13602255.0,0.0,-0.10884907,0.10884907096624374
27.5,40.5,13602255.0,0.0,-0.102605134,0.10260513424873352
27.5,41.5,13602255.0,0.0,-0.11952,0.11952000111341476
27.5,42.5,13602255.0,0.0,-0.11893491,0.11893490701913834
27.5,43.5,13602255.0,0.0,-0.120091416,0.12009141594171524
27.5,44.5,13602255.0,0.0,-0.108454876,0.1084548756480217
27.5,45.5,13602255.0,0.0,-0.08192305,0.08192305266857147
27.5,46.5,13602255.0,0.0,-0.0059800907,0.005980090703815222
27.5,47.5,13602255.0,0.0,0.01944624,-0.01944624073803425
27.5,48.5,13602255.0,0.0,0.017096588,-0.017096588388085365
27.5,49.5,13602255.0,0.0,-0.066389225,0.06638922542333603
27.5,50.5,13602255.0,0.0,-0.06462158,0.06462158262729645
27.5,51.5,13602255.0,0.0,-0.08543555,0.08543554693460464
27.5,52.5,13602255.0,0.0,-0.08543555,0.08543554693460464
27.5,53.5,13602255.0,0.0,-0.084262095,0.08426209539175034
27.5,54.5,13602255.0,0.0,-0.08315282,0.08315282315015793
27.5,55.5,13602255.0,0.0,-0.08834058,0.08834058046340942
27.5,56.5,13602255.0,0.0,-0.0891377,0.08913770318031311
27.5,57.5,13602255.0,0.0,-0.0891377,0.08913770318031311
27.5,58.5,13602255.0,0.0,-0.0891377,0.08913770318031311
27.5,59.5,13602255.0,0.0,-0.088669956,0.08866995573043823
27.5,60.5,13602255.0,0.0,-0.08963243,0.08963242918252945
27.5,61.5,13602255.0,0.0,-0.08963243,0.08963242918252945
27.5,62.5,13602255.0,0.0,-0.08963243,0.08963242918252945
27.5,63.5,13602255.0,0.0,-0.08963243,0.08963242918252945
27.5,64.5,13602255.0,0.0,-0.08905109,0.08905109018087387
27.5,65.5,13602255.0,0.0,-0.08905109,0.08905109018087387
27.5,66.5,13602255.0,0.0,-0.085222945,0.08522294461727142
27.5,67.5,13602255.0,0.0,-0.0844194,0.08441939949989319
27.5,68.5,13602255.0,0.0,-0.08513847,0.0851384699344635
27.5,69.5,13602255.0,0.0,-0.08664434,0.08664433658123016
27.5,70.5,13602255.0,0.0,-0.075996846,0.07599684596061707
27.5,71.5,13602255.0,0.0,-0.034011148,0.034011147916316986
27.5,72.5,13602255.0,0.0,-0.07714344,0.07714343816041946
27.5,73.5,13602255.0,0.0,-0.07190329,0.0719032883644104
27.5,74.5,13602255.0,0.0,-0.0717003,0.07170029729604721
27.5,75.5,13602255.0,0.0,-0.07088553,0.07088553160429001
27.5,76.5,13602255.0,0.0,-0.07003559,0.07003559172153473
27.5,77.5,13602255.0,0.0,-0.052874155,0.05287415534257889
27.5,78.5,13602255.0,0.0,-0.02020287,0.020202869549393654
27.5,79.5,13602255.0,0.0,-0.10330985,0.10330984741449356
27.5,80.5,13602255.0,0.0,-0.1040439,0.10404390096664429
27.5,81.5,13602255.0,0.0,-0.028546117,0.02854611724615097
27.5,82.5,13602255.0,0.0,0.0928188,-0.09281879663467407
27.5,83.5,13602255.0,0.0,-0.13404578,0.1340457797050476
27.5,84.5,13602255.0,0.0,-0.13628441,0.13628441095352173
27.5,85.5,13602255.0,0.0,-0.11156512,0.11156512051820755
27.5,86.5,13602255.0,0.0,-0.092870496,0.09287049621343613
27.5,87.5,13602255.0,0.0,-0.059842248,0.059842247515916824
27.5,88.5,13602255.0,0.0,0.045672234,-0.045672234147787094
27.5,89.5,13602255.0,0.0,-0.07345656,0.07345656305551529
27.5,90.5,13602255.0,0.0,-0.24547862,0.24547861516475677
27.5,91.5,13602255.0,0.0,-0.19950648,0.199506476521492
27.5,92.5,13602255.0,0.0,-0.05497792,0.05497791990637779
27.5,93.5,13602255.0,0.0,-0.026740175,0.026740174740552902
27.5,94.5,13602255.0,0.0,-0.14485429,0.14485429227352142
27.5,95.5,13602255.0,0.0,-0.019878887,0.01987888664007187
27.5,96.5,13602255.0,0.0,-0.09876775,0.09876774996519089
27.5,97.5,13602255.0,0.0,-0.1346744,0.13467440009117126
27.5,98.5,13602255.0,0.0,-0.085312665,0.08531266450881958
27.5,99.5,13602255.0,0.0,-0.008390281,0.008390281349420547
27.5,100.5,13602255.0,0.0,-0.09915396,0.09915395826101303
27.5,101.5,13602255.0,0.0,-0.18346672,0.18346671760082245
27.5,102.5,13602255.0,0.0,-0.07637902,0.07637902349233627
27.5,103.5,13602255.0,0.0,-0.0746372,0.07463719695806503
27.5,104.5,13602255.0,0.0,-0.00022066431,0.00022066431120038033
27.5,105.5,13602255.0,0.0,-0.13210239,0.1321023851633072
27.5,106.5,13602255.0,0.0,-0.05998903,0.05998903140425682
27.5,107.5,13602255.0,0.0,-0.08954745,0.08954744786024094
27.5,108.5,13602255.0,0.0,-0.08821795,0.08821795135736465
27.5,109.5,13602255.0,0.0,0.21441448,-0.21441447734832764
27.5,110.5,13602255.0,0.0,0.25948226,-0.2594822645187378
27.5,111.5,13602255.0,0.03642128,0.57778627,-0.5413649868037415
27.5,112.5,13602255.0,0.8713379,2.0149598,-1.1436219121643068
27.5,113.5,13602255.0,3.237817,4.2121215,-0.9743044866638182
27.5,114.5,13602255.0,5.9482417,4.54884,1.3994016540710446
27.5,115.5,13602255.0,4.788777,4.51044,0.2783371272583004
27.5,116.5,13602255.0,3.4670844,3.7113864,-0.24430204218444818
27.5,117.5,13602255.0,1.8430643,2.6873655,-0.8443012319213867
27.5,118.5,13602255.0,0.39542466,1.7914377,-1.3960130850942993
27.5,119.5,13602255.0,0.17511337,1.3810638,-1.2059504489315795
27.5,120.5,13602255.0,0.0,-0.57802236,0.5780223608016968
26.5,30.5,13602255.0,0.0,-0.07017952,0.0701795220375061
26.5,31.5,13602255.0,0.0,-0.009107147,0.009107147343456745
26.5,32.5,13602255.0,0.0,0.03186816,-0.031868159770965576
26.5,33.5,13602255.0,0.0,0.08629894,-0.08629894256591797
26.5,34.5,13602255.0,0.0,0.061033156,-0.061033155769109726
26.5,35.5,13602255.0,0.0,0.013121983,-0.013121983036398888
26.5,36.5,13602255.0,0.0,0.0300029,-0.0300028994679451
26.5,37.5,13602255.0,0.0,0.006441389,-0.006441389210522175
26.5,38.5,13602255.0,0.0,-0.026201926,0.026201926171779633
26.5,39.5,13602255.0,0.0,-0.02880202,0.028802020475268364
26.5,40.5,13602255.0,0.0,-0.022558035,0.02255803532898426
26.5,41.5,13602255.0,0.0,-0.039472893,0.03947289288043976
26.5,42.5,13602255.0,0.0,-0.03888779,0.03888779133558273
26.5,43.5,13602255.0,0.0,-0.0400443,0.04004430025815964
26.5,44.5,13602255.0,0.0,-0.028407777,0.028407776728272438
26.5,45.5,13602255.0,0.0,-0.00357276,0.0035727599170058966
26.5,46.5,13602255.0,0.0,0.07237017,-0.07237017154693604
26.5,47.5,13602255.0,0.0,0.09779654,-0.09779653698205948
26.5,48.5,13602255.0,0.0,0.09544691,-0.09544690698385239
26.5,49.5,13602255.0,0.0,0.011961094,-0.011961094103753567
26.5,50.5,13602255.0,0.0,0.013728749,-0.013728749006986618
26.5,51.5,13602255.0,0.0,-0.0070852367,0.007085236720740795
26.5,52.5,13602255.0,0.0,-0.0070852367,0.007085236720740795
26.5,53.5,13602255.0,0.0,-0.005911787,0.005911787040531635
26.5,54.5,13602255.0,0.0,-0.0048025204,0.004802520386874676
26.5,55.5,13602255.0,0.0,-0.009990306,0.00999030563980341
26.5,56.5,13602255.0,0.0,-0.010787417,0.0107874171808362
26.5,57.5,13602255.0,0.0,-0.010787417,0.0107874171808362
26.5,58.5,13602255.0,0.0,-0.010787417,0.0107874171808362
26.5,59.5,13602255.0,0.0,-0.010319673,0.010319673456251621
26.5,60.5,13602255.0,0.0,-0.011282138,0.011282137595117092
26.5,61.5,13602255.0,0.0,-0.011282138,0.011282137595117092
26.5,62.5,13602255.0,0.0,-0.011282138,0.011282137595117092
26.5,63.5,13602255.0,0.0,-0.011282138,0.011282137595117092
26.5,64.5,13602255.0,0.0,-0.010700802,0.010700802318751812
26.5,65.5,13602255.0,0.0,-0.010700802,0.010700802318751812
26.5,66.5,13602255.0,0.0,-0.0068726456,0.006872645579278469
26.5,67.5,13602255.0,0.0,-0.0060690995,0.00606909953057766
26.5,68.5,13602255.0,0.0,-0.0067881625,0.006788162514567375
26.5,69.5,13602255.0,0.0,-0.0082940385,0.008294038474559784
26.5,70.5,13602255.0,0.0,0.0023534687,-0.0023534686770290136
26.5,71.5,13602255.0,0.0,0.044339135,-0.0443391352891922
26.5,72.5,13602255.0,0.0,0.0012068555,-0.001206855522468686
26.5,73.5,13602255.0,0.0,0.006446993,-0.006446992978453636
26.5,74.5,13602255.0,0.0,0.006649983,-0.006649983115494251
26.5,75.5,13602255.0,0.0,0.007464748,-0.007464747875928879
26.5,76.5,13602255.0,0.0,0.0058743265,-0.005874326452612877
26.5,77.5,13602255.0,0.0,0.024633793,-0.02463379316031933
26.5,78.5,13602255.0,0.0,0.0573051,-0.05730510130524635
26.5,79.5,13602255.0,0.0,-0.025801847,0.025801846757531166
26.5,80.5,13602255.0,0.0,-0.026535893,0.026535892859101295
26.5,81.5,13602255.0,0.0,0.039427154,-0.03942715376615524
26.5,82.5,13602255.0,0.0,0.16798453,-0.16798453032970428
26.5,83.5,13602255.0,0.0,-0.058880284,0.0588802844285965
26.5,84.5,13602255.0,0.0,-0.05688045,0.05688045173883438
26.5,85.5,13602255.0,0.0,-0.0336965,0.033696498721838
26.5,86.5,13602255.0,0.0,-0.0150017645,0.01500176452100277
26.5,87.5,13602255.0,0.0,0.020276489,-0.020276488736271858
26.5,88.5,13602255.0,0.0,0.12579116,-0.12579116225242615
26.5,89.5,13602255.0,0.0,0.0066621555,-0.0066621555015444756
26.5,90.5,13602255.0,0.0,-0.16399038,0.16399037837982178
26.5,91.5,13602255.0,0.0,-0.11801847,0.11801847070455551
26.5,92.5,13602255.0,0.0,0.026510183,-0.02651018276810646
26.5,93.5,13602255.0,0.0,0.05474793,-0.05474793165922165
26.5,94.5,13602255.0,0.0,-0.06336618,0.06336618214845657
26.5,95.5,13602255.0,0.0,0.061609305,-0.06160930544137955
26.5,96.5,13602255.0,0.0,-0.0172796,0.017279600724577904
26.5,97.5,13602255.0,0.0,-0.055805065,0.05580506473779678
26.5,98.5,13602255.0,0.0,0.0080641955,-0.00806419551372528
26.5,99.5,13602255.0,0.0,0.0849866,-0.0849865972995758
26.5,100.5,13602255.0,0.0,-0.017278213,0.017278213053941727
26.5,101.5,13602255.0,0.0,-0.101590976,0.10159097611904144
26.5,102.5,13602255.0,0.0,0.0032408584,-0.0032408584374934435
26.5,103.5,13602255.0,0.0,0.00080465025,-0.000804650248028338
26.5,104.5,13602255.0,0.0,0.07540256,-0.07540255784988403
26.5,105.5,13602255.0,0.0,-0.05647895,0.05647895112633705
26.5,106.5,13602255.0,0.0,0.02320361,-0.023203609511256218
26.5,107.5,13602255.0,0.0,-0.0063548256,0.00635482557117939
26.5,108.5,13602255.0,0.0,0.0195138,-0.019513800740242004
26.5,109.5,13602255.0,0.0077818204,0.46998024,-0.4621984194681641
26.5,110.5,13602255.0,0.09022039,0.68856925,-0.5983488577226257
26.5,111.5,13602255.0,1.0305856,1.1851965,-0.15461091889801026
26.5,112.5,13602255.0,2.7500527,3.0543716,-0.3043188953826905
26.5,113.5,13602255.0,5.5652084,5.0183415,0.5468668587097172
26.5,114.5,13602255.0,5.6295147,5.2256064,0.4039082585021969
26.5,115.5,13602255.0,6.580505,5.364313,1.216191874389648
26.5,116.5,13602255.0,6.0199695,4.409846,1.6101236709899904
26.5,117.5,13602255.0,2.2703707,3.2001057,-0.9297349671142578
26.5,118.5,13602255.0,0.92913836,2.27811,-1.3489716673132324
26.5,119.5,13602255.0,2.588667,2.1678953,0.42077168292236333
26.5,120.5,13602255.0,0.0,-0.2653997,0.265399694442749
25.5,30.5,13602255.0,0.0,-0.05757005,0.05757005140185356
25.5,31.5,13602255.0,0.0,0.008181028,-0.008181028068065643
25.5,32.5,13602255.0,0.0,0.04915635,-0.049156349152326584
25.5,33.5,13602255.0,0.0,0.097879946,-0.09787994623184204
25.5,34.5,13602255.0,0.0,0.06814226,-0.06814225763082504
25.5,35.5,13602255.0,0.0,0.023249656,-0.023249655961990356
25.5,36.5,13602255.0,0.0,0.028607171,-0.028607171028852463
25.5,37.5,13602255.0,0.0,0.0022898258,-0.0022898258175700903
25.5,38.5,13602255.0,0.0,-0.030353473,0.030353473499417305
25.5,39.5,13602255.0,0.0,-0.03295357,0.032953571528196335
25.5,40.5,13602255.0,0.0,-0.026709586,0.02670958638191223
25.5,41.5,13602255.0,0.0,-0.043624442,0.04362444207072258
25.5,42.5,13602255.0,0.0,-0.04303934,0.043039340525865555
25.5,43.5,13602255.0,0.0,-0.044195835,0.044195834547281265
25.5,44.5,13602255.0,0.0,-0.032559328,0.03255932778120041
25.5,45.5,13602255.0,0.0,-0.0077243056,0.007724305614829063
25.5,46.5,13602255.0,0.0,0.068218626,-0.06821862608194351
25.5,47.5,13602255.0,0.0,0.09364496,-0.09364496171474457
25.5,48.5,13602255.0,0.0,0.09129533,-0.09129533171653748
25.5,49.5,13602255.0,0.0,0.0078095505,-0.007809550501406193
25.5,50.5,13602255.0,0.0,0.00957721,-0.009577210061252117
25.5,51.5,13602255.0,0.0,-0.011236751,0.011236751452088356
25.5,52.5,13602255.0,0.0,-0.011236751,0.011236751452088356
25.5,53.5,13602255.0,0.0,-0.0100633,0.010063299909234047
25.5,54.5,13602255.0,0.0,-0.00895403,0.008954030461609364
25.5,55.5,13602255.0,0.0,-0.014141809,0.014141809195280075
25.5,56.5,13602255.0,0.0,-0.014938932,0.014938931912183762
25.5,57.5,13602255.0,0.0,-0.014938932,0.014938931912183762
25.5,58.5,13602255.0,0.0,-0.014938932,0.014938931912183762
25.5,59.5,13602255.0,0.0,-0.014471181,0.014471180737018585
25.5,60.5,13602255.0,0.0,-0.015433651,0.015433651395142078
25.5,61.5,13602255.0,0.0,-0.015433651,0.015433651395142078
25.5,62.5,13602255.0,0.0,-0.015433651,0.015433651395142078
25.5,63.5,13602255.0,0.0,-0.015433651,0.015433651395142078
25.5,64.5,13602255.0,0.0,-0.01485231,0.014852309599518776
25.5,65.5,13602255.0,0.0,-0.01485231,0.014852309599518776
25.5,66.5,13602255.0,0.0,-0.011852752,0.011852752417325974
25.5,67.5,13602255.0,0.0,-0.011049192,0.011049192398786545
25.5,68.5,13602255.0,0.0,-0.011768262,0.011768261902034283
25.5,69.5,13602255.0,0.0,-0.013274137,0.013274136930704117
25.5,70.5,13602255.0,0.0,-0.0026266847,0.0026266847271472216
25.5,71.5,13602255.0,0.0,0.039359026,-0.03935902565717697
25.5,72.5,13602255.0,0.0,-0.0037732774,0.0037732773926109076
25.5,73.5,13602255.0,0.0,0.001466861,-0.0014668609946966171
25.5,74.5,13602255.0,0.0,0.0016698508,-0.0016698507824912667
25.5,75.5,13602255.0,0.0,0.0024846226,-0.0024846226442605257
25.5,76.5,13602255.0,0.0,0.00089419924,-0.0008941992418840528
25.5,77.5,13602255.0,0.0,0.020403843,-0.020403843373060226
25.5,78.5,13602255.0,0.0,0.053075165,-0.053075164556503296
25.5,79.5,13602255.0,0.0,-0.03003178,0.030031779780983925
25.5,80.5,13602255.0,0.0,-0.030765833,0.03076583333313465
25.5,81.5,13602255.0,0.0,0.03390865,-0.033908650279045105
25.5,82.5,13602255.0,0.0,0.15626553,-0.156265527009964
25.5,83.5,13602255.0,0.0,-0.070599236,0.07059923559427261
25.5,84.5,13602255.0,0.0,-0.068599395,0.0685993954539299
25.5,85.5,13602255.0,0.0,-0.04395964,0.043959639966487885
25.5,86.5,13602255.0,0.0,-0.025264941,0.025264941155910492
25.5,87.5,13602255.0,0.0,0.010013299,-0.010013299062848091
25.5,88.5,13602255.0,0.0,0.12860048,-0.12860047817230225
25.5,89.5,13602255.0,0.0,-0.0022709782,0.0022709781769663095
25.5,90.5,13602255.0,0.0,-0.17429301,0.17429301142692566
25.5,91.5,13602255.0,0.0,-0.12832108,0.1283210813999176
25.5,92.5,13602255.0,0.0,0.016207606,-0.016207605600357056
25.5,93.5,13602255.0,0.0,0.044445362,-0.04444536194205284
25.5,94.5,13602255.0,0.0,-0.07366876,0.07366876304149628
25.5,95.5,13602255.0,0.0,0.051169377,-0.05116937682032585
25.5,96.5,13602255.0,0.0,-0.027719492,0.027719492092728615
25.5,97.5,13602255.0,0.0,-0.06624489,0.06624489277601242
25.5,98.5,13602255.0,0.0,-0.0023756905,0.0023756904993206263
25.5,99.5,13602255.0,0.0,0.0745467,-0.0745467022061348
25.5,100.5,13602255.0,0.0,-0.027718097,0.02771809697151184
25.5,101.5,13602255.0,0.0,-0.11203085,0.11203084886074066
25.5,102.5,13602255.0,0.0,-0.0057006255,0.005700625479221344
25.5,103.5,13602255.0,0.0,0.012707267,-0.012707266956567764
25.5,104.5,13602255.0,0.0,0.10664557,-0.10664556920528412
25.5,105.5,13602255.0,0.0,-0.010450123,0.010450122877955437
25.5,106.5,13602255.0,0.0,0.064222135,-0.06422213464975357
25.5,107.5,13602255.0,0.0,0.03466358,-0.03466358035802841
25.5,108.5,13602255.0,0.0,0.12098015,-0.1209801509976387
25.5,109.5,13602255.0,0.10377194,0.78861815,-0.6848462073731995
25.5,110.5,13602255.0,1.0801808,1.152687,-0.07250615354461676
25.5,111.5,13602255.0,4.702478,2.3096766,2.392801352813721
25.5,112.5,13602255.0,6.736552,4.3646226,2.3719294070739743
25.5,113.5,13602255.0,5.3229814,5.828232,-0.5052504115234377
25.5,114.5,13602255.0,6.527541,5.9059973,0.6215437236938479
25.5,115.5,13602255.0,6.5888705,5.920906,0.6679644331054684
25.5,116.5,13602255.0,6.373078,5.0165086,1.3565694207458492
25.5,117.5,13602255.0,3.5225837,4.2219877,-0.699404024304199
25.5,118.5,13602255.0,1.9337581,3.2675817,-1.3338236012786866
25.5,119.5,13602255.0,2.3868003,3.3737895,-0.9869892488739014
25.5,120.5,13602255.0,0.0,-0.14138618,0.14138618111610413
24.5,30.5,13602255.0,0.0,-0.037980966,0.03798096626996994
24.5,31.5,13602255.0,0.0,0.02777014,-0.027770139276981354
24.5,32.5,13602255.0,0.0,0.068745434,-0.0687454342842102
24.5,33.5,13602255.0,0.0,0.11746555,-0.1174655482172966
24.5,34.5,13602255.0,0.0,0.074666634,-0.07466663420200348
24.5,35.5,13602255.0,0.0,0.026404187,-0.026404187083244324
24.5,36.5,13602255.0,0.0,0.04429982,-0.04429981857538223
24.5,37.5,13602255.0,0.0,0.01798245,-0.017982449382543564
24.5,38.5,13602255.0,0.0,-0.0074207843,0.007420784328132868
24.5,39.5,13602255.0,0.0,-0.010020876,0.010020876303315163
24.5,40.5,13602255.0,0.0,-0.0037768995,0.003776899538934231
24.5,41.5,13602255.0,0.0,-0.020691715,0.02069171518087387
24.5,42.5,13602255.0,0.0,-0.020106614,0.020106613636016846
24.5,43.5,13602255.0,0.0,-0.021263123,0.02126312255859375
24.5,44.5,13602255.0,0.0,-0.009626635,0.00962663535028696
24.5,45.5,13602255.0,0.0,0.017434282,-0.01743428222835064
24.5,46.5,13602255.0,0.0,0.093377225,-0.09337722510099411
24.5,47.5,13602255.0,0.0,0.11880355,-0.11880355328321457
24.5,48.5,13602255.0,0.0,0.116453916,-0.11645391583442688
24.5,49.5,13602255.0,0.0,0.03296808,-0.032968081533908844
24.5,50.5,13602255.0,0.0,0.0347358,-0.034735798835754395
24.5,51.5,13602255.0,0.0,0.013921795,-0.013921795412898064
24.5,52.5,13602255.0,0.0,0.013921795,-0.013921795412898064
24.5,53.5,13602255.0,0.0,0.015095245,-0.015095245093107224
24.5,54.5,13602255.0,0.0,0.016204514,-0.016204513609409332
24.5,55.5,13602255.0,0.0,0.011016736,-0.011016735807061195
24.5,56.5,13602255.0,0.0,0.010219619,-0.010219618678092957
24.5,57.5,13602255.0,0.0,0.010219619,-0.010219618678092957
24.5,58.5,13602255.0,0.0,0.010219619,-0.010219618678092957
24.5,59.5,13602255.0,0.0,0.010687368,-0.010687367990612984
24.5,60.5,13602255.0,0.0,0.0097249,-0.009724900126457214
24.5,61.5,13602255.0,0.0,0.0097249,-0.009724900126457214
24.5,62.5,13602255.0,0.0,0.0097249,-0.009724900126457214
24.5,63.5,13602255.0,0.0,0.0097249,-0.009724900126457214
24.5,64.5,13602255.0,0.0,0.010306239,-0.010306239128112793
24.5,65.5,13602255.0,0.0,0.010306239,-0.010306239128112793
24.5,66.5,13602255.0,0.0,0.013305798,-0.013305798172950745
24.5,67.5,13602255.0,0.0,0.014109349,-0.014109348878264427
24.5,68.5,13602255.0,0.0,0.013390278,-0.013390278443694115
24.5,69.5,13602255.0,0.0,0.011884404,-0.011884404346346855
24.5,70.5,13602255.0,0.0,0.022531915,-0.022531915456056595
24.5,71.5,13602255.0,0.0,0.06451759,-0.06451758742332458
24.5,72.5,13602255.0,0.0,0.021385314,-0.02138531394302845
24.5,73.5,13602255.0,0.0,0.026625445,-0.02662544511258602
24.5,74.5,13602255.0,0.0,0.026828434,-0.026828434318304062
24.5,75.5,13602255.0,0.0,0.02764321,-0.02764320932328701
24.5,76.5,13602255.0,0.0,0.026052784,-0.02605278417468071
24.5,77.5,13602255.0,0.0,0.047901995,-0.04790199548006058
24.5,78.5,13602255.0,0.0,0.080573276,-0.08057327568531036
24.5,79.5,13602255.0,0.0,-0.0025336875,0.002533687511458993
24.5,80.5,13602255.0,0.0,-0.0032677152,0.0032677152194082737
24.5,81.5,13602255.0,0.0,0.068908684,-0.0689086839556694
24.5,82.5,13602255.0,0.0,0.1851314,-0.18513140082359314
24.5,83.5,13602255.0,0.0,-0.041733444,0.04173344373703003
24.5,84.5,13602255.0,0.0,-0.03973361,0.039733611047267914
24.5,85.5,13602255.0,0.0,-0.015093801,0.015093800611793995
24.5,86.5,13602255.0,0.0,0.006282528,-0.006282527931034565
24.5,87.5,13602255.0,0.0,0.045870885,-0.045870885252952576
24.5,88.5,13602255.0,0.0,0.16890706,-0.1689070612192154
24.5,89.5,13602255.0,0.0,0.03803552,-0.038035519421100616
24.5,90.5,13602255.0,0.0,-0.13398647,0.1339864730834961
24.5,91.5,13602255.0,0.0,-0.08801472,0.08801472187042236
24.5,92.5,13602255.0,0.0,0.056514047,-0.05651404708623886
24.5,93.5,13602255.0,0.0,0.084751755,-0.08475175499916077
24.5,94.5,13602255.0,0.0,-0.033362307,0.03336230665445328
24.5,95.5,13602255.0,0.0,0.09147583,-0.09147582948207855
24.5,96.5,13602255.0,0.0,0.012833805,-0.012833804823458195
24.5,97.5,13602255.0,0.0,-0.02569159,0.02569158934056759
24.5,98.5,13602255.0,0.0,0.038177624,-0.038177624344825745
24.5,99.5,13602255.0,0.0,0.11510002,-0.11510001868009567
24.5,100.5,13602255.0,0.0,0.012835215,-0.012835214845836163
24.5,101.5,13602255.0,0.0,-0.08192875,0.08192875236272812
24.5,102.5,13602255.0,0.0,0.008003666,-0.008003666065633297
24.5,103.5,13602255.0,0.0,0.031067004,-0.031067004427313805
24.5,104.5,13602255.0,0.0,0.1405004,-0.14050039649009705
24.5,105.5,13602255.0,0.0,0.11386282,-0.11386281996965408
24.5,106.5,13602255.0,0.0,0.17939752,-0.17939752340316772
24.5,107.5,13602255.0,0.0,0.12559837,-0.12559837102890015
24.5,108.5,13602255.0,0.11746478,0.43200085,-0.3145360656707001
24.5,109.5,13602255.0,0.6088844,1.7364581,-1.1275736631256104
24.5,110.5,13602255.0,3.9609513,2.2546487,1.7063026145446778
24.5,111.5,13602255.0,6.7788515,3.7022867,3.076564779724121
24.5,112.5,13602255.0,4.438013,5.2654896,-0.8274765782470705
24.5,113.5,13602255.0,4.9188566,6.599929,-1.6810722558959963
24.5,114.5,13602255.0,7.163474,6.593715,0.5697588091125487
24.5,115.5,13602255.0,7.21305,6.610322,0.6027280014038086
24.5,116.5,13602255.0,5.2453027,5.77948,-0.5341772804687501
24.5,117.5,13602255.0,1.5107018,5.5984445,-4.08774266182251
24.5,118.5,13602255.0,0.5445778,5.043542,-4.49896410826416
24.5,119.5,13602255.0,1.1397202,5.135353,-3.995632888378906
24.5,120.5,13602255.0,0.0,0.028587691,-0.028587691485881805
23.5,30.5,13602255.0,0.0,-0.052166715,0.052166715264320374
23.5,31.5,13602255.0,0.0,0.011919559,-0.011919558979570866
23.5,32.5,13602255.0,0.0,0.05289486,-0.05289486050605774
23.5,33.5,13602255.0,0.0,0.10161493,-0.10161492973566055
23.5,34.5,13602255.0,0.0,0.058816068,-0.05881606787443161
23.5,35.5,13602255.0,0.0,0.01055361,-0.01055360957980156
23.5,36.5,13602255.0,0.0,0.031231038,-0.03123103827238083
23.5,37.5,13602255.0,0.0,0.0018013344,-0.0018013344379141927
23.5,38.5,13602255.0,0.0,-0.023601873,0.023601872846484184
23.5,39.5,13602255.0,0.0,-0.02620197,0.026201970875263214
23.5,40.5,13602255.0,0.0,-0.019957988,0.01995798759162426
23.5,41.5,13602255.0,0.0,-0.03687285,0.036872848868370056
23.5,42.5,13602255.0,0.0,-0.036287747,0.03628774732351303
23.5,43.5,13602255.0,0.0,-0.03744425,0.03744424879550934
23.5,44.5,13602255.0,0.0,-0.025807738,0.025807738304138184
23.5,45.5,13602255.0,0.0,0.0012531616,-0.0012531615793704987
23.5,46.5,13602255.0,0.0,0.07719605,-0.07719604671001434
23.5,47.5,13602255.0,0.0,0.102622375,-0.1026223748922348
23.5,48.5,13602255.0,0.0,0.100272715,-0.10027271509170532
23.5,49.5,13602255.0,0.0,0.016786983,-0.016786983236670494
23.5,50.5,13602255.0,0.0,0.018554661,-0.01855466142296791
23.5,51.5,13602255.0,0.0,-0.0022592992,0.002259299159049988
23.5,52.5,13602255.0,0.0,-0.0022592992,0.002259299159049988
23.5,53.5,13602255.0,0.0,-0.0010858481,0.001085848081856966
23.5,54.5,13602255.0,0.0,2.34209e-05,-2.3420900106430054e-05
23.5,55.5,13602255.0,0.0,-0.005164369,0.005164369009435177
23.5,56.5,13602255.0,0.0,-0.005961488,0.005961488001048565
23.5,57.5,13602255.0,0.0,-0.005961488,0.005961488001048565
23.5,58.5,13602255.0,0.0,-0.005961488,0.005961488001048565
23.5,59.5,13602255.0,0.0,-0.005493737,0.0054937368258833885
23.5,60.5,13602255.0,0.0,-0.0064562,0.006456200033426285
23.5,61.5,13602255.0,0.0,-0.0064562,0.006456200033426285
23.5,62.5,13602255.0,0.0,-0.0064562,0.006456200033426285
23.5,63.5,13602255.0,0.0,-0.0064562,0.006456200033426285
23.5,64.5,13602255.0,0.0,-0.0058748657,0.005874865688383579
23.5,65.5,13602255.0,0.0,-0.0058748657,0.005874865688383579
23.5,66.5,13602255.0,0.0,-0.0028753001,0.0028753001242876053
23.5,67.5,13602255.0,0.0,-0.0020717494,0.0020717494189739227
23.5,68.5,13602255.0,0.0,-0.0027908161,0.0027908161282539368
23.5,69.5,13602255.0,0.0,-0.004296692,0.0042966920882463455
23.5,70.5,13602255.0,0.0,0.0063508023,-0.006350802257657051
23.5,71.5,13602255.0,0.0,0.04833646,-0.048336461186409
23.5,72.5,13602255.0,0.0,0.005204179,-0.005204178858548403
23.5,73.5,13602255.0,0.0,0.010444317,-0.010444317013025284
23.5,74.5,13602255.0,0.0,0.010647304,-0.010647304356098175
23.5,75.5,13602255.0,0.0,0.011462072,-0.011462071910500526
23.5,76.5,13602255.0,0.0,0.00987166,-0.00987165980041027
23.5,77.5,13602255.0,0.0,0.03172084,-0.0317208394408226
23.5,78.5,13602255.0,0.0,0.06439215,-0.06439214944839478
23.5,79.5,13602255.0,0.0,-0.018714827,0.018714826554059982
23.5,80.5,13602255.0,0.0,-0.01944886,0.019448859617114067
23.5,81.5,13602255.0,0.0,0.050118715,-0.050118714570999146
23.5,82.5,13602255.0,0.0,0.16634141,-0.1663414090871811
23.5,83.5,13602255.0,0.0,-0.060523376,0.0605233758687973
23.5,84.5,13602255.0,0.0,-0.05852353,0.05852352827787399
23.5,85.5,13602255.0,0.0,-0.033424884,0.03342488408088684
23.5,86.5,13602255.0,0.0,-0.009321899,0.009321899153292179
23.5,87.5,13602255.0,0.0,0.024425467,-0.02442546747624874
23.5,88.5,13602255.0,0.0,0.14746156,-0.14746156334877014
23.5,89.5,13602255.0,0.0,0.019237366,-0.019237365573644638
23.5,90.5,13602255.0,0.0,-0.15278457,0.1527845710515976
23.5,91.5,13602255.0,0.0,-0.10681282,0.10681281983852386
23.5,92.5,13602255.0,0.0,0.037715875,-0.03771587461233139
23.5,93.5,13602255.0,0.0,0.065953635,-0.06595363467931747
23.5,94.5,13602255.0,0.0,-0.052160487,0.052160486578941345
23.5,95.5,13602255.0,0.0,0.07267765,-0.07267764955759048
23.5,96.5,13602255.0,0.0,-0.005964365,0.005964364856481552
23.5,97.5,13602255.0,0.0,-0.04448977,0.044489771127700806
23.5,98.5,13602255.0,0.0,0.019379476,-0.019379476085305214
23.5,99.5,13602255.0,0.0,0.10214276,-0.10214275866746902
23.5,100.5,13602255.0,0.0,-0.0001219837,0.00012198369950056076
23.5,101.5,13602255.0,0.0,-0.09933073,0.09933073073625565
23.5,102.5,13602255.0,0.0,0.00059958594,-0.0005995859391987324
23.5,103.5,13602255.0,0.0,0.023662983,-0.023662982508540154
23.5,104.5,13602255.0,0.0,0.13309634,-0.1330963373184204
23.5,105.5,13602255.0,0.0,0.1064587,-0.10645870119333267
23.5,106.5,13602255.0,0.0,0.17448013,-0.1744801253080368
23.5,107.5,13602255.0,0.0015277652,0.12068101,-0.11915324498667221
23.5,108.5,13602255.0,0.57705915,0.48530784,0.09175130750694271
23.5,109.5,13602255.0,2.3565636,1.9171395,0.4394240698181151
23.5,110.5,13602255.0,3.7488008,2.23232,1.5164807297332765
23.5,111.5,13602255.0,2.142599,3.2260814,-1.083482371307373
23.5,112.5,13602255.0,3.858219,4.829959,-0.9717399157104492
23.5,113.5,13602255.0,7.779104,6.4358854,1.343218570617676
23.5,114.5,13602255.0,7.021539,6.4327016,0.5888374123229978
23.5,115.5,13602255.0,4.2607555,6.449308,-2.188552418548584
23.5,116.5,13602255.0,2.401652,5.618466,-3.2168139004211427
23.5,117.5,13602255.0,3.5893965,5.8451514,-2.255754924407959
23.5,118.5,13602255.0,5.875326,5.519098,0.3562281949768069
23.5,119.5,13602255.0,7.2003007,5.9429946,1.257306105426025
23.5,120.5,13602255.0,0.0,0.0077153323,-0.007715332321822643
22.5,30.5,13602255.0,0.0,-0.090243585,0.09024358540773392
22.5,31.5,13602255.0,0.0,-0.024492523,0.024492522701621056
22.5,32.5,13602255.0,0.0,0.01648274,-0.01648274064064026
22.5,33.5,13602255.0,0.0,0.06520293,-0.06520292907953262
22.5,34.5,13602255.0,0.0,0.022403985,-0.022403985261917114
22.5,35.5,13602255.0,0.0,-0.025858486,0.02585848607122898
22.5,36.5,13602255.0,0.0,-0.005181067,0.005181067157536745
22.5,37.5,13602255.0,0.0,-0.034610722,0.034610722213983536
22.5,38.5,13602255.0,0.0,-0.06001394,0.06001393869519234
22.5,39.5,13602255.0,0.0,-0.06261403,0.06261403113603592
22.5,40.5,13602255.0,0.0,-0.05637005,0.056370049715042114
22.5,41.5,13602255.0,0.0,-0.07328485,0.07328484952449799
22.5,42.5,13602255.0,0.0,-0.072699755,0.07269975543022156
22.5,43.5,13602255.0,0.0,-0.073856264,0.07385626435279846
22.5,44.5,13602255.0,0.0,-0.062219795,0.06221979483962059
22.5,45.5,13602255.0,0.0,-0.035158936,0.03515893593430519
22.5,46.5,13602255.0,0.0,0.040783927,-0.04078392684459686
22.5,47.5,13602255.0,0.0,0.066210285,-0.06621028482913971
22.5,48.5,13602255.0,0.0,0.063860655,-0.06386065483093262
22.5,49.5,13602255.0,0.0,-0.019625079,0.01962507888674736
22.5,50.5,13602255.0,0.0,-0.017857429,0.017857428640127182
22.5,51.5,13602255.0,0.0,-0.038671352,0.038671351969242096
22.5,52.5,13602255.0,0.0,-0.038671352,0.038671351969242096
22.5,53.5,13602255.0,0.0,-0.0374979,0.03749790042638779
22.5,54.5,13602255.0,0.0,-0.03638863,0.03638862818479538
22.5,55.5,13602255.0,0.0,-0.041576423,0.04157642275094986
22.5,56.5,13602255.0,0.0,-0.042373538,0.04237353801727295
22.5,57.5,13602255.0,0.0,-0.042373538,0.04237353801727295
22.5,58.5,13602255.0,0.0,-0.042373538,0.04237353801727295
22.5,59.5,13602255.0,0.0,-0.04190579,0.04190579056739807
22.5,60.5,13602255.0,0.0,-0.04286826,0.04286826029419899
22.5,61.5,13602255.0,0.0,-0.04286826,0.04286826029419899
22.5,62.5,13602255.0,0.0,-0.04286826,0.04286826029419899
22.5,63.5,13602255.0,0.0,-0.04286826,0.04286826029419899
22.5,64.5,13602255.0,0.0,-0.04228692,0.04228692129254341
22.5,65.5,13602255.0,0.0,-0.04228692,0.04228692129254341
22.5,66.5,13602255.0,0.0,-0.03928735,0.039287351071834564
22.5,67.5,13602255.0,0.0,-0.038483806,0.03848380595445633
22.5,68.5,13602255.0,0.0,-0.039202873,0.03920287266373634
22.5,69.5,13602255.0,0.0,-0.040708747,0.0407087467610836
22.5,70.5,13602255.0,0.0,-0.03006126,0.030061259865760803
22.5,71.5,13602255.0,0.0,0.011924386,-0.011924386024475098
22.5,72.5,13602255.0,0.0,-0.031207897,0.031207896769046783
22.5,73.5,13602255.0,0.0,-0.02596776,0.025967760011553764
22.5,74.5,13602255.0,0.0,-0.025764775,0.025764774531126022
22.5,75.5,13602255.0,0.0,-0.02495001,0.02495001070201397
22.5,76.5,13602255.0,0.0,-0.026540425,0.026540424674749374
22.5,77.5,13602255.0,0.0,-0.0046911957,0.004691195674240589
22.5,78.5,13602255.0,0.0,0.027980085,-0.027980085462331772
22.5,79.5,13602255.0,0.0,-0.055126898,0.05512689799070358
22.5,80.5,13602255.0,0.0,-0.055860963,0.055860962718725204
22.5,81.5,13602255.0,0.0,0.016315494,-0.01631549373269081
22.5,82.5,13602255.0,0.0,0.13253808,-0.1325380802154541
22.5,83.5,13602255.0,0.0,-0.094326586,0.09432658553123474
22.5,84.5,13602255.0,0.0,-0.09232674,0.09232673794031143
22.5,85.5,13602255.0,0.0,-0.06722814,0.06722813844680786
22.5,86.5,13602255.0,0.0,-0.0431252,0.043125201016664505
22.5,87.5,13602255.0,0.0,-0.00937778,0.009377780370414257
22.5,88.5,13602255.0,0.0,0.1136583,-0.11365830153226852
22.5,89.5,13602255.0,0.0,-0.017213138,0.017213137820363045
22.5,90.5,13602255.0,0.0,-0.18923509,0.18923509120941162
22.5,91.5,13602255.0,0.0,-0.14326318,0.14326317608356476
22.5,92.5,13602255.0,0.0,0.0012654086,-0.001265408587642014
22.5,93.5,13602255.0,0.0,0.02950312,-0.029503120109438896
22.5,94.5,13602255.0,0.0,-0.093142234,0.09314223378896713
22.5,95.5,13602255.0,0.0,0.03169591,-0.031695909798145294
22.5,96.5,13602255.0,0.0,-0.046946116,0.04694611579179764
22.5,97.5,13602255.0,0.0,-0.08547147,0.08547147363424301
22.5,98.5,13602255.0,0.0,-0.021602307,0.02160230651497841
22.5,99.5,13602255.0,0.0,0.06116101,-0.06116101145744324
22.5,100.5,13602255.0,0.0,-0.041103728,0.041103728115558624
22.5,101.5,13602255.0,0.0,-0.1403124,0.14031240344047546
22.5,102.5,13602255.0,0.0,-0.040382165,0.04038216546177864
22.5,103.5,13602255.0,0.0,-0.017318796,0.01731879636645317
22.5,104.5,13602255.0,0.0,0.092114635,-0.0921146348118782
22.5,105.5,13602255.0,0.0,0.07721641,-0.07721640914678574
22.5,106.5,13602255.0,0.0,0.1427512,-0.14275120198726654
22.5,107.5,13602255.0,0.0036079825,0.08963348,-0.08602549721439362
22.5,108.5,13602255.0,0.7190573,0.45426023,0.2647970699356079
22.5,109.5,13602255.0,3.4348483,1.8127478,1.622100463887024
22.5,110.5,13602255.0,2.3920257,1.954778,0.4372477439910889
22.5,111.5,13602255.0,1.0595282,3.046637,-1.9871088582580567
22.5,112.5,13602255.0,5.072763,4.957219,0.1155438761596681
22.5,113.5,13602255.0,8.153768,6.5538306,1.5999373763732905
22.5,114.5,13602255.0,5.78973,6.5506477,-0.7609177355957035
22.5,115.5,13602255.0,4.6684866,6.6371107,-1.9686241101440434
22.5,116.5,13602255.0,5.3300505,6.2957644,-0.9657139462585453
22.5,117.5,13602255.0,8.040006,6.711216,1.3287900270996094
22.5,118.5,13602255.0,8.959525,6.5485716,2.4109534133911126
22.5,119.5,13602255.0,9.0,6.6396236,2.3603763580322266
22.5,120.5,13602255.0,0.0,0.40970463,-0.40970462560653687
21.5,30.5,13602255.0,0.0,-0.050948095,0.050948094576597214
21.5,31.5,13602255.0,0.0,0.014803151,-0.014803150668740273
21.5,32.5,13602255.0,0.0,0.05577854,-0.055778540670871735
21.5,33.5,13602255.0,0.0,0.10449852,-0.10449852049350739
21.5,34.5,13602255.0,0.0,0.055132404,-0.05513240396976471
21.5,35.5,13602255.0,0.0,0.007473572,-0.0074735721573233604
21.5,36.5,13602255.0,0.0,0.013797733,-0.013797733001410961
21.5,37.5,13602255.0,0.0,-0.015631923,0.01563192345201969
21.5,38.5,13602255.0,0.0,-0.041035116,0.04103511571884155
21.5,39.5,13602255.0,0.0,-0.04363522,0.04363521933555603
21.5,40.5,13602255.0,0.0,-0.03739125,0.03739124909043312
21.5,41.5,13602255.0,0.0,-0.054306097,0.05430609732866287
21.5,42.5,13602255.0,0.0,-0.053720996,0.05372099578380585
21.5,43.5,13602255.0,0.0,-0.054877505,0.05487750470638275
21.5,44.5,13602255.0,0.0,-0.043241,0.043241001665592194
21.5,45.5,13602255.0,0.0,-0.014139303,0.014139303006231785
21.5,46.5,13602255.0,0.0,0.061803736,-0.06180373579263687
21.5,47.5,13602255.0,0.0,0.087230064,-0.08723006397485733
21.5,48.5,13602255.0,0.0,0.08488045,-0.08488044887781143
21.5,49.5,13602255.0,0.0,0.0013945526,-0.001394552644342184
21.5,50.5,13602255.0,0.0,0.0031621298,-0.003162129782140255
21.5,51.5,13602255.0,0.0,-0.01765182,0.017651820555329323
21.5,52.5,13602255.0,0.0,-0.01765182,0.017651820555329323
21.5,53.5,13602255.0,0.0,-0.016478378,0.01647837832570076
21.5,54.5,13602255.0,0.0,-0.015369108,0.015369107946753502
21.5,55.5,13602255.0,0.0,-0.020556888,0.020556887611746788
21.5,56.5,13602255.0,0.0,-0.02135401,0.021354010328650475
21.5,57.5,13602255.0,0.0,-0.02135401,0.021354010328650475
21.5,58.5,13602255.0,0.0,-0.02135401,0.021354010328650475
21.5,59.5,13602255.0,0.0,-0.02088626,0.020886259153485298
21.5,60.5,13602255.0,0.0,-0.021848725,0.02184872515499592
21.5,61.5,13602255.0,0.0,-0.021848725,0.02184872515499592
21.5,62.5,13602255.0,0.0,-0.021848725,0.02184872515499592
21.5,63.5,13602255.0,0.0,-0.021848725,0.02184872515499592
21.5,64.5,13602255.0,0.0,-0.021267386,0.02126738615334034
21.5,65.5,13602255.0,0.0,-0.021267386,0.02126738615334034
21.5,66.5,13602255.0,0.0,-0.01826782,0.01826781965792179
21.5,67.5,13602255.0,0.0,-0.017464273,0.017464272677898407
21.5,68.5,13602255.0,0.0,-0.018183341,0.01818334124982357
21.5,69.5,13602255.0,0.0,-0.019689215,0.01968921534717083
21.5,70.5,13602255.0,0.0,-0.009041689,0.009041689336299896
21.5,71.5,13602255.0,0.0,0.032943983,-0.032943982630968094
21.5,72.5,13602255.0,0.0,-0.010188292,0.010188291780650616
21.5,73.5,13602255.0,0.0,-0.0049481536,0.004948153626173735
21.5,74.5,13602255.0,0.0,-0.004745165,0.0047451648861169815
21.5,75.5,13602255.0,0.0,-0.003930399,0.003930399194359779
21.5,76.5,13602255.0,0.0,-0.003080428,0.00308042811229825
21.5,77.5,13602255.0,0.0,0.016851699,-0.016851698979735374
21.5,78.5,13602255.0,0.0,0.046862658,-0.046862658113241196
21.5,79.5,13602255.0,0.0,-0.036244392,0.03624439239501953
21.5,80.5,13602255.0,0.0,-0.03697846,0.03697846084833145
21.5,81.5,13602255.0,0.0,0.031843662,-0.03184366226196289
21.5,82.5,13602255.0,0.0,0.1480664,-0.14806640148162842
21.5,83.5,13602255.0,0.0,-0.07711521,0.07711520791053772
21.5,84.5,13602255.0,0.0,-0.07511538,0.0751153826713562
21.5,85.5,13602255.0,0.0,-0.029964367,0.029964366927742958
21.5,86.5,13602255.0,0.0,-0.003663716,0.0036637159064412117
21.5,87.5,13602255.0,0.0,0.025435317,-0.025435317307710648
21.5,88.5,13602255.0,0.0,0.14847156,-0.14847156405448914
21.5,89.5,13602255.0,0.0,0.017600037,-0.017600037157535553
21.5,90.5,13602255.0,0.0,-0.16019152,0.16019152104854584
21.5,91.5,13602255.0,0.0,-0.114219725,0.11421972513198853
21.5,92.5,13602255.0,0.0,0.02877312,-0.028773119673132896
21.5,93.5,13602255.0,0.0,0.05701089,-0.05701088905334473
21.5,94.5,13602255.0,0.0,-0.0656344,0.06563439965248108
21.5,95.5,13602255.0,0.0,0.059203815,-0.05920381471514702
21.5,96.5,13602255.0,0.0,-0.019438393,0.01943839341402054
21.5,97.5,13602255.0,0.0,-0.05972556,0.0597255602478981
21.5,98.5,13602255.0,0.0,0.0084130475,-0.008413047529757023
21.5,99.5,13602255.0,0.0,0.09117647,-0.09117647260427475
21.5,100.5,13602255.0,0.0,-0.011088403,0.011088402941823006
21.5,101.5,13602255.0,0.0,-0.110297255,0.11029725521802902
21.5,102.5,13602255.0,0.0,0.04312412,-0.04312412068247795
21.5,103.5,13602255.0,0.0,0.050948855,-0.0509488545358181
21.5,104.5,13602255.0,0.0,0.17947428,-0.17947427928447723
21.5,105.5,13602255.0,0.0,0.17924747,-0.17924746870994568
21.5,106.5,13602255.0,0.0,0.24478205,-0.24478204548358917
21.5,107.5,13602255.0,0.0,0.19166435,-0.19166435301303864
21.5,108.5,13602255.0,1.1267278,0.61639273,0.5103350683334351
21.5,109.5,13602255.0,2.773532,1.8799417,0.8935902981109618
21.5,110.5,13602255.0,1.0016009,2.052686,-1.0510850760284425
21.5,111.5,13602255.0,2.1144223,4.039986,-1.9255638335754393
21.5,112.5,13602255.0,6.9380765,6.475987,0.4620895424499514
21.5,113.5,13602255.0,8.140809,7.9214473,0.21936172293090905
21.5,114.5,13602255.0,7.8187613,7.988432,-0.16967063054199194
21.5,115.5,13602255.0,8.248536,8.122421,0.12611473535156215
21.5,116.5,13602255.0,8.191315,8.110465,0.08084995025634711
21.5,117.5,13602255.0,8.622739,8.458902,0.1638366409912102
21.5,118.5,13602255.0,8.983204,8.25751,0.7256938147583014
21.5,119.5,13602255.0,8.998074,8.062926,0.9351477075805672
21.5,120.5,13602255.0,0.0,0.49328008,-0.4932800829410553
20.5,30.5,13602255.0,0.0,-0.035847753,0.035847753286361694
20.5,31.5,13602255.0,0.0,0.037032425,-0.03703242540359497
20.5,32.5,13602255.0,0.0,0.0780078,-0.07800780236721039
20.5,33.5,13602255.0,0.0,0.1267277,-0.12672770023345947
20.5,34.5,13602255.0,0.0,0.077361606,-0.07736160606145859
20.5,35.5,13602255.0,0.0,0.029702863,-0.029702862724661827
20.5,36.5,13602255.0,0.0,0.031679206,-0.03167920559644699
20.5,37.5,13602255.0,0.0,0.0022494537,-0.0022494536824524403
20.5,38.5,13602255.0,0.0,-0.023153748,0.023153748363256454
20.5,39.5,13602255.0,0.0,-0.025753852,0.025753851979970932
20.5,40.5,13602255.0,0.0,-0.019509867,0.01950986683368683
20.5,41.5,13602255.0,0.0,-0.03642472,0.03642471879720688
20.5,42.5,13602255.0,0.0,-0.035839617,0.035839617252349854
20.5,43.5,13602255.0,0.0,-0.036996126,0.03699612617492676
20.5,44.5,13602255.0,0.0,-0.02535962,0.0253596194088459
20.5,45.5,13602255.0,0.0,0.005454694,-0.005454693920910358
20.5,46.5,13602255.0,0.0,0.08139779,-0.08139778673648834
20.5,47.5,13602255.0,0.0,0.1068241,-0.10682410001754761
20.5,48.5,13602255.0,0.0,0.10447447,-0.10447447001934052
20.5,49.5,13602255.0,0.0,0.020988563,-0.02098856307566166
20.5,50.5,13602255.0,0.0,0.022756133,-0.02275613322854042
20.5,51.5,13602255.0,0.0,0.0019421829,-0.0019421828910708427
20.5,52.5,13602255.0,0.0,0.0019421829,-0.0019421828910708427
20.5,53.5,13602255.0,0.0,0.0031156316,-0.003115631639957428
20.5,54.5,13602255.0,0.0,0.004224902,-0.004224902018904686
20.5,55.5,13602255.0,0.0,-0.00096287637,0.0009628763655200601
20.5,56.5,13602255.0,0.0,-0.0017599965,0.0017599965212866664
20.5,57.5,13602255.0,0.0,-0.0017599965,0.0017599965212866664
20.5,58.5,13602255.0,0.0,-0.0017599965,0.0017599965212866664
20.5,59.5,13602255.0,0.0,-0.0012922442,0.0012922441819682717
20.5,60.5,13602255.0,0.0,-0.0022547143,0.002254714258015156
20.5,61.5,13602255.0,0.0,-0.0022547143,0.002254714258015156
20.5,62.5,13602255.0,0.0,-0.0022547143,0.002254714258015156
20.5,63.5,13602255.0,0.0,-0.0022547143,0.002254714258015156
20.5,64.5,13602255.0,0.0,-0.0016733748,0.0016733747906982899
20.5,65.5,13602255.0,0.0,-0.0016733748,0.0016733747906982899
20.5,66.5,13602255.0,0.0,0.0013261877,-0.0013261877465993166
20.5,67.5,13602255.0,0.0,0.0021297322,-0.0021297321654856205
20.5,68.5,13602255.0,0.0,0.0014106624,-0.001410662429407239
20.5,69.5,13602255.0,0.0,-9.5213225e-05,9.521322499495e-05
20.5,70.5,13602255.0,0.0,0.010552311,-0.010552311316132545
20.5,71.5,13602255.0,0.0,0.052538004,-0.05253800377249718
20.5,72.5,13602255.0,0.0,0.009405714,-0.009405714459717274
20.5,73.5,13602255.0,0.0,0.01464585,-0.014645850285887718
20.5,74.5,13602255.0,0.0,0.01484884,-0.014848840422928333
20.5,75.5,13602255.0,0.0,0.015663626,-0.015663625672459602
20.5,76.5,13602255.0,0.0,0.01651359,-0.016513589769601822
20.5,77.5,13602255.0,0.0,0.03644585,-0.036445848643779755
20.5,78.5,13602255.0,0.0,0.06645681,-0.06645680963993073
20.5,79.5,13602255.0,0.0,-0.01665032,0.01665031909942627
20.5,80.5,13602255.0,0.0,-0.017384412,0.01738441176712513
20.5,81.5,13602255.0,0.0,0.053540222,-0.053540222346782684
20.5,82.5,13602255.0,0.0,0.16976278,-0.1697627753019333
20.5,83.5,13602255.0,0.0,-0.0554188,0.05541880056262016
20.5,84.5,13602255.0,0.0,-0.05341899,0.05341899022459984
20.5,85.5,13602255.0,0.0,-0.008267953,0.008267953060567379
20.5,86.5,13602255.0,0.0,0.018032718,-0.01803271844983101
20.5,87.5,13602255.0,0.0,0.04713185,-0.04713185131549835
20.5,88.5,13602255.0,0.0,0.17016797,-0.1701679676771164
20.5,89.5,13602255.0,0.0,0.04303937,-0.04303937032818794
20.5,90.5,13602255.0,0.0,-0.13475227,0.1347522735595703
20.5,91.5,13602255.0,0.0,-0.08878038,0.08878038078546524
20.5,92.5,13602255.0,0.0,0.054212503,-0.054212503135204315
20.5,93.5,13602255.0,0.0,0.082450196,-0.08245019614696503
20.5,94.5,13602255.0,0.0,-0.040195167,0.04019516706466675
20.5,95.5,13602255.0,0.0,0.084643036,-0.08464303612709045
20.5,96.5,13602255.0,0.0,0.0060009295,-0.00600092951208353
20.5,97.5,13602255.0,0.0,-0.038554754,0.038554754108190536
20.5,98.5,13602255.0,0.0,0.02958388,-0.029583880677819252
20.5,99.5,13602255.0,0.0,0.11234728,-0.11234728246927261
20.5,100.5,13602255.0,0.0,0.010082453,-0.010082452557981014
20.5,101.5,13602255.0,0.0,-0.0891263,0.08912629634141922
20.5,102.5,13602255.0,0.0,0.063264206,-0.06326420605182648
20.5,103.5,13602255.0,0.0,0.07108886,-0.07108885794878006
20.5,104.5,13602255.0,0.0,0.19243266,-0.19243265688419342
20.5,105.5,13602255.0,0.0,0.20761327,-0.2076132744550705
20.5,106.5,13602255.0,0.0,0.27314806,-0.2731480598449707
20.5,107.5,13602255.0,0.0,0.18768932,-0.18768931925296783
20.5,108.5,13602255.0,1.2697524,0.54466915,0.7250832486938477
20.5,109.5,13602255.0,2.269765,1.9546653,0.3150996967697144
20.5,110.5,13602255.0,0.83884114,2.2779593,-1.4391182067712402
20.5,111.5,13602255.0,4.3351054,4.8169465,-0.48184110650024436
20.5,112.5,13602255.0,8.688648,7.167744,1.5209038403015143
20.5,113.5,13602255.0,8.955555,8.34703,0.6085253140258793
20.5,114.5,13602255.0,8.997163,8.414013,0.5831500910644536
20.5,115.5,13602255.0,8.925095,8.504214,0.42088071319580145
20.5,116.5,13602255.0,8.906154,8.551067,0.3550866477050789
20.5,117.5,13602255.0,8.969145,8.777837,0.19130820037841723
20.5,118.5,13602255.0,8.958744,8.576446,0.3822984204711908
20.5,119.5,13602255.0,8.976666,8.258428,0.7182383800659178
20.5,120.5,13602255.0,0.0,0.2848814,-0.2848814129829407
19.5,30.5,13602255.0,0.0,-0.02095919,0.020959189161658287
19.5,31.5,13602255.0,0.0,0.051920988,-0.05192098766565323
19.5,32.5,13602255.0,0.0,0.09289624,-0.0928962379693985
19.5,33.5,13602255.0,0.0,0.14161626,-0.14161625504493713
19.5,34.5,13602255.0,0.0,0.09225014,-0.09225013852119446
19.5,35.5,13602255.0,0.0,0.044591404,-0.044591404497623444
19.5,36.5,13602255.0,0.0,0.046567757,-0.046567756682634354
19.5,37.5,13602255.0,0.0,0.017138017,-0.01713801734149456
19.5,38.5,13602255.0,0.0,-0.008265217,0.008265216834843159
19.5,39.5,13602255.0,0.0,-0.010865308,0.010865308344364166
19.5,40.5,13602255.0,0.0,-0.004621326,0.004621325992047787
19.5,41.5,13602255.0,0.0,-0.021536184,0.02153618447482586
19.5,42.5,13602255.0,0.0,-0.020951083,0.020951082929968834
19.5,43.5,13602255.0,0.0,-0.022107592,0.022107591852545738
19.5,44.5,13602255.0,0.0,-0.010471094,0.010471094399690628
19.5,45.5,13602255.0,0.0,0.020343237,-0.02034323662519455
19.5,46.5,13602255.0,0.0,0.096286416,-0.09628641605377197
19.5,47.5,13602255.0,0.0,0.12171269,-0.12171269208192825
19.5,48.5,13602255.0,0.0,0.119363025,-0.11936302483081818
19.5,49.5,13602255.0,0.0,0.035877127,-0.035877127200365067
19.5,50.5,13602255.0,0.0,0.0376447,-0.03764469921588898
19.5,51.5,13602255.0,0.0,0.016830716,-0.016830716282129288
19.5,52.5,13602255.0,0.0,0.016830716,-0.016830716282129288
19.5,53.5,13602255.0,0.0,0.018004168,-0.018004167824983597
19.5,54.5,13602255.0,0.0,0.019113436,-0.019113436341285706
19.5,55.5,13602255.0,0.0,0.01392566,-0.013925660401582718
19.5,56.5,13602255.0,0.0,0.013128548,-0.013128547929227352
19.5,57.5,13602255.0,0.0,0.013128548,-0.013128547929227352
19.5,58.5,13602255.0,0.0,0.013128548,-0.013128547929227352
19.5,59.5,13602255.0,0.0,0.013596295,-0.01359629537910223
19.5,60.5,13602255.0,0.0,0.012633829,-0.01263382937759161
19.5,61.5,13602255.0,0.0,0.012633829,-0.01263382937759161
19.5,62.5,13602255.0,0.0,0.012633829,-0.01263382937759161
19.5,63.5,13602255.0,0.0,0.012633829,-0.01263382937759161
19.5,64.5,13602255.0,0.0,0.013215168,-0.013215168379247189
19.5,65.5,13602255.0,0.0,0.013215168,-0.013215168379247189
19.5,66.5,13602255.0,0.0,0.016214736,-0.016214735805988312
19.5,67.5,13602255.0,0.0,0.017018285,-0.017018284648656845
19.5,68.5,13602255.0,0.0,0.016299218,-0.01629921793937683
19.5,69.5,13602255.0,0.0,0.014793342,-0.014793341979384422
19.5,70.5,13602255.0,0.0,0.02544085,-0.025440849363803864
19.5,71.5,13602255.0,0.0,0.06742662,-0.06742662191390991
19.5,72.5,13602255.0,0.0,0.024294272,-0.02429427206516266
19.5,73.5,13602255.0,0.0,0.0295344,-0.02953439950942993
19.5,74.5,13602255.0,0.0,0.029737385,-0.029737384989857674
19.5,75.5,13602255.0,0.0,0.030552179,-0.030552178621292114
19.5,76.5,13602255.0,0.0,0.031402167,-0.031402166932821274
19.5,77.5,13602255.0,0.0,0.051334348,-0.05133434757590294
19.5,78.5,13602255.0,0.0,0.08134537,-0.08134537190198898
19.5,79.5,13602255.0,0.0,-0.0017617795,0.0017617795383557677
19.5,80.5,13602255.0,0.0,-0.002495878,0.0024958779104053974
19.5,81.5,13602255.0,0.0,0.06842877,-0.06842876970767975
19.5,82.5,13602255.0,0.0,0.18465132,-0.18465131521224976
19.5,83.5,13602255.0,0.0,-0.040530264,0.040530264377593994
19.5,84.5,13602255.0,0.0,-0.03853044,0.038530439138412476
19.5,85.5,13602255.0,0.0,0.0066206297,-0.006620629690587521
19.5,86.5,13602255.0,0.0,0.03292127,-0.03292126953601837
19.5,87.5,13602255.0,0.0,0.062020406,-0.06202040612697601
19.5,88.5,13602255.0,0.0,0.1850564,-0.1850564032793045
19.5,89.5,13602255.0,0.0,0.057927955,-0.05792795494198799
19.5,90.5,13602255.0,0.0,-0.11986374,0.11986374109983444
19.5,91.5,13602255.0,0.0,-0.07389184,0.07389184087514877
19.5,92.5,13602255.0,0.0,0.06910107,-0.06910107284784317
19.5,93.5,13602255.0,0.0,0.09733882,-0.09733881801366806
19.5,94.5,13602255.0,0.0,-0.024809197,0.02480919659137726
19.5,95.5,13602255.0,0.0,0.10002903,-0.10002902895212173
19.5,96.5,13602255.0,0.0,0.021386908,-0.02138690836727619
19.5,97.5,13602255.0,0.0,-0.023168752,0.02316875196993351
19.5,98.5,13602255.0,0.0,0.044969853,-0.04496985301375389
19.5,99.5,13602255.0,0.0,0.12773323,-0.1277332305908203
19.5,100.5,13602255.0,0.0,0.025468467,-0.02546846680343151
19.5,101.5,13602255.0,0.0,-0.07374038,0.07374037802219391
19.5,102.5,13602255.0,0.0,0.05782709,-0.05782708898186684
19.5,103.5,13602255.0,0.0,0.06565178,-0.0656517818570137
19.5,104.5,13602255.0,0.0,0.18699557,-0.18699556589126587
19.5,105.5,13602255.0,0.0,0.19724414,-0.19724413752555847
19.5,106.5,13602255.0,0.0,0.26277897,-0.26277896761894226
19.5,107.5,13602255.0,0.0028016742,0.17732015,-0.17451847832113343
19.5,108.5,13602255.0,0.9068622,0.6872937,0.21956849167556758
19.5,109.5,13602255.0,0.84128183,2.1505692,-1.309287370515747
19.5,110.5,13602255.0,2.2079787,2.7693923,-0.5614135519683838
19.5,111.5,13602255.0,5.818029,5.682129,0.13590009375000012
19.5,112.5,13602255.0,8.522679,7.678815,0.8438641119995118
19.5,113.5,13602255.0,8.668206,8.507112,0.16109445062255823
19.5,114.5,13602255.0,8.997917,8.574095,0.4238222276611321
19.5,115.5,13602255.0,9.0,8.664296,0.33570384979248047
19.5,116.5,13602255.0,9.0,8.711148,0.2888517379760742
19.5,117.5,13602255.0,8.999272,8.895799,0.10347331683349559
19.5,118.5,13602255.0,8.99693,8.645911,0.3510187832641609
19.5,119.5,13602255.0,8.422863,8.275399,0.1474637919311519
19.5,120.5,13602255.0,0.0,0.35096383,-0.350963830947876
18.5,30.5,13602255.0,0.0,-0.020422159,0.020422158762812614
18.5,31.5,13602255.0,0.0,0.05245804,-0.05245804041624069
18.5,32.5,13602255.0,0.0,0.09343337,-0.09343337267637253
18.5,33.5,13602255.0,0.0,0.14215328,-0.1421532779932022
18.5,34.5,13602255.0,0.0,0.09278714,-0.09278713911771774
18.5,35.5,13602255.0,0.0,0.045128487,-0.045128487050533295
18.5,36.5,13602255.0,0.0,0.04710475,-0.04710474982857704
18.5,37.5,13602255.0,0.0,0.01767507,-0.017675070092082024
18.5,38.5,13602255.0,0.0,-0.007728126,0.007728125900030136
18.5,39.5,13602255.0,0.0,-0.0103282165,0.010328216478228569
18.5,40.5,13602255.0,0.0,-0.0040842397,0.004084239713847637
18.5,41.5,13602255.0,0.0,-0.02099909,0.020999090746045113
18.5,42.5,13602255.0,0.0,-0.020413991,0.020413991063833237
18.5,43.5,13602255.0,0.0,-0.02157049,0.021570490673184395
18.5,44.5,13602255.0,0.0,-0.009934004,0.00993400439620018
18.5,45.5,13602255.0,0.0,0.020880308,-0.020880308002233505
18.5,46.5,13602255.0,0.0,0.096823476,-0.09682347625494003
18.5,47.5,13602255.0,0.0,0.12224975,-0.12224975228309631
18.5,48.5,13602255.0,0.0,0.11990009,-0.11990009248256683
18.5,49.5,13602255.0,0.0,0.036414176,-0.03641417622566223
18.5,50.5,13602255.0,0.0,0.03818175,-0.03818174824118614
18.5,51.5,13602255.0,0.0,0.017367795,-0.01736779510974884
18.5,52.5,13602255.0,0.0,0.017367795,-0.01736779510974884
18.5,53.5,13602255.0,0.0,0.018541247,-0.01854124665260315
18.5,54.5,13602255.0,0.0,0.019650515,-0.019650515168905258
18.5,55.5,13602255.0,0.0,0.014462742,-0.014462742023169994
18.5,56.5,13602255.0,0.0,0.013665627,-0.013665626756846905
18.5,57.5,13602255.0,0.0,0.013665627,-0.013665626756846905
18.5,58.5,13602255.0,0.0,0.013665627,-0.013665626756846905
18.5,59.5,13602255.0,0.0,0.014133374,-0.014133374206721783
18.5,60.5,13602255.0,0.0,0.013170908,-0.013170908205211163
18.5,61.5,13602255.0,0.0,0.013170908,-0.013170908205211163
18.5,62.5,13602255.0,0.0,0.013170908,-0.013170908205211163
18.5,63.5,13602255.0,0.0,0.013170908,-0.013170908205211163
18.5,64.5,13602255.0,0.0,0.013752245,-0.013752245344221592
18.5,65.5,13602255.0,0.0,0.013752245,-0.013752245344221592
18.5,66.5,13602255.0,0.0,0.016751818,-0.016751818358898163
18.5,67.5,13602255.0,0.0,0.017555367,-0.017555367201566696
18.5,68.5,13602255.0,0.0,0.0168363,-0.016836300492286682
18.5,69.5,13602255.0,0.0,0.015330418,-0.015330418013036251
18.5,70.5,13602255.0,0.0,0.025977928,-0.025977928191423416
18.5,71.5,13602255.0,0.0,0.06796363,-0.0679636299610138
18.5,72.5,13602255.0,0.0,0.024831355,-0.02483135461807251
18.5,73.5,13602255.0,0.0,0.0300715,-0.030071500688791275
18.5,74.5,13602255.0,0.0,0.030274482,-0.03027448244392872
18.5,75.5,13602255.0,0.0,0.031089224,-0.03108922392129898
18.5,76.5,13602255.0,0.0,0.031939205,-0.03193920478224754
18.5,77.5,13602255.0,0.0,0.051871467,-0.051871467381715775
18.5,78.5,13602255.0,0.0,0.08188239,-0.08188238739967346
18.5,79.5,13602255.0,0.0,-0.0012248092,0.0012248092098161578
18.5,80.5,13602255.0,0.0,-0.0019588815,0.0019588815048336983
18.5,81.5,13602255.0,0.0,0.07555248,-0.07555247843265533
18.5,82.5,13602255.0,0.0,0.1917751,-0.1917750984430313
18.5,83.5,13602255.0,0.0,-0.03340652,0.033406518399715424
18.5,84.5,13602255.0,0.0,-0.031406704,0.0314067043364048
18.5,85.5,13602255.0,0.0,0.017569497,-0.017569497227668762
18.5,86.5,13602255.0,0.0,0.043870226,-0.0438702255487442
18.5,87.5,13602255.0,0.0,0.072969265,-0.07296926528215408
18.5,88.5,13602255.0,0.0,0.19600514,-0.19600513577461243
18.5,89.5,13602255.0,0.0,0.06887687,-0.06887686997652054
18.5,90.5,13602255.0,0.0,-0.108914964,0.10891496390104294
18.5,91.5,13602255.0,0.0,-0.06294304,0.06294304132461548
18.5,92.5,13602255.0,0.0,0.08004995,-0.08004994690418243
18.5,93.5,13602255.0,0.0,0.108287714,-0.10828771442174911
18.5,94.5,13602255.0,0.0,-0.013860305,0.013860304839909077
18.5,95.5,13602255.0,0.0,0.11097792,-0.11097791790962219
18.5,96.5,13602255.0,0.0,0.03233584,-0.03233584016561508
18.5,97.5,13602255.0,0.0,-0.012219853,0.012219852767884731
18.5,98.5,13602255.0,0.0,0.055918835,-0.05591883510351181
18.5,99.5,13602255.0,0.0,0.13868214,-0.13868214190006256
18.5,100.5,13602255.0,0.0,0.036417384,-0.03641738370060921
18.5,101.5,13602255.0,0.0,-0.06279151,0.06279151141643524
18.5,102.5,13602255.0,0.0,0.06877597,-0.0687759667634964
18.5,103.5,13602255.0,0.0,0.07660068,-0.07660067826509476
18.5,104.5,13602255.0,0.0,0.19794409,-0.19794408977031708
18.5,105.5,13602255.0,0.0,0.2271237,-0.2271236926317215
18.5,106.5,13602255.0,0.0,0.29265836,-0.29265835881233215
18.5,107.5,13602255.0,0.05777921,0.20719963,-0.14942042312149048
18.5,108.5,13602255.0,0.747524,1.1460748,-0.39855077188110355
18.5,109.5,13602255.0,1.3430878,2.9890273,-1.6459394617340088
18.5,110.5,13602255.0,5.6782956,4.2165656,1.4617299910217287
18.5,111.5,13602255.0,8.353905,6.580128,1.773776807098388
18.5,112.5,13602255.0,8.936537,8.057935,0.8786022389526362
18.5,113.5,13602255.0,8.989926,8.56264,0.4272858098754888
18.5,114.5,13602255.0,9.0,8.629622,0.3703775405883789
18.5,115.5,13602255.0,9.0,8.719825,0.28017520904541016
18.5,116.5,13602255.0,9.0,8.592536,0.40746402740478516
18.5,117.5,13602255.0,9.0,8.678359,0.3216409683227539
18.5,118.5,13602255.0,8.690301,8.149917,0.5403843511352537
18.5,119.5,13602255.0,5.319567,7.3530726,-2.033505643280029
18.5,120.5,13602255.0,0.0,0.25786987,-0.2578698694705963
17.5,30.5,13602255.0,0.0,-0.0007891916,0.0007891915738582611
17.5,31.5,13602255.0,0.0,0.07209091,-0.07209090888500214
17.5,32.5,13602255.0,0.0,0.1130662,-0.11306619644165039
17.5,33.5,13602255.0,0.0,0.16178624,-0.1617862433195114
17.5,34.5,13602255.0,0.0,0.11242014,-0.11242014169692993
17.5,35.5,13602255.0,0.0,0.06476138,-0.06476137787103653
17.5,36.5,13602255.0,0.0,0.066737674,-0.06673767417669296
17.5,37.5,13602255.0,0.0,0.037308034,-0.03730803355574608
17.5,38.5,13602255.0,0.0,0.011904841,-0.011904841288924217
17.5,39.5,13602255.0,0.0,0.00930473,-0.009304730221629143
17.5,40.5,13602255.0,0.0,0.015548709,-0.015548708848655224
17.5,41.5,13602255.0,0.0,-0.0013661064,0.0013661064440384507
17.5,42.5,13602255.0,0.0,-0.0007810056,0.0007810055976733565
17.5,43.5,13602255.0,0.0,-0.0019375114,0.0019375113770365715
17.5,44.5,13602255.0,0.0,0.009698992,-0.009698991663753986
17.5,45.5,13602255.0,0.0,0.04051326,-0.040513258427381516
17.5,46.5,13602255.0,0.0,0.116456315,-0.11645631492137909
17.5,47.5,13602255.0,0.0,0.14188258,-0.14188258349895477
17.5,48.5,13602255.0,0.0,0.1395329,-0.1395328938961029
17.5,49.5,13602255.0,0.0,0.0560472,-0.05604720115661621
17.5,50.5,13602255.0,0.0,0.057814807,-0.05781480669975281
17.5,51.5,13602255.0,0.0,0.037000794,-0.03700079396367073
17.5,52.5,13602255.0,0.0,0.037000794,-0.03700079396367073
17.5,53.5,13602255.0,0.0,0.038174246,-0.03817424550652504
17.5,54.5,13602255.0,0.0,0.039283514,-0.03928351402282715
17.5,55.5,13602255.0,0.0,0.034095734,-0.03409573435783386
17.5,56.5,13602255.0,0.0,0.03329862,-0.03329861909151077
17.5,57.5,13602255.0,0.0,0.03329862,-0.03329861909151077
17.5,58.5,13602255.0,0.0,0.03329862,-0.03329861909151077
17.5,59.5,13602255.0,0.0,0.03376637,-0.03376637026667595
17.5,60.5,13602255.0,0.0,0.0328039,-0.03280390053987503
17.5,61.5,13602255.0,0.0,0.0328039,-0.03280390053987503
17.5,62.5,13602255.0,0.0,0.0328039,-0.03280390053987503
17.5,63.5,13602255.0,0.0,0.0328039,-0.03280390053987503
17.5,64.5,13602255.0,0.0,0.033385232,-0.03338523209095001
17.5,65.5,13602255.0,0.0,0.033385232,-0.03338523209095001
17.5,66.5,13602255.0,0.0,0.0363848,-0.03638479858636856
17.5,67.5,13602255.0,0.0,0.03718834,-0.0371883399784565
17.5,68.5,13602255.0,0.0,0.036469273,-0.03646927326917648
17.5,69.5,13602255.0,0.0,0.03496339,-0.03496339172124863
17.5,70.5,13602255.0,0.0,0.045610905,-0.045610904693603516
17.5,71.5,13602255.0,0.0,0.08759664,-0.08759663999080658
17.5,72.5,13602255.0,0.0,0.04446431,-0.04446430876851082
17.5,73.5,13602255.0,0.0,0.049704447,-0.04970444738864899
17.5,74.5,13602255.0,0.0,0.04990743,-0.04990743100643158
17.5,75.5,13602255.0,0.0,0.05072217,-0.05072217062115669
17.5,76.5,13602255.0,0.0,0.051572163,-0.05157216265797615
17.5,77.5,13602255.0,0.0,0.07496798,-0.07496798038482666
17.5,78.5,13602255.0,0.0,0.10497893,-0.10497892647981644
17.5,79.5,13602255.0,0.0,0.02187191,-0.021871909499168396
17.5,80.5,13602255.0,0.0,0.021137845,-0.021137844771146774
17.5,81.5,13602255.0,0.0,0.1016972,-0.10169719904661179
17.5,82.5,13602255.0,0.0,0.21791986,-0.21791985630989075
17.5,83.5,13602255.0,0.0,-0.0072615924,0.0072615924291312695
17.5,84.5,13602255.0,0.0,-0.0052617565,0.005261756479740143
17.5,85.5,13602255.0,0.0,0.043714155,-0.04371415451169014
17.5,86.5,13602255.0,0.0,0.066054486,-0.06605448573827744
17.5,87.5,13602255.0,0.0,0.095153704,-0.09515370428562164
17.5,88.5,13602255.0,0.0,0.21818975,-0.21818974614143372
17.5,89.5,13602255.0,0.0,0.09106116,-0.09106115996837616
17.5,90.5,13602255.0,0.0,-0.086730525,0.08673052489757538
17.5,91.5,13602255.0,0.0,-0.04075859,0.04075859114527702
17.5,92.5,13602255.0,0.0,0.10223435,-0.10223434865474701
17.5,93.5,13602255.0,0.0,0.13047214,-0.13047213852405548
17.5,94.5,13602255.0,0.0,0.008324037,-0.008324037306010723
17.5,95.5,13602255.0,0.0,0.13316242,-0.13316242396831512
17.5,96.5,13602255.0,0.0,0.054520182,-0.05452018231153488
17.5,97.5,13602255.0,0.0,0.009964551,-0.009964550845324993
17.5,98.5,13602255.0,0.0,0.0781032,-0.0781031996011734
17.5,99.5,13602255.0,0.0,0.16086659,-0.16086658835411072
17.5,100.5,13602255.0,0.0,0.05860174,-0.0586017407476902
17.5,101.5,13602255.0,0.0,-0.040607043,0.040607042610645294
17.5,102.5,13602255.0,0.0,0.076914854,-0.07691485434770584
17.5,103.5,13602255.0,0.0,0.08473964,-0.08473964035511017
17.5,104.5,13602255.0,0.0,0.1930962,-0.19309620559215546
17.5,105.5,13602255.0,0.0,0.22227573,-0.2222757339477539
17.5,106.5,13602255.0,0.0,0.28781044,-0.28781044483184814
17.5,107.5,13602255.0,0.03175079,0.20235169,-0.17060089933868408
17.5,108.5,13602255.0,0.81670696,1.123355,-0.3066480710134888
17.5,109.5,13602255.0,4.5773687,3.2783787,1.2989899749481202
17.5,110.5,13602255.0,7.8673086,4.454749,3.4125594926391605
17.5,111.5,13602255.0,8.959142,6.65945,2.2996919458312988
17.5,112.5,13602255.0,8.55069,8.038321,0.5123694586181635
17.5,113.5,13602255.0,8.347889,8.543026,-0.19513697045898404
17.5,114.5,13602255.0,8.800654,8.610008,0.190645760253906
17.5,115.5,13602255.0,8.987563,8.700209,0.28735433605957006
17.5,116.5,13602255.0,9.0,8.572921,0.4270792007446289
17.5,117.5,13602255.0,9.0,8.658744,0.34125614166259766
17.5,118.5,13602255.0,8.3940935,8.130305,0.26378820977783235
17.5,119.5,13602255.0,5.166217,7.3334594,-2.1672423772888187
17.5,120.5,13602255.0,0.0,0.23825657,-0.238256573677063
16.5,30.5,13602255.0,0.0,-0.061714258,0.061714258044958115
16.5,31.5,13602255.0,0.0,0.011165715,-0.01116571482270956
16.5,32.5,13602255.0,0.0,0.052141152,-0.05214115232229233
16.5,33.5,13602255.0,0.0,0.100861184,-0.10086118429899216
16.5,34.5,13602255.0,0.0,0.051494997,-0.05149499699473381
16.5,35.5,13602255.0,0.0,0.006787001,-0.00678700115531683
16.5,36.5,13602255.0,0.0,0.011419768,-0.011419768445193768
16.5,37.5,13602255.0,0.0,-0.018009853,0.01800985261797905
16.5,38.5,13602255.0,0.0,-0.04341307,0.04341306909918785
16.5,39.5,13602255.0,0.0,-0.046013173,0.04601317271590233
16.5,40.5,13602255.0,0.0,-0.03976921,0.039769209921360016
16.5,41.5,13602255.0,0.0,-0.05668404,0.056684039533138275
16.5,42.5,13602255.0,0.0,-0.056098938,0.05609893798828125
16.5,43.5,13602255.0,0.0,-0.057255447,0.057255446910858154
16.5,44.5,13602255.0,0.0,-0.04561894,0.0456189401447773
16.5,45.5,13602255.0,0.0,-0.014804589,0.014804588630795479
16.5,46.5,13602255.0,0.0,0.061138336,-0.0611383356153965
16.5,47.5,13602255.0,0.0,0.086564675,-0.08656467497348785
16.5,48.5,13602255.0,0.0,0.08421506,-0.08421505987644196
16.5,49.5,13602255.0,0.0,0.0007292791,-0.0007292791269719601
16.5,50.5,13602255.0,0.0,0.0024969564,-0.002496956381946802
16.5,51.5,13602255.0,0.0,-0.01831708,0.018317079171538353
16.5,52.5,13602255.0,0.0,-0.01831708,0.018317079171538353
16.5,53.5,13602255.0,0.0,-0.01714363,0.017143629491329193
16.5,54.5,13602255.0,0.0,-0.01603436,0.016034359112381935
16.5,55.5,13602255.0,0.0,-0.021222135,0.021222135052084923
16.5,56.5,13602255.0,0.0,-0.022019252,0.02201925218105316
16.5,57.5,13602255.0,0.0,-0.022019252,0.02201925218105316
16.5,58.5,13602255.0,0.0,-0.022019252,0.02201925218105316
16.5,59.5,13602255.0,0.0,-0.021551503,0.021551502868533134
16.5,60.5,13602255.0,0.0,-0.022513969,0.022513968870043755
16.5,61.5,13602255.0,0.0,-0.022513969,0.022513968870043755
16.5,62.5,13602255.0,0.0,-0.022513969,0.022513968870043755
16.5,63.5,13602255.0,0.0,-0.022513969,0.022513968870043755
16.5,64.5,13602255.0,0.0,-0.021932634,0.021932633593678474
16.5,65.5,13602255.0,0.0,-0.021932634,0.021932633593678474
16.5,66.5,13602255.0,0.0,-0.018933076,0.018933076411485672
16.5,67.5,13602255.0,0.0,-0.018129524,0.01812952384352684
16.5,68.5,13602255.0,0.0,-0.018848592,0.018848592415452003
16.5,69.5,13602255.0,0.0,-0.020354468,0.020354468375444412
16.5,70.5,13602255.0,0.0,-0.009706945,0.009706945158541203
16.5,71.5,13602255.0,0.0,0.03227874,-0.03227873891592026
16.5,72.5,13602255.0,0.0,-0.010853532,0.010853531770408154
16.5,73.5,13602255.0,0.0,-0.0056133945,0.005613394547253847
16.5,74.5,13602255.0,0.0,-0.005410405,0.005410404875874519
16.5,75.5,13602255.0,0.0,-0.0045956466,0.004595646634697914
16.5,76.5,13602255.0,0.0,-0.0037456593,0.003745659254491329
16.5,77.5,13602255.0,0.0,0.023963379,-0.023963378742337227
16.5,78.5,13602255.0,0.0,0.053974234,-0.05397423356771469
16.5,79.5,13602255.0,0.0,-0.029132651,0.029132651165127754
16.5,80.5,13602255.0,0.0,-0.029866705,0.02986670471727848
16.5,81.5,13602255.0,0.0,0.049626403,-0.04962640255689621
16.5,82.5,13602255.0,0.0,0.16584916,-0.16584916412830353
16.5,83.5,13602255.0,0.0,-0.059332334,0.059332333505153656
16.5,84.5,13602255.0,0.0,-0.05733252,0.05733251944184303
16.5,85.5,13602255.0,0.0,-0.00835655,0.00835654977709055
16.5,86.5,13602255.0,0.0,0.01075388,-0.010753880254924297
16.5,87.5,13602255.0,0.0,0.039852872,-0.039852872490882874
16.5,88.5,13602255.0,0.0,0.16288923,-0.16288922727108002
16.5,89.5,13602255.0,0.0,0.03576045,-0.03576045110821724
16.5,90.5,13602255.0,0.0,-0.14203112,0.14203111827373505
16.5,91.5,13602255.0,0.0,-0.096059255,0.09605925530195236
16.5,92.5,13602255.0,0.0,0.046933472,-0.04693347215652466
16.5,93.5,13602255.0,0.0,0.075171374,-0.07517137378454208
16.5,94.5,13602255.0,0.0,-0.04697658,0.04697658121585846
16.5,95.5,13602255.0,0.0,0.07786167,-0.07786166667938232
16.5,96.5,13602255.0,0.0,-0.0007805957,0.0007805956993252039
16.5,97.5,13602255.0,0.0,-0.045336064,0.04533606395125389
16.5,98.5,13602255.0,0.0,0.022802489,-0.02280248887836933
16.5,99.5,13602255.0,0.0,0.10556591,-0.10556591302156448
16.5,100.5,13602255.0,0.0,0.003301139,-0.0033011389896273613
16.5,101.5,13602255.0,0.0,-0.095907666,0.09590766578912735
16.5,102.5,13602255.0,0.0,0.005973812,-0.0059738121926784515
16.5,103.5,13602255.0,0.0,0.0142557295,-0.014255729503929615
16.5,104.5,13602255.0,0.0,0.119386494,-0.11938649415969849
16.5,105.5,13602255.0,0.0,0.14856592,-0.14856591820716858
16.5,106.5,13602255.0,0.0,0.21410058,-0.21410058438777924
16.5,107.5,13602255.0,0.0,0.12864189,-0.12864188849925995
16.5,108.5,13602255.0,0.39083594,1.0129204,-0.6220844396386719
16.5,109.5,13602255.0,3.1789582,3.1679437,0.01101448395080551
16.5,110.5,13602255.0,6.1740923,4.2964935,1.8775987697265624
16.5,111.5,13602255.0,5.994399,6.1993394,-0.2049403898010258
16.5,112.5,13602255.0,4.8231635,7.4815183,-2.6583547685852054
16.5,113.5,13602255.0,6.5180244,8.128233,-1.6102085559326174
16.5,114.5,13602255.0,7.8508506,8.325558,-0.47470710874023414
16.5,115.5,13602255.0,8.683578,8.452447,0.23113106243896553
16.5,116.5,13602255.0,8.933247,8.299904,0.6333431303710935
16.5,117.5,13602255.0,8.928975,8.359256,0.5697192092895502
16.5,118.5,13602255.0,7.1319003,7.709427,-0.5775265798828126
16.5,119.5,13602255.0,5.7610035,7.3928213,-1.6318178119506834
16.5,120.5,13602255.0,0.0,0.27052912,-0.2705291211605072
15.5,30.5,13602255.0,0.0,-0.11780293,0.1178029328584671
15.5,31.5,13602255.0,0.0,-0.044922967,0.04492296651005745
15.5,32.5,13602255.0,0.0,-0.00394771,0.0039477101527154446
15.5,33.5,13602255.0,0.0,0.044772476,-0.04477247595787048
15.5,34.5,13602255.0,0.0,-0.004593809,0.004593809135258198
15.5,35.5,13602255.0,0.0,-0.0466836,0.046683598309755325
15.5,36.5,13602255.0,0.0,-0.04144709,0.04144709184765816
15.5,37.5,13602255.0,0.0,-0.07087682,0.0708768218755722
15.5,38.5,13602255.0,0.0,-0.09628005,0.0962800532579422
15.5,39.5,13602255.0,0.0,-0.09888016,0.09888015687465668
15.5,40.5,13602255.0,0.0,-0.09263616,0.09263616055250168
15.5,41.5,13602255.0,0.0,-0.109551005,0.10955100506544113
15.5,42.5,13602255.0,0.0,-0.10896591,0.1089659109711647
15.5,43.5,13602255.0,0.0,-0.11012242,0.11012241989374161
15.5,44.5,13602255.0,0.0,-0.09848591,0.09848590940237045
15.5,45.5,13602255.0,0.0,-0.067671485,0.06767148524522781
15.5,46.5,13602255.0,0.0,0.008271421,-0.008271421305835247
15.5,47.5,13602255.0,0.0,0.033697702,-0.0336977019906044
15.5,48.5,13602255.0,0.0,0.03134803,-0.031348031014204025
15.5,49.5,13602255.0,0.0,-0.052137688,0.05213768780231476
15.5,50.5,13602255.0,0.0,-0.050369993,0.050369992852211
15.5,51.5,13602255.0,0.0,-0.071183994,0.07118399441242218
15.5,52.5,13602255.0,0.0,-0.071183994,0.07118399441242218
15.5,53.5,13602255.0,0.0,-0.07001053,0.07001052796840668
15.5,54.5,13602255.0,0.0,-0.068901256,0.06890125572681427
15.5,55.5,13602255.0,0.0,-0.07408903,0.07408902794122696
15.5,56.5,13602255.0,0.0,-0.07488615,0.07488615065813065
15.5,57.5,13602255.0,0.0,-0.07488615,0.07488615065813065
15.5,58.5,13602255.0,0.0,-0.07488615,0.07488615065813065
15.5,59.5,13602255.0,0.0,-0.0744184,0.07441840320825577
15.5,60.5,13602255.0,0.0,-0.07538088,0.07538087666034698
15.5,61.5,13602255.0,0.0,-0.07538088,0.07538087666034698
15.5,62.5,13602255.0,0.0,-0.07538088,0.07538087666034698
15.5,63.5,13602255.0,0.0,-0.07538088,0.07538087666034698
15.5,64.5,13602255.0,0.0,-0.07479954,0.0747995376586914
15.5,65.5,13602255.0,0.0,-0.07479954,0.0747995376586914
15.5,66.5,13602255.0,0.0,-0.07179997,0.07179997116327286
15.5,67.5,13602255.0,0.0,-0.070996426,0.07099642604589462
15.5,68.5,13602255.0,0.0,-0.0717155,0.07171549648046494
15.5,69.5,13602255.0,0.0,-0.07322136,0.0732213631272316
15.5,70.5,13602255.0,0.0,-0.062573865,0.0625738650560379
15.5,71.5,13602255.0,0.0,-0.02058816,0.020588159561157227
15.5,72.5,13602255.0,0.0,-0.06372046,0.0637204572558403
15.5,73.5,13602255.0,0.0,-0.05848032,0.05848031863570213
15.5,74.5,13602255.0,0.0,-0.058277335,0.05827733501791954
15.5,75.5,13602255.0,0.0,-0.057462573,0.05746257305145264
15.5,76.5,13602255.0,0.0,-0.056612603,0.05661260336637497
15.5,77.5,13602255.0,0.0,-0.025273334,0.025273334234952927
15.5,78.5,13602255.0,0.0,0.0047374764,-0.004737476352602243
15.5,79.5,13602255.0,0.0,-0.07836943,0.07836943119764328
15.5,80.5,13602255.0,0.0,-0.07910347,0.07910346984863281
15.5,81.5,13602255.0,0.0,-0.0072428384,0.0072428383864462376
15.5,82.5,13602255.0,0.0,0.10897969,-0.10897968709468842
15.5,83.5,13602255.0,0.0,-0.12088052,0.12088052183389664
15.5,84.5,13602255.0,0.0,-0.118880674,0.11888067424297333
15.5,85.5,13602255.0,0.0,-0.07367335,0.07367335259914398
15.5,86.5,13602255.0,0.0,-0.069794625,0.06979462504386902
15.5,87.5,13602255.0,0.0,-0.021186376,0.021186375990509987
15.5,88.5,13602255.0,0.0,0.10184972,-0.10184971988201141
15.5,89.5,13602255.0,0.0,-0.038361005,0.03836100548505783
15.5,90.5,13602255.0,0.0,-0.21615243,0.21615242958068848
15.5,91.5,13602255.0,0.0,-0.17018056,0.1701805591583252
15.5,92.5,13602255.0,0.0,-0.027187904,0.027187904343008995
15.5,93.5,13602255.0,0.0,0.0010498493,-0.0010498493211343884
15.5,94.5,13602255.0,0.0,-0.121098116,0.1210981160402298
15.5,95.5,13602255.0,0.0013026318,0.0037399717,-0.002437339867528153
15.5,96.5,13602255.0,0.016310435,-0.07490205,0.09121248519712448
15.5,97.5,13602255.0,0.0021467342,-0.119457595,0.12160432925033493
15.5,98.5,13602255.0,0.0,-0.051319033,0.05131903290748596
15.5,99.5,13602255.0,0.0,0.031444363,-0.03144436329603195
15.5,100.5,13602255.0,0.0,-0.07082042,0.07082042098045349
15.5,101.5,13602255.0,0.0,-0.16539598,0.16539597511291504
15.5,102.5,13602255.0,0.0,-0.06020468,0.060204681009054184
15.5,103.5,13602255.0,0.0,-0.01477253,0.01477252971380949
15.5,104.5,13602255.0,0.004791078,0.26119605,-0.2564049690676422
15.5,105.5,13602255.0,0.042272743,0.30864874,-0.2663759922848053
15.5,106.5,13602255.0,0.0061390973,0.37418362,-0.36804452768283386
15.5,107.5,13602255.0,0.0,0.22177023,-0.22177022695541382
15.5,108.5,13602255.0,0.00023179073,0.65726966,-0.6570378659281726
15.5,109.5,13602255.0,0.13025452,1.6243027,-1.4940482248654174
15.5,110.5,13602255.0,0.646017,1.9150665,-1.2690494806365966
15.5,111.5,13602255.0,2.3368092,3.2246337,-0.8878244936950686
15.5,112.5,13602255.0,5.54508,5.1622553,0.3828247128295894
15.5,113.5,13602255.0,7.4705234,6.106119,1.3644042441162112
15.5,114.5,13602255.0,7.4597025,6.303445,1.156257637634277
15.5,115.5,13602255.0,7.986613,6.316042,1.6705710535888674
15.5,116.5,13602255.0,6.43179,5.488828,0.9429618177795414
15.5,117.5,13602255.0,4.432783,5.224644,-0.7918611841125491
15.5,118.5,13602255.0,2.284898,4.613221,-2.3283231685180663
15.5,119.5,13602255.0,4.424562,4.4799237,-0.055361725128173944
15.5,120.5,13602255.0,0.0,0.4035821,-0.4035820960998535
14.5,30.5,13602255.0,0.0,-0.07056295,0.0705629512667656
14.5,31.5,13602255.0,0.0,0.0023170586,-0.0023170586209744215
14.5,32.5,13602255.0,0.0,0.04329219,-0.04329219087958336
14.5,33.5,13602255.0,0.0,0.09201239,-0.09201239049434662
14.5,34.5,13602255.0,0.0,0.04264608,-0.04264608025550842
14.5,35.5,13602255.0,0.0,0.00055637595,-0.0005563759477809072
14.5,36.5,13602255.0,0.0,0.005792871,-0.005792871117591858
14.5,37.5,13602255.0,0.0,-0.023636801,0.023636801168322563
14.5,38.5,13602255.0,0.0,-0.049040012,0.04904001206159592
14.5,39.5,13602255.0,0.0,-0.05164011,0.0516401082277298
14.5,40.5,13602255.0,0.0,-0.045396127,0.04539612680673599
14.5,41.5,13602255.0,0.0,-0.062310975,0.062310975044965744
14.5,42.5,13602255.0,0.0,-0.061725877,0.06172587722539902
14.5,43.5,13602255.0,0.0,-0.06288238,0.06288237869739532
14.5,44.5,13602255.0,0.0,-0.05124587,0.05124586820602417
14.5,45.5,13602255.0,0.0,-0.020431513,0.020431512966752052
14.5,46.5,13602255.0,0.0,0.055511367,-0.055511366575956345
14.5,47.5,13602255.0,0.0,0.0809377,-0.0809376984834671
14.5,48.5,13602255.0,0.0,0.07858805,-0.07858805358409882
14.5,49.5,13602255.0,0.0,-0.0048976783,0.004897678270936012
14.5,50.5,13602255.0,0.0,-0.003130027,0.0031300270929932594
14.5,51.5,13602255.0,0.0,-0.023943992,0.02394399233162403
14.5,52.5,13602255.0,0.0,-0.023943992,0.02394399233162403
14.5,53.5,13602255.0,0.0,-0.022770543,0.02277054265141487
14.5,54.5,13602255.0,0.0,-0.021661274,0.021661274135112762
14.5,55.5,13602255.0,0.0,-0.026849056,0.026849055662751198
14.5,56.5,13602255.0,0.0,-0.027646175,0.027646174654364586
14.5,57.5,13602255.0,0.0,-0.027646175,0.027646174654364586
14.5,58.5,13602255.0,0.0,-0.027646175,0.027646174654364586
14.5,59.5,13602255.0,0.0,-0.027178423,0.02717842347919941
14.5,60.5,13602255.0,0.0,-0.028140893,0.028140893206000328
14.5,61.5,13602255.0,0.0,-0.028140893,0.028140893206000328
14.5,62.5,13602255.0,0.0,-0.028140893,0.028140893206000328
14.5,63.5,13602255.0,0.0,-0.028140893,0.028140893206000328
14.5,64.5,13602255.0,0.0,-0.027559554,0.02755955420434475
14.5,65.5,13602255.0,0.0,-0.027559554,0.02755955420434475
14.5,66.5,13602255.0,0.0,-0.024559988,0.0245599877089262
14.5,67.5,13602255.0,0.0,-0.023756435,0.02375643514096737
14.5,68.5,13602255.0,0.0,-0.024475506,0.02447550557553768
14.5,69.5,13602255.0,0.0,-0.025429925,0.025429924950003624
14.5,70.5,13602255.0,0.0,-0.014782411,0.01478241104632616
14.5,71.5,13602255.0,0.0,0.027203264,-0.027203263714909554
14.5,72.5,13602255.0,0.0,-0.01592904,0.01592903956770897
14.5,73.5,13602255.0,0.0,-0.010688903,0.01068890281021595
14.5,74.5,13602255.0,0.0,-0.010485915,0.010485914535820484
14.5,75.5,13602255.0,0.0,-0.009671137,0.009671136736869812
14.5,76.5,13602255.0,0.0,-0.008821174,0.008821173571050167
14.5,77.5,13602255.0,0.0,0.020867687,-0.020867686718702316
14.5,78.5,13602255.0,0.0,0.050018832,-0.050018832087516785
14.5,79.5,13602255.0,0.0118257,-0.0330881,0.04491379921145439
14.5,80.5,13602255.0,0.040018626,-0.033822127,0.07384075268657303
14.5,81.5,13602255.0,0.0,0.050716583,-0.050716582685709
14.5,82.5,13602255.0,0.0,0.16693942,-0.16693942248821259
14.5,83.5,13602255.0,0.0,-0.06292109,0.06292109191417694
14.5,84.5,13602255.0,0.043241624,-0.060921263,0.10416288694970513
14.5,85.5,13602255.0,0.03529287,0.011251107,0.024041763141746518
14.5,86.5,13602255.0,0.0,0.03226543,-0.03226542845368385
14.5,87.5,13602255.0,0.0,0.08087358,-0.08087357878684998
14.5,88.5,13602255.0,0.0,0.18900226,-0.18900226056575775
14.5,89.5,13602255.0,0.0,0.04879148,-0.04879147931933403
14.5,90.5,13602255.0,0.0,-0.129,0.1289999932050705
14.5,91.5,13602255.0,0.0,-0.083028115,0.08302811533212662
14.5,92.5,13602255.0,0.0,0.064290315,-0.06429031491279602
14.5,93.5,13602255.0,0.0,0.09252813,-0.09252812713384628
14.5,94.5,13602255.0,0.0,-0.02961975,0.029619749635457993
14.5,95.5,13602255.0,0.0069896122,0.09521839,-0.08822877802636414
14.5,96.5,13602255.0,0.0448913,0.016576244,0.0283150564355135
14.5,97.5,13602255.0,0.0021226136,-0.027979294,0.03010190743814335
14.5,98.5,13602255.0,0.0,0.04015927,-0.04015927016735077
14.5,99.5,13602255.0,0.0,0.12292267,-0.12292266637086868
14.5,100.5,13602255.0,0.0,0.026057111,-0.026057111099362373
14.5,101.5,13602255.0,0.0,-0.06851852,0.06851851940155029
14.5,102.5,13602255.0,0.0,0.1586543,-0.15865430235862732
14.5,103.5,13602255.0,0.0,0.3198473,-0.3198472857475281
14.5,104.5,13602255.0,0.5086302,0.6334408,-0.12481059256057736
14.5,105.5,13602255.0,3.795557,1.551504,2.2440529840774537
14.5,106.5,13602255.0,3.9062333,2.1133008,1.7929324996765135
14.5,107.5,13602255.0,2.015063,1.5121461,0.5029168846969605
14.5,108.5,13602255.0,0.1987143,0.76459026,-0.5658759633666992
14.5,109.5,13602255.0,0.0,0.8370591,-0.8370590806007385
14.5,110.5,13602255.0,0.066281974,0.90836155,-0.842079580145813
14.5,111.5,13602255.0,0.37926263,2.0174608,-1.638198193059082
14.5,112.5,13602255.0,2.0799708,2.752617,-0.6726460823242189
14.5,113.5,13602255.0,3.9759362,3.5140803,0.46185591397399905
14.5,114.5,13602255.0,5.1071243,3.6046083,1.5025160026519773
14.5,115.5,13602255.0,4.4543996,3.6052604,0.8491392278381351
14.5,116.5,13602255.0,0.696093,2.502053,-1.8059600223846437
14.5,117.5,13602255.0,0.2760653,2.7235937,-2.4475284118530274
14.5,118.5,13602255.0,2.2545493,2.323719,-0.06916972465820326
14.5,119.5,13602255.0,2.2582428,2.1360605,0.12218232369689952
14.5,120.5,13602255.0,0.0,0.5925818,-0.5925818085670471
13.5,30.5,13602255.0,0.0,-0.015053642,0.015053641982376575
13.5,31.5,13602255.0,0.0,0.057826314,-0.057826314121484756
13.5,32.5,13602255.0,0.0,0.09880168,-0.09880167990922928
13.5,33.5,13602255.0,0.0,0.14752172,-0.1475217193365097
13.5,34.5,13602255.0,0.0,0.09717919,-0.09717918932437897
13.5,35.5,13602255.0,0.0,0.05508941,-0.05508941039443016
13.5,36.5,13602255.0,0.0,0.07030549,-0.0703054890036583
13.5,37.5,13602255.0,0.0,0.04087575,-0.04087575152516365
13.5,38.5,13602255.0,0.0,0.015472567,-0.015472566708922386
13.5,39.5,13602255.0,0.0,0.012872474,-0.012872474268078804
13.5,40.5,13602255.0,0.0,0.019116454,-0.01911645382642746
13.5,41.5,13602255.0,0.0,0.0022016028,-0.0022016027942299843
13.5,42.5,13602255.0,0.0,0.0027867053,-0.002786705270409584
13.5,43.5,13602255.0,0.0,0.0016301953,-0.0016301953000947833
13.5,44.5,13602255.0,0.0,0.0132666975,-0.013266697525978088
13.5,45.5,13602255.0,0.0,0.044081055,-0.044081054627895355
13.5,46.5,13602255.0,0.0,0.120023936,-0.1200239360332489
13.5,47.5,13602255.0,0.0,0.1454502,-0.14545020461082458
13.5,48.5,13602255.0,0.0,0.14310062,-0.14310061931610107
13.5,49.5,13602255.0,0.0,0.059614856,-0.05961485579609871
13.5,50.5,13602255.0,0.0,0.06138253,-0.06138252839446068
13.5,51.5,13602255.0,0.0,0.040568523,-0.0405685231089592
13.5,52.5,13602255.0,0.0,0.040568523,-0.0405685231089592
13.5,53.5,13602255.0,0.0,0.04174197,-0.04174197092652321
13.5,54.5,13602255.0,0.0,0.04285124,-0.04285123944282532
13.5,55.5,13602255.0,0.0,0.03766346,-0.03766345977783203
13.5,56.5,13602255.0,0.0,0.03686634,-0.03686634078621864
13.5,57.5,13602255.0,0.0,0.03686634,-0.03686634078621864
13.5,58.5,13602255.0,0.0,0.03686634,-0.03686634078621864
13.5,59.5,13602255.0,0.0,0.037334092,-0.03733409196138382
13.5,60.5,13602255.0,0.0,0.036371622,-0.0363716222345829
13.5,61.5,13602255.0,0.0,0.036371622,-0.0363716222345829
13.5,62.5,13602255.0,0.0,0.036371622,-0.0363716222345829
13.5,63.5,13602255.0,0.0,0.036371622,-0.0363716222345829
13.5,64.5,13602255.0,0.0,0.03695296,-0.03695296123623848
13.5,65.5,13602255.0,0.0,0.03695296,-0.03695296123623848
13.5,66.5,13602255.0,0.0,0.03995252,-0.03995252028107643
13.5,67.5,13602255.0,0.0,0.04075607,-0.040756069123744965
13.5,68.5,13602255.0,0.0,0.040037006,-0.04003700613975525
13.5,69.5,13602255.0,0.0,0.03908258,-0.03908257931470871
13.5,70.5,13602255.0,0.0,0.04973011,-0.04973011091351509
13.5,71.5,13602255.0,0.0,0.10019245,-0.10019244998693466
13.5,72.5,13602255.0,0.0,0.05706013,-0.057060129940509796
13.5,73.5,13602255.0,0.0,0.062300276,-0.06230027601122856
13.5,74.5,13602255.0,0.0,0.07299907,-0.07299906760454178
13.5,75.5,13602255.0,0.0,0.073813826,-0.07381382584571838
13.5,76.5,13602255.0,0.0,0.06491499,-0.06491498649120331
13.5,77.5,13602255.0,0.0,0.106368706,-0.10636870563030243
13.5,78.5,13602255.0,0.0,0.13551988,-0.135519877076149
13.5,79.5,13602255.0,0.015380863,0.05241296,-0.037032097678339
13.5,80.5,13602255.0,0.049549326,0.051678915,-0.0021295885767688774
13.5,81.5,13602255.0,0.018020935,0.15946004,-0.14143910294670106
13.5,82.5,13602255.0,0.0039272737,0.2828646,-0.27893732671999816
13.5,83.5,13602255.0,0.0,0.043902516,-0.04390251636505127
13.5,84.5,13602255.0,0.22244425,0.04590236,0.17654188976931573
13.5,85.5,13602255.0,0.23084669,0.19267464,0.03817205315917968
13.5,86.5,13602255.0,0.0,0.22195752,-0.2219575196504593
13.5,87.5,13602255.0,0.0,0.26134053,-0.26134052872657776
13.5,88.5,13602255.0,0.0,0.36946896,-0.36946895718574524
13.5,89.5,13602255.0,0.0,0.22925833,-0.22925832867622375
13.5,90.5,13602255.0,0.0,0.058251973,-0.05825197324156761
13.5,91.5,13602255.0,0.0,0.10422391,-0.10422390699386597
13.5,92.5,13602255.0,0.0,0.23097408,-0.23097407817840576
13.5,93.5,13602255.0,0.0,0.22095317,-0.22095316648483276
13.5,94.5,13602255.0,0.0,0.098805204,-0.09880520403385162
13.5,95.5,13602255.0,0.0,0.22364327,-0.22364327311515808
13.5,96.5,13602255.0,0.0,0.1183107,-0.11831069737672806
13.5,97.5,13602255.0,0.0,0.07375508,-0.07375507801771164
13.5,98.5,13602255.0,0.0,0.1406907,-0.14069069921970367
13.5,99.5,13602255.0,0.0,0.22638032,-0.22638031840324402
13.5,100.5,13602255.0,0.00014744027,0.118159406,-0.11801196561712693
13.5,101.5,13602255.0,0.0012839163,0.023583712,-0.022299795756279182
13.5,102.5,13602255.0,0.0,0.26135355,-0.2613535523414612
13.5,103.5,13602255.0,0.0,0.5033599,-0.5033599138259888
13.5,104.5,13602255.0,0.16030934,0.9288967,-0.7685873851777649
13.5,105.5,13602255.0,4.478107,2.0325453,2.445561671859741
13.5,106.5,13602255.0,8.70529,2.6612935,6.043996493377685
13.5,107.5,13602255.0,6.649405,1.766065,4.883339998512268
13.5,108.5,13602255.0,0.8617413,0.87619144,-0.01445013724441524
13.5,109.5,13602255.0,0.0,0.21764214,-0.217642143368721
13.5,110.5,13602255.0,0.0,0.3906766,-0.3906765878200531
13.5,111.5,13602255.0,0.016960673,0.8618388,-0.8448781445964355
13.5,112.5,13602255.0,0.26863346,1.0730021,-0.8043686399908447
13.5,113.5,13602255.0,0.5443455,1.1053305,-0.5609849672241211
13.5,114.5,13602255.0,0.71305895,1.1188148,-0.40575587601165775
13.5,115.5,13602255.0,0.50126547,1.1398739,-0.6386083922665405
13.5,116.5,13602255.0,0.14231215,1.1605712,-1.0182590675369263
13.5,117.5,13602255.0,1.4816897,1.4368216,0.044868120066833495
13.5,118.5,13602255.0,2.873199,1.3555847,1.5176142593612671
13.5,119.5,13602255.0,0.49590448,0.9821425,-0.48623802802993776
13.5,120.5,13602255.0,0.0,-0.041262437,0.041262436658144
12.5,30.5,13602255.0,0.0,-0.07708144,0.07708144187927246
12.5,31.5,13602255.0,0.0,-0.0042013708,0.004201370757073164
12.5,32.5,13602255.0,0.0,0.036773775,-0.03677377477288246
12.5,33.5,13602255.0,0.0,0.08549382,-0.08549381792545319
12.5,34.5,13602255.0,0.0,0.03515142,-0.035151418298482895
12.5,35.5,13602255.0,0.0,-0.0014171657,0.001417165738530457
12.5,36.5,13602255.0,0.0,0.01128486,-0.011284859851002693
12.5,37.5,13602255.0,0.0,-0.014889353,0.014889352954924107
12.5,38.5,13602255.0,0.0,-0.040292595,0.04029259458184242
12.5,39.5,13602255.0,0.0,-0.04289271,0.042892709374427795
12.5,40.5,13602255.0,0.0,-0.036648702,0.0366487018764019
12.5,41.5,13602255.0,0.0,-0.053563565,0.05356356501579285
12.5,42.5,13602255.0,0.0,-0.052978456,0.052978456020355225
12.5,43.5,13602255.0,0.0,-0.054134965,0.05413496494293213
12.5,44.5,13602255.0,0.0,-0.042498454,0.042498454451560974
12.5,45.5,13602255.0,0.0,-0.014294571,0.014294571243226528
12.5,46.5,13602255.0,0.0,0.06100345,-0.06100345030426979
12.5,47.5,13602255.0,0.0,0.08977769,-0.08977769315242767
12.5,48.5,13602255.0,0.0,0.08742806,-0.08742806315422058
12.5,49.5,13602255.0,0.0,0.00059428136,-0.0005942813586443663
12.5,50.5,13602255.0,0.0,0.0023618871,-0.0023618871346116066
12.5,51.5,13602255.0,0.0,-0.018452069,0.01845206879079342
12.5,52.5,13602255.0,0.0,-0.018452069,0.01845206879079342
12.5,53.5,13602255.0,0.0,-0.017278617,0.01727861724793911
12.5,54.5,13602255.0,0.0,-0.016169349,0.016169348731637
12.5,55.5,13602255.0,0.0,-0.021357136,0.021357135847210884
12.5,56.5,13602255.0,0.0,-0.022154251,0.022154251113533974
12.5,57.5,13602255.0,0.0,-0.022154251,0.022154251113533974
12.5,58.5,13602255.0,0.0,-0.022154251,0.022154251113533974
12.5,59.5,13602255.0,0.0,-0.021686504,0.021686503663659096
12.5,60.5,13602255.0,0.0,-0.022648973,0.022648973390460014
12.5,61.5,13602255.0,0.0,-0.022648973,0.022648973390460014
12.5,62.5,13602255.0,0.0,-0.022648973,0.022648973390460014
12.5,63.5,13602255.0,0.0,-0.022648973,0.022648973390460014
12.5,64.5,13602255.0,0.0,-0.022067634,0.022067634388804436
12.5,65.5,13602255.0,0.0,-0.022067634,0.022067634388804436
12.5,66.5,13602255.0,0.0,-0.019068068,0.019068067893385887
12.5,67.5,13602255.0,0.0,-0.018264519,0.018264519050717354
12.5,68.5,13602255.0,0.0,-0.01898359,0.018983589485287666
12.5,69.5,13602255.0,0.0,-0.019938005,0.01993800513446331
12.5,70.5,13602255.0,0.0,-0.012297653,0.012297652661800385
12.5,71.5,13602255.0,0.0,0.038164645,-0.0381646454334259
12.5,72.5,13602255.0,0.0,-0.004967661,0.0049676611088216305
12.5,73.5,13602255.0,0.0,0.0002724796,-0.00027247960679233074
12.5,74.5,13602255.0,0.0,0.010971272,-0.010971272364258766
12.5,75.5,13602255.0,0.0,0.011786025,-0.011786025017499924
12.5,76.5,13602255.0,0.0,0.0028871787,-0.0028871786780655384
12.5,77.5,13602255.0,0.0,0.04098276,-0.04098276048898697
12.5,78.5,13602255.0,0.0,0.070133954,-0.07013395428657532
12.5,79.5,13602255.0,0.0,-0.012972992,0.012972991913557053
12.5,80.5,13602255.0,0.0,-0.013707038,0.013707038015127182
12.5,81.5,13602255.0,0.044764124,0.120003864,-0.07523974016912079
12.5,82.5,13602255.0,0.009505222,0.24521506,-0.23570983632672118
12.5,83.5,13602255.0,0.0,0.0062530986,-0.006253098603338003
12.5,84.5,13602255.0,0.0043706754,0.008252933,-0.0038822572900839803
12.5,85.5,13602255.0,0.0049917274,0.12182483,-0.11683310337049255
12.5,86.5,13602255.0,0.0,0.1496049,-0.1496049016714096
12.5,87.5,13602255.0,0.0,0.18898804,-0.18898804485797882
12.5,88.5,13602255.0,0.0,0.2971164,-0.29711639881134033
12.5,89.5,13602255.0,0.0,0.15690584,-0.15690584480762482
12.5,90.5,13602255.0,0.0,-0.014100428,0.014100427739322186
12.5,91.5,13602255.0,0.0,0.03187146,-0.03187146037817001
12.5,92.5,13602255.0,0.0,0.15411943,-0.15411943197250366
12.5,93.5,13602255.0,0.0,0.14409861,-0.14409860968589783
12.5,94.5,13602255.0,0.0,0.021950578,-0.021950578317046165
12.5,95.5,13602255.0,0.0,0.14678879,-0.1467887908220291
12.5,96.5,13602255.0,0.0,0.009811733,-0.009811732918024063
12.5,97.5,13602255.0,0.0,-0.034743845,0.03474384546279907
12.5,98.5,13602255.0,0.0,0.032191794,-0.032191794365644455
12.5,99.5,13602255.0,0.0,0.11788137,-0.11788137257099152
12.5,100.5,13602255.0,0.022223372,0.017960029,0.004263343277117731
12.5,101.5,13602255.0,0.05341863,-0.08297456,0.13639319055879592
12.5,102.5,13602255.0,0.0,0.17509061,-0.17509061098098755
12.5,103.5,13602255.0,0.0,0.20576563,-0.20576563477516174
12.5,104.5,13602255.0,0.006850989,0.47100356,-0.4641525732119904
12.5,105.5,13602255.0,1.1333948,1.162916,-0.02952114505310055
12.5,106.5,13602255.0,3.4422529,1.8377379,1.6045149820999147
12.5,107.5,13602255.0,3.4196727,1.4152961,2.0043766222717285
12.5,108.5,13602255.0,0.99509984,0.5428471,0.45225274307998653
12.5,109.5,13602255.0,0.012603567,0.31524453,-0.30264095867100527
12.5,110.5,13602255.0,0.00463381,0.49887013,-0.4942363243536377
12.5,111.5,13602255.0,0.5531297,0.8311813,-0.278051587765503
12.5,112.5,13602255.0,1.1854181,0.70715183,0.4782662698036193
12.5,113.5,13602255.0,0.42337227,0.6419843,-0.2186120139241028
12.5,114.5,13602255.0,0.018853273,0.5781127,-0.5592594484431763
12.5,115.5,13602255.0,0.010594991,0.508447,-0.49785200044363404
12.5,116.5,13602255.0,0.34769067,0.61584896,-0.2681582884922791
12.5,117.5,13602255.0,1.8452471,0.856911,0.9883360964103698
12.5,118.5,13602255.0,1.0467334,0.7572238,0.28950961507644646
12.5,119.5,13602255.0,0.014032654,0.51886123,-0.5048285801880799
12.5,120.5,13602255.0,0.0,-0.343804,0.3438040018081665
11.5,30.5,13602255.0,0.0,-0.098024786,0.09802478551864624
11.5,31.5,13602255.0,0.0,-0.024216808,0.02421680837869644
11.5,32.5,13602255.0,0.0,0.020735003,-0.020735003054142
11.5,33.5,13602255.0,0.0,0.06945501,-0.06945501267910004
11.5,34.5,13602255.0,0.0,0.01838652,-0.018386520445346832
11.5,35.5,13602255.0,0.0,-0.03220357,0.03220357000827789
11.5,36.5,13602255.0,0.0,-0.025085678,0.025085678324103355
11.5,37.5,13602255.0,0.0,-0.048405126,0.04840512573719025
11.5,38.5,13602255.0,0.0,-0.073808275,0.07380827516317368
11.5,39.5,13602255.0,0.0,-0.07640838,0.07640837877988815
11.5,40.5,13602255.0,0.0,-0.0701644,0.07016439735889435
11.5,41.5,13602255.0,0.0,-0.08707927,0.08707927167415619
11.5,42.5,13602255.0,0.0,-0.08649416,0.08649416267871857
11.5,43.5,13602255.0,0.0,-0.08765063,0.08765062689781189
11.5,44.5,13602255.0,0.0,-0.076014176,0.07601417601108551
11.5,45.5,13602255.0,0.0,-0.047810324,0.04781032353639603
11.5,46.5,13602255.0,0.0,0.027487667,-0.02748766727745533
11.5,47.5,13602255.0,0.0,0.05626193,-0.056261930614709854
11.5,48.5,13602255.0,0.0,0.05708907,-0.05708907172083855
11.5,49.5,13602255.0,0.0,-0.029744692,0.029744692146778107
11.5,50.5,13602255.0,0.0,-0.027977113,0.0279771126806736
11.5,51.5,13602255.0,0.0,-0.048791073,0.0487910732626915
11.5,52.5,13602255.0,0.0,-0.048791073,0.0487910732626915
11.5,53.5,13602255.0,0.0,-0.04761762,0.04761762171983719
11.5,54.5,13602255.0,0.0,-0.046508353,0.04650835320353508
11.5,55.5,13602255.0,0.0,-0.05169612,0.05169612169265747
11.5,56.5,13602255.0,0.0,-0.052493244,0.05249324440956116
11.5,57.5,13602255.0,0.0,-0.052493244,0.05249324440956116
11.5,58.5,13602255.0,0.0,-0.052493244,0.05249324440956116
11.5,59.5,13602255.0,0.0,-0.052025482,0.052025482058525085
11.5,60.5,13602255.0,0.0,-0.052987956,0.0529879555106163
11.5,61.5,13602255.0,0.0,-0.052987956,0.0529879555106163
11.5,62.5,13602255.0,0.0,-0.052987956,0.0529879555106163
11.5,63.5,13602255.0,0.0,-0.052987956,0.0529879555106163
11.5,64.5,13602255.0,0.0,-0.052406617,0.052406616508960724
11.5,65.5,13602255.0,0.0,-0.052406617,0.052406616508960724
11.5,66.5,13602255.0,0.0,-0.049407072,0.049407072365283966
11.5,67.5,13602255.0,0.0,-0.048603512,0.04860351234674454
11.5,68.5,13602255.0,0.0,-0.04932258,0.04932257905602455
11.5,69.5,13602255.0,0.0,-0.050277006,0.05027700588107109
11.5,70.5,13602255.0,0.0,-0.04263664,0.04263664036989212
11.5,71.5,13602255.0,0.0,0.007825672,-0.007825671695172787
11.5,72.5,13602255.0,0.0,-0.035306655,0.0353066548705101
11.5,73.5,13602255.0,0.0,-0.030066516,0.030066516250371933
11.5,74.5,13602255.0,0.0,-0.007973612,0.007973612286150455
11.5,75.5,13602255.0,0.0,-0.0071588466,0.007158846594393253
11.5,76.5,13602255.0,0.0,-0.016057685,0.016057685017585754
11.5,77.5,13602255.0,0.0,0.018918304,-0.01891830377280712
11.5,78.5,13602255.0,0.0,0.0412043,-0.0412042997777462
11.5,79.5,13602255.0,0.0,-0.041902646,0.04190264642238617
11.5,80.5,13602255.0,0.0,-0.042636696,0.0426366962492466
11.5,81.5,13602255.0,0.0,0.1544318,-0.1544318050146103
11.5,82.5,13602255.0,0.0,0.2905889,-0.2905888855457306
11.5,83.5,13602255.0,0.0,0.025514709,-0.02551470883190632
11.5,84.5,13602255.0,0.0,0.027514542,-0.027514541521668434
11.5,85.5,13602255.0,0.0,0.22190829,-0.22190828621387482
11.5,86.5,13602255.0,0.0,0.23414272,-0.2341427206993103
11.5,87.5,13602255.0,0.0,0.2578923,-0.25789231061935425
11.5,88.5,13602255.0,0.0,0.37981057,-0.3798105716705322
11.5,89.5,13602255.0,0.0,0.17765273,-0.1776527315378189
11.5,90.5,13602255.0,0.0,0.006646449,-0.006646449211984873
11.5,91.5,13602255.0,0.0,0.052618306,-0.05261830613017082
11.5,92.5,13602255.0,0.0,0.14652784,-0.14652784168720245
11.5,93.5,13602255.0,0.0,0.13650699,-0.13650698959827423
11.5,94.5,13602255.0,0.0,0.014359021,-0.014359020628035069
11.5,95.5,13602255.0,0.0,0.13919722,-0.1391972154378891
11.5,96.5,13602255.0,0.0,-0.04157975,0.041579749435186386
11.5,97.5,13602255.0,0.0,-0.10235297,0.10235296934843063
11.5,98.5,13602255.0,0.0,-0.03541736,0.035417359322309494
11.5,99.5,13602255.0,0.0,0.050272226,-0.050272226333618164
11.5,100.5,13602255.0,0.0,-0.0861193,0.08611930161714554
11.5,101.5,13602255.0,0.0,-0.19168699,0.1916869878768921
11.5,102.5,13602255.0,0.005684871,-0.00962474,0.01530961110884762
11.5,103.5,13602255.0,0.0018474521,0.0075543127,-0.005706860602268362
11.5,104.5,13602255.0,0.045966234,0.19752656,-0.15156032523366547
11.5,105.5,13602255.0,0.6854718,0.62086797,0.06460383239440914
11.5,106.5,13602255.0,0.70765716,1.0251302,-0.31747299270233154
11.5,107.5,13602255.0,0.3114544,0.75375265,-0.4422982488304138
11.5,108.5,13602255.0,0.17875618,0.33348086,-0.1547246847632599
11.5,109.5,13602255.0,0.004243616,0.13629092,-0.13204730676096343
11.5,110.5,13602255.0,0.05622995,0.33569592,-0.27946597237472537
11.5,111.5,13602255.0,1.6709292,0.6198188,1.0511103933517456
11.5,112.5,13602255.0,1.3893558,0.4326191,0.9567367051513671
11.5,113.5,13602255.0,0.059193015,0.36577976,-0.3065867424996948
11.5,114.5,13602255.0,0.0016105265,0.2871815,-0.28557097012017824
11.5,115.5,13602255.0,0.04659398,0.21751523,-0.170921250178833
11.5,116.5,13602255.0,0.6493053,0.3430008,0.30630450058250425
11.5,117.5,13602255.0,1.1247087,0.584063,0.5406457064735413
11.5,118.5,13602255.0,0.19219157,0.44425607,-0.252064497276001
11.5,119.5,13602255.0,0.0,0.25973263,-0.2597326338291168
11.5,120.5,13602255.0,0.0,-0.36311296,0.3631129562854767
10.5,30.5,13602255.0,0.0,-0.10546872,0.10546872019767761
10.5,31.5,13602255.0,0.0,-0.031660754,0.03166075423359871
10.5,32.5,13602255.0,0.0,0.013291058,-0.013291058130562305
10.5,33.5,13602255.0,0.0,0.062011044,-0.06201104447245598
10.5,34.5,13602255.0,0.0,0.010942613,-0.010942612774670124
10.5,35.5,13602255.0,0.0,-0.039647512,0.03964751213788986
10.5,36.5,13602255.0,0.0,-0.03491884,0.03491884097456932
10.5,37.5,13602255.0,0.0,-0.058238268,0.05823826789855957
10.5,38.5,13602255.0,0.0,-0.08364145,0.08364144712686539
10.5,39.5,13602255.0,0.0,-0.086241566,0.08624156564474106
10.5,40.5,13602255.0,0.0,-0.07999757,0.07999756932258606
10.5,41.5,13602255.0,0.0,-0.09691237,0.09691236913204193
10.5,42.5,13602255.0,0.0,-0.096327275,0.0963272750377655
10.5,43.5,13602255.0,0.0,-0.0974838,0.0974837988615036
10.5,44.5,13602255.0,0.0,-0.08584733,0.08584733307361603
10.5,45.5,13602255.0,0.0,-0.05764348,0.057643480598926544
10.5,46.5,13602255.0,0.0,0.01765451,-0.017654510214924812
10.5,47.5,13602255.0,0.0,0.04642877,-0.04642876982688904
10.5,48.5,13602255.0,0.0,0.04725588,-0.04725588113069534
10.5,49.5,13602255.0,0.0,-0.039577883,0.03957788273692131
10.5,50.5,13602255.0,0.0,-0.03781027,0.03781026974320412
10.5,51.5,13602255.0,0.0,-0.058624253,0.058624252676963806
10.5,52.5,13602255.0,0.0,-0.058624253,0.058624252676963806
10.5,53.5,13602255.0,0.0,-0.05745081,0.057450808584690094
10.5,54.5,13602255.0,0.0,-0.056341533,0.05634153261780739
10.5,55.5,13602255.0,0.0,-0.06152928,0.06152927875518799
10.5,56.5,13602255.0,0.0,-0.0623264,0.062326401472091675
10.5,57.5,13602255.0,0.0,-0.0623264,0.062326401472091675
10.5,58.5,13602255.0,0.0,-0.0623264,0.062326401472091675
10.5,59.5,13602255.0,0.0,-0.061858654,0.0618586540222168
10.5,60.5,13602255.0,0.0,-0.06282113,0.06282112747430801
10.5,61.5,13602255.0,0.0,-0.06282113,0.06282112747430801
10.5,62.5,13602255.0,0.0,-0.06282113,0.06282112747430801
10.5,63.5,13602255.0,0.0,-0.06282113,0.06282112747430801
10.5,64.5,13602255.0,0.0,-0.06223979,0.062239788472652435
10.5,65.5,13602255.0,0.0,-0.06223979,0.062239788472652435
10.5,66.5,13602255.0,0.0,-0.059240226,0.059240225702524185
10.5,67.5,13602255.0,0.0,-0.058436684,0.05843668431043625
10.5,68.5,13602255.0,0.0,-0.059155744,0.059155743569135666
10.5,69.5,13602255.0,0.0,-0.060110148,0.060110148042440414
10.5,70.5,13602255.0,0.0,-0.052469786,0.05246978625655174
10.5,71.5,13602255.0,0.0,-0.0020075124,0.0020075123757123947
10.5,72.5,13602255.0,0.0,-0.04513983,0.04513983055949211
10.5,73.5,13602255.0,0.0,-0.03989967,0.03989966958761215
10.5,74.5,13602255.0,0.0,-0.017806778,0.017806777730584145
10.5,75.5,13602255.0,0.0,-0.016992021,0.01699202135205269
10.5,76.5,13602255.0,0.0,-0.025890863,0.025890862569212914
10.5,77.5,13602255.0,0.0,0.009085146,-0.009085145778954029
10.5,78.5,13602255.0,0.026608692,0.03137115,-0.00476245816579628
10.5,79.5,13602255.0,0.06865573,-0.051735815,0.12039154466078758
10.5,80.5,13602255.0,0.0008319122,-0.052469864,0.05330177668764801
10.5,81.5,13602255.0,0.00016134452,0.1875684,-0.18740705180987977
10.5,82.5,13602255.0,0.0,0.32372543,-0.3237254321575165
10.5,83.5,13602255.0,0.0,0.027996825,-0.02799682505428791
10.5,84.5,13602255.0,0.0,0.029996669,-0.02999666891992092
10.5,85.5,13602255.0,0.0,0.2833243,-0.28332430124282837
10.5,86.5,13602255.0,0.0,0.30307353,-0.303073525428772
10.5,87.5,13602255.0,0.0,0.28542513,-0.2854251265525818
10.5,88.5,13602255.0,0.0,0.4073434,-0.40734338760375977
10.5,89.5,13602255.0,0.0,0.17347275,-0.17347274720668793
10.5,90.5,13602255.0,0.0,-0.043785207,0.043785206973552704
10.5,91.5,13602255.0,0.0,0.002186695,-0.0021866951137781143
10.5,92.5,13602255.0,0.00021364984,0.15292616,-0.15271251204526154
10.5,93.5,13602255.0,0.0003257919,0.14290528,-0.14257948809401091
10.5,94.5,13602255.0,0.0,0.020757308,-0.02075730822980404
10.5,95.5,13602255.0,0.0,0.14559548,-0.1455954760313034
10.5,96.5,13602255.0,0.0,-0.035181414,0.03518141433596611
10.5,97.5,13602255.0,0.0,-0.09595467,0.09595467150211334
10.5,98.5,13602255.0,0.0,-0.02901907,0.02901907078921795
10.5,99.5,13602255.0,0.0,0.056670535,-0.05667053535580635
10.5,100.5,13602255.0,0.0,-0.08512023,0.08512023091316223
10.5,101.5,13602255.0,0.0,-0.20845363,0.20845362544059753
10.5,102.5,13602255.0,0.014771137,-0.01802566,0.032796797887360576
10.5,103.5,13602255.0,0.038066093,0.006611697,0.031454396089886906
10.5,104.5,13602255.0,0.117925696,0.19020349,-0.0722777918730774
10.5,105.5,13602255.0,1.2289304,0.5649359,0.6639944773773194
10.5,106.5,13602255.0,1.1871492,0.92409396,0.26305523828430166
10.5,107.5,13602255.0,0.91435874,0.69782066,0.2165380765478515
10.5,108.5,13602255.0,0.07356937,0.2775488,-0.20397941997802735
10.5,109.5,13602255.0,0.018871868,0.08035894,-0.06148706938269806
10.5,110.5,13602255.0,0.069392316,0.27472785,-0.20533553515242003
10.5,111.5,13602255.0,0.7273033,0.5232458,0.20405748853759764
10.5,112.5,13602255.0,0.34544912,0.33604613,0.009402990534896849
10.5,113.5,13602255.0,0.04386977,0.2692066,-0.22533684330223083
10.5,114.5,13602255.0,0.001851885,0.1906083,-0.18875640781806946
10.5,115.5,13602255.0,0.0,0.065639876,-0.06563987582921982
10.5,116.5,13602255.0,0.00097116287,0.15696871,-0.15599754993670167
10.5,117.5,13602255.0,0.00047999996,0.398031,-0.39755099636263186
10.5,118.5,13602255.0,0.0,0.32600254,-0.3260025382041931
10.5,119.5,13602255.0,0.0,0.1414788,-0.14147880673408508
10.5,120.5,13602255.0,0.0,-0.40324965,0.4032496511936188
9.5,30.5,13602255.0,0.0,-0.1270157,0.12701569497585297
9.5,31.5,13602255.0,0.0,-0.053207647,0.0532076470553875
9.5,32.5,13602255.0,0.0,-0.008255848,0.008255847729742527
9.5,33.5,13602255.0,0.0,0.040464163,-0.040464162826538086
9.5,34.5,13602255.0,0.0,-0.010604301,0.010604300536215305
9.5,35.5,13602255.0,0.0,-0.061194398,0.06119439750909805
9.5,36.5,13602255.0,0.0,-0.056465782,0.05646578222513199
9.5,37.5,13602255.0,0.0,-0.07978514,0.07978513836860657
9.5,38.5,13602255.0,0.0,-0.10518834,0.10518833994865417
9.5,39.5,13602255.0,0.0,-0.10778837,0.10778836905956268
9.5,40.5,13602255.0,0.0,-0.10154443,0.10154443234205246
9.5,41.5,13602255.0,0.0,-0.11845928,0.11845927685499191
9.5,42.5,13602255.0,0.0,-0.11787417,0.11787416785955429
9.5,43.5,13602255.0,0.0,-0.11903069,0.11903069168329239
9.5,44.5,13602255.0,0.0,-0.10739418,0.10739418119192123
9.5,45.5,13602255.0,0.0,-0.07919036,0.07919035851955414
9.5,46.5,13602255.0,0.0,-0.0038924082,0.0038924082182347775
9.5,47.5,13602255.0,0.0,0.024881879,-0.0248818788677454
9.5,48.5,13602255.0,0.0,0.025708983,-0.025708982720971107
9.5,49.5,13602255.0,0.0,-0.0611248,0.06112480163574219
9.5,50.5,13602255.0,0.0,-0.059357136,0.059357136487960815
9.5,51.5,13602255.0,0.0,-0.08017112,0.0801711231470108
9.5,52.5,13602255.0,0.0,-0.08017112,0.0801711231470108
9.5,53.5,13602255.0,0.0,-0.07899767,0.0789976716041565
9.5,54.5,13602255.0,0.0,-0.0778884,0.07788839936256409
9.5,55.5,13602255.0,0.0,-0.08307617,0.08307617157697678
9.5,56.5,13602255.0,0.0,-0.083873294,0.08387329429388046
9.5,57.5,13602255.0,0.0,-0.083873294,0.08387329429388046
9.5,58.5,13602255.0,0.0,-0.083873294,0.08387329429388046
9.5,59.5,13602255.0,0.0,-0.08340553,0.08340553194284439
9.5,60.5,13602255.0,0.0,-0.084368005,0.08436800539493561
9.5,61.5,13602255.0,0.0,-0.084368005,0.08436800539493561
9.5,62.5,13602255.0,0.0,-0.084368005,0.08436800539493561
9.5,63.5,13602255.0,0.0,-0.084368005,0.08436800539493561
9.5,64.5,13602255.0,0.0,-0.08378667,0.08378666639328003
9.5,65.5,13602255.0,0.0,-0.08378667,0.08378666639328003
9.5,66.5,13602255.0,0.0,-0.080787115,0.08078711479902267
9.5,67.5,13602255.0,0.0,-0.079983555,0.07998355478048325
9.5,68.5,13602255.0,0.0,-0.08070262,0.08070261776447296
9.5,69.5,13602255.0,0.0,-0.08165704,0.0816570371389389
9.5,70.5,13602255.0,0.0,-0.07401666,0.07401666045188904
9.5,71.5,13602255.0,0.0,-0.023554407,0.023554407060146332
9.5,72.5,13602255.0,0.0,-0.066686705,0.0666867047548294
9.5,73.5,13602255.0,0.0,-0.061446562,0.06144656240940094
9.5,74.5,13602255.0,0.060464177,-0.021197265,0.0816614420140524
9.5,75.5,13602255.0,0.15533826,-0.020382494,0.17572075373435975
9.5,76.5,13602255.0,0.0,-0.029281342,0.029281342402100563
9.5,77.5,13602255.0,0.0,-0.012934935,0.01293493527919054
9.5,78.5,13602255.0,0.08726808,0.00935107,0.07791700996102571
9.5,79.5,13602255.0,0.20644026,-0.07375591,0.2801961724827385
9.5,80.5,13602255.0,0.009540743,-0.07448996,0.08403070158430863
9.5,81.5,13602255.0,0.005767903,0.24572773,-0.23995982977759553
9.5,82.5,13602255.0,0.0009931035,0.3974741,-0.3964810066264954
9.5,83.5,13602255.0,0.0,0.101745635,-0.10174563527107239
9.5,84.5,13602255.0,0.004432313,0.10374548,-0.0993131698619957
9.5,85.5,13602255.0,0.29140872,0.40255675,-0.11114802719810485
9.5,86.5,13602255.0,0.03361353,0.4407876,-0.4071740833918762
9.5,87.5,13602255.0,0.023898287,0.3675479,-0.3436496124846344
9.5,88.5,13602255.0,0.19572203,0.48946622,-0.29374419014045716
9.5,89.5,13602255.0,0.0011844159,0.27558425,-0.27439983478855284
9.5,90.5,13602255.0,0.0045364173,0.058326196,-0.05378977862547417
9.5,91.5,13602255.0,0.0,0.10429816,-0.10429815948009491
9.5,92.5,13602255.0,0.09427639,0.25503746,-0.16076106675086976
9.5,93.5,13602255.0,0.22148094,0.24501663,-0.02353569446426393
9.5,94.5,13602255.0,0.0,0.09405547,-0.09405546635389328
9.5,95.5,13602255.0,0.0,0.21896258,-0.21896257996559143
9.5,96.5,13602255.0,0.0,0.0016346727,-0.001634672749787569
9.5,97.5,13602255.0,0.0,-0.08114095,0.08114095032215118
9.5,98.5,13602255.0,0.0,-0.029164748,0.029164748266339302
9.5,99.5,13602255.0,0.0,0.05652484,-0.056524839252233505
9.5,100.5,13602255.0,0.0,-0.085265964,0.08526596426963806
9.5,101.5,13602255.0,0.0,-0.20859939,0.20859938859939575
9.5,102.5,13602255.0,0.093756735,-0.01817139,0.1119281255185461
9.5,103.5,13602255.0,0.26114175,-0.0128787095,0.27402045947271586
9.5,104.5,13602255.0,0.05275822,0.13804887,-0.08529065235164643
9.5,105.5,13602255.0,0.21133846,0.43452013,-0.22318166538909912
9.5,106.5,13602255.0,0.26408592,0.7129501,-0.44886419043548587
9.5,107.5,13602255.0,0.07407644,0.48914024,-0.4150638023381805
9.5,108.5,13602255.0,0.017788228,0.17289835,-0.1551101241461487
9.5,109.5,13602255.0,0.08916785,-0.024291424,0.11345927408072949
9.5,110.5,13602255.0,0.03057135,0.17679372,-0.14622237429847718
9.5,111.5,13602255.0,0.0055967625,0.40569374,-0.40009697715263365
9.5,112.5,13602255.0,0.012214556,0.23786744,-0.22565288875364686
9.5,113.5,13602255.0,0.0,0.19293927,-0.19293926656246185
9.5,114.5,13602255.0,0.0,0.11434101,-0.11434101313352585
9.5,115.5,13602255.0,0.0,-0.057839543,0.057839542627334595
9.5,116.5,13602255.0,0.0,0.058745157,-0.05874515697360039
9.5,117.5,13602255.0,0.0,0.31453207,-0.314532071352005
9.5,118.5,13602255.0,0.0,0.26184112,-0.2618411183357239
9.5,119.5,13602255.0,0.0,0.08838665,-0.0883866474032402
9.5,120.5,13602255.0,0.0,-0.41210553,0.412105530500412
8.5,30.5,13602255.0,0.0,-0.052968476,0.052968475967645645
8.5,31.5,13602255.0,0.0,0.02083951,-0.0208395104855299
8.5,32.5,13602255.0,0.0,0.06579125,-0.06579124927520752
8.5,33.5,13602255.0,0.0,0.12154482,-0.12154482305049896
8.5,34.5,13602255.0,0.0,0.0704763,-0.07047630101442337
8.5,35.5,13602255.0,0.0,0.019886235,-0.019886234775185585
8.5,36.5,13602255.0,0.0,0.019153811,-0.019153811037540436
8.5,37.5,13602255.0,0.0,-0.0070203627,0.00702036265283823
8.5,38.5,13602255.0,0.0,-0.03242363,0.032423630356788635
8.5,39.5,13602255.0,0.0,-0.03502371,0.03502371162176132
8.5,40.5,13602255.0,0.0,-0.028779747,0.02877974696457386
8.5,41.5,13602255.0,0.0,-0.045694593,0.04569459334015846
8.5,42.5,13602255.0,0.0,-0.04510949,0.04510949179530144
8.5,43.5,13602255.0,0.0,-0.046266,0.04626600071787834
8.5,44.5,13602255.0,0.0,-0.034629494,0.034629493951797485
8.5,45.5,13602255.0,0.0,-0.0064255605,0.00642556045204401
8.5,46.5,13602255.0,0.0,0.068872385,-0.06887238472700119
8.5,47.5,13602255.0,0.0,0.09764666,-0.09764666110277176
8.5,48.5,13602255.0,0.0,0.09233204,-0.09233204275369644
8.5,49.5,13602255.0,0.0,0.0054982537,-0.005498253740370274
8.5,50.5,13602255.0,0.0,0.00726589,-0.007265890017151833
8.5,51.5,13602255.0,0.0,-0.013548087,0.013548087328672409
8.5,52.5,13602255.0,0.0,-0.013548087,0.013548087328672409
8.5,53.5,13602255.0,0.0,-0.0123746395,0.012374639511108398
8.5,54.5,13602255.0,0.0,-0.011265371,0.01126537099480629
8.5,55.5,13602255.0,0.0,-0.016453158,0.016453158110380173
8.5,56.5,13602255.0,0.0,-0.017250273,0.017250273376703262
8.5,57.5,13602255.0,0.0,-0.017250273,0.017250273376703262
8.5,58.5,13602255.0,0.0,-0.017250273,0.017250273376703262
8.5,59.5,13602255.0,0.0,-0.016782526,0.016782525926828384
8.5,60.5,13602255.0,0.0,-0.017744992,0.017744991928339005
8.5,61.5,13602255.0,0.0,-0.017744992,0.017744991928339005
8.5,62.5,13602255.0,0.0,-0.017744992,0.017744991928339005
8.5,63.5,13602255.0,0.0,-0.017744992,0.017744991928339005
8.5,64.5,13602255.0,0.0,-0.017163653,0.017163652926683426
8.5,65.5,13602255.0,0.0,-0.017163653,0.017163652926683426
8.5,66.5,13602255.0,0.0,-0.014164085,0.014164084568619728
8.5,67.5,13602255.0,0.0,-0.013360517,0.013360517099499702
8.5,68.5,13602255.0,0.0,-0.014079584,0.014079583808779716
8.5,69.5,13602255.0,0.0,-0.015034007,0.015034006908535957
8.5,70.5,13602255.0,0.0,-0.0073936516,0.007393651641905308
8.5,71.5,13602255.0,0.0,0.043068625,-0.043068625032901764
8.5,72.5,13602255.0,0.0,-6.3659856e-05,6.365985609591007e-05
8.5,73.5,13602255.0,0.0,0.0051764753,-0.0051764752715826035
8.5,74.5,13602255.0,0.7929282,0.07024054,0.7226876577074051
8.5,75.5,13602255.0,1.3211058,0.07105529,1.250050506916809
8.5,76.5,13602255.0,0.12908567,0.062156446,0.06692922372190477
8.5,77.5,13602255.0,0.0,0.08820067,-0.08820067346096039
8.5,78.5,13602255.0,0.005523289,0.110486634,-0.10496334507564163
8.5,79.5,13602255.0,0.00038761782,0.027379744,-0.02699212593486374
8.5,80.5,13602255.0,0.0,0.026645694,-0.02664569392800331
8.5,81.5,13602255.0,1.2608088,0.6052177,0.6555911047637939
8.5,82.5,13602255.0,1.4660624,0.94783837,0.5182240339683533
8.5,83.5,13602255.0,0.039161716,0.5771608,-0.5379990596614685
8.5,84.5,13602255.0,0.6304398,0.59993804,0.03050176498870849
8.5,85.5,13602255.0,4.0176997,1.330015,2.6876847559234616
8.5,86.5,13602255.0,2.6524923,1.0868012,1.5656911286972046
8.5,87.5,13602255.0,0.41243386,0.9796292,-0.5671953585783387
8.5,88.5,13602255.0,0.8062767,1.1015478,-0.2952711372573853
8.5,89.5,13602255.0,0.008955847,0.70888966,-0.6999338162194519
8.5,90.5,13602255.0,0.1240614,0.48484603,-0.36078462570533754
8.5,91.5,13602255.0,0.011874776,0.53081805,-0.5189432691393128
8.5,92.5,13602255.0,0.015361334,0.6367573,-0.6213959802051697
8.5,93.5,13602255.0,0.03714376,0.48573434,-0.4485905835287476
8.5,94.5,13602255.0,0.008213176,0.32330889,-0.3150957090975037
8.5,95.5,13602255.0,0.21508242,0.48231187,-0.267229454628067
8.5,96.5,13602255.0,0.20021228,0.20737928,-0.007167001520843513
8.5,97.5,13602255.0,0.0,0.033060897,-0.03306089714169502
8.5,98.5,13602255.0,0.0,0.085037194,-0.08503719419240952
8.5,99.5,13602255.0,0.0,0.2404625,-0.2404624968767166
8.5,100.5,13602255.0,0.0,-0.015560031,0.015560030937194824
8.5,101.5,13602255.0,0.0,-0.20298913,0.2029891312122345
8.5,102.5,13602255.0,0.0,-0.03145961,0.031459610909223557
8.5,103.5,13602255.0,0.09479584,-0.00048011984,0.09527595983744801
8.5,104.5,13602255.0,0.3326878,0.024120169,0.3085676312395811
8.5,105.5,13602255.0,0.03330647,0.28760087,-0.2542944049008179
8.5,106.5,13602255.0,0.0,0.36357918,-0.3635791838169098
8.5,107.5,13602255.0,0.0,0.21079507,-0.2107950747013092
8.5,108.5,13602255.0,0.044602178,0.0011124688,0.04348970922650087
8.5,109.5,13602255.0,0.06549481,0.027457353,0.038037457272348404
8.5,110.5,13602255.0,0.0111905355,0.23667397,-0.22548343055014802
8.5,111.5,13602255.0,0.006982698,0.46734938,-0.4603666822547455
8.5,112.5,13602255.0,0.012168598,0.29462025,-0.28245164769511416
8.5,113.5,13602255.0,0.0,0.1955817,-0.19558170437812805
8.5,114.5,13602255.0,0.0,0.116983496,-0.11698349565267563
8.5,115.5,13602255.0,0.0,-0.05519703,0.05519703030586243
8.5,116.5,13602255.0,0.0,0.044883862,-0.044883862137794495
8.5,117.5,13602255.0,0.0,0.30067077,-0.3006707727909088
8.5,118.5,13602255.0,0.0,0.31557438,-0.31557437777519226
8.5,119.5,13602255.0,0.0,0.14211997,-0.14211997389793396
8.5,120.5,13602255.0,0.0,-0.35837227,0.3583722710609436
7.5,30.5,13602255.0,0.0,-0.06994943,0.0699494332075119
7.5,31.5,13602255.0,0.0,0.003858548,-0.003858547890558839
7.5,32.5,13602255.0,0.0,0.04881028,-0.04881028085947037
7.5,33.5,13602255.0,0.0,0.10456386,-0.10456386208534241
7.5,34.5,13602255.0,0.0,0.053495355,-0.05349535495042801
7.5,35.5,13602255.0,0.0,0.0029052387,-0.002905238652601838
7.5,36.5,13602255.0,0.0,-0.0012896026,0.0012896026019006968
7.5,37.5,13602255.0,0.0,-0.027463814,0.027463814243674278
7.5,38.5,13602255.0,0.0,-0.052867018,0.052867017686367035
7.5,39.5,13602255.0,0.0,-0.0554671,0.05546709895133972
7.5,40.5,13602255.0,0.0,-0.04922312,0.049223121255636215
7.5,41.5,13602255.0,0.0,-0.06613796,0.06613796204328537
7.5,42.5,13602255.0,0.0,-0.06555285,0.06555285304784775
7.5,43.5,13602255.0,0.0,-0.06670936,0.06670936197042465
7.5,44.5,13602255.0,0.0,-0.055072878,0.05507287755608559
7.5,45.5,13602255.0,0.0,-0.026868982,0.02686898224055767
7.5,46.5,13602255.0,0.0,0.048428968,-0.0484289675951004
7.5,47.5,13602255.0,0.0,0.07720324,-0.07720323652029037
7.5,48.5,13602255.0,0.0,0.07188863,-0.07188863307237625
7.5,49.5,13602255.0,0.0,-0.014945164,0.014945164322853088
7.5,50.5,13602255.0,0.0,-0.01317749,0.01317748986184597
7.5,51.5,13602255.0,0.0,-0.033991486,0.033991485834121704
7.5,52.5,13602255.0,0.0,-0.033991486,0.033991485834121704
7.5,53.5,13602255.0,0.0,-0.032818034,0.032818034291267395
7.5,54.5,13602255.0,0.0,-0.031708766,0.031708765774965286
7.5,55.5,13602255.0,0.0,-0.036896527,0.03689652681350708
7.5,56.5,13602255.0,0.0,-0.03769365,0.03769364953041077
7.5,57.5,13602255.0,0.0,-0.03769365,0.03769364953041077
7.5,58.5,13602255.0,0.0,-0.03769365,0.03769364953041077
7.5,59.5,13602255.0,0.0,-0.037225895,0.03722589462995529
7.5,60.5,13602255.0,0.0,-0.03818837,0.03818837180733681
7.5,61.5,13602255.0,0.0,-0.03818837,0.03818837180733681
7.5,62.5,13602255.0,0.0,-0.03818837,0.03818837180733681
7.5,63.5,13602255.0,0.0,-0.03818837,0.03818837180733681
7.5,64.5,13602255.0,0.0,-0.037607033,0.03760703280568123
7.5,65.5,13602255.0,0.0,-0.037607033,0.03760703280568123
7.5,66.5,13602255.0,0.0,-0.034607477,0.034607477486133575
7.5,67.5,13602255.0,0.0,-0.033803932,0.03380393236875534
7.5,68.5,13602255.0,0.0,-0.034523,0.034522999078035355
7.5,69.5,13602255.0,0.0,-0.035477426,0.035477425903081894
7.5,70.5,13602255.0,0.0,-0.027837044,0.02783704362809658
7.5,71.5,13602255.0,0.0,0.022625228,-0.022625228390097618
7.5,72.5,13602255.0,0.0,-0.020507058,0.02050705812871456
7.5,73.5,13602255.0,0.0,-0.015266923,0.015266923233866692
7.5,74.5,13602255.0,0.10660736,0.025471114,0.08113624637781143
7.5,75.5,13602255.0,0.75810915,0.026285889,0.7318232613728285
7.5,76.5,13602255.0,0.38120496,0.017387042,0.36381791817792414
7.5,77.5,13602255.0,0.0,0.10930838,-0.10930837690830231
7.5,78.5,13602255.0,0.10106667,0.12596251,-0.024895840704994204
7.5,79.5,13602255.0,0.3519799,0.042855605,0.3091242945169449
7.5,80.5,13602255.0,0.00023703705,0.04212156,-0.041884522331484986
7.5,81.5,13602255.0,0.37656364,0.6937452,-0.3171815558656311
7.5,82.5,13602255.0,1.288926,1.036366,0.2525600141296387
7.5,83.5,13602255.0,0.074630864,0.66568834,-0.5910574718955384
7.5,84.5,13602255.0,0.28887424,0.6884656,-0.3995913552453613
7.5,85.5,13602255.0,2.6084821,1.3994557,1.2090264334579466
7.5,86.5,13602255.0,2.2602992,1.2895312,0.9707679690734863
7.5,87.5,13602255.0,2.0762544,1.4275268,0.6487275683731077
7.5,88.5,13602255.0,3.7732089,1.5646073,2.208601637388611
7.5,89.5,13602255.0,1.4738933,1.075041,0.3988522443206788
7.5,90.5,13602255.0,0.28079998,0.7812388,-0.5004388143267822
7.5,91.5,13602255.0,0.22118491,0.8272106,-0.6060256951445007
7.5,92.5,13602255.0,0.039679028,0.9331498,-0.8934707866057129
7.5,93.5,13602255.0,0.0052756774,0.7821272,-0.7768515241571594
7.5,94.5,13602255.0,0.09805819,0.61970174,-0.5216435531259155
7.5,95.5,13602255.0,0.6929109,0.77870464,-0.08579374324951172
7.5,96.5,13602255.0,0.48867142,0.42650676,0.06216466226379397
7.5,97.5,13602255.0,0.084680215,0.25218853,-0.1675083185445404
7.5,98.5,13602255.0,0.10270669,0.3041647,-0.20145801766067506
7.5,99.5,13602255.0,0.01639489,0.372493,-0.3560981088384247
7.5,100.5,13602255.0,0.0,0.116470456,-0.11647045612335205
7.5,101.5,13602255.0,0.0,-0.07095866,0.07095865905284882
7.5,102.5,13602255.0,0.0,0.04995601,-0.04995600879192352
7.5,103.5,13602255.0,0.08736989,0.08093546,0.006434426690711981
7.5,104.5,13602255.0,0.39833328,0.054849673,0.34348360693743707
7.5,105.5,13602255.0,0.05667176,0.28098267,-0.22431091316818236
7.5,106.5,13602255.0,0.0,0.32573828,-0.3257382810115814
7.5,107.5,13602255.0,0.0,0.17295423,-0.1729542315006256
7.5,108.5,13602255.0,0.011364182,-0.024814416,0.036178597723085404
7.5,109.5,13602255.0,0.00945174,0.065762006,-0.05631026574636459
7.5,110.5,13602255.0,0.0038566485,0.26907593,-0.2652192816185608
7.5,111.5,13602255.0,0.031470947,0.4997516,-0.4682806506428986
7.5,112.5,13602255.0,0.01628853,0.3270222,-0.3107336648623657
7.5,113.5,13602255.0,0.025781132,0.2126766,-0.18689546762177278
7.5,114.5,13602255.0,0.06987238,0.07918059,-0.009308210808391573
7.5,115.5,13602255.0,0.008201327,-0.09299979,0.10120112058911514
7.5,116.5,13602255.0,0.0,0.03686646,-0.036866459995508194
7.5,117.5,13602255.0,0.0018253522,0.2926534,-0.2908280594268158
7.5,118.5,13602255.0,0.006156771,0.307557,-0.30140021580877685
7.5,119.5,13602255.0,0.0,0.13410263,-0.13410262763500214
7.5,120.5,13602255.0,0.0,-0.36638966,0.366389662027359
6.5,30.5,13602255.0,0.0,-0.021389367,0.021389367058873177
6.5,31.5,13602255.0,0.0,0.052106276,-0.05210627615451813
6.5,32.5,13602255.0,0.0,0.101124465,-0.10112446546554565
6.5,33.5,13602255.0,0.0,0.15288526,-0.15288525819778442
6.5,34.5,13602255.0,0.0,0.09161375,-0.09161374717950821
6.5,35.5,13602255.0,0.0,0.031692713,-0.031692713499069214
6.5,36.5,13602255.0,0.0,0.027497878,-0.027497878298163414
6.5,37.5,13602255.0,0.0,-0.005451234,0.005451234057545662
6.5,38.5,13602255.0,0.0,-0.030854464,0.030854463577270508
6.5,39.5,13602255.0,0.0,-0.03345455,0.03345454856753349
6.5,40.5,13602255.0,0.0,-0.027210576,0.027210576459765434
6.5,41.5,13602255.0,0.0,-0.044125423,0.04412542283535004
6.5,42.5,13602255.0,0.0,-0.04354032,0.04354032129049301
6.5,43.5,13602255.0,0.0,-0.04469683,0.044696830213069916
6.5,44.5,13602255.0,0.0,-0.033060335,0.033060334622859955
6.5,45.5,13602255.0,0.0,-0.0022459514,0.0022459514439105988
6.5,46.5,13602255.0,0.0,0.08261687,-0.08261687308549881
6.5,47.5,13602255.0,0.0,0.1050503,-0.10505030304193497
6.5,48.5,13602255.0,0.0,0.099735714,-0.09973571449518204
6.5,49.5,13602255.0,0.0,0.019242782,-0.0192427821457386
6.5,50.5,13602255.0,0.0,0.021010462,-0.021010462194681168
6.5,51.5,13602255.0,0.0,0.00019648613,-0.00019648612942546606
6.5,52.5,13602255.0,0.0,0.00019648613,-0.00019648612942546606
6.5,53.5,13602255.0,0.0,0.0013699338,-0.0013699338305741549
6.5,54.5,13602255.0,0.0,0.0024792075,-0.002479207469150424
6.5,55.5,13602255.0,0.0,-0.0027085724,0.0027085724286735058
6.5,56.5,13602255.0,0.0,-0.0035056875,0.0035056874621659517
6.5,57.5,13602255.0,0.0,-0.0035056875,0.0035056874621659517
6.5,58.5,13602255.0,0.0,-0.0035056875,0.0035056874621659517
6.5,59.5,13602255.0,0.0,-0.003037938,0.003037937916815281
6.5,60.5,13602255.0,0.0,-0.004000407,0.004000407177954912
6.5,61.5,13602255.0,0.0,-0.004000407,0.004000407177954912
6.5,62.5,13602255.0,0.0,-0.004000407,0.004000407177954912
6.5,63.5,13602255.0,0.0,-0.004000407,0.004000407177954912
6.5,64.5,13602255.0,0.0,-0.0034190682,0.0034190681762993336
6.5,65.5,13602255.0,0.0,-0.0034190682,0.0034190681762993336
6.5,66.5,13602255.0,0.0,-0.0004195111,0.00041951111052185297
6.5,67.5,13602255.0,0.0,0.0003840382,-0.00038403819780796766
6.5,68.5,13602255.0,0.0,-0.00033503224,0.00033503223676234484
6.5,69.5,13602255.0,0.0,0.0063855415,-0.006385541521012783
6.5,70.5,13602255.0,0.0,0.02262093,-0.022620929405093193
6.5,71.5,13602255.0,0.0,0.073083214,-0.07308321446180344
6.5,72.5,13602255.0,0.0,0.029950894,-0.02995089441537857
6.5,73.5,13602255.0,0.0,0.035191033,-0.03519103303551674
6.5,74.5,13602255.0,0.0,0.04588979,-0.04588979110121727
6.5,75.5,13602255.0,0.0,0.046704516,-0.04670451581478119
6.5,76.5,13602255.0,0.0,0.037805695,-0.037805695086717606
6.5,77.5,13602255.0,0.0,0.20226963,-0.20226962864398956
6.5,78.5,13602255.0,0.02163798,0.23546284,-0.21382486437179565
6.5,79.5,13602255.0,0.08408141,0.15235576,-0.06827435033592225
6.5,80.5,13602255.0,0.0153116295,0.15162171,-0.1363100847343521
6.5,81.5,13602255.0,0.54284894,0.81704414,-0.2741951989083863
6.5,82.5,13602255.0,2.0649872,1.1985162,0.8664709503433228
6.5,83.5,13602255.0,1.3004841,0.86048573,0.4399983674446106
6.5,84.5,13602255.0,0.35577506,0.8624854,-0.506710348782959
6.5,85.5,13602255.0,2.6153564,1.9804832,0.6348732256759644
6.5,86.5,13602255.0,0.777097,2.2022562,-1.425159202697754
6.5,87.5,13602255.0,0.34272388,2.6229587,-2.2802347801257326
6.5,88.5,13602255.0,2.5505455,2.7699766,-0.2194311159057616
6.5,89.5,13602255.0,6.755234,2.477948,4.277286049636841
6.5,90.5,13602255.0,5.370005,2.1686716,3.2013333920288085
6.5,91.5,13602255.0,4.8005924,2.2717361,2.528856254980469
6.5,92.5,13602255.0,4.5195217,2.6576018,1.8619198666564944
6.5,93.5,13602255.0,2.2080355,2.535545,-0.32750961070251483
6.5,94.5,13602255.0,1.1218028,2.0851803,-0.9633774825927734
6.5,95.5,13602255.0,3.2970736,2.1554217,1.1416518661437989
6.5,96.5,13602255.0,2.353506,1.4947519,0.8587540697631835
6.5,97.5,13602255.0,0.58948886,1.3204333,-0.7309443990103149
6.5,98.5,13602255.0,0.024570135,1.427011,-1.4024408780310058
6.5,99.5,13602255.0,0.009206932,1.5427064,-1.5334994383536988
6.5,100.5,13602255.0,0.0,0.94018525,-0.9401852488517761
6.5,101.5,13602255.0,0.0,0.22599804,-0.22599804401397705
6.5,102.5,13602255.0,0.0643005,0.36343637,-0.29913587108802797
6.5,103.5,13602255.0,0.5496279,0.39697626,0.15265163766899104
6.5,104.5,13602255.0,0.08421515,0.37089053,-0.2866753779636383
6.5,105.5,13602255.0,0.0,0.2930471,-0.29304710030555725
6.5,106.5,13602255.0,0.0,0.2798982,-0.27989819645881653
6.5,107.5,13602255.0,0.0,0.18245487,-0.18245486915111542
6.5,108.5,13602255.0,0.0,0.24048921,-0.24048921465873718
6.5,109.5,13602255.0,0.013143078,0.38525608,-0.3721130038195343
6.5,110.5,13602255.0,1.0790548,0.974246,0.10480877491455076
6.5,111.5,13602255.0,1.8055527,1.5138705,0.2916822223236084
6.5,112.5,13602255.0,0.27394825,1.4912947,-1.217346491630554
6.5,113.5,13602255.0,1.0197489,1.4164052,-0.396656300958252
6.5,114.5,13602255.0,2.4495118,1.1003306,1.3491812087982176
6.5,115.5,13602255.0,0.63675034,0.46732077,0.16942956997474667
6.5,116.5,13602255.0,0.11202866,0.35382095,-0.24179228979286194
6.5,117.5,13602255.0,0.88134676,0.56006414,0.3212826230180359
6.5,118.5,13602255.0,0.64938676,0.5079371,0.14144968629241939
6.5,119.5,13602255.0,0.0010808718,0.33448303,-0.3334021556581909
6.5,120.5,13602255.0,0.0,-0.22988045,0.2298804521560669
5.5,30.5,13602255.0,0.0,0.13074924,-0.13074924051761627
5.5,31.5,13602255.0,0.0,0.20424505,-0.20424504578113556
5.5,32.5,13602255.0,0.0,0.2532633,-0.25326329469680786
5.5,33.5,13602255.0,0.0,0.29815525,-0.2981552481651306
5.5,34.5,13602255.0,0.0,0.24375235,-0.2437523454427719
5.5,35.5,13602255.0,0.0,0.18383159,-0.183831587433815
5.5,36.5,13602255.0,0.0,0.17511821,-0.17511820793151855
5.5,37.5,13602255.0,0.0,0.14216901,-0.1421690136194229
5.5,38.5,13602255.0,0.0,0.11676582,-0.1167658194899559
5.5,39.5,13602255.0,0.0,0.11416567,-0.11416567116975784
5.5,40.5,13602255.0,0.0,0.120409675,-0.12040967494249344
5.5,41.5,13602255.0,0.0,0.10349482,-0.10349482297897339
5.5,42.5,13602255.0,0.0,0.10407992,-0.10407991707324982
5.5,43.5,13602255.0,0.0,0.10292341,-0.10292340815067291
5.5,44.5,13602255.0,0.0,0.11455988,-0.11455988138914108
5.5,45.5,13602255.0,0.0,0.14537422,-0.14537422358989716
5.5,46.5,13602255.0,0.0,0.2217107,-0.2217106968164444
5.5,47.5,13602255.0,0.0,0.24414404,-0.2441440373659134
5.5,48.5,13602255.0,0.0,0.23882945,-0.23882944881916046
5.5,49.5,13602255.0,0.0,0.15760198,-0.1576019823551178
5.5,50.5,13602255.0,0.0,0.15936959,-0.1593695878982544
5.5,51.5,13602255.0,0.0,0.13855553,-0.13855552673339844
5.5,52.5,13602255.0,0.0,0.13855553,-0.13855552673339844
5.5,53.5,13602255.0,0.0,0.13972896,-0.13972896337509155
5.5,54.5,13602255.0,0.0,0.14083824,-0.14083823561668396
5.5,55.5,13602255.0,0.0,0.13565046,-0.13565045595169067
5.5,56.5,13602255.0,0.0,0.13485335,-0.13485334813594818
5.5,57.5,13602255.0,0.0,0.13485335,-0.13485334813594818
5.5,58.5,13602255.0,0.0,0.13485335,-0.13485334813594818
5.5,59.5,13602255.0,0.0,0.1353211,-0.13532109558582306
5.5,60.5,13602255.0,0.0,0.13435861,-0.13435861468315125
5.5,61.5,13602255.0,0.0,0.13435861,-0.13435861468315125
5.5,62.5,13602255.0,0.0,0.13435861,-0.13435861468315125
5.5,63.5,13602255.0,0.0,0.13435861,-0.13435861468315125
5.5,64.5,13602255.0,0.0,0.13493995,-0.13493995368480682
5.5,65.5,13602255.0,0.0,0.13493995,-0.13493995368480682
5.5,66.5,13602255.0,0.0,0.13793951,-0.13793951272964478
5.5,67.5,13602255.0,0.0,0.13874306,-0.138743057847023
5.5,68.5,13602255.0,0.0,0.13802399,-0.1380239874124527
5.5,69.5,13602255.0,0.0,0.14474458,-0.14474457502365112
5.5,70.5,13602255.0,0.0,0.16882592,-0.1688259243965149
5.5,71.5,13602255.0,0.0,0.24754538,-0.24754537642002106
5.5,72.5,13602255.0,0.0,0.20441315,-0.20441314578056335
5.5,73.5,13602255.0,0.0,0.20965326,-0.20965325832366943
5.5,74.5,13602255.0,0.0,0.20985626,-0.20985625684261322
5.5,75.5,13602255.0,0.0,0.21067102,-0.21067102253437042
5.5,76.5,13602255.0,0.0,0.24938051,-0.24938051402568817
5.5,77.5,13602255.0,0.0,0.50096554,-0.5009655356407166
5.5,78.5,13602255.0,0.0,0.5341588,-0.5341588258743286
5.5,79.5,13602255.0,0.0,0.45105162,-0.45105162262916565
5.5,80.5,13602255.0,0.19707668,0.56013715,-0.36306047267181396
5.5,81.5,13602255.0,4.1040177,1.3621894,2.7418282878829956
5.5,82.5,13602255.0,5.1808386,1.7819829,3.398855701287842
5.5,83.5,13602255.0,4.961009,1.468072,3.492936943229675
5.5,84.5,13602255.0,1.8154751,1.4700723,0.34540283056030274
5.5,85.5,13602255.0,3.777261,2.6527238,1.1245372107849123
5.5,86.5,13602255.0,4.3112206,3.3341923,0.9770283239990238
5.5,87.5,13602255.0,2.3058074,3.8800356,-1.5742282388092042
5.5,88.5,13602255.0,3.2970378,4.0933022,-0.7962644499084472
5.5,89.5,13602255.0,4.264939,3.872485,0.3924540775909424
5.5,90.5,13602255.0,6.7986593,3.6664288,3.1322304956024167
5.5,91.5,13602255.0,8.625554,3.8987944,4.726759587387084
5.5,92.5,13602255.0,8.949799,4.393798,4.556001125549317
5.5,93.5,13602255.0,7.0568814,4.3427176,2.7141637524475097
5.5,94.5,13602255.0,4.8920894,3.7388842,1.1532051894134518
5.5,95.5,13602255.0,2.3533933,3.3690495,-1.0156562491027832
5.5,96.5,13602255.0,1.5774794,2.570006,-0.9925264937072753
5.5,97.5,13602255.0,1.7613422,2.5092342,-0.7478919899871825
5.5,98.5,13602255.0,2.1744225,2.7088711,-0.5344486261749268
5.5,99.5,13602255.0,1.3615586,2.7836382,-1.4220796389068604
5.5,100.5,13602255.0,0.25502008,2.0201647,-1.7651446481646729
5.5,101.5,13602255.0,0.0,0.73558307,-0.7355830669403076
5.5,102.5,13602255.0,0.13241781,0.7688057,-0.6363878726591492
5.5,103.5,13602255.0,1.5340604,0.9680397,0.5660207085517883
5.5,104.5,13602255.0,0.6267057,0.87827784,-0.251572138230133
5.5,105.5,13602255.0,0.0026113994,0.47103378,-0.4684223823668915
5.5,106.5,13602255.0,0.0,0.36175904,-0.3617590367794037
5.5,107.5,13602255.0,0.0,0.30899587,-0.3089958727359772
5.5,108.5,13602255.0,0.0030726949,0.9415578,-0.9384851297116639
5.5,109.5,13602255.0,0.3495864,1.1183255,-0.7687390718780518
5.5,110.5,13602255.0,2.062375,2.0279534,0.03442161369323715
5.5,111.5,13602255.0,2.875771,2.7988036,0.07696743211364732
5.5,112.5,13602255.0,4.649162,3.0256271,1.6235348637695308
5.5,113.5,13602255.0,4.980685,2.5682695,2.4124155088043215
5.5,114.5,13602255.0,2.8598769,2.1893744,0.6705024531311037
5.5,115.5,13602255.0,0.23655343,1.041151,-0.8045976167529296
5.5,116.5,13602255.0,0.024966419,0.82635236,-0.8013859388643799
5.5,117.5,13602255.0,0.27155218,1.0325963,-0.7610441697161865
5.5,118.5,13602255.0,0.242463,1.0438544,-0.8013913558120728
5.5,119.5,13602255.0,0.053965032,0.8703999,-0.8164348603301697
5.5,120.5,13602255.0,0.0,0.105513334,-0.10551333427429199
4.5,30.5,13602255.0,0.0,0.07628946,-0.07628946006298065
4.5,31.5,13602255.0,0.0,0.15385844,-0.15385843813419342
4.5,32.5,13602255.0,0.0,0.20287679,-0.20287679135799408
4.5,33.5,13602255.0,0.0,0.25057703,-0.25057703256607056
4.5,34.5,13602255.0,0.0,0.19246453,-0.19246453046798706
4.5,35.5,13602255.0,0.0,0.13254358,-0.13254357874393463
4.5,36.5,13602255.0,0.0,0.123830386,-0.1238303855061531
4.5,37.5,13602255.0,0.0,0.09088124,-0.09088124334812164
4.5,38.5,13602255.0,0.0,0.065478034,-0.06547803431749344
4.5,39.5,13602255.0,0.0,0.06287789,-0.06287789344787598
4.5,40.5,13602255.0,0.0,0.06912188,-0.06912188231945038
4.5,41.5,13602255.0,0.0,0.05220699,-0.052206989377737045
4.5,42.5,13602255.0,0.0,0.052792083,-0.052792083472013474
4.5,43.5,13602255.0,0.0,0.051635575,-0.05163557454943657
4.5,44.5,13602255.0,0.0,0.06327212,-0.06327211856842041
4.5,45.5,13602255.0,0.0,0.09408646,-0.09408646076917648
4.5,46.5,13602255.0,0.0,0.17042273,-0.1704227328300476
4.5,47.5,13602255.0,0.0,0.19285621,-0.19285620748996735
4.5,48.5,13602255.0,0.0,0.18754151,-0.18754151463508606
4.5,49.5,13602255.0,0.0,0.10631413,-0.10631413012742996
4.5,50.5,13602255.0,0.0,0.10808178,-0.10808178037405014
4.5,51.5,13602255.0,0.0,0.0872677,-0.08726769685745239
4.5,52.5,13602255.0,0.0,0.0872677,-0.08726769685745239
4.5,53.5,13602255.0,6.409496e-05,0.08844115,-0.0883770534403067
4.5,54.5,13602255.0,0.032852568,0.08955042,-0.05669785264189911
4.5,55.5,13602255.0,0.00052325585,0.08436264,-0.08383938512690582
4.5,56.5,13602255.0,0.0,0.08356553,-0.08356553316116333
4.5,57.5,13602255.0,0.0,0.08356553,-0.08356553316116333
4.5,58.5,13602255.0,0.0,0.08356553,-0.08356553316116333
4.5,59.5,13602255.0,0.0,0.08403328,-0.08403328061103821
4.5,60.5,13602255.0,0.0,0.083070815,-0.08307081460952759
4.5,61.5,13602255.0,0.0,0.083070815,-0.08307081460952759
4.5,62.5,13602255.0,0.0,0.083070815,-0.08307081460952759
4.5,63.5,13602255.0,0.0,0.083070815,-0.08307081460952759
4.5,64.5,13602255.0,0.0,0.08365215,-0.08365215361118317
4.5,65.5,13602255.0,0.0,0.08365215,-0.08365215361118317
4.5,66.5,13602255.0,0.0,0.08665173,-0.08665172755718231
4.5,67.5,13602255.0,0.0,0.08745529,-0.08745528757572174
4.5,68.5,13602255.0,0.0,0.08673621,-0.08673620969057083
4.5,69.5,13602255.0,0.0,0.09345684,-0.09345684200525284
4.5,70.5,13602255.0,0.0,0.1175382,-0.1175381988286972
4.5,71.5,13602255.0,0.0,0.1868712,-0.18687120079994202
4.5,72.5,13602255.0,0.0,0.14373891,-0.14373891055583954
4.5,73.5,13602255.0,0.0,0.14897902,-0.14897902309894562
4.5,74.5,13602255.0,0.0,0.14918202,-0.1491820216178894
4.5,75.5,13602255.0,0.0,0.14999683,-0.1499968320131302
4.5,76.5,13602255.0,0.0,0.19891083,-0.19891083240509033
4.5,77.5,13602255.0,0.0,0.3476456,-0.3476456105709076
4.5,78.5,13602255.0,0.0,0.3808386,-0.3808386027812958
4.5,79.5,13602255.0,0.0,0.2977316,-0.2977316081523895
4.5,80.5,13602255.0,0.00790244,0.2969975,-0.2890950475450134
4.5,81.5,13602255.0,0.5785145,0.76391655,-0.18540205206680294
4.5,82.5,13602255.0,0.64754266,1.1157253,-0.46818261885437007
4.5,83.5,13602255.0,0.8692179,0.8018143,0.06740358229675292
4.5,84.5,13602255.0,0.32232413,0.80381405,-0.48148992353546144
4.5,85.5,13602255.0,2.6830592,2.4545856,0.22847364778442403
4.5,86.5,13602255.0,5.560564,3.2404566,2.3201074188842776
4.5,87.5,13602255.0,7.637992,4.012995,3.624997233764648
4.5,88.5,13602255.0,7.3721657,4.328976,3.0431895456726075
4.5,89.5,13602255.0,3.132881,4.0419245,-0.9090434766235354
4.5,90.5,13602255.0,1.446914,3.6295643,-2.1826502852783203
4.5,91.5,13602255.0,6.4393973,3.8619301,2.577467168087769
4.5,92.5,13602255.0,8.272481,4.4769983,3.795482670837403
4.5,93.5,13602255.0,8.211679,4.4959435,3.715735453704834
4.5,94.5,13602255.0,6.571318,3.963638,2.6076799327545164
4.5,95.5,13602255.0,5.61414,3.8549,1.7592401167297362
4.5,96.5,13602255.0,0.6829659,3.0716374,-2.3886714920440673
4.5,97.5,13602255.0,0.77835214,3.1764545,-2.398102404067383
4.5,98.5,13602255.0,4.7679625,3.5563622,1.211600347900391
4.5,99.5,13602255.0,7.535658,4.034885,3.5007730703430173
4.5,100.5,13602255.0,2.91972,3.0872293,-0.1675092518615724
4.5,101.5,13602255.0,0.0057320404,1.5137513,-1.5080192279868407
4.5,102.5,13602255.0,0.005660528,1.3599237,-1.3542631923598023
4.5,103.5,13602255.0,0.41310582,1.6191307,-1.2060249106289673
4.5,104.5,13602255.0,0.37009746,1.4245205,-1.054423032553711
4.5,105.5,13602255.0,0.00042352942,0.96312034,-0.9626968118809643
4.5,106.5,13602255.0,0.0,0.7633954,-0.7633954286575317
4.5,107.5,13602255.0,0.0,0.77746296,-0.7774629592895508
4.5,108.5,13602255.0,0.028581811,1.7864035,-1.7578217257965698
4.5,109.5,13602255.0,1.9828883,2.7978446,-0.8149563483612061
4.5,110.5,13602255.0,7.0332437,3.971419,3.061824604006958
4.5,111.5,13602255.0,7.392507,4.3452754,3.0472315979309084
4.5,112.5,13602255.0,4.242761,3.2308493,1.0119117339477537
4.5,113.5,13602255.0,1.2704577,1.7670884,-0.4966307132385255
4.5,114.5,13602255.0,0.26763284,1.3347993,-1.067166449703369
4.5,115.5,13602255.0,0.0016519482,0.82318985,-0.8215379064218872
4.5,116.5,13602255.0,0.081172355,1.1177485,-1.036576143916626
4.5,117.5,13602255.0,2.222334,1.6313206,0.5910134042587281
4.5,118.5,13602255.0,4.371963,2.2147224,2.1572406050567627
4.5,119.5,13602255.0,3.0116222,2.0846324,0.9269898033020021
4.5,120.5,13602255.0,0.0,0.99860036,-0.9986003637313843
3.5,30.5,13602255.0,0.0,0.045695435,-0.045695435255765915
3.5,31.5,13602255.0,0.0,0.123264425,-0.12326442450284958
3.5,32.5,13602255.0,0.0,0.17228264,-0.1722826361656189
3.5,33.5,13602255.0,0.0,0.22090562,-0.2209056168794632
3.5,34.5,13602255.0,0.0,0.16253681,-0.16253681480884552
3.5,35.5,13602255.0,0.0,0.101591006,-0.10159100592136383
3.5,36.5,13602255.0,0.0,0.092877716,-0.09287771582603455
3.5,37.5,13602255.0,0.0,0.05992861,-0.05992861092090607
3.5,38.5,13602255.0,0.0,0.034525372,-0.034525372087955475
3.5,39.5,13602255.0,0.0,0.03192525,-0.031925249844789505
3.5,40.5,13602255.0,0.0,0.038169242,-0.038169242441654205
3.5,41.5,13602255.0,0.0,0.021254336,-0.021254336461424828
3.5,42.5,13602255.0,0.0,0.021839445,-0.02183944545686245
3.5,43.5,13602255.0,0.0,0.020682922,-0.02068292163312435
3.5,44.5,13602255.0,0.0,0.03231949,-0.03231948986649513
3.5,45.5,13602255.0,0.0,0.06313385,-0.0631338506937027
3.5,46.5,13602255.0,0.0,0.13947013,-0.13947013020515442
3.5,47.5,13602255.0,0.0,0.16190356,-0.16190356016159058
3.5,48.5,13602255.0,0.0,0.15658894,-0.15658894181251526
3.5,49.5,13602255.0,0.0,0.07536154,-0.07536154240369797
3.5,50.5,13602255.0,0.0,0.07712913,-0.07712913304567337
3.5,51.5,13602255.0,0.0,0.056315124,-0.05631512403488159
3.5,52.5,13602255.0,0.0,0.056315124,-0.05631512403488159
3.5,53.5,13602255.0,0.0,0.057488576,-0.0574885755777359
3.5,54.5,13602255.0,0.030997314,0.058597848,-0.027600533819328307
3.5,55.5,13602255.0,0.0009545841,0.05341007,-0.05245548405433502
3.5,56.5,13602255.0,0.0,0.05261296,-0.05261296033859253
3.5,57.5,13602255.0,0.0,0.05261296,-0.05261296033859253
3.5,58.5,13602255.0,0.0,0.05261296,-0.05261296033859253
3.5,59.5,13602255.0,0.0,0.053080708,-0.05308070778846741
3.5,60.5,13602255.0,0.0,0.052118234,-0.05211823433637619
3.5,61.5,13602255.0,0.0,0.052118234,-0.05211823433637619
3.5,62.5,13602255.0,0.0,0.052118234,-0.05211823433637619
3.5,63.5,13602255.0,0.0,0.052118234,-0.05211823433637619
3.5,64.5,13602255.0,0.0,0.052699573,-0.05269957333803177
3.5,65.5,13602255.0,0.0,0.052699573,-0.05269957333803177
3.5,66.5,13602255.0,0.0,0.05569914,-0.05569913983345032
3.5,67.5,13602255.0,0.0,0.056502685,-0.05650268495082855
3.5,68.5,13602255.0,0.0,0.055783626,-0.055783625692129135
3.5,69.5,13602255.0,0.0,0.06250422,-0.06250421702861786
3.5,70.5,13602255.0,0.0,0.08658557,-0.08658556640148163
3.5,71.5,13602255.0,0.0,0.15591851,-0.15591850876808167
3.5,72.5,13602255.0,0.0,0.112786315,-0.11278631538152695
3.5,73.5,13602255.0,0.0,0.11802642,-0.11802642047405243
3.5,74.5,13602255.0,0.0,0.11822942,-0.11822941899299622
3.5,75.5,13602255.0,0.0,0.11904414,-0.11904413998126984
3.5,76.5,13602255.0,0.0,0.1415681,-0.14156809449195862
3.5,77.5,13602255.0,0.0,0.29030257,-0.290302574634552
3.5,78.5,13602255.0,0.0,0.32349554,-0.3234955370426178
3.5,79.5,13602255.0,0.0,0.24038877,-0.24038876593112946
3.5,80.5,13602255.0,0.0,0.23965468,-0.23965467512607574
3.5,81.5,13602255.0,0.0,0.48777068,-0.487770676612854
3.5,82.5,13602255.0,0.0,0.8395792,-0.8395792245864868
3.5,83.5,13602255.0,0.00084244914,0.5256684,-0.5248259335046533
3.5,84.5,13602255.0,0.026264632,0.52766806,-0.501403426872223
3.5,85.5,13602255.0,0.8306721,2.1508586,-1.3201865406707762
3.5,86.5,13602255.0,3.5530267,3.0909734,0.462053322772217
3.5,87.5,13602255.0,7.3317533,4.103263,3.2284903986938476
3.5,88.5,13602255.0,8.872512,4.511856,4.360655920898438
3.5,89.5,13602255.0,6.2869973,4.1358433,2.1511540230224613
3.5,90.5,13602255.0,0.7022523,3.139027,-2.4367748186828613
3.5,91.5,13602255.0,2.6024108,3.3713927,-0.7689819268981934
3.5,92.5,13602255.0,3.5316567,3.8416452,-0.3099885407836913
3.5,93.5,13602255.0,4.7061815,3.9664838,0.7396976685943599
3.5,94.5,13602255.0,2.5565248,3.8814013,-1.3248765004302978
3.5,95.5,13602255.0,3.293739,3.9922419,-0.6985028594360352
3.5,96.5,13602255.0,2.5471087,3.7921145,-1.2450057962310792
3.5,97.5,13602255.0,4.8587494,3.9396229,0.9191265209716795
3.5,98.5,13602255.0,4.416037,4.327848,0.08818904238891623
3.5,99.5,13602255.0,7.9264235,4.7414074,3.1850161055908206
3.5,100.5,13602255.0,6.54195,3.898792,2.643157971572876
3.5,101.5,13602255.0,1.4968327,2.1462767,-0.6494440124176026
3.5,102.5,13602255.0,1.7862808,2.0621672,-0.27588636766357433
3.5,103.5,13602255.0,3.709487,2.2446592,1.4648278145904543
3.5,104.5,13602255.0,1.6949918,2.0500474,-0.35505559761352545
3.5,105.5,13602255.0,0.3892317,1.5196887,-1.1304570254714965
3.5,106.5,13602255.0,0.18346286,1.2042539,-1.0207910519720458
3.5,107.5,13602255.0,0.03320287,1.1875759,-1.1543730663174439
3.5,108.5,13602255.0,2.1102786,2.6523492,-0.5420706336273193
3.5,109.5,13602255.0,6.667061,4.244227,2.4228340674743656
3.5,110.5,13602255.0,6.292187,4.280935,2.0112521893615725
3.5,111.5,13602255.0,2.119522,3.3066957,-1.1871736996917726
3.5,112.5,13602255.0,0.36370996,1.7321972,-1.3684872054891968
3.5,113.5,13602255.0,0.0014663952,0.55598193,-0.5545155388705871
3.5,114.5,13602255.0,0.0,0.4317378,-0.4317378103733063
3.5,115.5,13602255.0,0.0052278275,0.4891287,-0.4839008813394165
3.5,116.5,13602255.0,0.11149534,0.83325994,-0.7217646001473998
3.5,117.5,13602255.0,1.1860597,1.1996655,-0.013605846417236389
3.5,118.5,13602255.0,3.372249,1.9378182,1.434430830406189
3.5,119.5,13602255.0,2.0479538,1.7592287,0.2887250936401369
3.5,120.5,13602255.0,0.0,0.63862735,-0.6386273503303528
2.5,30.5,13602255.0,0.0,-0.06962764,0.06962764263153076
2.5,31.5,13602255.0,0.005856,0.007941568,-0.0020855682703256606
2.5,32.5,13602255.0,0.0663282,0.056959726,0.009368474083614353
2.5,33.5,13602255.0,0.021003822,0.10558258,-0.0845787579703598
2.5,34.5,13602255.0,0.0,0.053478703,-0.053478702902793884
2.5,35.5,13602255.0,0.0,-0.0074672224,0.007467222400009632
2.5,36.5,13602255.0,0.0,-0.016180651,0.016180651262402534
2.5,37.5,13602255.0,0.0,-0.04629599,0.04629598930478096
2.5,38.5,13602255.0,0.0,-0.071699165,0.07169916480779648
2.5,39.5,13602255.0,0.0,-0.07429927,0.07429926842451096
2.5,40.5,13602255.0,0.0,-0.06805529,0.06805528700351715
2.5,41.5,13602255.0,0.0,-0.08497011,0.08497010916471481
2.5,42.5,13602255.0,0.0,-0.084385,0.08438500016927719
2.5,43.5,13602255.0,0.0,-0.08554151,0.0855415090918541
2.5,44.5,13602255.0,0.0,-0.07390501,0.07390501350164413
2.5,45.5,13602255.0,0.0,-0.043090723,0.04309072345495224
2.5,46.5,13602255.0,0.0,0.03500194,-0.03500194102525711
2.5,47.5,13602255.0,0.0,0.057435382,-0.05743538215756416
2.5,48.5,13602255.0,0.0,0.041514065,-0.041514065116643906
2.5,49.5,13602255.0,0.0,-0.039713517,0.03971351683139801
2.5,50.5,13602255.0,0.0,-0.037945867,0.03794586658477783
2.5,51.5,13602255.0,0.0,-0.058759864,0.058759864419698715
2.5,52.5,13602255.0,0.0,-0.058759864,0.058759864419698715
2.5,53.5,13602255.0,0.0,-0.057586413,0.057586412876844406
2.5,54.5,13602255.0,0.0,-0.056477144,0.0564771443605423
2.5,55.5,13602255.0,0.0,-0.061664946,0.061664946377277374
2.5,56.5,13602255.0,0.0,-0.06246206,0.062462061643600464
2.5,57.5,13602255.0,0.0,-0.06246206,0.062462061643600464
2.5,58.5,13602255.0,0.0,-0.06246206,0.062462061643600464
2.5,59.5,13602255.0,0.0,-0.057234224,0.05723422393202782
2.5,60.5,13602255.0,0.0,-0.058196697,0.058196697384119034
2.5,61.5,13602255.0,0.0,-0.058196697,0.058196697384119034
2.5,62.5,13602255.0,0.0,-0.058196697,0.058196697384119034
2.5,63.5,13602255.0,0.0,-0.058196697,0.058196697384119034
2.5,64.5,13602255.0,0.0,-0.057615355,0.05761535465717316
2.5,65.5,13602255.0,0.0,-0.057615355,0.05761535465717316
2.5,66.5,13602255.0,0.0,-0.054615792,0.05461579188704491
2.5,67.5,13602255.0,0.0,-0.05381224,0.053812239319086075
2.5,68.5,13602255.0,0.0,-0.054531306,0.05453130602836609
2.5,69.5,13602255.0,0.0,-0.047810763,0.047810763120651245
2.5,70.5,13602255.0,0.0,-0.03663091,0.03663090988993645
2.5,71.5,13602255.0,0.0,0.032702144,-0.03270214423537254
2.5,72.5,13602255.0,0.0,-0.010430151,0.010430150665342808
2.5,73.5,13602255.0,0.0,-0.005190016,0.005190015770494938
2.5,74.5,13602255.0,0.0,-0.004987024,0.004987023770809174
2.5,75.5,13602255.0,0.0,-0.0041722395,0.004172239452600479
2.5,76.5,13602255.0,0.0,-0.010746411,0.010746411047875881
2.5,77.5,13602255.0,0.0,0.07660213,-0.07660213112831116
2.5,78.5,13602255.0,0.0,0.1097953,-0.10979530215263367
2.5,79.5,13602255.0,0.0,0.026688267,-0.026688266545534134
2.5,80.5,13602255.0,0.0,0.02595422,-0.025954220443964005
2.5,81.5,13602255.0,0.0,0.24528424,-0.24528424441814423
2.5,82.5,13602255.0,0.0,0.5588475,-0.5588474869728088
2.5,83.5,13602255.0,0.00024893618,0.24493678,-0.2446878429614261
2.5,84.5,13602255.0,0.0,0.24693657,-0.24693657457828522
2.5,85.5,13602255.0,0.1597861,1.7427669,-1.5829807571472168
2.5,86.5,13602255.0,0.69384116,2.6292336,-1.9353924387091066
2.5,87.5,13602255.0,2.7037346,3.279244,-0.5755093460754392
2.5,88.5,13602255.0,5.3263,3.687839,1.6384609687805174
2.5,89.5,13602255.0,2.7099507,3.2948747,-0.5849239681213381
2.5,90.5,13602255.0,0.54062575,2.3314095,-1.790783704345703
2.5,91.5,13602255.0,1.6529874,2.370478,-0.7174905148101807
2.5,92.5,13602255.0,1.8445817,2.7520628,-0.9074810975463867
2.5,93.5,13602255.0,1.4920745,2.9095592,-1.4174847498779297
2.5,94.5,13602255.0,0.8671572,3.0092592,-2.1421020239379884
2.5,95.5,13602255.0,1.5460203,3.451972,-1.905951707751465
2.5,96.5,13602255.0,2.264019,3.4771645,-1.2131455069122317
2.5,97.5,13602255.0,4.0105314,3.7514234,0.2591080410827633
2.5,98.5,13602255.0,5.605618,4.2633257,1.3422923087768552
2.5,99.5,13602255.0,8.054712,4.6978865,3.35682553302002
2.5,100.5,13602255.0,8.004867,4.0467215,3.9581455415649422
2.5,101.5,13602255.0,3.9338205,1.9854298,1.9483907362060546
2.5,102.5,13602255.0,1.6420491,1.9730163,-0.33096716205444343
2.5,103.5,13602255.0,1.8802117,2.2131124,-0.3329006542785644
2.5,104.5,13602255.0,1.6375308,2.221187,-0.5836563147155762
2.5,105.5,13602255.0,0.7931439,1.7991308,-1.0059868973861694
2.5,106.5,13602255.0,0.73509955,1.7176814,-0.9825818579284668
2.5,107.5,13602255.0,2.4200692,1.9011034,0.5189658226577758
2.5,108.5,13602255.0,6.942178,3.4629025,3.479275454071045
2.5,109.5,13602255.0,8.542792,5.045681,3.497111000244141
2.5,110.5,13602255.0,5.4499865,4.0941057,1.35588077947998
2.5,111.5,13602255.0,1.1643426,2.8134851,-1.6491425455688478
2.5,112.5,13602255.0,0.17501755,1.1676894,-0.9926718926345826
2.5,113.5,13602255.0,0.0022922452,0.26172656,-0.2594343130084656
2.5,114.5,13602255.0,0.0,0.13748264,-0.1374826431274414
2.5,115.5,13602255.0,0.008035013,0.25527945,-0.24724443860865783
2.5,116.5,13602255.0,0.015680004,0.5501071,-0.5344271174675903
2.5,117.5,13602255.0,0.065343626,0.8081058,-0.7427622003778687
2.5,118.5,13602255.0,0.2893151,0.7292368,-0.43992168159713746
2.5,119.5,13602255.0,0.18402714,0.69788504,-0.5138578964685059
2.5,120.5,13602255.0,0.0,-0.12674208,0.12674207985401154
1.5,30.5,13602255.0,0.0,-0.1131654,0.11316540092229843
1.5,31.5,13602255.0,0.22443789,-0.03559633,0.26003421971882823
1.5,32.5,13602255.0,1.2985538,0.013421867,1.2851319329572202
1.5,33.5,13602255.0,0.33793846,0.062044885,0.2758935749904728
1.5,34.5,13602255.0,0.0,0.004189257,-0.0041892570443451405
1.5,35.5,13602255.0,0.0,-0.07826221,0.07826220989227295
1.5,36.5,13602255.0,0.0,-0.08697554,0.08697553724050522
1.5,37.5,13602255.0,0.0,-0.119924754,0.11992475390434265
1.5,38.5,13602255.0,0.0,-0.14532796,0.14532795548439026
1.5,39.5,13602255.0,0.0,-0.14792806,0.14792805910110474
1.5,40.5,13602255.0,0.0,-0.14168409,0.14168408513069153
1.5,41.5,13602255.0,0.0,-0.15859896,0.15859895944595337
1.5,42.5,13602255.0,0.0,-0.15801387,0.15801386535167694
1.5,43.5,13602255.0,0.0,-0.15917037,0.15917037427425385
1.5,44.5,13602255.0,0.0,-0.14753388,0.14753387868404388
1.5,45.5,13602255.0,0.0,-0.116719425,0.11671942472457886
1.5,46.5,13602255.0,0.0,-0.038626835,0.038626834750175476
1.5,47.5,13602255.0,0.0,-0.016193373,0.016193373128771782
1.5,48.5,13602255.0,0.0,-0.01815409,0.018154090270400047
1.5,49.5,13602255.0,0.0,-0.099381596,0.09938159584999084
1.5,50.5,13602255.0,0.0,-0.09761398,0.09761398285627365
1.5,51.5,13602255.0,0.0,-0.118427955,0.11842795461416245
1.5,52.5,13602255.0,0.0,-0.118427955,0.11842795461416245
1.5,53.5,13602255.0,0.0,-0.11725451,0.11725451052188873
1.5,54.5,13602255.0,0.0,-0.11614524,0.11614523828029633
1.5,55.5,13602255.0,0.0,-0.12133302,0.12133301794528961
1.5,56.5,13602255.0,0.0,-0.12213014,0.1221301406621933
1.5,57.5,13602255.0,0.0,-0.12213014,0.1221301406621933
1.5,58.5,13602255.0,0.0,-0.12213014,0.1221301406621933
1.5,59.5,13602255.0,0.0,-0.116902314,0.11690231412649155
1.5,60.5,13602255.0,0.0,-0.11786479,0.11786478757858276
1.5,61.5,13602255.0,0.0,-0.11786479,0.11786478757858276
1.5,62.5,13602255.0,0.0,-0.11786479,0.11786478757858276
1.5,63.5,13602255.0,0.0,-0.11786479,0.11786478757858276
1.5,64.5,13602255.0,0.0,-0.11728345,0.11728344857692719
1.5,65.5,13602255.0,0.0,-0.11728345,0.11728344857692719
1.5,66.5,13602255.0,0.0,-0.11428388,0.11428388208150864
1.5,67.5,13602255.0,0.0,-0.11348035,0.1134803518652916
1.5,68.5,13602255.0,0.0,-0.11419942,0.11419942229986191
1.5,69.5,13602255.0,0.0,-0.107478835,0.10747883468866348
1.5,70.5,13602255.0,0.0,-0.09629903,0.09629902988672256
1.5,71.5,13602255.0,0.0,-0.013241058,0.013241058215498924
1.5,72.5,13602255.0,0.0,-0.056373317,0.056373316794633865
1.5,73.5,13602255.0,0.0,-0.051133186,0.051133185625076294
1.5,74.5,13602255.0,0.0,-0.050930202,0.0509302020072937
1.5,75.5,13602255.0,0.0,-0.050115447,0.050115447491407394
1.5,76.5,13602255.0,0.0,-0.008865204,0.008865203708410263
1.5,77.5,13602255.0,0.0,0.12639315,-0.1263931542634964
1.5,78.5,13602255.0,0.0,0.15958634,-0.1595863401889801
1.5,79.5,13602255.0,0.0,0.05489746,-0.05489746108651161
1.5,80.5,13602255.0,0.0,0.054163422,-0.05416342243552208
1.5,81.5,13602255.0,0.0,0.3143926,-0.3143925964832306
1.5,82.5,13602255.0,0.00046035816,0.6279553,-0.6274949593372534
1.5,83.5,13602255.0,0.07406275,0.31404474,-0.2399819937763214
1.5,84.5,13602255.0,0.75994027,0.32897395,0.4309663210444641
1.5,85.5,13602255.0,1.7521365,1.7476629,0.004473598121643052
1.5,86.5,13602255.0,3.2439916,2.6046467,0.6393449172607424
1.5,87.5,13602255.0,1.5070927,3.11011,-1.60301734447937
1.5,88.5,13602255.0,1.4392674,3.3992062,-1.9599387614990234
1.5,89.5,13602255.0,1.8924028,3.2842855,-1.3918827453491212
1.5,90.5,13602255.0,0.86294794,2.4089105,-1.5459625729241944
1.5,91.5,13602255.0,0.75093615,2.3814542,-1.6305180793548584
1.5,92.5,13602255.0,1.8011284,2.9505816,-1.1494531505981445
1.5,93.5,13602255.0,3.188906,3.2127187,-0.023812725204467977
1.5,94.5,13602255.0,6.3071947,3.731145,2.576049794909668
1.5,95.5,13602255.0,7.1245484,4.6241198,2.500428641394043
1.5,96.5,13602255.0,7.512795,4.39406,3.1187348651123044
1.5,97.5,13602255.0,5.9229007,4.144594,1.7783065074951168
1.5,98.5,13602255.0,4.5932417,3.7323098,0.8609318817321778
1.5,99.5,13602255.0,1.7795285,3.5258873,-1.7463587509002685
1.5,100.5,13602255.0,1.4215128,2.6440067,-1.2224939291259767
1.5,101.5,13602255.0,0.31191438,1.0024108,-0.6904963894625855
1.5,102.5,13602255.0,0.25303212,1.4318918,-1.1788596789730834
1.5,103.5,13602255.0,0.8383357,2.2752554,-1.4369197416656494
1.5,104.5,13602255.0,3.3011312,2.707983,0.5931481830322265
1.5,105.5,13602255.0,1.8143029,1.6885097,0.12579319731750482
1.5,106.5,13602255.0,0.29993632,1.0811591,-0.7812227948376465
1.5,107.5,13602255.0,1.5719379,1.1492034,0.42273448031463623
1.5,108.5,13602255.0,2.7458918,1.8038968,0.9419950152175902
1.5,109.5,13602255.0,2.811212,2.444801,0.3664109078521727
1.5,110.5,13602255.0,1.3958814,1.721502,-0.32562054644927985
1.5,111.5,13602255.0,0.37166655,1.2654388,-0.8937722450897216
1.5,112.5,13602255.0,0.007742568,0.32227215,-0.3145295837086029
1.5,113.5,13602255.0,0.0038278492,-0.15472804,0.158555889299144
1.5,114.5,13602255.0,0.0,-0.17415467,0.17415466904640198
1.5,115.5,13602255.0,0.0025230777,0.1255022,-0.12297912123455505
1.5,116.5,13602255.0,0.019384606,0.4809236,-0.461538987044281
1.5,117.5,13602255.0,0.008438012,0.65549123,-0.6470532208720092
1.5,118.5,13602255.0,0.036743656,0.55497265,-0.5182289926206055
1.5,119.5,13602255.0,0.020382611,0.4833073,-0.46292469099813843
1.5,120.5,13602255.0,0.0,-0.28612116,0.2861211597919464
0.5,30.5,13602255.0,0.0,0.011788081,-0.011788081377744675
0.5,31.5,13602255.0,0.013494146,0.08585333,-0.07235918479099655
0.5,32.5,13602255.0,0.07264722,0.13487142,-0.06222420324447632
0.5,33.5,13602255.0,0.015657384,0.18349439,-0.16783700505715943
0.5,34.5,13602255.0,0.0,0.13509284,-0.1350928395986557
0.5,35.5,13602255.0,0.0,0.07794081,-0.07794080674648285
0.5,36.5,13602255.0,0.0,0.0692275,-0.06922750174999237
0.5,37.5,13602255.0,0.0,0.03627819,-0.03627818822860718
0.5,38.5,13602255.0,0.0,0.010875016,-0.010875016450881958
0.5,39.5,13602255.0,0.0,0.008274915,-0.00827491469681263
0.5,40.5,13602255.0,0.0,0.014518889,-0.014518888667225838
0.5,41.5,13602255.0,0.0,-0.0023959535,0.002395953517407179
0.5,42.5,13602255.0,0.0,-0.001810852,0.0018108519725501537
0.5,43.5,13602255.0,0.0,-0.0029673423,0.0029673422686755657
0.5,44.5,13602255.0,0.0,0.008669144,-0.008669143542647362
0.5,45.5,13602255.0,0.0,0.039483495,-0.03948349505662918
0.5,46.5,13602255.0,0.0,0.117576174,-0.11757617443799973
0.5,47.5,13602255.0,0.0,0.14000952,-0.14000952243804932
0.5,48.5,13602255.0,0.0,0.1380488,-0.13804879784584045
0.5,49.5,13602255.0,0.0,0.05682142,-0.056821420788764954
0.5,50.5,13602255.0,0.0,0.058589004,-0.05858900398015976
0.5,51.5,13602255.0,0.0,0.03777498,-0.03777498006820679
0.5,52.5,13602255.0,0.0,0.03777498,-0.03777498006820679
0.5,53.5,13602255.0,0.0,0.03894843,-0.038948431611061096
0.5,54.5,13602255.0,0.0,0.040057704,-0.0400577038526535
0.5,55.5,13602255.0,0.0,0.034869924,-0.03486992418766022
0.5,56.5,13602255.0,0.0,0.03407281,-0.03407280892133713
0.5,57.5,13602255.0,0.0,0.03407281,-0.03407280892133713
0.5,58.5,13602255.0,0.0,0.03407281,-0.03407280892133713
0.5,59.5,13602255.0,0.0,0.039300643,-0.039300642907619476
0.5,60.5,13602255.0,0.0,0.03833817,-0.03833816945552826
0.5,61.5,13602255.0,0.0,0.03833817,-0.03833816945552826
0.5,62.5,13602255.0,0.0,0.03833817,-0.03833816945552826
0.5,63.5,13602255.0,0.0,0.03833817,-0.03833816945552826
0.5,64.5,13602255.0,0.0,0.03891951,-0.03891950845718384
0.5,65.5,13602255.0,0.0,0.03891951,-0.03891950845718384
0.5,66.5,13602255.0,0.0,0.041919082,-0.04191908240318298
0.5,67.5,13602255.0,0.0,0.04272265,-0.04272264987230301
0.5,68.5,13602255.0,0.0,0.042003572,-0.0420035719871521
0.5,69.5,13602255.0,0.0,0.048724145,-0.04872414469718933
0.5,70.5,13602255.0,0.0,0.05990398,-0.05990397930145264
0.5,71.5,13602255.0,0.0,0.14296189,-0.14296188950538635
0.5,72.5,13602255.0,0.0,0.099829674,-0.09982967376708984
0.5,73.5,13602255.0,0.0,0.10506983,-0.1050698310136795
0.5,74.5,13602255.0,0.0,0.105272815,-0.1052728146314621
0.5,75.5,13602255.0,0.0,0.10608761,-0.10608761012554169
0.5,76.5,13602255.0,0.0,0.14733781,-0.14733780920505524
0.5,77.5,13602255.0,0.0,0.28597412,-0.2859741151332855
0.5,78.5,13602255.0,0.0,0.31916717,-0.3191671669483185
0.5,79.5,13602255.0,0.0,0.21447828,-0.2144782841205597
0.5,80.5,13602255.0,0.0,0.21374421,-0.21374420821666718
0.5,81.5,13602255.0,0.0,0.44844237,-0.44844236969947815
0.5,82.5,13602255.0,0.0,0.83826375,-0.838263750076294
0.5,83.5,13602255.0,0.0075259274,0.45589566,-0.44836973490773924
0.5,84.5,13602255.0,0.29098248,0.45789543,-0.166912947942276
0.5,85.5,13602255.0,1.4073491,1.811782,-0.4044329024490356
0.5,86.5,13602255.0,4.102872,2.6946409,1.4082311251373287
0.5,87.5,13602255.0,5.2928634,3.200104,2.092759401815796
0.5,88.5,13602255.0,5.773905,3.4728663,2.3010387032318116
0.5,89.5,13602255.0,6.058152,3.2985816,2.7595703998107908
0.5,90.5,13602255.0,1.8421748,2.6348915,-0.7927167100097656
0.5,91.5,13602255.0,0.946292,2.6074347,-1.6611427496032714
0.5,92.5,13602255.0,4.2893825,2.9881647,1.301217836685181
0.5,93.5,13602255.0,4.6388917,3.149283,1.4896087677185061
0.5,94.5,13602255.0,5.0223794,3.6368895,1.3854899422973634
0.5,95.5,13602255.0,7.7224565,4.4525084,3.2699480504455565
0.5,96.5,13602255.0,4.923415,4.2224474,0.7009676046752933
0.5,97.5,13602255.0,4.53324,4.0459213,0.4873186743164064
0.5,98.5,13602255.0,4.399108,3.5937538,0.8053541853027344
0.5,99.5,13602255.0,1.0400931,3.1896837,-2.149590575765991
0.5,100.5,13602255.0,0.0,2.307803,-2.30780291557312
0.5,101.5,13602255.0,0.0,0.9743499,-0.9743499159812927
0.5,102.5,13602255.0,0.22453423,1.3970687,-1.172534508937378
0.5,103.5,13602255.0,1.8387694,2.2847784,-0.4460089565521239
0.5,104.5,13602255.0,4.762297,3.0910819,1.6712151423187258
0.5,105.5,13602255.0,1.9644127,1.8420297,0.12238300925750734
0.5,106.5,13602255.0,0.072341554,0.9214534,-0.8491118623475037
0.5,107.5,13602255.0,0.38742375,0.72677976,-0.3393560089302063
0.5,108.5,13602255.0,0.290954,1.2338643,-0.9429103074035645
0.5,109.5,13602255.0,0.28237823,1.12351,-0.8411317730899048
0.5,110.5,13602255.0,0.07407689,0.90875363,-0.8346767434991456
0.5,111.5,13602255.0,0.0,1.0142919,-1.0142918825149536
0.5,112.5,13602255.0,0.005130366,0.40463418,-0.39950381168478394
0.5,113.5,13602255.0,0.012351468,0.28690848,-0.27455700954478457
0.5,114.5,13602255.0,0.707576,0.47965595,0.2279200487384796
0.5,115.5,13602255.0,1.742918,1.3301618,0.4127561900787353
0.5,116.5,13602255.0,1.6098013,1.8626478,-0.25284647183532716
0.5,117.5,13602255.0,1.7149616,1.9501996,-0.23523800403442374
0.5,118.5,13602255.0,1.8097084,1.20389,0.6058184339889527
0.5,119.5,13602255.0,1.1625881,1.1322246,0.030363540216064466
0.5,120.5,13602255.0,0.0,-0.005861085,0.005861084908246994
-0.5,30.5,13602255.0,0.0,-0.039218824,0.03921882435679436
-0.5,31.5,13602255.0,0.0,0.034846354,-0.03484635427594185
-0.5,32.5,13602255.0,0.0,0.083864614,-0.08386461436748505
-0.5,33.5,13602255.0,0.0,0.13248755,-0.13248755037784576
-0.5,34.5,13602255.0,0.0,0.08408597,-0.08408597111701965
-0.5,35.5,13602255.0,0.0,0.026933867,-0.02693386748433113
-0.5,36.5,13602255.0,0.0,0.018220514,-0.018220514059066772
-0.5,37.5,13602255.0,0.0,-0.014728655,0.014728655107319355
-0.5,38.5,13602255.0,0.0,-0.04013191,0.040131911635398865
-0.5,39.5,13602255.0,0.0,-0.042732015,0.04273201525211334
-0.5,40.5,13602255.0,0.0,-0.03648805,0.03648804873228073
-0.5,41.5,13602255.0,0.0,-0.053402886,0.05340288579463959
-0.5,42.5,13602255.0,0.0,-0.052817784,0.05281778424978256
-0.5,43.5,13602255.0,0.0,-0.053974293,0.05397429317235947
-0.5,44.5,13602255.0,0.0,-0.042337768,0.04233776777982712
-0.5,45.5,13602255.0,0.0,-0.011523451,0.01152345072478056
-0.5,46.5,13602255.0,0.0,0.066569194,-0.06656919419765472
-0.5,47.5,13602255.0,0.0,0.0890027,-0.08900269865989685
-0.5,48.5,13602255.0,0.0,0.08704199,-0.08704198896884918
-0.5,49.5,13602255.0,0.0,0.005814465,-0.00581446522846818
-0.5,50.5,13602255.0,0.0,0.0075820894,-0.007582089398056269
-0.5,51.5,13602255.0,0.0,-0.013231899,0.013231898657977581
-0.5,52.5,13602255.0,0.0,-0.013231899,0.013231898657977581
-0.5,53.5,13602255.0,0.0,-0.012058451,0.01205845084041357
-0.5,54.5,13602255.0,0.0,-0.01094918,0.010949180461466312
-0.5,55.5,13602255.0,0.0,-0.016136967,0.01613696664571762
-0.5,56.5,13602255.0,0.0,-0.016934074,0.016934074461460114
-0.5,57.5,13602255.0,0.0,-0.008667893,0.008667892776429653
-0.5,58.5,13602255.0,0.0,-0.008667893,0.008667892776429653
-0.5,59.5,13602255.0,0.010152384,-0.0034400632,0.013592447213929534
-0.5,60.5,13602255.0,0.020116488,-0.0044025313,0.024519019310915945
-0.5,61.5,13602255.0,0.0021904767,-0.0044025313,0.006593008010915947
-0.5,62.5,13602255.0,0.0035238105,-0.0044025313,0.007926341810915947
-0.5,63.5,13602255.0,0.0,-0.0044025313,0.004402531310915947
-0.5,64.5,13602255.0,0.0,-0.003821194,0.003821193939074874
-0.5,65.5,13602255.0,0.11683815,-0.003821194,0.12065934393907488
-0.5,66.5,13602255.0,0.27304894,-0.00082163454,0.273870574544991
-0.5,67.5,13602255.0,0.03998094,-1.8083374e-05,0.039999023374015986
-0.5,68.5,13602255.0,1.8367347e-05,-0.0007371515,0.0007555188272798628
-0.5,69.5,13602255.0,0.0,0.0059834123,-0.005983412265777588
-0.5,70.5,13602255.0,0.0,0.031495057,-0.03149505704641342
-0.5,71.5,13602255.0,0.0,0.1308035,-0.13080349564552307
-0.5,72.5,13602255.0,0.0,0.087671176,-0.0876711755990982
-0.5,73.5,13602255.0,0.0,0.092911325,-0.09291132539510727
-0.5,74.5,13602255.0,0.0,0.09311432,-0.09311431646347046
-0.5,75.5,13602255.0,0.0,0.09392909,-0.09392908960580826
-0.5,76.5,13602255.0,0.0,0.13517937,-0.13517937064170837
-0.5,77.5,13602255.0,0.0,0.44484428,-0.4448442757129669
-0.5,78.5,13602255.0,0.0,0.5209333,-0.5209332704544067
-0.5,79.5,13602255.0,0.0,0.41624427,-0.4162442684173584
-0.5,80.5,13602255.0,0.0,0.3277307,-0.3277306854724884
-0.5,81.5,13602255.0,0.0,0.501125,-0.5011249780654907
-0.5,82.5,13602255.0,0.0,0.89094645,-0.8909464478492737
-0.5,83.5,13602255.0,0.0,0.44588065,-0.445880651473999
-0.5,84.5,13602255.0,0.009333336,0.44788063,-0.43854728972479246
-0.5,85.5,13602255.0,0.008723811,1.3030876,-1.2943637811249389
-0.5,86.5,13602255.0,0.90830445,2.0288022,-1.120497706448364
-0.5,87.5,13602255.0,4.855055,2.4370139,2.418041135482788
-0.5,88.5,13602255.0,4.6595426,2.7097764,1.9497661984802246
-0.5,89.5,13602255.0,2.9477117,2.5106654,0.43704628328247086
-0.5,90.5,13602255.0,1.5042057,1.939722,-0.43551624194793703
-0.5,91.5,13602255.0,0.2448806,1.912265,-1.6673843431228637
-0.5,92.5,13602255.0,0.20550744,2.1645489,-1.959041433901367
-0.5,93.5,13602255.0,0.30830407,2.2639985,-1.9556944384533692
-0.5,94.5,13602255.0,1.7308383,2.523173,-0.7923347937957763
-0.5,95.5,13602255.0,5.583601,3.3387904,2.2448105832824705
-0.5,96.5,13602255.0,5.673129,3.1087306,2.564398445419312
-0.5,97.5,13602255.0,3.0316715,3.064176,-0.03250458261108413
-0.5,98.5,13602255.0,2.1479802,2.698651,-0.5506708753631591
-0.5,99.5,13602255.0,1.6375531,2.4978788,-0.8603256899017333
-0.5,100.5,13602255.0,0.4253151,1.8289278,-1.403612655355835
-0.5,101.5,13602255.0,0.0,0.9005649,-0.9005649089813232
-0.5,102.5,13602255.0,0.7234671,1.7485279,-1.0250607844833373
-0.5,103.5,13602255.0,5.168627,2.602073,2.5665540458221434
-0.5,104.5,13602255.0,7.9890194,3.7690835,4.219935900091553
-0.5,105.5,13602255.0,5.120027,2.0874104,3.032616550018311
-0.5,106.5,13602255.0,0.8047083,0.8956688,-0.09096050464553829
-0.5,107.5,13602255.0,0.31279162,0.7009946,-0.388202990786438
-0.5,108.5,13602255.0,1.6487106,1.0783834,0.5703271542602539
-0.5,109.5,13602255.0,0.6024001,1.1627364,-0.5603363158630371
-0.5,110.5,13602255.0,0.0,1.0812466,-1.0812466144561768
-0.5,111.5,13602255.0,0.00050526316,1.0613104,-1.0608051473395728
-0.5,112.5,13602255.0,0.009066669,0.6392171,-0.6301504096857605
-0.5,113.5,13602255.0,0.06417701,0.72705823,-0.662881221830597
-0.5,114.5,13602255.0,0.5174763,1.0726763,-0.5552000010025024
-0.5,115.5,13602255.0,2.8331532,3.1305325,-0.29737930312805183
-0.5,116.5,13602255.0,5.691779,4.5325623,1.1592167441406254
-0.5,117.5,13602255.0,5.3024473,4.655495,0.6469521332214354
-0.5,118.5,13602255.0,4.304846,3.3211691,0.9836768620452885
-0.5,119.5,13602255.0,5.803713,3.0740333,2.729679739654541
-0.5,120.5,13602255.0,0.0,1.8286301,-1.8286300897598267
-1.5,30.5,13602255.0,0.0141067915,0.04477809,-0.030671298470350265
-1.5,31.5,13602255.0,0.0,0.11884327,-0.11884327232837677
-1.5,32.5,13602255.0,0.0,0.1678615,-0.16786150634288788
-1.5,33.5,13602255.0,0.0,0.2164845,-0.21648450195789337
-1.5,34.5,13602255.0,0.0,0.16808292,-0.16808292269706726
-1.5,35.5,13602255.0,0.0025515282,0.09913425,-0.09658272327533417
-1.5,36.5,13602255.0,0.009975737,0.072668225,-0.06269248757313538
-1.5,37.5,13602255.0,0.00025067697,0.03004343,-0.029792753656392366
-1.5,38.5,13602255.0,0.0,0.004640202,-0.004640202037990093
-1.5,39.5,13602255.0,0.0,0.0020401007,-0.0020401007495820522
-1.5,40.5,13602255.0,0.0,0.008284077,-0.008284077048301697
-1.5,41.5,13602255.0,0.0,-0.008630764,0.008630763739347458
-1.5,42.5,13602255.0,0.0,-0.008045663,0.008045663125813007
-1.5,43.5,13602255.0,0.0,-0.009202176,0.00920217577368021
-1.5,44.5,13602255.0,0.0,0.0024343408,-0.0024343407712876797
-1.5,45.5,13602255.0,0.0,0.033248715,-0.03324871510267258
-1.5,46.5,13602255.0,0.0,0.111341454,-0.1113414540886879
-1.5,47.5,13602255.0,0.0,0.13377486,-0.13377486169338226
-1.5,48.5,13602255.0,0.0,0.13181412,-0.1318141222000122
-1.5,49.5,13602255.0,0.0,0.05058661,-0.05058661103248596
-1.5,50.5,13602255.0,0.0,0.04659278,-0.04659277945756912
-1.5,51.5,13602255.0,0.0,0.025778813,-0.025778813287615776
-1.5,52.5,13602255.0,0.0,0.025778813,-0.025778813287615776
-1.5,53.5,13602255.0,0.0,0.026952257,-0.026952257379889488
-1.5,54.5,13602255.0,0.0,0.028061531,-0.028061531484127045
-1.5,55.5,13602255.0,0.0,0.02287375,-0.02287374995648861
-1.5,56.5,13602255.0,0.0,0.02207663,-0.022076629102230072
-1.5,57.5,13602255.0,0.0,0.030342825,-0.03034282475709915
-1.5,58.5,13602255.0,0.090468705,0.030342825,0.060125880242900845
-1.5,59.5,13602255.0,0.31003788,0.035570644,0.2744672361577797
-1.5,60.5,13602255.0,0.06396165,0.034608178,0.02935347215929031
-1.5,61.5,13602255.0,0.012233974,0.034608178,-0.022374203840709685
-1.5,62.5,13602255.0,0.019061642,0.034608178,-0.015546535840709686
-1.5,63.5,13602255.0,0.0,0.034608178,-0.034608177840709686
-1.5,64.5,13602255.0,0.0,0.035189517,-0.035189516842365265
-1.5,65.5,13602255.0,0.24918272,0.035189517,0.21399320315763473
-1.5,66.5,13602255.0,1.2223473,0.038189076,1.1841582241127968
-1.5,67.5,13602255.0,1.5512196,0.03899263,1.512226971544838
-1.5,68.5,13602255.0,0.33999798,0.038273565,0.30172441452882764
-1.5,69.5,13602255.0,0.0,0.04499416,-0.044994160532951355
-1.5,70.5,13602255.0,0.0,0.0705058,-0.07050579786300659
-1.5,71.5,13602255.0,0.0,0.16981417,-0.16981416940689087
-1.5,72.5,13602255.0,0.0,0.12668188,-0.1266818791627884
-1.5,73.5,13602255.0,0.0,0.131922,-0.13192200660705566
-1.5,74.5,13602255.0,0.0,0.132125,-0.13212500512599945
-1.5,75.5,13602255.0,0.0,0.13293979,-0.13293978571891785
-1.5,76.5,13602255.0,0.0,0.17419012,-0.17419011890888214
-1.5,77.5,13602255.0,0.0,0.5265928,-0.5265927910804749
-1.5,78.5,13602255.0,0.0,0.60268176,-0.6026817560195923
-1.5,79.5,13602255.0,0.0,0.49799284,-0.4979928433895111
-1.5,80.5,13602255.0,0.003390477,0.40947902,-0.406088545026062
-1.5,81.5,13602255.0,0.61868715,0.57906437,0.03962278079833981
-1.5,82.5,13602255.0,1.8802868,0.850758,1.0295287838905334
-1.5,83.5,13602255.0,0.26961064,0.4806411,-0.21103045683036803
-1.5,84.5,13602255.0,0.067278944,0.47793105,-0.41065210844636535
-1.5,85.5,13602255.0,0.5179452,0.63049304,-0.11254784485321045
-1.5,86.5,13602255.0,0.5331212,0.83280516,-0.2996839567077637
-1.5,87.5,13602255.0,0.7011153,0.987564,-0.28644872730941773
-1.5,88.5,13602255.0,1.4475566,1.2603259,0.1872306913391113
-1.5,89.5,13602255.0,2.5240886,1.0612162,1.4628723648391722
-1.5,90.5,13602255.0,0.8770806,0.71225667,0.16482393000183104
-1.5,91.5,13602255.0,1.7810761,0.7505863,1.0304898287139892
-1.5,92.5,13602255.0,0.5013128,0.9230337,-0.4217209142944336
-1.5,93.5,13602255.0,0.25518918,1.0224843,-0.7672951225207519
-1.5,94.5,13602255.0,0.64418143,0.98087573,-0.3366943005145263
-1.5,95.5,13602255.0,0.3964799,1.3607521,-0.9642722057128906
-1.5,96.5,13602255.0,0.1400685,1.1118977,-0.9718292069854736
-1.5,97.5,13602255.0,0.5516765,1.0673419,-0.5156654237136841
-1.5,98.5,13602255.0,0.93016934,1.1265568,-0.1963874141122437
-1.5,99.5,13602255.0,2.158248,1.179018,0.9792299793701171
-1.5,100.5,13602255.0,0.91624975,0.7979689,0.11828082595443723
-1.5,101.5,13602255.0,0.0058158333,0.801441,-0.7956251805130188
-1.5,102.5,13602255.0,1.3142457,2.0895982,-0.7753524788635253
-1.5,103.5,13602255.0,3.9595692,2.8357372,1.123831971606445
-1.5,104.5,13602255.0,7.330085,4.073685,3.2563998307800297
-1.5,105.5,13602255.0,6.023031,2.7837532,3.2392778433380123
-1.5,106.5,13602255.0,0.87921214,1.491131,-0.6119188080667114
-1.5,107.5,13602255.0,0.1318094,1.2964576,-1.1646482482772826
-1.5,108.5,13602255.0,0.2741956,1.4136165,-1.1394209380477904
-1.5,109.5,13602255.0,0.07173635,1.6355969,-1.5638605213760375
-1.5,110.5,13602255.0,0.0,1.5901852,-1.5901851654052734
-1.5,111.5,13602255.0,0.0016062626,1.7722957,-1.7706894508246827
-1.5,112.5,13602255.0,0.24260022,1.3651866,-1.1225863520748902
-1.5,113.5,13602255.0,0.50974137,1.4105536,-0.9008122045620728
-1.5,114.5,13602255.0,1.5656618,1.8031629,-0.23750113239593507
-1.5,115.5,13602255.0,3.57803,4.0266747,-0.44864474746704097
-1.5,116.5,13602255.0,6.795071,5.3901505,1.4049204529724122
-1.5,117.5,13602255.0,6.5158014,5.4892583,1.0265431106628418
-1.5,118.5,13602255.0,4.9783444,4.2541423,0.7242021156066896
-1.5,119.5,13602255.0,4.4992003,3.9751537,0.5240466153839112
-1.5,120.5,13602255.0,0.0,2.6004508,-2.6004507541656494
-2.5,30.5,13602255.0,0.30694723,-0.03289957,0.33984679972002985
-2.5,31.5,13602255.0,0.0,0.029557716,-0.029557716101408005
-2.5,32.5,13602255.0,0.0,0.053153485,-0.05315348505973816
-2.5,33.5,13602255.0,0.0,0.10486271,-0.10486271232366562
-2.5,34.5,13602255.0,0.0,0.056461215,-0.056461215019226074
-2.5,35.5,13602255.0,0.009150879,-0.01248755,0.021638429266087056
-2.5,36.5,13602255.0,0.030106297,-0.052657098,0.08276339457804871
-2.5,37.5,13602255.0,0.00044137935,-0.10492236,0.1053637410219246
-2.5,38.5,13602255.0,0.0,-0.13032559,0.130325585603714
-2.5,39.5,13602255.0,0.0,-0.1329257,0.13292570412158966
-2.5,40.5,13602255.0,0.0,-0.12668169,0.12668168544769287
-2.5,41.5,13602255.0,0.0,-0.14359652,0.14359651505947113
-2.5,42.5,13602255.0,0.0,-0.14301142,0.1430114209651947
-2.5,43.5,13602255.0,0.0,-0.14416793,0.1441679298877716
-2.5,44.5,13602255.0,0.0,-0.1325315,0.13253149390220642
-2.5,45.5,13602255.0,0.0,-0.101717055,0.10171705484390259
-2.5,46.5,13602255.0,0.0,-0.023624485,0.023624485358595848
-2.5,47.5,13602255.0,0.0,0.0048928307,-0.004892830736935139
-2.5,48.5,13602255.0,0.0,0.002932114,-0.0029321140609681606
-2.5,49.5,13602255.0,0.0,-0.08437921,0.08437921106815338
-2.5,50.5,13602255.0,0.0,-0.08837298,0.08837298303842545
-2.5,51.5,13602255.0,0.0,-0.120904796,0.12090479582548141
-2.5,52.5,13602255.0,0.0,-0.120904796,0.12090479582548141
-2.5,53.5,13602255.0,0.0,-0.11973134,0.11973133683204651
-2.5,54.5,13602255.0,0.0,-0.118622065,0.1186220645904541
-2.5,55.5,13602255.0,0.0,-0.12380982,0.1238098219037056
-2.5,56.5,13602255.0,0.01513846,-0.124606945,0.13974540462060928
-2.5,57.5,13602255.0,0.26160008,-0.11634078,0.3779408587680626
-2.5,58.5,13602255.0,0.35960406,-0.11634078,0.4759448387680626
-2.5,59.5,13602255.0,0.3220219,-0.11111296,0.43313485968294146
-2.5,60.5,13602255.0,0.12773348,-0.11207543,0.23980891313503266
-2.5,61.5,13602255.0,0.0,-0.11207543,0.11207543313503265
-2.5,62.5,13602255.0,0.0,-0.11207543,0.11207543313503265
-2.5,63.5,13602255.0,0.0,-0.11207543,0.11207543313503265
-2.5,64.5,13602255.0,0.0,-0.111494094,0.11149409413337708
-2.5,65.5,13602255.0,0.0,-0.111494094,0.11149409413337708
-2.5,66.5,13602255.0,0.010370373,-0.10849453,0.11886490063795853
-2.5,67.5,13602255.0,0.1708337,-0.10769097,0.2785246676194191
-2.5,68.5,13602255.0,0.042692672,-0.10841004,0.1511027100539894
-2.5,69.5,13602255.0,0.0,-0.101689465,0.10168946534395218
-2.5,70.5,13602255.0,0.0,-0.0761779,0.07617790251970291
-2.5,71.5,13602255.0,0.0,0.04031896,-0.04031895846128464
-2.5,72.5,13602255.0,0.0,-0.0028133313,0.0028133313171565533
-2.5,73.5,13602255.0,0.0,0.0024268064,-0.0024268063716590405
-2.5,74.5,13602255.0,0.0,0.002629796,-0.0026297960430383682
-2.5,75.5,13602255.0,0.0,0.0034445676,-0.0034445675555616617
-2.5,76.5,13602255.0,0.0,0.14604346,-0.14604346454143524
-2.5,77.5,13602255.0,0.05455803,0.8590887,-0.8045306888911438
-2.5,78.5,13602255.0,0.13632384,0.990968,-0.8546441489678955
-2.5,79.5,13602255.0,0.0795512,0.8331391,-0.7535879215324401
-2.5,80.5,13602255.0,0.09580715,0.7446257,-0.6488185375991822
-2.5,81.5,13602255.0,3.1067843,0.8670208,2.239763514191437
-2.5,82.5,13602255.0,5.298873,1.1310742,4.16779880986023
-2.5,83.5,13602255.0,0.8998474,0.47195196,0.427895438482666
-2.5,84.5,13602255.0,0.4354087,0.42051193,0.014896768819046002
-2.5,85.5,13602255.0,0.4148473,0.34954298,0.06530432457427976
-2.5,86.5,13602255.0,0.020602059,0.31296855,-0.29236649311257934
-2.5,87.5,13602255.0,0.22876255,0.38382223,-0.1550596824848175
-2.5,88.5,13602255.0,1.3597927,0.5643821,0.7954106237365723
-2.5,89.5,13602255.0,0.71135676,0.36527234,0.3460844168412781
-2.5,90.5,13602255.0,0.11493779,0.063270286,0.05166750427440643
-2.5,91.5,13602255.0,0.5312619,0.10160009,0.4296618118208885
-2.5,92.5,13602255.0,1.0680704,0.26123208,0.8068383219245912
-2.5,93.5,13602255.0,0.4001223,0.31843567,0.08168663105468749
-2.5,94.5,13602255.0,0.24347733,0.2021492,0.041328132540779106
-2.5,95.5,13602255.0,0.10906551,0.37452835,-0.26546283844589236
-2.5,96.5,13602255.0,0.0060471315,0.27287552,-0.2668283861067352
-2.5,97.5,13602255.0,0.01459997,0.22831984,-0.21371986864307405
-2.5,98.5,13602255.0,0.032155547,0.2376222,-0.2054666544427185
-2.5,99.5,13602255.0,0.16774544,0.24100296,-0.07325752199321747
-2.5,100.5,13602255.0,0.050968066,0.057786785,-0.006818719066127778
-2.5,101.5,13602255.0,0.00018550723,0.21954133,-0.2193558189351993
-2.5,102.5,13602255.0,0.09318621,1.1453952,-1.0522089497213745
-2.5,103.5,13602255.0,0.5761671,1.1749895,-0.5988223618988037
-2.5,104.5,13602255.0,1.3958014,2.1108382,-0.7150367748199462
-2.5,105.5,13602255.0,2.2270243,1.4920597,0.7349645923583985
-2.5,106.5,13602255.0,0.7153493,0.8585138,-0.14316447248764042
-2.5,107.5,13602255.0,0.063812755,0.607028,-0.5432152525073242
-2.5,108.5,13602255.0,0.0035056185,0.7205339,-0.7170282889134827
-2.5,109.5,13602255.0,0.03082154,1.1669861,-1.1361645678262329
-2.5,110.5,13602255.0,0.6888829,1.1529158,-0.46403293538055423
-2.5,111.5,13602255.0,1.1471075,1.4246069,-0.2774994192886353
-2.5,112.5,13602255.0,0.11663157,1.0042533,-0.8876216982418823
-2.5,113.5,13602255.0,0.2576127,1.1438457,-0.8862329773757935
-2.5,114.5,13602255.0,1.2009159,1.648805,-0.447889122239685
-2.5,115.5,13602255.0,4.96633,3.9002163,1.0661136589813234
-2.5,116.5,13602255.0,8.1348505,5.143718,2.991132734191895
-2.5,117.5,13602255.0,5.1724997,5.1328645,0.039635224749756226
-2.5,118.5,13602255.0,1.8317007,3.461956,-1.6302553241699218
-2.5,119.5,13602255.0,3.8365371,3.272019,0.5645181905456544
-2.5,120.5,13602255.0,0.0,1.9704841,-1.9704841375350952
-3.5,30.5,13602255.0,0.3911999,0.05486006,0.33633984082808493
-3.5,31.5,13602255.0,0.0,0.11731732,-0.1173173189163208
-3.5,32.5,13602255.0,0.0,0.14091308,-0.14091308414936066
-3.5,33.5,13602255.0,0.0,0.19262244,-0.19262243807315826
-3.5,34.5,13602255.0,0.0,0.14422083,-0.14422082901000977
-3.5,35.5,13602255.0,0.0,0.07527207,-0.07527206838130951
-3.5,36.5,13602255.0,0.0,0.025625324,-0.02562532387673855
-3.5,37.5,13602255.0,0.0,-0.026639909,0.0266399085521698
-3.5,38.5,13602255.0,0.0,-0.052043177,0.05204317718744278
-3.5,39.5,13602255.0,0.0,-0.05464326,0.054643258452415466
-3.5,40.5,13602255.0,0.0,-0.048399307,0.04839930683374405
-3.5,41.5,13602255.0,0.0,-0.06531406,0.06531406193971634
-3.5,42.5,13602255.0,0.0,-0.06472895,0.06472895294427872
-3.5,43.5,13602255.0,0.0,-0.06588548,0.06588547676801682
-3.5,44.5,13602255.0,0.0,-0.05424899,0.05424898862838745
-3.5,45.5,13602255.0,0.0,-0.023434607,0.023434607312083244
-3.5,46.5,13602255.0,0.0,0.054657914,-0.054657913744449615
-3.5,47.5,13602255.0,0.0,0.08317525,-0.08317524939775467
-3.5,48.5,13602255.0,0.0,0.08121453,-0.0812145322561264
-3.5,49.5,13602255.0,0.0,-0.011872025,0.011872025206685066
-3.5,50.5,13602255.0,0.0,-0.015865752,0.01586575247347355
-3.5,51.5,13602255.0,0.0,-0.048397623,0.048397623002529144
-3.5,52.5,13602255.0,0.0,-0.048397623,0.048397623002529144
-3.5,53.5,13602255.0,0.0,-0.04722418,0.04722417891025543
-3.5,54.5,13602255.0,0.0,-0.046114907,0.046114906668663025
-3.5,55.5,13602255.0,0.0,-0.05130267,0.05130267143249512
-3.5,56.5,13602255.0,0.5243218,-0.052099794,0.5764215941493988
-3.5,57.5,13602255.0,0.731234,-0.04383363,0.7750676282968522
-3.5,58.5,13602255.0,0.2110774,-0.04383363,0.2549110282968521
-3.5,59.5,13602255.0,0.00030041725,-0.038605817,0.03890623391231155
-3.5,60.5,13602255.0,0.001218618,-0.039568283,0.04078690066382217
-3.5,61.5,13602255.0,0.0,-0.039568283,0.039568282663822174
-3.5,62.5,13602255.0,0.0,-0.039568283,0.039568282663822174
-3.5,63.5,13602255.0,0.0,-0.039568283,0.039568282663822174
-3.5,64.5,13602255.0,0.0,-0.038986944,0.038986943662166595
-3.5,65.5,13602255.0,0.0,-0.038986944,0.038986943662166595
-3.5,66.5,13602255.0,0.0,-0.026222276,0.02622227557003498
-3.5,67.5,13602255.0,0.0,-0.025418727,0.025418726727366447
-3.5,68.5,13602255.0,0.0,-0.026137793,0.02613779343664646
-3.5,69.5,13602255.0,0.0,-0.019417236,0.019417235627770424
-3.5,70.5,13602255.0,0.0,0.006094418,-0.006094418000429869
-3.5,71.5,13602255.0,0.0,0.122591324,-0.12259132415056229
-3.5,72.5,13602255.0,0.0,0.079459056,-0.0794590562582016
-3.5,73.5,13602255.0,0.0,0.0846992,-0.08469919860363007
-3.5,74.5,13602255.0,0.0,0.08490219,-0.08490218967199326
-3.5,75.5,13602255.0,0.00034897964,0.08571695,-0.08536796827316986
-3.5,76.5,13602255.0,0.015887748,0.51572293,-0.499835182431366
-3.5,77.5,13602255.0,1.5941901,1.2784585,0.3157316239334107
-3.5,78.5,13602255.0,4.7267075,1.4103374,3.3163700518798827
-3.5,79.5,13602255.0,4.4687443,1.2525091,3.216235182873535
-3.5,80.5,13602255.0,2.894327,1.0980278,1.7962991746444703
-3.5,81.5,13602255.0,1.9411482,0.98801804,0.9531301641113281
-3.5,82.5,13602255.0,1.3354075,1.1953611,0.14004636260986336
-3.5,83.5,13602255.0,0.49371433,0.5190495,-0.025335195260925314
-3.5,84.5,13602255.0,0.13918674,0.46760938,-0.32842263571525576
-3.5,85.5,13602255.0,0.07865378,0.35710666,-0.27845287583610534
-3.5,86.5,13602255.0,0.0,0.24128841,-0.24128840863704681
-3.5,87.5,13602255.0,0.011170667,0.3061459,-0.29497523944836423
-3.5,88.5,13602255.0,0.2051846,0.48670545,-0.2815208522037506
-3.5,89.5,13602255.0,0.29664016,0.32712966,-0.030489502036895766
-3.5,90.5,13602255.0,0.049250342,0.03360309,0.01564725120710564
-3.5,91.5,13602255.0,0.005719722,0.071932845,-0.0662131228176384
-3.5,92.5,13602255.0,0.022767738,0.23156515,-0.2087974096383209
-3.5,93.5,13602255.0,0.04853319,0.28876868,-0.2402354889035797
-3.5,94.5,13602255.0,0.018709308,0.18727434,-0.16856502881488036
-3.5,95.5,13602255.0,0.0044373344,0.35965353,-0.3552161981050354
-3.5,96.5,13602255.0,0.0,0.2580007,-0.2580007016658783
-3.5,97.5,13602255.0,0.0,0.21344517,-0.21344517171382904
-3.5,98.5,13602255.0,0.041590054,0.22274753,-0.18115748051347352
-3.5,99.5,13602255.0,0.1373029,0.24046153,-0.10315862830123901
-3.5,100.5,13602255.0,0.21544692,0.07991472,0.13553220113365172
-3.5,101.5,13602255.0,0.17826675,0.30576473,-0.12749798474502563
-3.5,102.5,13602255.0,0.054781057,1.4415009,-1.3867198451759033
-3.5,103.5,13602255.0,0.0,1.5594921,-1.5594921112060547
-3.5,104.5,13602255.0,0.06701349,2.7494926,-2.682479155263672
-3.5,105.5,13602255.0,0.6647112,2.0803504,-1.415639199017334
-3.5,106.5,13602255.0,1.2511537,1.7387794,-0.4876257256210328
-3.5,107.5,13602255.0,1.4010218,1.5471367,-0.14611486439056387
-3.5,108.5,13602255.0,1.9356521,2.2558408,-0.3201886783508301
-3.5,109.5,13602255.0,3.232415,3.388614,-0.15619893928527828
-3.5,110.5,13602255.0,6.400479,3.6923773,2.708101671127319
-3.5,111.5,13602255.0,5.855701,3.9178464,1.937854558731079
-3.5,112.5,13602255.0,2.6149104,2.9514723,-0.3365618824096681
-3.5,113.5,13602255.0,0.6419879,2.1743398,-1.532351871270752
-3.5,114.5,13602255.0,0.48433414,2.0917068,-1.6073726127770995
-3.5,115.5,13602255.0,4.3235064,4.1778107,0.1456957310546878
-3.5,116.5,13602255.0,6.263834,5.2291284,1.034705639251709
-3.5,117.5,13602255.0,2.9928985,5.205689,-2.2127904533996583
-3.5,118.5,13602255.0,2.5249243,3.608368,-1.083443619921875
-3.5,119.5,13602255.0,4.204976,3.449289,0.7556869165191653
-3.5,120.5,13602255.0,0.0,1.9853241,-1.9853241443634033
-4.5,30.5,13602255.0,0.07607176,0.084998816,-0.008927056251754759
-4.5,31.5,13602255.0,0.0047786203,0.15917729,-0.15439866811304778
-4.5,32.5,13602255.0,0.009724678,0.19483761,-0.18511293689391328
-4.5,33.5,13602255.0,0.0040186057,0.23966853,-0.235649927505986
-4.5,34.5,13602255.0,0.03172778,0.1835618,-0.1518340219104004
-4.5,35.5,13602255.0,0.009102441,0.11143947,-0.10233702547644043
-4.5,36.5,13602255.0,0.0014035092,0.061792396,-0.06038888680896835
-4.5,37.5,13602255.0,0.0,0.004368378,-0.004368377849459648
-4.5,38.5,13602255.0,0.0,-0.021034794,0.02103479392826557
-4.5,39.5,13602255.0,0.0,-0.023634914,0.023634914308786392
-4.5,40.5,13602255.0,0.0,-0.017390968,0.017390968278050423
-4.5,41.5,13602255.0,0.0,-0.034305766,0.034305766224861145
-4.5,42.5,13602255.0,0.0,-0.033720657,0.03372065722942352
-4.5,43.5,13602255.0,0.0,-0.034877166,0.03487716615200043
-4.5,44.5,13602255.0,0.0,-0.023240661,0.02324066124856472
-4.5,45.5,13602255.0,0.0,0.007573768,-0.007573768030852079
-4.5,46.5,13602255.0,0.0,0.0856664,-0.08566640317440033
-4.5,47.5,13602255.0,0.0,0.12831363,-0.12831363081932068
-4.5,48.5,13602255.0,0.0,0.12635292,-0.126352921128273
-4.5,49.5,13602255.0,0.0,0.0275117,-0.027511699125170708
-4.5,50.5,13602255.0,0.0,0.023517879,-0.023517878726124763
-4.5,51.5,13602255.0,0.0,-0.0090141315,0.009014131501317024
-4.5,52.5,13602255.0,0.0,-0.0090141315,0.009014131501317024
-4.5,53.5,13602255.0,0.0,-0.007840685,0.007840684615075588
-4.5,54.5,13602255.0,0.0,-0.006731414,0.006731413770467043
-4.5,55.5,13602255.0,0.0,-0.011919184,0.011919183656573296
-4.5,56.5,13602255.0,0.032162756,-0.012716299,0.044879054922896386
-4.5,57.5,13602255.0,0.015757704,-0.012716299,0.028474002922896386
-4.5,58.5,13602255.0,0.0,-0.012716299,0.012716298922896385
-4.5,59.5,13602255.0,0.0,-0.0122485515,0.012248551473021507
-4.5,60.5,13602255.0,0.0,-0.0132110175,0.013211017474532127
-4.5,61.5,13602255.0,0.0,-0.0132110175,0.013211017474532127
-4.5,62.5,13602255.0,0.0,-0.0132110175,0.013211017474532127
-4.5,63.5,13602255.0,0.0,-0.0132110175,0.013211017474532127
-4.5,64.5,13602255.0,0.0,-0.01262968,0.012629680335521698
-4.5,65.5,13602255.0,0.0,-0.01262968,0.012629680335521698
-4.5,66.5,13602255.0,0.0,0.0025200273,-0.0025200273375958204
-4.5,67.5,13602255.0,0.0,0.0033235776,-0.0033235775772482157
-4.5,68.5,13602255.0,0.0,0.002604509,-0.0026045090053230524
-4.5,69.5,13602255.0,0.0,0.009325074,-0.009325074031949043
-4.5,70.5,13602255.0,0.0,0.06847913,-0.06847912818193436
-4.5,71.5,13602255.0,0.0,0.23740186,-0.23740185797214508
-4.5,72.5,13602255.0,0.0,0.21639794,-0.2163979411125183
-4.5,73.5,13602255.0,0.0,0.22163813,-0.22163812816143036
-4.5,74.5,13602255.0,0.0,0.22184108,-0.22184108197689056
-4.5,75.5,13602255.0,0.5104191,0.33826756,0.17215153522644044
-4.5,76.5,13602255.0,1.4258752,0.76827335,0.6576018464233397
-4.5,77.5,13602255.0,2.9541085,1.9958004,0.9583081240615843
-4.5,78.5,13602255.0,2.0765266,2.012177,0.06434960949096658
-4.5,79.5,13602255.0,2.5639687,1.7197108,0.8442578731262209
-4.5,80.5,13602255.0,1.7046465,0.8072199,0.8974265774574279
-4.5,81.5,13602255.0,0.056666758,0.6070309,-0.5503641701349182
-4.5,82.5,13602255.0,0.0,0.7267829,-0.7267829179763794
-4.5,83.5,13602255.0,0.0,0.2614629,-0.26146289706230164
-4.5,84.5,13602255.0,0.0,0.25875282,-0.25875282287597656
-4.5,85.5,13602255.0,0.0,0.2065405,-0.20654049515724182
-4.5,86.5,13602255.0,0.0,0.105386,-0.10538599640130997
-4.5,87.5,13602255.0,0.0,0.15051168,-0.15051168203353882
-4.5,88.5,13602255.0,0.13776404,0.35943425,-0.22167020701690673
-4.5,89.5,13602255.0,0.69944406,0.1998585,0.4995855584464646
-4.5,90.5,13602255.0,0.12124772,-0.08629381,0.2075415291158867
-4.5,91.5,13602255.0,0.006601721,-0.047964014,0.05456573511294937
-4.5,92.5,13602255.0,0.00058604666,0.10547613,-0.10489008686537155
-4.5,93.5,13602255.0,0.2434619,0.13034365,0.11311825418891908
-4.5,94.5,13602255.0,0.04458871,-0.010056013,0.05464472324141025
-4.5,95.5,13602255.0,0.0,0.22321177,-0.22321176528930664
-4.5,96.5,13602255.0,0.0,0.15932268,-0.15932267904281616
-4.5,97.5,13602255.0,0.0,0.11476725,-0.11476725339889526
-4.5,98.5,13602255.0,0.00038012417,0.15839007,-0.15800995079833802
-4.5,99.5,13602255.0,0.25066152,0.18205796,0.06860355817844394
-4.5,100.5,13602255.0,1.2404149,0.25249135,0.9879235450576782
-4.5,101.5,13602255.0,2.9254365,1.0817933,1.8436431917419434
-4.5,102.5,13602255.0,1.4560345,2.8559034,-1.3998688870697023
-4.5,103.5,13602255.0,0.81976104,2.9148645,-2.0951035001000977
-4.5,104.5,13602255.0,0.6597681,4.038305,-3.3785367057556153
-4.5,105.5,13602255.0,3.8530712,4.380187,-0.5271158346069336
-4.5,106.5,13602255.0,7.0903196,5.310699,1.7796206139465331
-4.5,107.5,13602255.0,7.682093,5.649847,2.0322459693603516
-4.5,108.5,13602255.0,8.355948,6.4030237,1.952924280212402
-4.5,109.5,13602255.0,8.265356,7.5317492,0.7336067514953619
-4.5,110.5,13602255.0,8.778462,7.918627,0.859835214721679
-4.5,111.5,13602255.0,8.677358,8.105648,0.5717099592285155
-4.5,112.5,13602255.0,8.140473,6.7675004,1.3729725994567872
-4.5,113.5,13602255.0,5.519351,4.632756,0.8865947667846683
-4.5,114.5,13602255.0,2.5467303,3.6953046,-1.1485743321868895
-4.5,115.5,13602255.0,3.6429513,4.1541033,-0.5111519791137695
-4.5,116.5,13602255.0,5.8632994,4.983353,0.8799462620300291
-4.5,117.5,13602255.0,4.80993,4.959914,-0.1499842074584965
-4.5,118.5,13602255.0,4.16924,3.5126464,0.6565935633087161
-4.5,119.5,13602255.0,1.7970694,2.648624,-0.8515545433288574
-4.5,120.5,13602255.0,0.0,0.47425562,-0.47425562143325806
-5.5,30.5,13602255.0,0.019056885,0.5183804,-0.49932351851867673
-5.5,31.5,13602255.0,0.26532084,0.6626517,-0.3973308776628113
-5.5,32.5,13602255.0,1.0888399,0.7167955,0.3720443959068298
-5.5,33.5,13602255.0,1.1326766,0.7256618,0.40701478578720085
-5.5,34.5,13602255.0,0.9259286,0.60599416,0.3199344350563049
-5.5,35.5,13602255.0,0.068637125,0.46902567,-0.4003885464820862
-5.5,36.5,13602255.0,0.004685716,0.40402186,-0.39933614316900634
-5.5,37.5,13602255.0,0.0,0.34659773,-0.34659773111343384
-5.5,38.5,13602255.0,0.0,0.32119453,-0.32119452953338623
-5.5,39.5,13602255.0,0.0,0.3185944,-0.31859439611434937
-5.5,40.5,13602255.0,0.0,0.3248384,-0.32483839988708496
-5.5,41.5,13602255.0,0.0,0.30792361,-0.3079236149787903
-5.5,42.5,13602255.0,0.0,0.3085087,-0.3085086941719055
-5.5,43.5,13602255.0,0.0,0.30735213,-0.30735212564468384
-5.5,44.5,13602255.0,0.0,0.31898868,-0.3189886808395386
-5.5,45.5,13602255.0,0.0,0.34980303,-0.34980303049087524
-5.5,46.5,13602255.0,0.0,0.4177575,-0.417757511138916
-5.5,47.5,13602255.0,0.0,0.44306868,-0.4430686831474304
-5.5,48.5,13602255.0,0.0,0.44110793,-0.44110792875289917
-5.5,49.5,13602255.0,0.0,0.36534768,-0.365347683429718
-5.5,50.5,13602255.0,0.0,0.3703028,-0.37030279636383057
-5.5,51.5,13602255.0,0.0,0.33777094,-0.337770938873291
-5.5,52.5,13602255.0,0.0,0.33777094,-0.337770938873291
-5.5,53.5,13602255.0,0.0043157274,0.33894444,-0.3346287077196289
-5.5,54.5,13602255.0,0.04741925,0.34005368,-0.2926344275588989
-5.5,55.5,13602255.0,0.0010721169,0.33486593,-0.33379381079622805
-5.5,56.5,13602255.0,0.0,0.33406883,-0.33406883478164673
-5.5,57.5,13602255.0,0.0,0.33406883,-0.33406883478164673
-5.5,58.5,13602255.0,0.0,0.33406883,-0.33406883478164673
-5.5,59.5,13602255.0,0.0,0.33453655,-0.3345365524291992
-5.5,60.5,13602255.0,0.0,0.33357412,-0.333574116230011
-5.5,61.5,13602255.0,0.0,0.33357412,-0.333574116230011
-5.5,62.5,13602255.0,0.0,0.33357412,-0.333574116230011
-5.5,63.5,13602255.0,0.0,0.33357412,-0.333574116230011
-5.5,64.5,13602255.0,0.0,0.33415544,-0.33415544033050537
-5.5,65.5,13602255.0,0.0,0.33415544,-0.33415544033050537
-5.5,66.5,13602255.0,0.0,0.3493052,-0.3493052124977112
-5.5,67.5,13602255.0,0.0,0.35010868,-0.35010868310928345
-5.5,68.5,13602255.0,0.0,0.3493896,-0.34938961267471313
-5.5,69.5,13602255.0,0.0,0.36829484,-0.3682948350906372
-5.5,70.5,13602255.0,0.0,0.4460374,-0.4460374116897583
-5.5,71.5,13602255.0,0.0,0.61496013,-0.6149601340293884
-5.5,72.5,13602255.0,0.0,0.59395605,-0.5939560532569885
-5.5,73.5,13602255.0,0.0,0.59919614,-0.5991961359977722
-5.5,74.5,13602255.0,0.0,0.59939915,-0.5993991494178772
-5.5,75.5,13602255.0,0.048838712,0.73161626,-0.6827775466212158
-5.5,76.5,13602255.0,1.9959862,1.3105158,0.6854704386245727
-5.5,77.5,13602255.0,7.2660403,2.5896394,4.67640087472229
-5.5,78.5,13602255.0,6.855807,2.6060157,4.2497913177795414
-5.5,79.5,13602255.0,2.8553903,2.196743,0.6586472885253905
-5.5,80.5,13602255.0,0.12242957,1.1348791,-1.0124495422436524
-5.5,81.5,13602255.0,0.0,0.9258409,-0.9258409142494202
-5.5,82.5,13602255.0,0.0,1.0455928,-1.0455927848815918
-5.5,83.5,13602255.0,0.0,0.58498853,-0.584988534450531
-5.5,84.5,13602255.0,0.0,0.58227843,-0.5822784304618835
-5.5,85.5,13602255.0,0.0,0.52106774,-0.52106773853302
-5.5,86.5,13602255.0,0.0,0.41991365,-0.419913649559021
-5.5,87.5,13602255.0,0.0,0.44785774,-0.44785773754119873
-5.5,88.5,13602255.0,0.064358726,0.61150765,-0.5471489281900634
-5.5,89.5,13602255.0,0.12732626,0.45226938,-0.32494311532424924
-5.5,90.5,13602255.0,0.0,0.19796947,-0.1979694664478302
-5.5,91.5,13602255.0,0.0,0.23629895,-0.23629894852638245
-5.5,92.5,13602255.0,0.023943922,0.3897391,-0.36579517416470336
-5.5,93.5,13602255.0,0.018703042,0.4146068,-0.39590376761608886
-5.5,94.5,13602255.0,0.004700298,0.3148983,-0.3101980140918274
-5.5,95.5,13602255.0,0.0,0.5497586,-0.5497586131095886
-5.5,96.5,13602255.0,0.0,0.6316265,-0.6316264867782593
-5.5,97.5,13602255.0,0.0,0.58707076,-0.5870707631111145
-5.5,98.5,13602255.0,0.00040818893,0.6441588,-0.6437505916447985
-5.5,99.5,13602255.0,0.3386068,0.80212635,-0.46351954801864625
-5.5,100.5,13602255.0,1.7011291,1.5561695,0.14495959011230464
-5.5,101.5,13602255.0,5.812101,2.9207246,2.8913763696441652
-5.5,102.5,13602255.0,7.468346,5.361585,2.106760859771729
-5.5,103.5,13602255.0,7.457033,5.3925877,2.064445338256836
-5.5,104.5,13602255.0,5.5455556,6.091679,-0.5461234962219237
-5.5,105.5,13602255.0,6.5394897,6.1730523,0.36643738905639633
-5.5,106.5,13602255.0,6.8311787,6.555953,0.2752256741821286
-5.5,107.5,13602255.0,7.976905,6.8008633,1.1760417340087894
-5.5,108.5,13602255.0,7.6085343,7.0536036,0.5549306508605953
-5.5,109.5,13602255.0,8.800266,8.428734,0.37153217431640684
-5.5,110.5,13602255.0,8.991864,8.746127,0.24573687139892542
-5.5,111.5,13602255.0,9.0,8.756003,0.24399662017822266
-5.5,112.5,13602255.0,8.466795,7.415095,1.0517001475524896
-5.5,113.5,13602255.0,6.861884,5.2793536,1.5825303813781737
-5.5,114.5,13602255.0,6.56052,4.415081,2.1454389758300785
-5.5,115.5,13602255.0,4.9096174,4.5984735,0.31114385111084
-5.5,116.5,13602255.0,4.565217,5.2187314,-0.6535144033508304
-5.5,117.5,13602255.0,6.308722,5.2960243,1.0126976774902348
-5.5,118.5,13602255.0,4.3182473,4.1217413,0.1965060051391605
-5.5,119.5,13602255.0,2.2898793,3.0758045,-0.7859251719696045
-5.5,120.5,13602255.0,0.0,0.90143716,-0.9014371633529663
-6.5,30.5,13602255.0,0.23400807,0.5467937,-0.31278562926452635
-6.5,31.5,13602255.0,1.4695774,0.7825601,0.6870172899078368
-6.5,32.5,13602255.0,2.2686784,0.6723391,1.596339318235779
-6.5,33.5,13602255.0,0.97525275,0.6243278,0.35092497118377686
-6.5,34.5,13602255.0,0.54991055,0.45930988,0.09060067403488159
-6.5,35.5,13602255.0,0.013529035,0.30030596,-0.286776927562561
-6.5,36.5,13602255.0,0.0,0.24487118,-0.24487118422985077
-6.5,37.5,13602255.0,0.0,0.18744747,-0.1874474734067917
-6.5,38.5,13602255.0,0.0,0.16204424,-0.1620442420244217
-6.5,39.5,13602255.0,0.0,0.15944417,-0.1594441682100296
-6.5,40.5,13602255.0,0.0,0.16568811,-0.16568811237812042
-6.5,41.5,13602255.0,0.0,0.14877324,-0.14877323806285858
-6.5,42.5,13602255.0,0.0,0.14935835,-0.1493583470582962
-6.5,43.5,13602255.0,0.0,0.14820184,-0.1482018381357193
-6.5,44.5,13602255.0,0.0,0.15983833,-0.15983833372592926
-6.5,45.5,13602255.0,0.22160412,0.1906527,0.030951421721572864
-6.5,46.5,13602255.0,0.22727653,0.27741688,-0.0501403548991394
-6.5,47.5,13602255.0,0.0,0.30272803,-0.3027280271053314
-6.5,48.5,13602255.0,0.0,0.3007673,-0.30076730251312256
-6.5,49.5,13602255.0,0.40142018,0.23211585,0.16930433014743806
-6.5,50.5,13602255.0,1.7866658,0.2370709,1.5495948968179702
-6.5,51.5,13602255.0,0.14157805,0.19474871,-0.05317066456623076
-6.5,52.5,13602255.0,0.0,0.19474871,-0.19474871456623077
-6.5,53.5,13602255.0,0.22124395,0.19592215,0.025321798792076106
-6.5,54.5,13602255.0,1.3130404,0.19703142,1.1160089765504837
-6.5,55.5,13602255.0,0.013959184,0.18902864,-0.17506945162107085
-6.5,56.5,13602255.0,0.0,0.18823151,-0.18823151290416718
-6.5,57.5,13602255.0,0.0,0.18823151,-0.18823151290416718
-6.5,58.5,13602255.0,0.0,0.18823151,-0.18823151290416718
-6.5,59.5,13602255.0,0.0,0.18869926,-0.18869926035404205
-6.5,60.5,13602255.0,0.0,0.1877368,-0.18773679435253143
-6.5,61.5,13602255.0,0.0,0.1877368,-0.18773679435253143
-6.5,62.5,13602255.0,0.0,0.1877368,-0.18773679435253143
-6.5,63.5,13602255.0,0.0,0.1877368,-0.18773679435253143
-6.5,64.5,13602255.0,0.0,0.18831812,-0.18831811845302582
-6.5,65.5,13602255.0,0.00021728394,0.18831812,-0.1881008345130258
-6.5,66.5,13602255.0,0.00051978615,0.20346783,-0.20294804486558685
-6.5,67.5,13602255.0,0.0,0.20427136,-0.2042713612318039
-6.5,68.5,13602255.0,0.0,0.20355229,-0.20355229079723358
-6.5,69.5,13602255.0,0.0,0.22245754,-0.22245754301548004
-6.5,70.5,13602255.0,9.2071605e-05,0.33003372,-0.3299416479346423
-6.5,71.5,13602255.0,0.15873487,0.4889258,-0.3301909446286011
-6.5,72.5,13602255.0,0.8118477,0.467922,0.3439256979228973
-6.5,73.5,13602255.0,0.543238,0.47316217,0.07007582577514648
-6.5,74.5,13602255.0,0.7673093,0.47336516,0.29394414215736386
-6.5,75.5,13602255.0,0.0,0.40247878,-0.40247878432273865
-6.5,76.5,13602255.0,0.20857345,0.73008406,-0.5215106116226196
-6.5,77.5,13602255.0,2.710425,1.7821,0.9283250377655028
-6.5,78.5,13602255.0,3.119542,1.7984763,1.3210656616134644
-6.5,79.5,13602255.0,1.8185292,1.5060098,0.31251938287658687
-6.5,80.5,13602255.0,0.035999995,0.6744789,-0.6384788935116578
-6.5,81.5,13602255.0,0.0,0.5878812,-0.5878812074661255
-6.5,82.5,13602255.0,0.0,0.7076333,-0.7076333165168762
-6.5,83.5,13602255.0,0.0,0.32647815,-0.32647815346717834
-6.5,84.5,13602255.0,0.0,0.32376817,-0.32376816868782043
-6.5,85.5,13602255.0,0.0,0.25766075,-0.25766074657440186
-6.5,86.5,13602255.0,0.0,0.15650651,-0.1565065085887909
-6.5,87.5,13602255.0,0.0,0.18445075,-0.18445074558258057
-6.5,88.5,13602255.0,0.0045359023,0.34810004,-0.34356413408267517
-6.5,89.5,13602255.0,0.0062884795,0.21202731,-0.20573883182507324
-6.5,90.5,13602255.0,0.0,-0.017215539,0.017215538769960403
-6.5,91.5,13602255.0,0.0,0.021114277,-0.021114276722073555
-6.5,92.5,13602255.0,0.0,0.17779435,-0.17779435217380524
-6.5,93.5,13602255.0,0.0,0.20266192,-0.2026619166135788
-6.5,94.5,13602255.0,0.0,0.08291302,-0.08291301876306534
-6.5,95.5,13602255.0,0.0,0.31777257,-0.3177725672721863
-6.5,96.5,13602255.0,0.0,0.3079078,-0.3079077899456024
-6.5,97.5,13602255.0,0.0,0.26335213,-0.2633521258831024
-6.5,98.5,13602255.0,0.0,0.35998812,-0.35998812317848206
-6.5,99.5,13602255.0,0.0,0.5672332,-0.5672332048416138
-6.5,100.5,13602255.0,0.1672846,1.2334702,-1.0661856014923097
-6.5,101.5,13602255.0,4.8168955,2.9741457,1.8427498491363528
-6.5,102.5,13602255.0,8.895077,5.8235874,3.0714895823974615
-6.5,103.5,13602255.0,8.999527,5.7498584,3.249668620635987
-6.5,104.5,13602255.0,8.996255,6.7150354,2.281219561462402
-6.5,105.5,13602255.0,7.002544,5.829869,1.1726752065124515
-6.5,106.5,13602255.0,1.8593076,5.2727637,-3.413456129095459
-6.5,107.5,13602255.0,3.7375689,5.3620415,-1.624472573388672
-6.5,108.5,13602255.0,3.9243958,5.447398,-1.5230023857299804
-6.5,109.5,13602255.0,8.357684,7.002897,1.3547872142639168
-6.5,110.5,13602255.0,8.991389,7.5347095,1.4566795464172362
-6.5,111.5,13602255.0,8.479855,7.1337996,1.3460554470825201
-6.5,112.5,13602255.0,4.8198476,5.0689254,-0.249077780706787
-6.5,113.5,13602255.0,0.94714624,2.754918,-1.8077718584497071
-6.5,114.5,13602255.0,1.2526788,2.3870847,-1.134405922518921
-6.5,115.5,13602255.0,2.3132308,3.0227659,-0.709535074862671
-6.5,116.5,13602255.0,3.4513464,3.5237918,-0.07244539000854511
-6.5,117.5,13602255.0,3.8981946,3.5985594,0.29963522042236335
-6.5,118.5,13602255.0,2.3026464,3.056112,-0.7534656510101319
-6.5,119.5,13602255.0,4.7343225,3.0717795,1.6625430104827883
-6.5,120.5,13602255.0,0.0,1.0914626,-1.0914626121520996
-7.5,30.5,13602255.0,0.27681118,0.98198485,-0.7051736737445069
-7.5,31.5,13602255.0,3.7068193,1.2664187,2.4404006045501707
-7.5,32.5,13602255.0,4.7122655,1.0293132,3.6829522933273315
-7.5,33.5,13602255.0,0.63930434,0.94157267,-0.30226832616821286
-7.5,34.5,13602255.0,0.0,0.76607686,-0.7660768628120422
-7.5,35.5,13602255.0,0.0,0.5085194,-0.5085194110870361
-7.5,36.5,13602255.0,0.0,0.4205954,-0.4205954074859619
-7.5,37.5,13602255.0,0.0,0.22324774,-0.2232477366924286
-7.5,38.5,13602255.0,0.0,0.19784446,-0.197844460606575
-7.5,39.5,13602255.0,0.0,0.19524433,-0.19524432718753815
-7.5,40.5,13602255.0,0.0,0.20148833,-0.20148833096027374
-7.5,41.5,13602255.0,0.0,0.1845734,-0.18457339704036713
-7.5,42.5,13602255.0,0.0,0.18515849,-0.18515849113464355
-7.5,43.5,13602255.0,0.0,0.18400198,-0.18400198221206665
-7.5,44.5,13602255.0,0.0022134716,0.20070416,-0.19849068575244752
-7.5,45.5,13602255.0,0.06083161,0.2505983,-0.18976670142425536
-7.5,46.5,13602255.0,0.026153628,0.35130057,-0.32514693938853456
-7.5,47.5,13602255.0,0.0,0.3766117,-0.37661170959472656
-7.5,48.5,13602255.0,0.0,0.37465099,-0.3746509850025177
-7.5,49.5,13602255.0,0.26969704,0.27988476,-0.010187715611419679
-7.5,50.5,13602255.0,0.7711793,0.24316987,0.5280094260471344
-7.5,51.5,13602255.0,0.043354586,0.2008475,-0.15749292052313232
-7.5,52.5,13602255.0,0.0,0.2008475,-0.20084750652313232
-7.5,53.5,13602255.0,0.017621618,0.20202094,-0.18439932516482543
-7.5,54.5,13602255.0,0.060886417,0.20313022,-0.14224379840641785
-7.5,55.5,13602255.0,0.00016866763,0.19512741,-0.1949587450468112
-7.5,56.5,13602255.0,0.0,0.1943303,-0.19433030486106873
-7.5,57.5,13602255.0,0.0,0.1943303,-0.19433030486106873
-7.5,58.5,13602255.0,0.0,0.1943303,-0.19433030486106873
-7.5,59.5,13602255.0,0.0,0.19479805,-0.1947980523109436
-7.5,60.5,13602255.0,0.0,0.19383557,-0.1938355714082718
-7.5,61.5,13602255.0,0.0,0.19383557,-0.1938355714082718
-7.5,62.5,13602255.0,0.0,0.19383557,-0.1938355714082718
-7.5,63.5,13602255.0,0.0,0.19383557,-0.1938355714082718
-7.5,64.5,13602255.0,0.0,0.19441691,-0.19441691040992737
-7.5,65.5,13602255.0,0.15458117,0.19441691,-0.03983574040992738
-7.5,66.5,13602255.0,0.16209653,0.20956662,-0.047470092972488415
-7.5,67.5,13602255.0,0.0,0.21037017,-0.21037016808986664
-7.5,68.5,13602255.0,0.0,0.2096511,-0.20965109765529633
-7.5,69.5,13602255.0,0.0,0.22855641,-0.22855640947818756
-7.5,70.5,13602255.0,0.15180248,0.35769975,-0.20589727185394288
-7.5,71.5,13602255.0,4.10562,0.51659197,3.589028033847809
-7.5,72.5,13602255.0,2.6424205,0.4734598,2.1689606899814606
-7.5,73.5,13602255.0,1.8981323,0.47869998,1.4194323178337098
-7.5,74.5,13602255.0,0.59970355,0.47837147,0.12133207883338926
-7.5,75.5,13602255.0,0.01674146,0.39951727,-0.3827758079424286
-7.5,76.5,13602255.0,0.1901878,0.46561164,-0.27542383663864134
-7.5,77.5,13602255.0,0.015822208,0.6462429,-0.6304207085840149
-7.5,78.5,13602255.0,0.0,0.67908514,-0.6790851354598999
-7.5,79.5,13602255.0,0.0,0.50028646,-0.5002864599227905
-7.5,80.5,13602255.0,0.0,0.15396409,-0.1539640873670578
-7.5,81.5,13602255.0,0.0,0.21468166,-0.21468165516853333
-7.5,82.5,13602255.0,0.0,0.33443376,-0.33443376421928406
-7.5,83.5,13602255.0,0.0,0.023388913,-0.02338891290128231
-7.5,84.5,13602255.0,0.0,0.02067889,-0.020678890869021416
-7.5,85.5,13602255.0,0.0,0.07150373,-0.07150372862815857
-7.5,86.5,13602255.0,0.0,0.14384441,-0.14384441077709198
-7.5,87.5,13602255.0,0.0,0.19429459,-0.19429458677768707
-7.5,88.5,13602255.0,0.0006127661,0.36104354,-0.3604307765235199
-7.5,89.5,13602255.0,0.049888622,0.21520874,-0.1653201170422821
-7.5,90.5,13602255.0,0.03713792,0.04241086,-0.005272941700773241
-7.5,91.5,13602255.0,0.0,0.08074063,-0.08074063062667847
-7.5,92.5,13602255.0,0.0,0.22932635,-0.22932635247707367
-7.5,93.5,13602255.0,0.0120216245,0.25419393,-0.24217230731800843
-7.5,94.5,13602255.0,0.03441319,0.13444495,-0.10003176201110839
-7.5,95.5,13602255.0,0.0,0.32539433,-0.32539433240890503
-7.5,96.5,13602255.0,0.0,0.29701057,-0.2970105707645416
-7.5,97.5,13602255.0,0.0,0.25245503,-0.2524550259113312
-7.5,98.5,13602255.0,0.0,0.34909102,-0.3490910232067108
-7.5,99.5,13602255.0,0.0,0.5054023,-0.5054023265838623
-7.5,100.5,13602255.0,0.11709472,1.0126723,-0.8955775851071167
-7.5,101.5,13602255.0,3.887667,2.6619184,1.2257485982818603
-7.5,102.5,13602255.0,8.360697,4.7534137,3.607283322784424
-7.5,103.5,13602255.0,8.875032,4.446405,4.428627066070556
-7.5,104.5,13602255.0,8.097113,5.072793,3.0243199931030276
-7.5,105.5,13602255.0,4.053325,3.7630734,0.290251555633545
-7.5,106.5,13602255.0,0.97455865,3.074292,-2.099733294503784
-7.5,107.5,13602255.0,0.78954625,2.912988,-2.1234416974639894
-7.5,108.5,13602255.0,1.63381,2.7614543,-1.1276443437957764
-7.5,109.5,13602255.0,4.910734,4.3887596,0.5219743869628903
-7.5,110.5,13602255.0,6.6654797,4.935089,1.7303905886718747
-7.5,111.5,13602255.0,3.8543503,4.0760374,-0.2216871069213866
-7.5,112.5,13602255.0,0.8330163,2.041946,-1.2089296342956541
-7.5,113.5,13602255.0,0.8341438,1.0321422,-0.19799836232299806
-7.5,114.5,13602255.0,0.6172569,0.9202642,-0.30300728447494507
-7.5,115.5,13602255.0,0.8657481,1.4473766,-0.5816285088485718
-7.5,116.5,13602255.0,2.6297333,1.8497467,0.7799865958984373
-7.5,117.5,13602255.0,2.2239223,1.916637,0.30728535618286124
-7.5,118.5,13602255.0,0.79343665,1.5185462,-0.7251095736404419
-7.5,119.5,13602255.0,1.3853638,1.4117922,-0.026428359080505448
-7.5,120.5,13602255.0,0.0,0.19770461,-0.19770461320877075
-8.5,30.5,13602255.0,0.20177017,0.77634865,-0.5745784804554749
-8.5,31.5,13602255.0,2.536287,1.162319,1.37396805506897
-8.5,32.5,13602255.0,2.2535987,1.0184648,1.2351338963043212
-8.5,33.5,13602255.0,0.20302753,0.9505856,-0.7475580737139893
-8.5,34.5,13602255.0,0.099710934,0.7489446,-0.6492336465549622
-8.5,35.5,13602255.0,0.20561649,0.51387453,-0.3082580407922363
-8.5,36.5,13602255.0,0.30486274,0.40108308,-0.09622034196067808
-8.5,37.5,13602255.0,0.009117162,0.13698745,-0.12787028573864745
-8.5,38.5,13602255.0,0.0,0.06823382,-0.06823381781578064
-8.5,39.5,13602255.0,0.0,0.06563373,-0.06563372910022736
-8.5,40.5,13602255.0,0.0,0.07187768,-0.07187768071889877
-8.5,41.5,13602255.0,0.0,0.054962885,-0.0549628846347332
-8.5,42.5,13602255.0,0.0,0.055547986,-0.055547986179590225
-8.5,43.5,13602255.0,0.0,0.054391474,-0.05439147353172302
-8.5,44.5,13602255.0,0.18959187,0.07109357,0.11849830328428268
-8.5,45.5,13602255.0,0.93195885,0.12098777,0.8109710770584106
-8.5,46.5,13602255.0,0.054023653,0.24396503,-0.1899413767164917
-8.5,47.5,13602255.0,0.0,0.26927626,-0.2692762613296509
-8.5,48.5,13602255.0,0.0,0.26731557,-0.2673155665397644
-8.5,49.5,13602255.0,0.0,0.14452332,-0.14452332258224487
-8.5,50.5,13602255.0,0.0,0.07653499,-0.07653498649597168
-8.5,51.5,13602255.0,0.0,0.03421262,-0.0342126190662384
-8.5,52.5,13602255.0,0.0,0.03421262,-0.0342126190662384
-8.5,53.5,13602255.0,0.0,0.03538607,-0.03538607060909271
-8.5,54.5,13602255.0,0.0,0.03649534,-0.03649533912539482
-8.5,55.5,13602255.0,0.0,0.027144076,-0.02714407630264759
-8.5,56.5,13602255.0,0.0,0.026346954,-0.026346953585743904
-8.5,57.5,13602255.0,0.0,0.026346954,-0.026346953585743904
-8.5,58.5,13602255.0,0.0,0.026346954,-0.026346953585743904
-8.5,59.5,13602255.0,0.0,0.026814705,-0.02681470476090908
-8.5,60.5,13602255.0,0.0,0.025852235,-0.025852235034108162
-8.5,61.5,13602255.0,0.0,0.025852235,-0.025852235034108162
-8.5,62.5,13602255.0,0.0,0.025852235,-0.025852235034108162
-8.5,63.5,13602255.0,0.0,0.025852235,-0.025852235034108162
-8.5,64.5,13602255.0,0.0,0.026433574,-0.02643357403576374
-8.5,65.5,13602255.0,0.016839674,0.026433574,-0.009593900035763742
-8.5,66.5,13602255.0,0.21201518,0.041583274,0.17043190644019127
-8.5,67.5,13602255.0,0.25616363,0.042386826,0.2137768038722324
-8.5,68.5,13602255.0,0.0029652766,0.041667756,-0.03870247909319725
-8.5,69.5,13602255.0,0.012723287,0.060573064,-0.04784977679079819
-8.5,70.5,13602255.0,1.7043159,0.18971647,1.5145994267782212
-8.5,71.5,13602255.0,2.1040971,0.29527506,1.8088220376773836
-8.5,72.5,13602255.0,0.36318037,0.25214282,0.1110375532180023
-8.5,73.5,13602255.0,0.91815203,0.257383,0.6607690410702515
-8.5,74.5,13602255.0,0.3534814,0.2570545,0.09642689226760864
-8.5,75.5,13602255.0,0.07606901,0.1782003,-0.10213129450820922
-8.5,76.5,13602255.0,0.30761856,0.2442947,0.0633238569932556
-8.5,77.5,13602255.0,0.005412347,0.3027919,-0.29737954648220827
-8.5,78.5,13602255.0,0.0,0.31513572,-0.3151357173919678
-8.5,79.5,13602255.0,0.0,0.15791884,-0.15791884064674377
-8.5,80.5,13602255.0,0.0,0.0562809,-0.05628089979290962
-8.5,81.5,13602255.0,0.0,0.13253856,-0.1325385570526123
-8.5,82.5,13602255.0,0.0,0.2522908,-0.2522907853126526
-8.5,83.5,13602255.0,0.0,-0.05875418,0.05875417962670326
-8.5,84.5,13602255.0,0.0,-0.061464183,0.061464183032512665
-8.5,85.5,13602255.0,0.0,-0.009344653,0.009344653226435184
-8.5,86.5,13602255.0,0.0,0.08939667,-0.08939667046070099
-8.5,87.5,13602255.0,0.0,0.16632703,-0.16632702946662903
-8.5,88.5,13602255.0,0.0,0.32536083,-0.32536083459854126
-8.5,89.5,13602255.0,0.21649848,0.17876615,0.03773233369777679
-8.5,90.5,13602255.0,0.16523421,0.0059682303,0.1592659796891725
-8.5,91.5,13602255.0,0.0,0.04429791,-0.04429791122674942
-8.5,92.5,13602255.0,0.0,0.1928837,-0.19288370013237
-8.5,93.5,13602255.0,0.004683814,0.2177514,-0.2130675846825943
-8.5,94.5,13602255.0,0.016383192,0.07118259,-0.054799401703269954
-8.5,95.5,13602255.0,0.0,0.26744694,-0.26744693517684937
-8.5,96.5,13602255.0,0.0,0.17016302,-0.17016302049160004
-8.5,97.5,13602255.0,0.0,0.12560748,-0.1256074756383896
-8.5,98.5,13602255.0,0.0,0.24134725,-0.24134725332260132
-8.5,99.5,13602255.0,0.0,0.4814433,-0.48144328594207764
-8.5,100.5,13602255.0,0.006074268,0.48015785,-0.47408358417285157
-8.5,101.5,13602255.0,2.2305331,1.6905202,0.5400129326492311
-8.5,102.5,13602255.0,4.363971,3.130148,1.2338230660400393
-8.5,103.5,13602255.0,3.117577,2.7315927,0.38598434481811505
-8.5,104.5,13602255.0,2.6779728,3.249697,-0.5717241699859619
-8.5,105.5,13602255.0,2.5591846,2.8324428,-0.27325816046752927
-8.5,106.5,13602255.0,5.748869,3.0433862,2.705482779067993
-8.5,107.5,13602255.0,3.8468928,2.9058459,0.9410469194915771
-8.5,108.5,13602255.0,1.3526028,2.2160192,-0.8634163535949706
-8.5,109.5,13602255.0,0.36094472,3.34175,-2.980805186539917
-8.5,110.5,13602255.0,0.8148649,2.9109383,-2.0960733629394532
-8.5,111.5,13602255.0,0.20501861,2.2140281,-2.009009510040894
-8.5,112.5,13602255.0,0.46514305,1.145749,-0.6806059228927612
-8.5,113.5,13602255.0,1.3548095,0.70137405,0.6534354460449219
-8.5,114.5,13602255.0,0.73458636,0.455692,0.27889436676345825
-8.5,115.5,13602255.0,0.37918967,0.51071537,-0.1315256954098511
-8.5,116.5,13602255.0,1.3035406,0.91308534,0.3904552585464478
-8.5,117.5,13602255.0,0.7415827,0.9677999,-0.22621720196228023
-8.5,118.5,13602255.0,0.6825602,0.7393166,-0.056756382679748585
-8.5,119.5,13602255.0,0.45996767,0.73489106,-0.27492338701446534
-8.5,120.5,13602255.0,0.0,-0.27612543,0.276125431060791
-9.5,30.5,13602255.0,0.0,0.31745195,-0.31745195388793945
-9.5,31.5,13602255.0,0.0047115213,0.5773769,-0.5726653808034241
-9.5,32.5,13602255.0,0.10551447,0.7579099,-0.652395423989563
-9.5,33.5,13602255.0,2.8845897,1.0126135,1.8719761650726316
-9.5,34.5,13602255.0,2.424355,0.7913548,1.6330002245712278
-9.5,35.5,13602255.0,1.4111683,0.5562846,0.8548836935432433
-9.5,36.5,13602255.0,0.9327936,0.4434932,0.48930041257247925
-9.5,37.5,13602255.0,0.002914286,0.155072,-0.15215771760298158
-9.5,38.5,13602255.0,0.0,0.0408465,-0.04084650054574013
-9.5,39.5,13602255.0,0.0,0.0382464,-0.03824640065431595
-9.5,40.5,13602255.0,0.0,0.04449039,-0.04449038952589035
-9.5,41.5,13602255.0,0.0,0.027575515,-0.02757551521062851
-9.5,42.5,13602255.0,0.0,0.028160617,-0.028160616755485535
-9.5,43.5,13602255.0,0.0,0.027004115,-0.027004115283489227
-9.5,44.5,13602255.0,0.009003154,0.043706223,-0.034703069368644715
-9.5,45.5,13602255.0,0.020864312,0.088137984,-0.06727367227581788
-9.5,46.5,13602255.0,7.334465e-05,0.21111532,-0.21104197090652618
-9.5,47.5,13602255.0,0.0,0.23094082,-0.2309408187866211
-9.5,48.5,13602255.0,0.0,0.22898014,-0.2289801388978958
-9.5,49.5,13602255.0,0.0,0.095182024,-0.09518202394247055
-9.5,50.5,13602255.0,0.0,0.012006242,-0.012006241828203201
-9.5,51.5,13602255.0,0.0,-0.042398248,0.04239824786782265
-9.5,52.5,13602255.0,0.0,-0.042398248,0.04239824786782265
-9.5,53.5,13602255.0,0.0,-0.041224804,0.041224803775548935
-9.5,54.5,13602255.0,0.0,-0.040115535,0.040115535259246826
-9.5,55.5,13602255.0,0.0,-0.049466796,0.04946679621934891
-9.5,56.5,13602255.0,0.0,-0.05026392,0.050263918936252594
-9.5,57.5,13602255.0,0.0,-0.05026392,0.050263918936252594
-9.5,58.5,13602255.0,0.0,-0.05026392,0.050263918936252594
-9.5,59.5,13602255.0,0.0,-0.049796157,0.04979615658521652
-9.5,60.5,13602255.0,0.0,-0.05075863,0.05075863003730774
-9.5,61.5,13602255.0,0.0,-0.05075863,0.05075863003730774
-9.5,62.5,13602255.0,0.0,-0.05075863,0.05075863003730774
-9.5,63.5,13602255.0,0.0,-0.05075863,0.05075863003730774
-9.5,64.5,13602255.0,0.0,-0.05017729,0.05017729103565216
-9.5,65.5,13602255.0,0.0037142076,-0.05017729,0.05389149863565216
-9.5,66.5,13602255.0,0.04553087,-0.035027612,0.08055848200070381
-9.5,67.5,13602255.0,0.03466664,-0.034224063,0.06889070315803528
-9.5,68.5,13602255.0,5.9259262e-05,-0.03494313,0.03500238912931529
-9.5,69.5,13602255.0,0.002564384,-0.04423146,0.04679584349840546
-9.5,70.5,13602255.0,0.2637244,0.057855874,0.20586852569999697
-9.5,71.5,13602255.0,0.026784759,0.1202955,-0.09351074324542617
-9.5,72.5,13602255.0,0.00053333346,0.0771632,-0.07662986364016251
-9.5,73.5,13602255.0,0.0,0.08240334,-0.08240333944559097
-9.5,74.5,13602255.0,0.0,0.08207487,-0.08207487314939499
-9.5,75.5,13602255.0,0.093076415,0.018175913,0.07490050197903156
-9.5,76.5,13602255.0,0.03693909,0.021927506,0.01501158426841736
-9.5,77.5,13602255.0,0.0,0.10235985,-0.10235985368490219
-9.5,78.5,13602255.0,0.0,0.12347704,-0.123477041721344
-9.5,79.5,13602255.0,0.0,0.01940016,-0.019400160759687424
-9.5,80.5,13602255.0,0.0,-0.024218084,0.024218084290623665
-9.5,81.5,13602255.0,0.0,0.03850047,-0.03850046917796135
-9.5,82.5,13602255.0,0.0,0.15825273,-0.15825273096561432
-9.5,83.5,13602255.0,0.0,-0.13764226,0.1376422643661499
-9.5,84.5,13602255.0,0.0,-0.14035226,0.140352264046669
-9.5,85.5,13602255.0,0.0,-0.104688846,0.1046888455748558
-9.5,86.5,13602255.0,0.0,-0.102883324,0.10288332402706146
-9.5,87.5,13602255.0,0.0,-0.025953013,0.025953013449907303
-9.5,88.5,13602255.0,0.0,0.112588026,-0.11258802562952042
-9.5,89.5,13602255.0,0.0,-0.03400687,0.03400687128305435
-9.5,90.5,13602255.0,0.0,-0.20680456,0.206804558634758
-9.5,91.5,13602255.0,0.0,-0.16847482,0.16847482323646545
-9.5,92.5,13602255.0,0.0,0.00862216,-0.00862216018140316
-9.5,93.5,13602255.0,0.0,0.033489894,-0.0334898941218853
-9.5,94.5,13602255.0,0.0,-0.11174755,0.11174754798412323
-9.5,95.5,13602255.0,0.0,0.045590162,-0.04559016227722168
-9.5,96.5,13602255.0,0.0,-0.044737387,0.04473738744854927
-9.5,97.5,13602255.0,0.0,-0.089293,0.08929300308227539
-9.5,98.5,13602255.0,0.0,0.004318703,-0.004318702965974808
-9.5,99.5,13602255.0,0.0,0.08661298,-0.08661297708749771
-9.5,100.5,13602255.0,0.0,0.027731715,-0.02773171477019787
-9.5,101.5,13602255.0,0.003276062,0.4252689,-0.4219928264735107
-9.5,102.5,13602255.0,0.0031115583,1.1229402,-1.119828624385852
-9.5,103.5,13602255.0,0.0,1.2268615,-1.2268614768981934
-9.5,104.5,13602255.0,0.0452069,1.9819162,-1.9367092891937256
-9.5,105.5,13602255.0,0.66325754,1.6750835,-1.0118259780282592
-9.5,106.5,13602255.0,3.964025,2.2837512,1.6802737506866454
-9.5,107.5,13602255.0,4.6724253,2.5504992,2.1219260991790767
-9.5,108.5,13602255.0,6.207931,2.1198103,4.088120657211304
-9.5,109.5,13602255.0,2.9337697,3.3494556,-0.41568589501647946
-9.5,110.5,13602255.0,1.0309427,2.941296,-1.910353400616455
-9.5,111.5,13602255.0,0.42838535,2.2413166,-1.8129312069305419
-9.5,112.5,13602255.0,0.60737514,1.4286171,-0.8212419797891235
-9.5,113.5,13602255.0,0.56300354,0.8270519,-0.2640483379754639
-9.5,114.5,13602255.0,0.87884027,0.40287355,0.4759667241149139
-9.5,115.5,13602255.0,0.2527216,0.28924447,-0.03652287298049928
-9.5,116.5,13602255.0,0.017120743,0.66812146,-0.6510007140999146
-9.5,117.5,13602255.0,0.49937844,0.72659385,-0.22721541204315188
-9.5,118.5,13602255.0,1.1718134,0.6614349,0.5103785111602783
-9.5,119.5,13602255.0,1.0774941,0.7701602,0.3073339017883301
-9.5,120.5,13602255.0,0.0,-0.2065699,0.20656989514827728
-10.5,30.5,13602255.0,0.0,0.20055942,-0.20055942237377167
-10.5,31.5,13602255.0,0.0,0.40791056,-0.40791055560112
-10.5,32.5,13602255.0,0.07444832,0.5884434,-0.513995078475647
-10.5,33.5,13602255.0,1.0589901,0.8216868,0.23730329570541375
-10.5,34.5,13602255.0,0.7784803,0.7211288,0.057351478627014174
-10.5,35.5,13602255.0,0.15323544,0.48605865,-0.33282321240097046
-10.5,36.5,13602255.0,0.0150426,0.39813438,-0.38309178057899473
-10.5,37.5,13602255.0,0.0,0.13250045,-0.13250045478343964
-10.5,38.5,13602255.0,0.0,0.018275034,-0.018275033682584763
-10.5,39.5,13602255.0,0.0,0.015674924,-0.015674924477934837
-10.5,40.5,13602255.0,0.0,0.021918915,-0.02191891521215439
-10.5,41.5,13602255.0,0.0,0.0050040055,-0.005004005506634712
-10.5,42.5,13602255.0,0.0,0.005589107,-0.005589107051491737
-10.5,43.5,13602255.0,0.0,0.004432602,-0.0044326018542051315
-10.5,44.5,13602255.0,0.0,0.021134745,-0.021134745329618454
-10.5,45.5,13602255.0,0.0,0.06556648,-0.06556648015975952
-10.5,46.5,13602255.0,0.0,0.18854384,-0.18854384124279022
-10.5,47.5,13602255.0,0.0,0.20836933,-0.20836932957172394
-10.5,48.5,13602255.0,0.0,0.20640862,-0.20640861988067627
-10.5,49.5,13602255.0,0.0,0.070022196,-0.07002219557762146
-10.5,50.5,13602255.0,0.0,-0.013153553,0.013153553009033203
-10.5,51.5,13602255.0,0.0,-0.067557976,0.06755797564983368
-10.5,52.5,13602255.0,0.0,-0.067557976,0.06755797564983368
-10.5,53.5,13602255.0,0.0,-0.06638452,0.06638451665639877
-10.5,54.5,13602255.0,0.0,-0.06527525,0.06527525186538696
-10.5,55.5,13602255.0,0.0,-0.07462649,0.07462649047374725
-10.5,56.5,13602255.0,0.0,-0.07542361,0.07542361319065094
-10.5,57.5,13602255.0,0.0,-0.07542361,0.07542361319065094
-10.5,58.5,13602255.0,0.0,-0.07542361,0.07542361319065094
-10.5,59.5,13602255.0,0.0,-0.07495585,0.07495585083961487
-10.5,60.5,13602255.0,0.0,-0.075918324,0.07591832429170609
-10.5,61.5,13602255.0,0.0,-0.075918324,0.07591832429170609
-10.5,62.5,13602255.0,0.0,-0.075918324,0.07591832429170609
-10.5,63.5,13602255.0,0.0,-0.075918324,0.07591832429170609
-10.5,64.5,13602255.0,0.0,-0.075336985,0.0753369852900505
-10.5,65.5,13602255.0,0.0,-0.075336985,0.0753369852900505
-10.5,66.5,13602255.0,0.0,-0.060187314,0.060187313705682755
-10.5,67.5,13602255.0,0.0,-0.05938376,0.05938376113772392
-10.5,68.5,13602255.0,0.0,-0.060102828,0.06010282784700394
-10.5,69.5,13602255.0,0.0,-0.06939117,0.069391168653965
-10.5,70.5,13602255.0,0.0,-0.029609902,0.02960990183055401
-10.5,71.5,13602255.0,0.0,0.032829743,-0.03282974287867546
-10.5,72.5,13602255.0,0.0,-0.01030257,0.010302569717168808
-10.5,73.5,13602255.0,0.0,-0.005062431,0.00506243109703064
-10.5,74.5,13602255.0,0.0,-0.005390891,0.005390890873968601
-10.5,75.5,13602255.0,0.00600494,-0.024644136,0.030649076428833008
-10.5,76.5,13602255.0,0.00090864213,-0.020892566,0.021801208199960596
-10.5,77.5,13602255.0,0.0,0.059539735,-0.059539735317230225
-10.5,78.5,13602255.0,0.0,0.09010646,-0.09010645747184753
-10.5,79.5,13602255.0,0.0,-0.008466443,0.008466443046927452
-10.5,80.5,13602255.0,0.0,-0.050427016,0.050427015870809555
-10.5,81.5,13602255.0,0.0,0.022321671,-0.0223216712474823
-10.5,82.5,13602255.0,0.0,0.14207385,-0.142073854804039
-10.5,83.5,13602255.0,0.0,-0.15382105,0.15382105112075806
-10.5,84.5,13602255.0,0.0,-0.15653105,0.15653105080127716
-10.5,85.5,13602255.0,0.0,-0.13661864,0.13661864399909973
-10.5,86.5,13602255.0,0.0,-0.13871731,0.13871730864048004
-10.5,87.5,13602255.0,0.0,-0.05004472,0.050044719129800797
-10.5,88.5,13602255.0,0.0,0.0884963,-0.08849629759788513
-10.5,89.5,13602255.0,0.0,-0.058098547,0.05809854716062546
-10.5,90.5,13602255.0,0.0,-0.23089622,0.2308962196111679
-10.5,91.5,13602255.0,0.0,-0.19256645,0.19256645441055298
-10.5,92.5,13602255.0,0.0,-0.03516572,0.03516571968793869
-10.5,93.5,13602255.0,0.0,-0.010298011,0.010298010893166065
-10.5,94.5,13602255.0,0.0,-0.14660579,0.14660578966140747
-10.5,95.5,13602255.0,0.0,0.010731826,-0.010731825605034828
-10.5,96.5,13602255.0,0.0,-0.07959568,0.07959567755460739
-10.5,97.5,13602255.0,0.0,-0.124151275,0.12415127456188202
-10.5,98.5,13602255.0,0.0,-0.04659943,0.04659942910075188
-10.5,99.5,13602255.0,0.0,0.05518971,-0.05518971011042595
-10.5,100.5,13602255.0,0.0,0.035145015,-0.03514501452445984
-10.5,101.5,13602255.0,0.0,0.25689638,-0.25689637660980225
-10.5,102.5,13602255.0,0.0,0.64033705,-0.6403370499610901
-10.5,103.5,13602255.0,0.0,0.68869966,-0.6886996626853943
-10.5,104.5,13602255.0,0.0,1.172913,-1.1729129552841187
-10.5,105.5,13602255.0,0.07783763,0.9232871,-0.8454494636393738
-10.5,106.5,13602255.0,0.24118684,1.364305,-1.123118179378662
-10.5,107.5,13602255.0,2.1113956,1.9151704,0.19622516886291486
-10.5,108.5,13602255.0,5.285019,3.0549521,2.2300668553771974
-10.5,109.5,13602255.0,7.520991,4.9503136,2.570677431884766
-10.5,110.5,13602255.0,5.574019,4.9918795,0.582139536804199
-10.5,111.5,13602255.0,5.3881984,4.43105,0.957148576239014
-10.5,112.5,13602255.0,1.7816206,3.2420316,-1.4604109742492675
-10.5,113.5,13602255.0,0.30112126,1.6406063,-1.3394850241415406
-10.5,114.5,13602255.0,0.31855565,0.7138389,-0.39528322529373167
-10.5,115.5,13602255.0,0.17875955,0.11051561,0.06824394061641692
-10.5,116.5,13602255.0,0.020963727,0.4335357,-0.4125719680759888
-10.5,117.5,13602255.0,0.16042267,0.47074524,-0.3103225656815338
-10.5,118.5,13602255.0,0.61293864,0.41543195,0.197506693483963
-10.5,119.5,13602255.0,1.8282839,0.63936126,1.1889226376785278
-10.5,120.5,13602255.0,0.0,-0.34533095,0.34533095359802246
-11.5,30.5,13602255.0,0.0,0.26006317,-0.26006317138671875
-11.5,31.5,13602255.0,0.0,0.46741447,-0.4674144685268402
-11.5,32.5,13602255.0,0.0,0.6566971,-0.6566970944404602
-11.5,33.5,13602255.0,0.0008210527,0.8628787,-0.862057627529187
-11.5,34.5,13602255.0,0.13784638,0.78715134,-0.6493049566699218
-11.5,35.5,13602255.0,0.38129354,0.55014676,-0.16885321855636598
-11.5,36.5,13602255.0,1.3157781,0.4596953,0.8560827905994415
-11.5,37.5,13602255.0,0.99700993,0.19406144,0.8029484867903519
-11.5,38.5,13602255.0,0.06959527,0.037262164,0.032333105943698884
-11.5,39.5,13602255.0,0.0,0.034662046,-0.034662045538425446
-11.5,40.5,13602255.0,0.0,0.04090605,-0.04090604931116104
-11.5,41.5,13602255.0,0.0009884973,0.023991233,-0.023002735437898828
-11.5,42.5,13602255.0,0.035947382,0.024576334,0.011371047717244148
-11.5,43.5,13602255.0,0.018665684,0.023419837,-0.0047541525360498445
-11.5,44.5,13602255.0,0.018347932,0.040121887,-0.021773954879205703
-11.5,45.5,13602255.0,0.0,0.08455365,-0.08455365151166916
-11.5,46.5,13602255.0,0.0,0.20684172,-0.20684172213077545
-11.5,47.5,13602255.0,0.0,0.22666727,-0.22666727006435394
-11.5,48.5,13602255.0,0.0,0.22470666,-0.22470666468143463
-11.5,49.5,13602255.0,0.0,0.086266406,-0.0862664058804512
-11.5,50.5,13602255.0,0.0,0.0030905637,-0.0030905636958777905
-11.5,51.5,13602255.0,0.0,-0.05131382,0.051313821226358414
-11.5,52.5,13602255.0,0.0,-0.05131382,0.051313821226358414
-11.5,53.5,13602255.0,0.0,-0.05014037,0.050140369683504105
-11.5,54.5,13602255.0,0.0,-0.0490311,0.049031101167201996
-11.5,55.5,13602255.0,0.0,-0.058382366,0.058382365852594376
-11.5,56.5,13602255.0,0.0,-0.05917948,0.059179481118917465
-11.5,57.5,13602255.0,0.0,-0.05917948,0.059179481118917465
-11.5,58.5,13602255.0,0.0,-0.05917948,0.059179481118917465
-11.5,59.5,13602255.0,0.0,-0.058711734,0.05871173366904259
-11.5,60.5,13602255.0,0.0,-0.059674203,0.059674203395843506
-11.5,61.5,13602255.0,0.0,-0.059674203,0.059674203395843506
-11.5,62.5,13602255.0,0.0,-0.059674203,0.059674203395843506
-11.5,63.5,13602255.0,0.0,-0.059674203,0.059674203395843506
-11.5,64.5,13602255.0,0.0,-0.059092864,0.05909286439418793
-11.5,65.5,13602255.0,0.0,-0.059092864,0.05909286439418793
-11.5,66.5,13602255.0,0.0,-0.043943163,0.04394316300749779
-11.5,67.5,13602255.0,0.0,-0.043139614,0.043139614164829254
-11.5,68.5,13602255.0,0.0,-0.04385868,0.04385868087410927
-11.5,69.5,13602255.0,0.0,-0.05314704,0.05314704030752182
-11.5,70.5,13602255.0,0.0,-0.013365791,0.01336579117923975
-11.5,71.5,13602255.0,0.0,0.04907382,-0.04907381907105446
-11.5,72.5,13602255.0,0.0,0.005941584,-0.005941583774983883
-11.5,73.5,13602255.0,0.0,0.011181722,-0.011181722395122051
-11.5,74.5,13602255.0,0.0,0.010853259,-0.010853258892893791
-11.5,75.5,13602255.0,0.0,-0.008400003,0.008400003425776958
-11.5,76.5,13602255.0,0.0,-0.0046484573,0.004648457281291485
-11.5,77.5,13602255.0,0.0,0.07578392,-0.07578392326831818
-11.5,78.5,13602255.0,0.0,0.10635057,-0.10635057091712952
-11.5,79.5,13602255.0,0.0,0.0077776937,-0.007777693681418896
-11.5,80.5,13602255.0,0.0,-0.025306774,0.02530677430331707
-11.5,81.5,13602255.0,0.0,0.041002594,-0.04100259393453598
-11.5,82.5,13602255.0,0.0,0.1607548,-0.16075479984283447
-11.5,83.5,13602255.0,0.0,-0.13514015,0.13514015078544617
-11.5,84.5,13602255.0,0.0,-0.13785015,0.13785015046596527
-11.5,85.5,13602255.0,0.0,-0.117442675,0.11744267493486404
-11.5,86.5,13602255.0,0.0,-0.11873983,0.11873982846736908
-11.5,87.5,13602255.0,0.0,-0.054712247,0.05471224710345268
-11.5,88.5,13602255.0,0.0,0.08382877,-0.08382876962423325
-11.5,89.5,13602255.0,0.0,-0.07801224,0.07801224291324615
-11.5,90.5,13602255.0,0.0,-0.25080988,0.2508098781108856
-11.5,91.5,13602255.0,0.0,-0.21248013,0.21248012781143188
-11.5,92.5,13602255.0,0.0,-0.055079356,0.05507935583591461
-11.5,93.5,13602255.0,0.0,-0.03021167,0.030211670324206352
-11.5,94.5,13602255.0,0.0,-0.16458528,0.16458527743816376
-11.5,95.5,13602255.0,0.0,-0.0072475756,0.007247575558722019
-11.5,96.5,13602255.0,0.0,-0.09757511,0.0975751131772995
-11.5,97.5,13602255.0,0.0,-0.14213066,0.14213065803050995
-11.5,98.5,13602255.0,0.0,-0.07430078,0.07430078089237213
-11.5,99.5,13602255.0,0.0,0.0161714,-0.016171399503946304
-11.5,100.5,13602255.0,0.0,-0.0038733103,0.003873310284689069
-11.5,101.5,13602255.0,0.0,0.066639364,-0.06663936376571655
-11.5,102.5,13602255.0,0.0,0.32226133,-0.32226133346557617
-11.5,103.5,13602255.0,0.0,0.3706239,-0.3706238865852356
-11.5,104.5,13602255.0,0.0,0.7943456,-0.7943456172943115
-11.5,105.5,13602255.0,0.0,0.5930168,-0.5930168032646179
-11.5,106.5,13602255.0,0.0,0.78758276,-0.7875827550888062
-11.5,107.5,13602255.0,0.0520363,0.97647065,-0.9244343492424011
-11.5,108.5,13602255.0,2.485999,2.3437357,0.14226330511474616
-11.5,109.5,13602255.0,6.8651495,4.935786,1.9293637295837405
-11.5,110.5,13602255.0,7.687325,5.5997114,2.087613581848145
-11.5,111.5,13602255.0,8.433539,5.621092,2.8124471573486325
-11.5,112.5,13602255.0,6.3431053,5.0695024,1.2736029463317875
-11.5,113.5,13602255.0,3.7861683,3.4487803,0.3373880017669677
-11.5,114.5,13602255.0,0.5724314,1.5982045,-1.025773093522644
-11.5,115.5,13602255.0,0.0036906176,0.67698926,-0.6732986397356628
-11.5,116.5,13602255.0,0.14808564,0.7843428,-0.6362571854127502
-11.5,117.5,13602255.0,0.74314207,0.82155246,-0.07841038542526246
-11.5,118.5,13602255.0,0.34039295,0.6212773,-0.2808843227012634
-11.5,119.5,13602255.0,0.87752855,0.93678224,-0.05925369086761478
-11.5,120.5,13602255.0,0.0,0.0200911,-0.0200910996645689
-12.5,30.5,13602255.0,0.0,1.0067939,-1.0067938566207886
-12.5,31.5,13602255.0,0.0,1.2995522,-1.2995522022247314
-12.5,32.5,13602255.0,0.41136762,1.7397867,-1.3284191241177368
-12.5,33.5,13602255.0,2.1465104,1.9961267,0.15038374823608391
-12.5,34.5,13602255.0,3.9641726,1.8702414,2.093931196420288
-12.5,35.5,13602255.0,3.473985,1.4160732,2.057911796913147
-12.5,36.5,13602255.0,2.587737,1.1073674,1.4803696036453249
-12.5,37.5,13602255.0,1.0314034,0.5216058,0.5097976103385926
-12.5,38.5,13602255.0,0.1396371,0.26508301,-0.1254459149650574
-12.5,39.5,13602255.0,0.09217134,0.26248294,-0.1703116011506653
-12.5,40.5,13602255.0,0.0061363652,0.2687269,-0.2625905201187561
-12.5,41.5,13602255.0,0.0041376194,0.251812,-0.24767439160349428
-12.5,42.5,13602255.0,0.046606876,0.25239712,-0.2057902439989319
-12.5,43.5,13602255.0,0.013029806,0.25124055,-0.2382107454717102
-12.5,44.5,13602255.0,0.009377939,0.26794282,-0.2585648770190582
-12.5,45.5,13602255.0,0.0,0.3123746,-0.3123745918273926
-12.5,46.5,13602255.0,0.06259793,0.43466255,-0.3720646206877899
-12.5,47.5,13602255.0,0.2687348,0.4544881,-0.1857532986213684
-12.5,48.5,13602255.0,0.037785016,0.44646493,-0.4086799100044098
-12.5,49.5,13602255.0,0.0,0.28410366,-0.284103661775589
-12.5,50.5,13602255.0,0.0,0.14937699,-0.1493769884109497
-12.5,51.5,13602255.0,0.0,0.094972596,-0.09497259557247162
-12.5,52.5,13602255.0,0.0,0.094972596,-0.09497259557247162
-12.5,53.5,13602255.0,0.0,0.09614606,-0.09614606201648712
-12.5,54.5,13602255.0,0.0,0.097255334,-0.09725533425807953
-12.5,55.5,13602255.0,0.0,0.08790407,-0.08790407329797745
-12.5,56.5,13602255.0,0.0,0.08710695,-0.08710695058107376
-12.5,57.5,13602255.0,0.0,0.08710695,-0.08710695058107376
-12.5,58.5,13602255.0,0.0,0.08710695,-0.08710695058107376
-12.5,59.5,13602255.0,0.0,0.08757471,-0.08757471293210983
-12.5,60.5,13602255.0,0.0,0.08661224,-0.08661223948001862
-12.5,61.5,13602255.0,0.0,0.08661224,-0.08661223948001862
-12.5,62.5,13602255.0,0.0,0.08661224,-0.08661223948001862
-12.5,63.5,13602255.0,0.0,0.08661224,-0.08661223948001862
-12.5,64.5,13602255.0,0.0,0.08719358,-0.0871935784816742
-12.5,65.5,13602255.0,0.0,0.08719358,-0.0871935784816742
-12.5,66.5,13602255.0,0.0,0.10234326,-0.10234326124191284
-12.5,67.5,13602255.0,0.0,0.103146836,-0.10314683616161346
-12.5,68.5,13602255.0,0.0,0.10242777,-0.10242777317762375
-12.5,69.5,13602255.0,0.0,0.093139395,-0.0931393951177597
-12.5,70.5,13602255.0,0.0,0.1122577,-0.1122576966881752
-12.5,71.5,13602255.0,0.0,0.17469728,-0.17469727993011475
-12.5,72.5,13602255.0,0.0,0.13156497,-0.13156497478485107
-12.5,73.5,13602255.0,0.0,0.1368051,-0.13680510222911835
-12.5,74.5,13602255.0,0.0,0.13084152,-0.13084152340888977
-12.5,75.5,13602255.0,0.0,0.111588255,-0.111588254570961
-12.5,76.5,13602255.0,0.0,0.115339816,-0.11533981561660767
-12.5,77.5,13602255.0,0.0,0.19577214,-0.19577214121818542
-12.5,78.5,13602255.0,0.0,0.22633865,-0.22633865475654602
-12.5,79.5,13602255.0,0.0,0.12776598,-0.1277659833431244
-12.5,80.5,13602255.0,0.0,0.09468154,-0.09468153864145279
-12.5,81.5,13602255.0,0.0,0.16099091,-0.160990908741951
-12.5,82.5,13602255.0,0.0,0.2807429,-0.28074291348457336
-12.5,83.5,13602255.0,0.0,-0.0016222119,0.0016222118865698576
-12.5,84.5,13602255.0,0.0,-0.0043322165,0.004332216456532478
-12.5,85.5,13602255.0,0.0,0.015953211,-0.01595321111381054
-12.5,86.5,13602255.0,0.0,0.011923636,-0.011923636309802532
-12.5,87.5,13602255.0,0.0,0.057551235,-0.05755123496055603
-12.5,88.5,13602255.0,0.0,0.1960923,-0.19609229266643524
-12.5,89.5,13602255.0,0.0,0.047333464,-0.04733346402645111
-12.5,90.5,13602255.0,0.0,-0.12546428,0.1254642754793167
-12.5,91.5,13602255.0,0.0,-0.08713461,0.08713460713624954
-12.5,92.5,13602255.0,0.0,0.03382078,-0.033820781856775284
-12.5,93.5,13602255.0,0.0,0.05868851,-0.058688510209321976
-12.5,94.5,13602255.0,0.0,-0.06867622,0.06867621839046478
-12.5,95.5,13602255.0,0.0,0.08866148,-0.08866147696971893
-12.5,96.5,13602255.0,0.0,-0.0016660216,0.0016660216497257352
-12.5,97.5,13602255.0,0.0,-0.046221573,0.046221572905778885
-12.5,98.5,13602255.0,0.0,0.021608353,-0.021608352661132812
-12.5,99.5,13602255.0,0.0,0.07995178,-0.07995177805423737
-12.5,100.5,13602255.0,0.0,0.00036499673,-0.00036499672569334507
-12.5,101.5,13602255.0,0.0,-0.0124878045,0.012487804517149925
-12.5,102.5,13602255.0,0.0,0.1263134,-0.12631340324878693
-12.5,103.5,13602255.0,0.0,0.19838524,-0.19838523864746094
-12.5,104.5,13602255.0,0.0,0.7002083,-0.700208306312561
-12.5,105.5,13602255.0,0.0,0.4559445,-0.4559445083141327
-12.5,106.5,13602255.0,0.0,0.59777796,-0.5977779626846313
-12.5,107.5,13602255.0,0.0,0.6381529,-0.6381528973579407
-12.5,108.5,13602255.0,0.29866543,1.8246163,-1.5259508829806518
-12.5,109.5,13602255.0,1.13643,3.6986215,-2.5621915114593508
-12.5,110.5,13602255.0,5.218694,5.0098557,0.20883825277709978
-12.5,111.5,13602255.0,8.1235895,5.841012,2.282577498962402
-12.5,112.5,13602255.0,8.766096,5.7562118,3.009884242340087
-12.5,113.5,13602255.0,7.4200463,4.3524303,3.0676159563720704
-12.5,114.5,13602255.0,3.5775065,2.3251672,1.2523393208923341
-12.5,115.5,13602255.0,0.4167472,0.81140786,-0.39466066409378053
-12.5,116.5,13602255.0,0.0039793914,0.8160516,-0.8120722109635864
-12.5,117.5,13602255.0,0.026435286,0.87607414,-0.8496388493034973
-12.5,118.5,13602255.0,0.015364768,0.69198376,-0.6766189914032288
-12.5,119.5,13602255.0,0.00734694,1.0411334,-1.0337864637780763
-12.5,120.5,13602255.0,0.0,0.13914517,-0.139145165681839
-13.5,30.5,13602255.0,0.15148097,1.9429215,-1.79144054927948
-13.5,31.5,13602255.0,0.9351733,2.7222466,-1.7870733468811035
-13.5,32.5,13602255.0,4.4815335,3.6231558,0.8583776677093509
-13.5,33.5,13602255.0,8.192519,3.7350416,4.457477381652833
-13.5,34.5,13602255.0,6.307358,2.7675052,3.539852831085205
-13.5,35.5,13602255.0,1.6764271,1.676329,9.808331451410801e-05
-13.5,36.5,13602255.0,0.16391288,1.1788747,-1.0149618510638427
-13.5,37.5,13602255.0,0.008545382,0.5931134,-0.5845680403937988
-13.5,38.5,13602255.0,0.11856583,0.3641458,-0.24557995557014467
-13.5,39.5,13602255.0,0.19527486,0.3615457,-0.16627085175575257
-13.5,40.5,13602255.0,0.18853424,0.36778966,-0.1792554159238434
-13.5,41.5,13602255.0,0.08442133,0.35087484,-0.2664535112132263
-13.5,42.5,13602255.0,0.0,0.34206173,-0.34206172823905945
-13.5,43.5,13602255.0,0.0,0.34090522,-0.34090521931648254
-13.5,44.5,13602255.0,0.0,0.37638175,-0.3763817548751831
-13.5,45.5,13602255.0,0.020777496,0.55463064,-0.5338531411688843
-13.5,46.5,13602255.0,1.6255133,0.88538826,0.7401250448806762
-13.5,47.5,13602255.0,3.0270743,0.93905395,2.088020347306061
-13.5,48.5,13602255.0,1.0257195,0.9310308,0.09468869012069692
-13.5,49.5,13602255.0,0.022700323,0.43654576,-0.41384543643946836
-13.5,50.5,13602255.0,0.0,0.14431216,-0.14431215822696686
-13.5,51.5,13602255.0,0.0,0.08990768,-0.0899076834321022
-13.5,52.5,13602255.0,0.0,0.08990768,-0.0899076834321022
-13.5,53.5,13602255.0,0.0,0.091081135,-0.09108113497495651
-13.5,54.5,13602255.0,0.0,0.054257773,-0.054257772862911224
-13.5,55.5,13602255.0,0.0,0.0449065,-0.04490650072693825
-13.5,56.5,13602255.0,0.0,0.044109385,-0.04410938546061516
-13.5,57.5,13602255.0,0.0,0.044109385,-0.04410938546061516
-13.5,58.5,13602255.0,0.0,0.044109385,-0.04410938546061516
-13.5,59.5,13602255.0,0.0,0.044577148,-0.04457714781165123
-13.5,60.5,13602255.0,0.0,0.043614674,-0.04361467435956001
-13.5,61.5,13602255.0,0.0,0.043614674,-0.04361467435956001
-13.5,62.5,13602255.0,0.0,0.043614674,-0.04361467435956001
-13.5,63.5,13602255.0,0.0,0.043614674,-0.04361467435956001
-13.5,64.5,13602255.0,0.0,0.044196013,-0.04419601336121559
-13.5,65.5,13602255.0,0.0,0.044196013,-0.04419601336121559
-13.5,66.5,13602255.0,0.0,0.059345707,-0.059345707297325134
-13.5,67.5,13602255.0,0.0,0.06014925,-0.06014924868941307
-13.5,68.5,13602255.0,0.0,0.059430182,-0.05943018198013306
-13.5,69.5,13602255.0,0.0,0.050141826,-0.0501418262720108
-13.5,70.5,13602255.0,0.0,0.08527347,-0.08527346700429916
-13.5,71.5,13602255.0,0.0,0.13954355,-0.1395435482263565
-13.5,72.5,13602255.0,0.0,0.09641126,-0.09641125798225403
-13.5,73.5,13602255.0,0.0,0.10165139,-0.1016513928771019
-13.5,74.5,13602255.0,0.0,0.09568781,-0.09568780660629272
-13.5,75.5,13602255.0,0.0,0.076434575,-0.07643457502126694
-13.5,76.5,13602255.0,0.0,0.07937971,-0.07937970757484436
-13.5,77.5,13602255.0,0.0,0.1254984,-0.12549839913845062
-13.5,78.5,13602255.0,0.0,0.15606517,-0.1560651659965515
-13.5,79.5,13602255.0,0.0,0.057492245,-0.057492244988679886
-13.5,80.5,13602255.0,0.0,0.06618574,-0.06618574261665344
-13.5,81.5,13602255.0,0.0,0.14855163,-0.14855162799358368
-13.5,82.5,13602255.0,0.0,0.26830363,-0.26830363273620605
-13.5,83.5,13602255.0,0.0,-0.014061421,0.014061421155929565
-13.5,84.5,13602255.0,0.0,-0.016771432,0.016771432012319565
-13.5,85.5,13602255.0,0.0,-0.004272241,0.004272241145372391
-13.5,86.5,13602255.0,0.0,-0.01993989,0.019939890131354332
-13.5,87.5,13602255.0,0.0,0.03042371,-0.030423710122704506
-13.5,88.5,13602255.0,0.0,0.16896482,-0.16896481812000275
-13.5,89.5,13602255.0,0.0,0.030714301,-0.030714301392436028
-13.5,90.5,13602255.0,0.0,-0.09978057,0.09978056699037552
-13.5,91.5,13602255.0,0.0,-0.06145084,0.061450839042663574
-13.5,92.5,13602255.0,0.0,0.028141296,-0.028141295537352562
-13.5,93.5,13602255.0,0.0,0.053009,-0.053008999675512314
-13.5,94.5,13602255.0,0.0,-0.06500454,0.06500454246997833
-13.5,95.5,13602255.0,0.0,0.08209951,-0.08209951221942902
-13.5,96.5,13602255.0,0.0,0.005541956,-0.005541956052184105
-13.5,97.5,13602255.0,0.0,-0.039013624,0.03901362419128418
-13.5,98.5,13602255.0,0.0,-0.0018107794,0.0018107794458046556
-13.5,99.5,13602255.0,0.0,0.06303414,-0.06303413957357407
-13.5,100.5,13602255.0,0.0,-0.0013095733,0.001309573301114142
-13.5,101.5,13602255.0,0.0,-0.036794346,0.03679434582591057
-13.5,102.5,13602255.0,0.0,-0.0074588777,0.007458877749741077
-13.5,103.5,13602255.0,0.0,-0.11317169,0.11317168921232224
-13.5,104.5,13602255.0,0.0,0.019958803,-0.019958803430199623
-13.5,105.5,13602255.0,0.0,-0.18002202,0.18002201616764069
-13.5,106.5,13602255.0,0.0,-0.1905612,0.1905612051486969
-13.5,107.5,13602255.0,0.0,-0.20047905,0.20047904551029205
-13.5,108.5,13602255.0,0.000112941176,0.46222284,-0.4621099031862589
-13.5,109.5,13602255.0,0.017970728,1.3786814,-1.3607106932799071
-13.5,110.5,13602255.0,1.853728,2.7141562,-0.860428150817871
-13.5,111.5,13602255.0,4.750948,4.234306,0.5166421413879396
-13.5,112.5,13602255.0,5.7780256,4.3758464,1.4021792140441898
-13.5,113.5,13602255.0,3.731123,3.3902557,0.3408673103790285
-13.5,114.5,13602255.0,1.7124314,1.6101534,0.10227796333923345
-13.5,115.5,13602255.0,0.29879984,0.46086043,-0.16206059119430544
-13.5,116.5,13602255.0,0.0,0.36347142,-0.3634714186191559
-13.5,117.5,13602255.0,0.0,0.4234938,-0.42349380254745483
-13.5,118.5,13602255.0,0.024603002,0.20129159,-0.1766885889290314
-13.5,119.5,13602255.0,0.07729717,0.47115713,-0.3938599635792541
-13.5,120.5,13602255.0,0.0,-0.08147849,0.08147849142551422
-14.5,30.5,13602255.0,1.2268945,2.106616,-0.8797215202026367
-14.5,31.5,13602255.0,4.93351,3.0400844,1.8934256379699708
-14.5,32.5,13602255.0,7.5984316,3.9409935,3.6574380525604244
-14.5,33.5,13602255.0,7.9718294,3.7774787,4.194350705084228
-14.5,34.5,13602255.0,3.906304,2.914994,0.9913099986114502
-14.5,35.5,13602255.0,1.2292478,1.8272026,-0.597954758517456
-14.5,36.5,13602255.0,1.7187089,1.3297478,0.3889611039413452
-14.5,37.5,13602255.0,0.8740584,0.7706883,0.10337010463562013
-14.5,38.5,13602255.0,1.2485247,0.54172105,0.7068036540290832
-14.5,39.5,13602255.0,2.533505,0.539121,1.9943840278434752
-14.5,40.5,13602255.0,1.5160327,0.54536486,0.9706678432800293
-14.5,41.5,13602255.0,0.10047147,0.5284499,-0.4279784229977417
-14.5,42.5,13602255.0,0.0,0.51963663,-0.5196366310119629
-14.5,43.5,13602255.0,0.0,0.5184801,-0.518480122089386
-14.5,44.5,13602255.0,0.0,0.55395687,-0.5539568662643433
-14.5,45.5,13602255.0,0.06499459,0.8968225,-0.8318279221498108
-14.5,46.5,13602255.0,2.2497656,1.3226584,0.9271071803909301
-14.5,47.5,13602255.0,2.9373274,1.376324,1.5610033424209595
-14.5,48.5,13602255.0,0.91014934,1.3004379,-0.3902885872460937
-14.5,49.5,13602255.0,0.01771753,0.49358222,-0.47586468888542177
-14.5,50.5,13602255.0,0.0,0.17808184,-0.17808184027671814
-14.5,51.5,13602255.0,0.0,0.12959382,-0.12959381937980652
-14.5,52.5,13602255.0,0.0,0.12959382,-0.12959381937980652
-14.5,53.5,13602255.0,0.0,0.13076724,-0.13076724112033844
-14.5,54.5,13602255.0,0.0,0.09394386,-0.09394385665655136
-14.5,55.5,13602255.0,0.0,0.08193429,-0.08193428814411163
-14.5,56.5,13602255.0,0.0,0.081137165,-0.08113716542720795
-14.5,57.5,13602255.0,0.0,0.081137165,-0.08113716542720795
-14.5,58.5,13602255.0,0.0,0.081137165,-0.08113716542720795
-14.5,59.5,13602255.0,0.0,0.08160491,-0.08160491287708282
-14.5,60.5,13602255.0,0.0,0.08064244,-0.08064243942499161
-14.5,61.5,13602255.0,0.0,0.08064244,-0.08064243942499161
-14.5,62.5,13602255.0,0.0,0.08064244,-0.08064243942499161
-14.5,63.5,13602255.0,0.0,0.08064244,-0.08064243942499161
-14.5,64.5,13602255.0,0.0,0.08122378,-0.08122377842664719
-14.5,65.5,13602255.0,0.0,0.08122378,-0.08122377842664719
-14.5,66.5,13602255.0,0.0,0.085051924,-0.08505192399024963
-14.5,67.5,13602255.0,0.0,0.085855484,-0.08585548400878906
-14.5,68.5,13602255.0,0.0,0.08513641,-0.08513641357421875
-14.5,69.5,13602255.0,0.0,0.07584806,-0.0758480578660965
-14.5,70.5,13602255.0,0.0,0.09664783,-0.09664782881736755
-14.5,71.5,13602255.0,0.0,0.1346675,-0.1346675008535385
-14.5,72.5,13602255.0,0.0,0.0915352,-0.09153520315885544
-14.5,73.5,13602255.0,0.0,0.09677535,-0.0967753529548645
-14.5,74.5,13602255.0,0.0,0.09081174,-0.09081173688173294
-14.5,75.5,13602255.0,0.0,0.07952634,-0.07952634245157242
-14.5,76.5,13602255.0,0.0,0.082471505,-0.08247150480747223
-14.5,77.5,13602255.0,0.0,0.1493015,-0.14930149912834167
-14.5,78.5,13602255.0,0.0,0.17986828,-0.17986828088760376
-14.5,79.5,13602255.0,0.0,0.081295244,-0.08129524439573288
-14.5,80.5,13602255.0,0.0,0.08528916,-0.08528915792703629
-14.5,81.5,13602255.0,0.0,0.18428753,-0.18428753316402435
-14.5,82.5,13602255.0,0.0,0.30403963,-0.3040396273136139
-14.5,83.5,13602255.0,0.0,0.06713677,-0.06713677197694778
-14.5,84.5,13602255.0,0.0,0.06442675,-0.06442674994468689
-14.5,85.5,13602255.0,0.0,0.07025965,-0.07025965303182602
-14.5,86.5,13602255.0,0.0,0.038418386,-0.03841838613152504
-14.5,87.5,13602255.0,0.0,0.08209914,-0.08209913969039917
-14.5,88.5,13602255.0,0.0,0.19495752,-0.19495752453804016
-14.5,89.5,13602255.0,0.0,0.07368616,-0.0736861601471901
-14.5,90.5,13602255.0,0.0,-0.051987045,0.051987044513225555
-14.5,91.5,13602255.0,0.0,-0.013657335,0.013657335191965103
-14.5,92.5,13602255.0,0.0,0.08522048,-0.08522047847509384
-14.5,93.5,13602255.0,0.0,0.110088155,-0.11008815467357635
-14.5,94.5,13602255.0,0.0,-0.007925388,0.007925388403236866
-14.5,95.5,13602255.0,0.0,0.12673017,-0.12673017382621765
-14.5,96.5,13602255.0,0.0,0.05356378,-0.05356378108263016
-14.5,97.5,13602255.0,0.0,0.009008176,-0.009008175693452358
-14.5,98.5,13602255.0,0.0,0.06202956,-0.062029559165239334
-14.5,99.5,13602255.0,0.0,0.13251321,-0.13251321017742157
-14.5,100.5,13602255.0,0.0,0.042661387,-0.0426613874733448
-14.5,101.5,13602255.0,0.0,-0.029470818,0.029470818117260933
-14.5,102.5,13602255.0,0.0,0.094433814,-0.09443381428718567
-14.5,103.5,13602255.0,0.0,0.050572444,-0.05057244375348091
-14.5,104.5,13602255.0,0.0,0.16599427,-0.16599427163600922
-14.5,105.5,13602255.0,0.0,0.017426584,-0.017426583915948868
-14.5,106.5,13602255.0,0.0,0.06797207,-0.06797207146883011
-14.5,107.5,13602255.0,0.0,0.08089732,-0.08089731633663177
-14.5,108.5,13602255.0,0.0,0.0725903,-0.07259029895067215
-14.5,109.5,13602255.0,0.0,0.19334768,-0.19334767758846283
-14.5,110.5,13602255.0,0.03251224,0.36521485,-0.3327026144788361
-14.5,111.5,13602255.0,0.3748645,0.53326297,-0.1583984680633545
-14.5,112.5,13602255.0,1.1920781,0.65218997,0.5398881299835205
-14.5,113.5,13602255.0,0.53030384,0.49829292,0.03201091702636716
-14.5,114.5,13602255.0,0.06382791,0.2159861,-0.15215819281944276
-14.5,115.5,13602255.0,0.009600002,0.12481243,-0.11521242963347245
-14.5,116.5,13602255.0,0.0,0.16290915,-0.1629091501235962
-14.5,117.5,13602255.0,0.0,0.23128413,-0.23128412663936615
-14.5,118.5,13602255.0,0.0038010161,0.09758028,-0.09377926032965317
-14.5,119.5,13602255.0,0.023573868,0.13669853,-0.11312466112425995
-14.5,120.5,13602255.0,0.0,-0.07285632,0.07285632193088531
-15.5,30.5,13602255.0,3.1485484,1.9629674,1.1855810042175294
-15.5,31.5,13602255.0,3.3315156,2.4026356,0.9288800256591796
-15.5,32.5,13602255.0,2.5519726,2.8850443,-0.3330717363189697
-15.5,33.5,13602255.0,3.357361,2.9000936,0.4572674445495606
-15.5,34.5,13602255.0,2.2562842,2.5005708,-0.24428657407836907
-15.5,35.5,13602255.0,2.033445,1.4894682,0.5439767831039428
-15.5,36.5,13602255.0,1.611352,0.99201375,0.6193382475395202
-15.5,37.5,13602255.0,0.5309999,0.5274174,0.0035824786590575863
-15.5,38.5,13602255.0,0.25562963,0.43180895,-0.1761793185168457
-15.5,39.5,13602255.0,0.5823163,0.42920887,0.1531074252975464
-15.5,40.5,13602255.0,0.23695841,0.43545282,-0.19849440887054443
-15.5,41.5,13602255.0,0.00028290765,0.418538,-0.41825509650992737
-15.5,42.5,13602255.0,0.0,0.4097249,-0.4097248911857605
-15.5,43.5,13602255.0,0.0,0.40856838,-0.4085683822631836
-15.5,44.5,13602255.0,0.0,0.47116208,-0.4711620807647705
-15.5,45.5,13602255.0,0.6621662,0.81402797,-0.1518617650688171
-15.5,46.5,13602255.0,4.553988,1.2342247,3.319763322914124
-15.5,47.5,13602255.0,6.9617867,1.2878903,5.673896384944153
-15.5,48.5,13602255.0,2.9474795,1.2798672,1.667612327758789
-15.5,49.5,13602255.0,0.03548037,0.4629323,-0.427451918646698
-15.5,50.5,13602255.0,0.0,0.13704835,-0.13704834878444672
-15.5,51.5,13602255.0,0.0,0.08856032,-0.0885603204369545
-15.5,52.5,13602255.0,0.0,0.08856032,-0.0885603204369545
-15.5,53.5,13602255.0,0.0,0.08973377,-0.08973377197980881
-15.5,54.5,13602255.0,0.0,0.05291038,-0.05291038006544113
-15.5,55.5,13602255.0,0.0,0.04090081,-0.040900811553001404
-15.5,56.5,13602255.0,0.0,0.040103696,-0.040103696286678314
-15.5,57.5,13602255.0,0.0,0.040103696,-0.040103696286678314
-15.5,58.5,13602255.0,0.0,0.040103696,-0.040103696286678314
-15.5,59.5,13602255.0,0.0,0.040571444,-0.04057144373655319
-15.5,60.5,13602255.0,0.0,0.039608974,-0.039608974009752274
-15.5,61.5,13602255.0,0.0,0.039608974,-0.039608974009752274
-15.5,62.5,13602255.0,0.0,0.039608974,-0.039608974009752274
-15.5,63.5,13602255.0,0.0,0.039608974,-0.039608974009752274
-15.5,64.5,13602255.0,0.0,0.040190313,-0.04019031301140785
-15.5,65.5,13602255.0,0.0,0.040190313,-0.04019031301140785
-15.5,66.5,13602255.0,0.0,0.04401847,-0.044018469750881195
-15.5,67.5,13602255.0,0.0,0.04482201,-0.04482201114296913
-15.5,68.5,13602255.0,0.0,0.04410294,-0.04410294070839882
-15.5,69.5,13602255.0,0.0,0.0348146,-0.03481459990143776
-15.5,70.5,13602255.0,0.0,0.05561439,-0.05561438947916031
-15.5,71.5,13602255.0,0.0,0.097600035,-0.09760003536939621
-15.5,72.5,13602255.0,0.0,0.05446774,-0.05446774140000343
-15.5,73.5,13602255.0,0.0,0.059707895,-0.059707894921302795
-15.5,74.5,13602255.0,0.0,0.0537443,-0.053744301199913025
-15.5,75.5,13602255.0,0.0,0.042458892,-0.04245889186859131
-15.5,76.5,13602255.0,0.0,0.045404043,-0.045404043048620224
-15.5,77.5,13602255.0,0.0,0.112234,-0.11223399639129639
-15.5,78.5,13602255.0,0.0,0.14280076,-0.14280076324939728
-15.5,79.5,13602255.0,0.0,0.04422781,-0.044227808713912964
-15.5,80.5,13602255.0,0.0,0.045151383,-0.04515138268470764
-15.5,81.5,13602255.0,0.0,0.1441497,-0.14414970576763153
-15.5,82.5,13602255.0,0.0,0.26390177,-0.2639017701148987
-15.5,83.5,13602255.0,0.0,0.026999015,-0.026999015361070633
-15.5,84.5,13602255.0,0.0,0.02428898,-0.024288980290293694
-15.5,85.5,13602255.0,0.0,0.03287326,-0.03287326171994209
-15.5,86.5,13602255.0,0.0,0.0010319238,-0.0010319238062947989
-15.5,87.5,13602255.0,0.0,0.038294885,-0.03829488530755043
-15.5,88.5,13602255.0,0.0,0.15115327,-0.15115326642990112
-15.5,89.5,13602255.0,0.0,0.029881937,-0.02988193742930889
-15.5,90.5,13602255.0,0.0,-0.09579135,0.09579134732484818
-15.5,91.5,13602255.0,0.0,-0.05746162,0.05746161937713623
-15.5,92.5,13602255.0,0.0,0.04141625,-0.04141625016927719
-15.5,93.5,13602255.0,0.0,0.06628392,-0.06628391891717911
-15.5,94.5,13602255.0,0.0,-0.051729687,0.05172968655824661
-15.5,95.5,13602255.0,0.0,0.08292583,-0.08292582631111145
-15.5,96.5,13602255.0,0.0,0.009759513,-0.009759512729942799
-15.5,97.5,13602255.0,0.0,-0.03479609,0.0347960889339447
-15.5,98.5,13602255.0,0.0,0.018225271,-0.01822527125477791
-15.5,99.5,13602255.0,0.0,0.09062784,-0.09062784165143967
-15.5,100.5,13602255.0,0.0,0.0007760179,-0.0007760178996250033
-15.5,101.5,13602255.0,0.0,-0.071356185,0.07135618478059769
-15.5,102.5,13602255.0,0.0,0.060467225,-0.060467224568128586
-15.5,103.5,13602255.0,0.0,0.0138545865,-0.013854586519300938
-15.5,104.5,13602255.0,0.0,0.124022804,-0.12402280420064926
-15.5,105.5,13602255.0,0.0,-0.024544884,0.024544883519411087
-15.5,106.5,13602255.0,0.0,0.026000613,-0.0260006133466959
-15.5,107.5,13602255.0,0.0,0.030528259,-0.03052825853228569
-15.5,108.5,13602255.0,0.0,-0.0026776374,0.0026776373852044344
-15.5,109.5,13602255.0,0.0,0.05135554,-0.05135554075241089
-15.5,110.5,13602255.0,0.0,0.17065153,-0.17065152525901794
-15.5,111.5,13602255.0,0.0,0.1852428,-0.18524280190467834
-15.5,112.5,13602255.0,0.0,0.2233266,-0.22332659363746643
-15.5,113.5,13602255.0,0.0,0.21551225,-0.2155122458934784
-15.5,114.5,13602255.0,0.0,0.100363776,-0.10036377608776093
-15.5,115.5,13602255.0,0.0,0.038231455,-0.03823145478963852
-15.5,116.5,13602255.0,0.0,0.094173305,-0.09417330473661423
-15.5,117.5,13602255.0,0.0,0.15877508,-0.15877507627010345
-15.5,118.5,13602255.0,0.0,0.018029688,-0.01802968792617321
-15.5,119.5,13602255.0,0.0,0.055257384,-0.05525738373398781
-15.5,120.5,13602255.0,0.0,-0.052991472,0.05299147218465805
-16.5,30.5,13602255.0,6.5438366,2.0892968,4.454539782220459
-16.5,31.5,13602255.0,4.02098,2.3441968,1.6767832035827634
-16.5,32.5,13602255.0,1.847389,2.2949352,-0.44754622644042974
-16.5,33.5,13602255.0,2.4860625,2.2876298,0.19843265724182135
-16.5,34.5,13602255.0,1.2296354,1.9713321,-0.7416966732116699
-16.5,35.5,13602255.0,0.13813673,1.1365925,-0.9984557773623657
-16.5,36.5,13602255.0,0.022876112,0.63913846,-0.6162623481593018
-16.5,37.5,13602255.0,0.0016923081,0.2647991,-0.2631067801396698
-16.5,38.5,13602255.0,0.0,0.18801324,-0.1880132406949997
-16.5,39.5,13602255.0,0.0,0.18541312,-0.18541312217712402
-16.5,40.5,13602255.0,0.0,0.19165713,-0.19165712594985962
-16.5,41.5,13602255.0,0.0,0.17474225,-0.17474225163459778
-16.5,42.5,13602255.0,0.0,0.16592914,-0.1659291386604309
-16.5,43.5,13602255.0,0.0,0.16477263,-0.164772629737854
-16.5,44.5,13602255.0,0.0,0.24455327,-0.24455326795578003
-16.5,45.5,13602255.0,0.054000005,0.5249619,-0.4709618837901306
-16.5,46.5,13602255.0,1.3995979,0.8870611,0.5125367809204102
-16.5,47.5,13602255.0,3.5969772,0.94876266,2.6482145447418213
-16.5,48.5,13602255.0,0.7318929,0.9566982,-0.22480527924499516
-16.5,49.5,13602255.0,0.003877874,0.41097435,-0.4070964795518646
-16.5,50.5,13602255.0,0.0,0.106097184,-0.10609718412160873
-16.5,51.5,13602255.0,0.004075933,0.05169276,-0.047616828480808254
-16.5,52.5,13602255.0,0.13459733,0.05169276,0.08290456851919173
-16.5,53.5,13602255.0,0.11906399,0.052866213,0.06619777697633743
-16.5,54.5,13602255.0,0.008968221,0.025113668,-0.01614544729276085
-16.5,55.5,13602255.0,0.0,0.007885055,-0.007885054685175419
-16.5,56.5,13602255.0,0.0,0.0070879357,-0.007087935693562031
-16.5,57.5,13602255.0,0.0,0.0070879357,-0.007087935693562031
-16.5,58.5,13602255.0,0.0,0.0070879357,-0.007087935693562031
-16.5,59.5,13602255.0,0.0,0.007555685,-0.007555685006082058
-16.5,60.5,13602255.0,0.0,0.0065932153,-0.006593215279281139
-16.5,61.5,13602255.0,0.0,0.0065932153,-0.006593215279281139
-16.5,62.5,13602255.0,0.0,0.0065932153,-0.006593215279281139
-16.5,63.5,13602255.0,0.0,0.0065932153,-0.006593215279281139
-16.5,64.5,13602255.0,0.0,0.0071745543,-0.007174554280936718
-16.5,65.5,13602255.0,0.0,0.0071745543,-0.007174554280936718
-16.5,66.5,13602255.0,0.0,0.011002702,-0.011002701707184315
-16.5,67.5,13602255.0,0.0,0.011806254,-0.011806254275143147
-16.5,68.5,13602255.0,0.0,0.011087187,-0.011087186634540558
-16.5,69.5,13602255.0,0.0,0.0076543167,-0.00765431672334671
-16.5,70.5,13602255.0,0.0,0.028454086,-0.028454085811972618
-16.5,71.5,13602255.0,0.0,0.06778004,-0.067780040204525
-16.5,72.5,13602255.0,0.0,0.02464772,-0.024647720158100128
-16.5,73.5,13602255.0,0.0,0.029887864,-0.029887864366173744
-16.5,74.5,13602255.0,0.0,0.023924248,-0.023924248293042183
-16.5,75.5,13602255.0,0.0,0.0126388585,-0.012638858519494534
-16.5,76.5,13602255.0,0.0,0.01558402,-0.01558401994407177
-16.5,77.5,13602255.0,0.0,0.08241392,-0.0824139192700386
-16.5,78.5,13602255.0,0.0,0.11298062,-0.11298061907291412
-16.5,79.5,13602255.0,0.0,0.014407731,-0.014407730661332607
-16.5,80.5,13602255.0,0.0,0.015331352,-0.01533135212957859
-16.5,81.5,13602255.0,0.0,0.11432953,-0.11432953178882599
-16.5,82.5,13602255.0,0.0,0.23408177,-0.23408177495002747
-16.5,83.5,13602255.0,0.0,-0.002821093,0.0028210929594933987
-16.5,84.5,13602255.0,0.0,-0.005531107,0.005531107075512409
-16.5,85.5,13602255.0,0.0,0.009672323,-0.009672323241829872
-16.5,86.5,13602255.0,0.0,-0.0106061725,0.010606172494590282
-16.5,87.5,13602255.0,0.0,0.026656792,-0.02665679156780243
-16.5,88.5,13602255.0,0.0,0.13951516,-0.13951516151428223
-16.5,89.5,13602255.0,0.0,0.015996734,-0.01599673368036747
-16.5,90.5,13602255.0,0.0,-0.11644202,0.11644201725721359
-16.5,91.5,13602255.0,0.0,-0.078112274,0.07811227440834045
-16.5,92.5,13602255.0,0.0,0.024661325,-0.02466132491827011
-16.5,93.5,13602255.0,0.0,0.049528986,-0.04952898621559143
-16.5,94.5,13602255.0,0.0,-0.068484575,0.06848457455635071
-16.5,95.5,13602255.0,0.0,0.06617086,-0.06617085635662079
-16.5,96.5,13602255.0,0.0,-0.006995432,0.006995432078838348
-16.5,97.5,13602255.0,0.0,-0.05155105,0.05155105143785477
-16.5,98.5,13602255.0,0.0,0.0014703225,-0.0014703224878758192
-16.5,99.5,13602255.0,0.0,0.07387287,-0.073872871696949
-16.5,100.5,13602255.0,0.0,-0.015978899,0.015978898853063583
-16.5,101.5,13602255.0,0.0,-0.08811111,0.08811111003160477
-16.5,102.5,13602255.0,0.0,0.037487924,-0.037487924098968506
-16.5,103.5,13602255.0,0.0,-0.0061715273,0.0061715273186564445
-16.5,104.5,13602255.0,0.0,0.09329529,-0.09329529106616974
-16.5,105.5,13602255.0,0.0,-0.04542998,0.045429978519678116
-16.5,106.5,13602255.0,0.0,0.0051155174,-0.0051155174151062965
-16.5,107.5,13602255.0,0.0,0.00648202,-0.006482020020484924
-16.5,108.5,13602255.0,0.0,-0.036423385,0.03642338514328003
-16.5,109.5,13602255.0,0.0,0.05431877,-0.05431877076625824
-16.5,110.5,13602255.0,0.0,0.10787097,-0.10787097364664078
-16.5,111.5,13602255.0,0.0,0.09601179,-0.09601178765296936
-16.5,112.5,13602255.0,0.0,0.07653712,-0.0765371173620224
-16.5,113.5,13602255.0,0.0,0.121955514,-0.1219555139541626
-16.5,114.5,13602255.0,0.0,0.030646672,-0.03064667247235775
-16.5,115.5,13602255.0,0.0,0.0034578547,-0.0034578547347337008
-16.5,116.5,13602255.0,0.0,0.053997617,-0.05399761721491814
-16.5,117.5,13602255.0,0.0,0.11859945,-0.11859945207834244
-16.5,118.5,13602255.0,0.0,-0.01700803,0.01700803078711033
-16.5,119.5,13602255.0,0.0,0.014311538,-0.014311538077890873
-16.5,120.5,13602255.0,0.0,-0.06486472,0.06486471742391586
-17.5,30.5,13602255.0,1.5024248,1.1835648,0.31886001785736084
-17.5,31.5,13602255.0,1.1439161,1.118031,0.025885075067138663
-17.5,32.5,13602255.0,0.9860833,1.0526276,-0.0665442634765625
-17.5,33.5,13602255.0,1.2964839,1.1154224,0.18106153195037833
-17.5,34.5,13602255.0,0.3584959,0.9191528,-0.5606568962684632
-17.5,35.5,13602255.0,0.002481633,0.58649486,-0.5840132300332946
-17.5,36.5,13602255.0,0.0,0.30016652,-0.300166517496109
-17.5,37.5,13602255.0,0.0,0.052225366,-0.05222536623477936
-17.5,38.5,13602255.0,0.0,0.016440019,-0.016440019011497498
-17.5,39.5,13602255.0,0.0,0.013839918,-0.013839918188750744
-17.5,40.5,13602255.0,0.0,0.0200839,-0.020083900541067123
-17.5,41.5,13602255.0,0.0,0.0031690602,-0.003169060219079256
-17.5,42.5,13602255.0,0.0,-0.00564403,0.005644029937684536
-17.5,43.5,13602255.0,0.0,-0.0068005314,0.006800531409680843
-17.5,44.5,13602255.0,0.0,0.07298009,-0.07298009097576141
-17.5,45.5,13602255.0,0.0,0.2786166,-0.27861660718917847
-17.5,46.5,13602255.0,0.0042774915,0.50930935,-0.5050318599442444
-17.5,47.5,13602255.0,0.01955395,0.5710109,-0.5514569376228332
-17.5,48.5,13602255.0,0.0072254436,0.62932557,-0.6221001250759949
-17.5,49.5,13602255.0,0.009379118,0.23994814,-0.2305690205946274
-17.5,50.5,13602255.0,0.0,0.078062,-0.07806199789047241
-17.5,51.5,13602255.0,0.06022935,0.023657527,0.036571823179101945
-17.5,52.5,13602255.0,0.58519423,0.023657527,0.561536703179102
-17.5,53.5,13602255.0,0.9776555,0.024830975,0.9528245253615379
-17.5,54.5,13602255.0,0.6257626,0.013660201,0.6121023991284728
-17.5,55.5,13602255.0,0.1560737,-0.003568408,0.15964210807944537
-17.5,56.5,13602255.0,0.007540622,-0.007626568,0.015167189967236042
-17.5,57.5,13602255.0,0.0,-0.007626568,0.007626567967236042
-17.5,58.5,13602255.0,0.0,-0.007626568,0.007626567967236042
-17.5,59.5,13602255.0,0.0,-0.0071588177,0.00715881772339344
-17.5,60.5,13602255.0,0.0,-0.008121287,0.008121287450194359
-17.5,61.5,13602255.0,0.0,-0.008121287,0.008121287450194359
-17.5,62.5,13602255.0,0.0,-0.008121287,0.008121287450194359
-17.5,63.5,13602255.0,0.0,-0.008121287,0.008121287450194359
-17.5,64.5,13602255.0,0.0,-0.0075399484,0.00753994844853878
-17.5,65.5,13602255.0,0.0,-0.0075399484,0.00753994844853878
-17.5,66.5,13602255.0,0.0,-0.0037117987,0.003711798693984747
-17.5,67.5,13602255.0,0.0,-0.0029082494,0.0029082493856549263
-17.5,68.5,13602255.0,0.0,-0.003627319,0.003627318888902664
-17.5,69.5,13602255.0,0.0,-0.0070601916,0.007060191594064236
-17.5,70.5,13602255.0,0.0,0.009072993,-0.009072992950677872
-17.5,71.5,13602255.0,0.0,0.048398927,-0.048398926854133606
-17.5,72.5,13602255.0,0.0,0.005266615,-0.005266615189611912
-17.5,73.5,13602255.0,0.0,0.010506753,-0.010506752878427505
-17.5,74.5,13602255.0,0.0,0.0045431443,-0.004543144255876541
-17.5,75.5,13602255.0,0.0,-0.0067422446,0.006742244586348534
-17.5,76.5,13602255.0,0.0,-0.0037970785,0.0037970785051584244
-17.5,77.5,13602255.0,0.0,0.06303281,-0.06303281337022781
-17.5,78.5,13602255.0,0.0,0.093599536,-0.09359953552484512
-17.5,79.5,13602255.0,0.0,-0.0049733985,0.004973398521542549
-17.5,80.5,13602255.0,0.0,-0.004049777,0.004049777053296566
-17.5,81.5,13602255.0,0.0,0.09047896,-0.09047895669937134
-17.5,82.5,13602255.0,0.0,0.2102312,-0.21023119986057281
-17.5,83.5,13602255.0,0.0,-0.026671708,0.02667170763015747
-17.5,84.5,13602255.0,0.0,-0.029381705,0.029381705448031425
-17.5,85.5,13602255.0,0.0,-0.011492668,0.011492667719721794
-17.5,86.5,13602255.0,0.0,-0.019201476,0.019201476126909256
-17.5,87.5,13602255.0,0.0,0.018061463,-0.01806146278977394
-17.5,88.5,13602255.0,0.0,0.1309198,-0.13091979920864105
-17.5,89.5,13602255.0,0.0,0.0074013993,-0.007401399314403534
-17.5,90.5,13602255.0,0.0,-0.12503724,0.12503723800182343
-17.5,91.5,13602255.0,0.0,-0.08670757,0.08670756965875626
-17.5,92.5,13602255.0,0.0,0.0074543757,-0.007454375736415386
-17.5,93.5,13602255.0,0.0,0.032322057,-0.03232205659151077
-17.5,94.5,13602255.0,0.0,-0.089837395,0.08983739465475082
-17.5,95.5,13602255.0,0.0,0.04481809,-0.04481808841228485
-17.5,96.5,13602255.0,0.0,-0.028348206,0.028348205611109734
-17.5,97.5,13602255.0,0.0,-0.07290383,0.0729038268327713
-17.5,98.5,13602255.0,0.0,-0.019882463,0.019882462918758392
-17.5,99.5,13602255.0,0.0,0.046164364,-0.046164363622665405
-17.5,100.5,13602255.0,0.0,-0.043687426,0.043687425553798676
-17.5,101.5,13602255.0,0.0,-0.11581964,0.11581964045763016
-17.5,102.5,13602255.0,0.0,0.021320844,-0.021320844069123268
-17.5,103.5,13602255.0,0.0,-0.025024142,0.025024142116308212
-17.5,104.5,13602255.0,0.0,0.065312564,-0.06531256437301636
-17.5,105.5,13602255.0,0.0,-0.069506556,0.06950655579566956
-17.5,106.5,13602255.0,0.0,-0.03486916,0.03486916050314903
-17.5,107.5,13602255.0,0.0,-0.033502657,0.03350265696644783
-17.5,108.5,13602255.0,0.0,-0.06440835,0.06440834701061249
-17.5,109.5,13602255.0,0.0,0.023504008,-0.02350400760769844
-17.5,110.5,13602255.0,0.0,0.070008785,-0.070008784532547
-17.5,111.5,13602255.0,0.0,0.0531161,-0.053116101771593094
-17.5,112.5,13602255.0,0.0,0.030368524,-0.03036852367222309
-17.5,113.5,13602255.0,0.0,0.075786814,-0.07578681409358978
-17.5,114.5,13602255.0,0.0,-0.027782446,0.027782445773482323
-17.5,115.5,13602255.0,0.0,-0.035251502,0.03525150194764137
-17.5,116.5,13602255.0,0.0,0.019397378,-0.019397377967834473
-17.5,117.5,13602255.0,0.0,0.083999276,-0.08399927616119385
-17.5,118.5,13602255.0,0.0,-0.036054786,0.036054786294698715
-17.5,119.5,13602255.0,0.0,-0.0047352538,0.004735253751277924
-17.5,120.5,13602255.0,0.0,-0.120509245,0.12050924450159073
-18.5,30.5,13602255.0,0.09617542,0.5342,-0.4380245926838684
-18.5,31.5,13602255.0,0.058733,0.2874134,-0.22868038849067687
-18.5,32.5,13602255.0,0.012005958,0.17521979,-0.163213831147377
-18.5,33.5,13602255.0,0.0,0.23801434,-0.2380143404006958
-18.5,34.5,13602255.0,0.0,0.14018291,-0.14018291234970093
-18.5,35.5,13602255.0,0.0,0.051621005,-0.051621004939079285
-18.5,36.5,13602255.0,0.0,0.050414126,-0.05041412636637688
-18.5,37.5,13602255.0,0.0,0.011344781,-0.011344781145453453
-18.5,38.5,13602255.0,0.0,-0.024440574,0.024440573528409004
-18.5,39.5,13602255.0,0.0,-0.027040677,0.027040677145123482
-18.5,40.5,13602255.0,0.0,-0.02079668,0.020796680822968483
-18.5,41.5,13602255.0,0.0,-0.03771154,0.03771153837442398
-18.5,42.5,13602255.0,0.0,-0.04652463,0.04652462899684906
-18.5,43.5,13602255.0,0.0,-0.047681138,0.047681137919425964
-18.5,44.5,13602255.0,0.0,0.032099467,-0.032099466770887375
-18.5,45.5,13602255.0,0.00073636364,0.23379226,-0.2330558966491922
-18.5,46.5,13602255.0,0.05592001,0.46448523,-0.408565218061676
-18.5,47.5,13602255.0,0.023806239,0.5261867,-0.5023804656356201
-18.5,48.5,13602255.0,0.0,0.5845012,-0.5845012068748474
-18.5,49.5,13602255.0,0.0,0.19512391,-0.19512391090393066
-18.5,50.5,13602255.0,0.0,0.033237737,-0.03323773667216301
-18.5,51.5,13602255.0,0.07057989,-0.021166693,0.09174658341921807
-18.5,52.5,13602255.0,0.30515093,-0.021166693,0.32631762341921805
-18.5,53.5,13602255.0,0.22683018,-0.019993242,0.24682342187636375
-18.5,54.5,13602255.0,0.102252156,-0.031164017,0.13341617257462118
-18.5,55.5,13602255.0,0.04627887,-0.048392612,0.09467148248707771
-18.5,56.5,13602255.0,0.003022811,-0.052450765,0.055473575924287796
-18.5,57.5,13602255.0,0.0,-0.052450765,0.052450764924287796
-18.5,58.5,13602255.0,0.0,-0.052450765,0.052450764924287796
-18.5,59.5,13602255.0,0.0,-0.051983017,0.05198301747441292
-18.5,60.5,13602255.0,0.0,-0.05294549,0.052945490926504135
-18.5,61.5,13602255.0,0.0,-0.05294549,0.052945490926504135
-18.5,62.5,13602255.0,0.0,-0.05294549,0.052945490926504135
-18.5,63.5,13602255.0,0.0,-0.05294549,0.052945490926504135
-18.5,64.5,13602255.0,0.0,-0.052364152,0.052364151924848557
-18.5,65.5,13602255.0,0.0,-0.052364152,0.052364151924848557
-18.5,66.5,13602255.0,0.0,-0.048536,0.04853599891066551
-18.5,67.5,13602255.0,0.0,-0.04773246,0.047732461243867874
-18.5,68.5,13602255.0,0.0,-0.048451528,0.04845152795314789
-18.5,69.5,13602255.0,0.0,-0.05188439,0.05188439041376114
-18.5,70.5,13602255.0,0.0,-0.035751205,0.03575120493769646
-18.5,71.5,13602255.0,0.0,0.0035746654,-0.00357466540299356
-18.5,72.5,13602255.0,0.0,-0.039557636,0.03955763578414917
-18.5,73.5,13602255.0,0.0,-0.034317493,0.0343174934387207
-18.5,74.5,13602255.0,0.0,-0.04028108,0.04028107970952988
-18.5,75.5,13602255.0,0.0,-0.05156648,0.051566481590270996
-18.5,76.5,13602255.0,0.0,-0.04862133,0.04862133041024208
-18.5,77.5,13602255.0,0.0,0.018208541,-0.018208540976047516
-18.5,78.5,13602255.0,0.0,0.048775245,-0.04877524450421333
-18.5,79.5,13602255.0,0.0,-0.049797624,0.049797624349594116
-18.5,80.5,13602255.0,0.0,-0.04887401,0.048874009400606155
-18.5,81.5,13602255.0,0.0,0.045654748,-0.045654747635126114
-18.5,82.5,13602255.0,0.0,0.16540696,-0.1654069572687149
-18.5,83.5,13602255.0,0.0,-0.07149595,0.07149595022201538
-18.5,84.5,13602255.0,0.0,-0.07420593,0.0742059275507927
-18.5,85.5,13602255.0,0.0,-0.05631693,0.056316930800676346
-18.5,86.5,13602255.0,0.0,-0.06402573,0.06402572989463806
-18.5,87.5,13602255.0,0.0,-0.026762785,0.026762785390019417
-18.5,88.5,13602255.0,0.0,0.08609544,-0.08609543740749359
-18.5,89.5,13602255.0,0.0,-0.03742285,0.03742285072803497
-18.5,90.5,13602255.0,0.0,-0.16986144,0.16986143589019775
-18.5,91.5,13602255.0,0.0,-0.1315317,0.1315317004919052
-18.5,92.5,13602255.0,0.0,-0.037369903,0.037369903177022934
-18.5,93.5,13602255.0,0.0,-0.012502235,0.012502235360443592
-18.5,94.5,13602255.0,0.0,-0.13466169,0.1346616894006729
-18.5,95.5,13602255.0,0.0,-6.211456e-06,6.211455911397934e-06
-18.5,96.5,13602255.0,0.0,-0.073172525,0.07317252457141876
-18.5,97.5,13602255.0,0.0,-0.1177281,0.1177280992269516
-18.5,98.5,13602255.0,0.0,-0.06470674,0.06470674276351929
-18.5,99.5,13602255.0,0.0,0.0013400856,-0.0013400856405496597
-18.5,100.5,13602255.0,0.0,-0.088511705,0.08851170539855957
-18.5,101.5,13602255.0,0.0,-0.16064388,0.16064387559890747
-18.5,102.5,13602255.0,0.0,-0.023503374,0.023503374308347702
-18.5,103.5,13602255.0,0.0,-0.069848396,0.06984839588403702
-18.5,104.5,13602255.0,0.0,0.02048814,-0.020488139241933823
-18.5,105.5,13602255.0,0.0,-0.114330895,0.11433089524507523
-18.5,106.5,13602255.0,0.0,-0.07969343,0.07969342917203903
-18.5,107.5,13602255.0,0.0,-0.07832697,0.07832697033882141
-18.5,108.5,13602255.0,0.0,-0.10923266,0.10923265665769577
-18.5,109.5,13602255.0,0.0,-0.021320287,0.021320287138223648
-18.5,110.5,13602255.0,0.0,0.025184501,-0.025184500962495804
-18.5,111.5,13602255.0,0.0,0.008291723,-0.00829172320663929
-18.5,112.5,13602255.0,0.0,-0.014455871,0.014455870725214481
-18.5,113.5,13602255.0,0.0,0.03096239,-0.030962390825152397
-18.5,114.5,13602255.0,0.0,-0.072606735,0.07260673493146896
-18.5,115.5,13602255.0,0.0,-0.08007579,0.08007579296827316
-18.5,116.5,13602255.0,0.0,-0.025426911,0.02542691119015217
-18.5,117.5,13602255.0,0.0,0.039174948,-0.03917494788765907
-18.5,118.5,13602255.0,0.0,-0.08087909,0.0808790922164917
-18.5,119.5,13602255.0,0.0,-0.04955956,0.04955955967307091
-18.5,120.5,13602255.0,0.0,-0.12814353,0.1281435340642929
-19.5,30.5,13602255.0,3.0539103,0.7473277,2.30658261464386
-19.5,31.5,13602255.0,0.4949208,0.5081645,-0.013243725032043463
-19.5,32.5,13602255.0,0.00057889445,0.3277257,-0.3271468140346497
-19.5,33.5,13602255.0,0.0,0.39052016,-0.3905201554298401
-19.5,34.5,13602255.0,0.0,0.2926886,-0.29268860816955566
-19.5,35.5,13602255.0,0.0,0.20412658,-0.20412658154964447
-19.5,36.5,13602255.0,0.0,0.20291969,-0.20291969180107117
-19.5,37.5,13602255.0,0.0,0.16385037,-0.16385036706924438
-19.5,38.5,13602255.0,0.0,0.12806505,-0.1280650496482849
-19.5,39.5,13602255.0,0.0,0.12546492,-0.12546491622924805
-19.5,40.5,13602255.0,0.0,0.13170889,-0.13170889019966125
-19.5,41.5,13602255.0,0.0,0.114794046,-0.1147940456867218
-19.5,42.5,13602255.0,0.024038954,0.10598096,-0.08194200851487732
-19.5,43.5,13602255.0,0.10480801,0.10482447,-1.6458493461615764e-05
-19.5,44.5,13602255.0,0.9825251,0.184605,0.7979200975967408
-19.5,45.5,13602255.0,3.0836315,0.3862979,2.6973335885944367
-19.5,46.5,13602255.0,2.474029,0.6169909,1.857038076118469
-19.5,47.5,13602255.0,0.88741684,0.6786926,0.2087242607305908
-19.5,48.5,13602255.0,0.7423171,0.73700714,0.005309958886718702
-19.5,49.5,13602255.0,0.19541754,0.3400059,-0.14458836443611145
-19.5,50.5,13602255.0,0.014012212,0.1781198,-0.16410758153427887
-19.5,51.5,13602255.0,0.105201416,0.123715326,-0.018513910189994806
-19.5,52.5,13602255.0,0.33679023,0.123715326,0.2130749038100052
-19.5,53.5,13602255.0,0.17550625,0.1248888,0.05061744991540909
-19.5,54.5,13602255.0,0.00205017,0.11371801,-0.11166784048517227
-19.5,55.5,13602255.0,0.0,0.096489415,-0.09648941457271576
-19.5,56.5,13602255.0,0.0,0.09243126,-0.09243126213550568
-19.5,57.5,13602255.0,0.0,0.09243126,-0.09243126213550568
-19.5,58.5,13602255.0,0.0,0.09243126,-0.09243126213550568
-19.5,59.5,13602255.0,0.0,0.09289901,-0.09289900958538055
-19.5,60.5,13602255.0,0.0,0.091936536,-0.09193653613328934
-19.5,61.5,13602255.0,0.0,0.091936536,-0.09193653613328934
-19.5,62.5,13602255.0,0.0,0.091936536,-0.09193653613328934
-19.5,63.5,13602255.0,0.0,0.091936536,-0.09193653613328934
-19.5,64.5,13602255.0,0.0,0.092517875,-0.09251787513494492
-19.5,65.5,13602255.0,0.0,0.092517875,-0.09251787513494492
-19.5,66.5,13602255.0,0.0,0.09634602,-0.09634602069854736
-19.5,67.5,13602255.0,0.0,0.097149566,-0.0971495658159256
-19.5,68.5,13602255.0,0.0,0.096430495,-0.09643049538135529
-19.5,69.5,13602255.0,0.0,0.09299764,-0.09299764037132263
-19.5,70.5,13602255.0,0.0,0.109130785,-0.10913078486919403
-19.5,71.5,13602255.0,0.0,0.14845666,-0.1484566628932953
-19.5,72.5,13602255.0,0.0,0.10532441,-0.1053244099020958
-19.5,73.5,13602255.0,0.0,0.11056456,-0.11056455969810486
-19.5,74.5,13602255.0,0.0,0.10460094,-0.1046009436249733
-19.5,75.5,13602255.0,0.0,0.09331555,-0.09331554919481277
-19.5,76.5,13602255.0,0.0,0.09626071,-0.09626071155071259
-19.5,77.5,13602255.0,0.0,0.16309063,-0.16309063136577606
-19.5,78.5,13602255.0,0.0,0.19365734,-0.19365733861923218
-19.5,79.5,13602255.0,0.0,0.0950844,-0.09508439898490906
-19.5,80.5,13602255.0,0.0,0.09600801,-0.09600801020860672
-19.5,81.5,13602255.0,0.0,0.19053686,-0.19053685665130615
-19.5,82.5,13602255.0,0.0,0.31028903,-0.31028902530670166
-19.5,83.5,13602255.0,0.0,0.07338607,-0.07338607311248779
-19.5,84.5,13602255.0,0.0,0.07067608,-0.07067608088254929
-19.5,85.5,13602255.0,0.0,0.08856511,-0.08856511116027832
-19.5,86.5,13602255.0,0.0,0.08085633,-0.0808563306927681
-19.5,87.5,13602255.0,0.0,0.118119195,-0.11811919510364532
-19.5,88.5,13602255.0,0.0,0.23097761,-0.2309776097536087
-19.5,89.5,13602255.0,0.0,0.107459225,-0.10745922476053238
-19.5,90.5,13602255.0,0.0,-0.024979452,0.024979451671242714
-19.5,91.5,13602255.0,0.0,0.013350278,-0.01335027813911438
-19.5,92.5,13602255.0,0.0,0.10751209,-0.10751208662986755
-19.5,93.5,13602255.0,0.0,0.13237974,-0.13237974047660828
-19.5,94.5,13602255.0,0.0,0.0102204075,-0.010220407508313656
-19.5,95.5,13602255.0,0.0,0.14487597,-0.14487597346305847
-19.5,96.5,13602255.0,0.0,0.07170955,-0.07170955091714859
-19.5,97.5,13602255.0,0.0,0.02715398,-0.02715397998690605
-19.5,98.5,13602255.0,0.0,0.080175325,-0.08017532527446747
-19.5,99.5,13602255.0,0.0,0.14622214,-0.14622214436531067
-19.5,100.5,13602255.0,0.0,0.056370355,-0.05637035518884659
-19.5,101.5,13602255.0,0.0,-0.015761837,0.015761837363243103
-19.5,102.5,13602255.0,0.0,0.12137867,-0.12137866765260696
-19.5,103.5,13602255.0,0.0,0.075033575,-0.07503357529640198
-19.5,104.5,13602255.0,0.0,0.16537033,-0.16537033021450043
-19.5,105.5,13602255.0,0.0,0.030551143,-0.030551142990589142
-19.5,106.5,13602255.0,0.0,0.0651886,-0.06518860161304474
-19.5,107.5,13602255.0,0.0,0.06655511,-0.06655511260032654
-19.5,108.5,13602255.0,0.0,0.035649363,-0.035649362951517105
-19.5,109.5,13602255.0,0.0,0.123561844,-0.12356184422969818
-19.5,110.5,13602255.0,0.0,0.17006658,-0.17006658017635345
-19.5,111.5,13602255.0,0.0,0.15317386,-0.15317386388778687
-19.5,112.5,13602255.0,0.0,0.1304263,-0.1304263025522232
-19.5,113.5,13602255.0,0.0,0.17584473,-0.1758447289466858
-19.5,114.5,13602255.0,0.0,0.07227538,-0.07227537781000137
-19.5,115.5,13602255.0,0.0,0.06480636,-0.06480635702610016
-19.5,116.5,13602255.0,0.0,0.11945538,-0.11945538222789764
-19.5,117.5,13602255.0,0.0,0.18405718,-0.18405717611312866
-19.5,118.5,13602255.0,0.0,0.064003035,-0.06400303542613983
-19.5,119.5,13602255.0,0.0,0.09532252,-0.09532251954078674
-19.5,120.5,13602255.0,0.0,0.016738495,-0.016738494858145714
-20.5,30.5,13602255.0,4.435239,0.5274762,3.9077628084793092
-20.5,31.5,13602255.0,0.80923486,0.28495124,0.524283620175705
-20.5,32.5,13602255.0,0.021269387,0.20091462,-0.1796452343531494
-20.5,33.5,13602255.0,0.0,0.2444729,-0.2444729059934616
-20.5,34.5,13602255.0,0.0,0.17827182,-0.1782718151807785
-20.5,35.5,13602255.0,0.0,0.13891931,-0.13891930878162384
-20.5,36.5,13602255.0,0.0,0.13771239,-0.13771238923072815
-20.5,37.5,13602255.0,0.0,0.098643005,-0.09864300489425659
-20.5,38.5,13602255.0,0.0,0.065125726,-0.0651257261633873
-20.5,39.5,13602255.0,0.0,0.06252562,-0.06252562254667282
-20.5,40.5,13602255.0,0.0,0.068769634,-0.06876963376998901
-20.5,41.5,13602255.0,0.0,0.0518548,-0.051854800432920456
-20.5,42.5,13602255.0,0.04847104,0.052439902,-0.003968861977777481
-20.5,43.5,13602255.0,0.13643613,0.051283393,0.08515273694479941
-20.5,44.5,13602255.0,0.8326096,0.13106401,0.7015455873533248
-20.5,45.5,13602255.0,1.4650333,0.31861427,1.146419025736618
-20.5,46.5,13602255.0,1.2664754,0.5493071,0.717168292074585
-20.5,47.5,13602255.0,1.6979538,0.61100876,1.0869450366867066
-20.5,48.5,13602255.0,1.1726015,0.6693234,0.5032781152381898
-20.5,49.5,13602255.0,0.3388658,0.27232224,0.06654356250839233
-20.5,50.5,13602255.0,0.011167886,0.11043609,-0.0992682033368721
-20.5,51.5,13602255.0,0.0,0.056031685,-0.05603168532252312
-20.5,52.5,13602255.0,0.0,0.056031685,-0.05603168532252312
-20.5,53.5,13602255.0,0.0,0.057205137,-0.057205136865377426
-20.5,54.5,13602255.0,0.0,0.046034366,-0.04603436589241028
-20.5,55.5,13602255.0,0.0,0.028805748,-0.028805747628211975
-20.5,56.5,13602255.0,0.0,0.024747588,-0.024747587740421295
-20.5,57.5,13602255.0,0.0,0.024747588,-0.024747587740421295
-20.5,58.5,13602255.0,0.0,0.024747588,-0.024747587740421295
-20.5,59.5,13602255.0,0.0,0.025215339,-0.02521533891558647
-20.5,60.5,13602255.0,0.0,0.02425287,-0.024252869188785553
-20.5,61.5,13602255.0,0.0,0.02425287,-0.024252869188785553
-20.5,62.5,13602255.0,0.0,0.02425287,-0.024252869188785553
-20.5,63.5,13602255.0,0.0,0.02425287,-0.024252869188785553
-20.5,64.5,13602255.0,0.0,0.024834208,-0.02483420819044113
-20.5,65.5,13602255.0,0.0,0.024834208,-0.02483420819044113
-20.5,66.5,13602255.0,0.0,0.028662357,-0.028662357479333878
-20.5,67.5,13602255.0,0.0,0.029465908,-0.02946590818464756
-20.5,68.5,13602255.0,0.0,0.028746836,-0.0287468358874321
-20.5,69.5,13602255.0,0.0,0.025313962,-0.025313962250947952
-20.5,70.5,13602255.0,0.0,0.041447144,-0.041447144001722336
-20.5,71.5,13602255.0,0.0,0.08077308,-0.08077307790517807
-20.5,72.5,13602255.0,0.0,0.037640773,-0.0376407727599144
-20.5,73.5,13602255.0,0.0,0.04288091,-0.042880911380052567
-20.5,74.5,13602255.0,0.0,0.036917295,-0.036917295306921005
-20.5,75.5,13602255.0,0.0,0.025631897,-0.025631897151470184
-20.5,76.5,13602255.0,0.0,0.028577058,-0.028577057644724846
-20.5,77.5,13602255.0,0.0,0.09540688,-0.09540688246488571
-20.5,78.5,13602255.0,0.0,0.12597366,-0.1259736567735672
-20.5,79.5,13602255.0,0.0,0.027400754,-0.027400754392147064
-20.5,80.5,13602255.0,0.0,0.028324375,-0.028324374929070473
-20.5,81.5,13602255.0,0.0,0.122853056,-0.12285305559635162
-20.5,82.5,13602255.0,0.0,0.24260533,-0.2426053285598755
-20.5,83.5,13602255.0,0.0,0.005702423,-0.005702422931790352
-20.5,84.5,13602255.0,0.0,0.0029924493,-0.002992449328303337
-20.5,85.5,13602255.0,0.0,0.020881407,-0.02088140696287155
-20.5,86.5,13602255.0,0.0,0.013172634,-0.013172633945941925
-20.5,87.5,13602255.0,0.0,0.05043558,-0.05043558031320572
-20.5,88.5,13602255.0,0.0,0.1632939,-0.16329389810562134
-20.5,89.5,13602255.0,0.0,0.039775543,-0.0397755429148674
-20.5,90.5,13602255.0,0.0,-0.09266315,0.09266314655542374
-20.5,91.5,13602255.0,0.0,-0.05433344,0.05433344095945358
-20.5,92.5,13602255.0,0.0,0.039828494,-0.03982849419116974
-20.5,93.5,13602255.0,0.0,0.06469613,-0.06469613313674927
-20.5,94.5,13602255.0,0.0,-0.057463266,0.05746326595544815
-20.5,95.5,13602255.0,0.0,0.07719216,-0.07719215750694275
-20.5,96.5,13602255.0,0.0,0.0040258616,-0.004025861620903015
-20.5,97.5,13602255.0,0.0,-0.04052973,0.040529731661081314
-20.5,98.5,13602255.0,0.0,0.012491636,-0.012491635978221893
-20.5,99.5,13602255.0,0.0,0.07853847,-0.07853846997022629
-20.5,100.5,13602255.0,0.0,-0.008219127,0.008219126611948013
-20.5,101.5,13602255.0,0.0,-0.08344549,0.0834454894065857
-20.5,102.5,13602255.0,0.0,0.05369492,-0.053694918751716614
-20.5,103.5,13602255.0,0.0,0.007349978,-0.0073499782010912895
-20.5,104.5,13602255.0,0.0,0.097686626,-0.09768662601709366
-20.5,105.5,13602255.0,0.0,-0.037132513,0.03713251277804375
-20.5,106.5,13602255.0,0.0,-0.0024950686,0.0024950685910880566
-20.5,107.5,13602255.0,0.0,-0.0011285554,0.0011285553919151425
-20.5,108.5,13602255.0,0.0,-0.032034256,0.0320342555642128
-20.5,109.5,13602255.0,0.0,0.055878084,-0.055878084152936935
-20.5,110.5,13602255.0,0.0,0.102382876,-0.10238287597894669
-20.5,111.5,13602255.0,0.0,0.08549021,-0.08549021184444427
-20.5,112.5,13602255.0,0.0,0.06274256,-0.06274256110191345
-20.5,113.5,13602255.0,0.0,0.10816096,-0.10816095769405365
-20.5,114.5,13602255.0,0.0,0.0045916783,-0.004591678269207478
-20.5,115.5,13602255.0,0.0,-0.0028773171,0.0028773171361535788
-20.5,116.5,13602255.0,0.0,0.051771596,-0.05177159607410431
-20.5,117.5,13602255.0,0.0,0.11637351,-0.11637350916862488
-20.5,118.5,13602255.0,0.0,-0.0036806737,0.003680673660710454
-20.5,119.5,13602255.0,0.0,0.027638853,-0.02763885259628296
-20.5,120.5,13602255.0,0.0,-0.0509452,0.05094520002603531
-21.5,30.5,13602255.0,1.1692425,0.45924678,0.7099957155513763
-21.5,31.5,13602255.0,0.26574886,0.21672142,0.04902744448028562
-21.5,32.5,13602255.0,7.519582e-05,0.13268511,-0.13260991415295378
-21.5,33.5,13602255.0,0.0,0.17624345,-0.17624345421791077
-21.5,34.5,13602255.0,0.0,0.11004234,-0.11004234105348587
-21.5,35.5,13602255.0,0.0,0.07068976,-0.07068976014852524
-21.5,36.5,13602255.0,0.0,0.069482915,-0.06948291510343552
-21.5,37.5,13602255.0,0.0,0.030413562,-0.030413562431931496
-21.5,38.5,13602255.0,0.0,0.011372135,-0.011372135020792484
-21.5,39.5,13602255.0,0.0,0.008772046,-0.0087720463052392
-21.5,40.5,13602255.0,0.0,0.015016028,-0.015016027726233006
-21.5,41.5,13602255.0,0.0,-0.0018988275,0.0018988274969160557
-21.5,42.5,13602255.0,0.026837708,-0.0013137263,0.028151434301304994
-21.5,43.5,13602255.0,0.02193863,-0.0024702323,0.024408862313498855
-21.5,44.5,13602255.0,0.0,0.07731042,-0.07731042057275772
-21.5,45.5,13602255.0,0.0052182195,0.15960234,-0.15438412453610229
-21.5,46.5,13602255.0,0.02633462,0.39029542,-0.3639607961167145
-21.5,47.5,13602255.0,0.0002232558,0.45199692,-0.45177366669298097
-21.5,48.5,13602255.0,0.0,0.55330235,-0.5533023476600647
-21.5,49.5,13602255.0,8.044693e-05,0.2480884,-0.24800795760624725
-21.5,50.5,13602255.0,0.035602946,0.055624377,-0.020021430982450482
-21.5,51.5,13602255.0,0.02524641,0.0012199618,0.024026448207769394
-21.5,52.5,13602255.0,0.0,0.0012199618,-0.001219961792230606
-21.5,53.5,13602255.0,0.0,0.0023934115,-0.002393411472439766
-21.5,54.5,13602255.0,0.0,-0.008777362,0.008777362294495106
-21.5,55.5,13602255.0,0.0,-0.026005974,0.026005974039435387
-21.5,56.5,13602255.0,0.0,-0.030064134,0.030064133927226067
-21.5,57.5,13602255.0,0.0,-0.030064134,0.030064133927226067
-21.5,58.5,13602255.0,0.0,-0.030064134,0.030064133927226067
-21.5,59.5,13602255.0,0.0,-0.029596383,0.02959638275206089
-21.5,60.5,13602255.0,0.0,-0.030558852,0.03055885247886181
-21.5,61.5,13602255.0,0.0,-0.030558852,0.03055885247886181
-21.5,62.5,13602255.0,0.0,-0.030558852,0.03055885247886181
-21.5,63.5,13602255.0,0.0,-0.030558852,0.03055885247886181
-21.5,64.5,13602255.0,0.0,-0.029977513,0.02997751347720623
-21.5,65.5,13602255.0,0.0,-0.029977513,0.02997751347720623
-21.5,66.5,13602255.0,0.0,-0.026149364,0.026149364188313484
-21.5,67.5,13602255.0,0.0,-0.025345812,0.025345811620354652
-21.5,68.5,13602255.0,0.0,-0.026064882,0.026064882054924965
-21.5,69.5,13602255.0,0.0,-0.029497752,0.029497751966118813
-21.5,70.5,13602255.0,0.0,-0.021166919,0.02116691879928112
-21.5,71.5,13602255.0,0.0,0.018158972,-0.01815897226333618
-21.5,72.5,13602255.0,0.0,-0.02497332,0.024973319843411446
-21.5,73.5,13602255.0,0.0,-0.019733181,0.019733181223273277
-21.5,74.5,13602255.0,0.0,-0.022248209,0.02224820852279663
-21.5,75.5,13602255.0,0.0,-0.024501463,0.024501463398337364
-21.5,76.5,13602255.0,0.0,-0.021556314,0.021556314080953598
-21.5,77.5,13602255.0,0.0,0.04527352,-0.045273520052433014
-21.5,78.5,13602255.0,0.0,0.07584022,-0.07584021985530853
-21.5,79.5,13602255.0,0.0,-0.02273264,0.02273263968527317
-21.5,80.5,13602255.0,0.0,-0.021809021,0.02180902101099491
-21.5,81.5,13602255.0,0.0,0.07613031,-0.07613030821084976
-21.5,82.5,13602255.0,0.0,0.19588254,-0.19588254392147064
-21.5,83.5,13602255.0,0.0,-0.039060578,0.039060577750205994
-21.5,84.5,13602255.0,0.0,-0.04177057,0.0417705699801445
-21.5,85.5,13602255.0,0.0,-0.023881556,0.02388155646622181
-21.5,86.5,13602255.0,0.0,-0.03159035,0.03159034997224808
-21.5,87.5,13602255.0,0.0,0.005672575,-0.0056725749745965
-21.5,88.5,13602255.0,0.0,0.11853079,-0.11853078752756119
-21.5,89.5,13602255.0,0.0,-0.0049874755,0.004987475462257862
-21.5,90.5,13602255.0,0.0,-0.1374261,0.13742609322071075
-21.5,91.5,13602255.0,0.0,-0.0990964,0.0990964025259018
-21.5,92.5,13602255.0,0.0,-0.0033772746,0.0033772746101021767
-21.5,93.5,13602255.0,0.0,0.021490395,-0.021490395069122314
-21.5,94.5,13602255.0,0.0,-0.10066903,0.1006690263748169
-21.5,95.5,13602255.0,0.0,0.03398645,-0.033986449241638184
-21.5,96.5,13602255.0,0.0,-0.039179847,0.03917984664440155
-21.5,97.5,13602255.0,0.0,-0.08373547,0.08373547345399857
-21.5,98.5,13602255.0,0.0,-0.03071408,0.03071407973766327
-21.5,99.5,13602255.0,0.0,0.035332732,-0.035332731902599335
-21.5,100.5,13602255.0,0.0,-0.051424865,0.051424864679574966
-21.5,101.5,13602255.0,0.0,-0.12820849,0.1282084882259369
-21.5,102.5,13602255.0,0.0,0.0072930874,-0.007293087430298328
-21.5,103.5,13602255.0,0.0,-0.033914067,0.03391406685113907
-21.5,104.5,13602255.0,0.0,0.05355352,-0.05355352163314819
-21.5,105.5,13602255.0,0.0,-0.08126557,0.08126556873321533
-21.5,106.5,13602255.0,0.0,-0.046628125,0.04662812501192093
-21.5,107.5,13602255.0,0.0,-0.045261648,0.045261647552251816
-21.5,108.5,13602255.0,0.0,-0.07616729,0.07616729289293289
-21.5,109.5,13602255.0,0.0,0.011745051,-0.011745050549507141
-21.5,110.5,13602255.0,0.0,0.05057267,-0.05057267099618912
-21.5,111.5,13602255.0,0.0,0.036938738,-0.03693873807787895
-21.5,112.5,13602255.0,0.0,0.010932303,-0.01093230303376913
-21.5,113.5,13602255.0,0.0,0.056350563,-0.05635056272149086
-21.5,114.5,13602255.0,0.0,-0.04721857,0.04721856862306595
-21.5,115.5,13602255.0,0.0,-0.05272462,0.05272461846470833
-21.5,116.5,13602255.0,0.0,-3.8649305e-05,3.8649304769933224e-05
-21.5,117.5,13602255.0,0.0,0.06456316,-0.06456316262483597
-21.5,118.5,13602255.0,0.0,-0.0554909,0.055490899831056595
-21.5,119.5,13602255.0,0.0,-0.021802682,0.021802682429552078
-21.5,120.5,13602255.0,0.0,-0.10275542,0.10275541990995407
-22.5,30.5,13602255.0,0.27013075,0.3490742,-0.07894346469688418
-22.5,31.5,13602255.0,0.04710574,0.1367405,-0.08963476569534301
-22.5,32.5,13602255.0,0.007674936,0.121837154,-0.11416221803079987
-22.5,33.5,13602255.0,0.010577322,0.18076418,-0.17018686140206146
-22.5,34.5,13602255.0,7.254408e-05,0.114563,-0.1144904591024112
-22.5,35.5,13602255.0,0.0,0.07521044,-0.07521043717861176
-22.5,36.5,13602255.0,0.0,0.07400361,-0.07400360703468323
-22.5,37.5,13602255.0,0.0,0.034934264,-0.03493426367640495
-22.5,38.5,13602255.0,0.0,0.015892839,-0.015892839059233665
-22.5,39.5,13602255.0,0.0,0.013292748,-0.013292747549712658
-22.5,40.5,13602255.0,0.0,0.019536728,-0.019536728039383888
-22.5,41.5,13602255.0,0.0,0.0026218677,-0.0026218676939606667
-22.5,42.5,13602255.0,0.0,0.0032069688,-0.0032069687731564045
-22.5,43.5,13602255.0,0.0,0.0020504654,-0.002050465438514948
-22.5,44.5,13602255.0,0.0,0.08183108,-0.08183108270168304
-22.5,45.5,13602255.0,0.0,0.15952216,-0.1595221608877182
-22.5,46.5,13602255.0,0.0,0.39021513,-0.390215128660202
-22.5,47.5,13602255.0,0.0,0.45191666,-0.4519166648387909
-22.5,48.5,13602255.0,0.0053302343,0.564186,-0.5588557426821167
-22.5,49.5,13602255.0,0.12558007,0.25897205,-0.13339197875946046
-22.5,50.5,13602255.0,0.6568895,0.06650803,0.5903814676184654
-22.5,51.5,13602255.0,0.20745572,0.012103625,0.19535209535810472
-22.5,52.5,13602255.0,0.0,0.012103625,-0.012103624641895294
-22.5,53.5,13602255.0,0.0,0.013277074,-0.013277074322104454
-22.5,54.5,13602255.0,0.0,0.0021063061,-0.00210630614310503
-22.5,55.5,13602255.0,0.0,-0.015122309,0.01512230932712555
-22.5,56.5,13602255.0,0.0,-0.019180464,0.01918046362698078
-22.5,57.5,13602255.0,0.0,-0.019180464,0.01918046362698078
-22.5,58.5,13602255.0,0.0,-0.019180464,0.01918046362698078
-22.5,59.5,13602255.0,0.0,-0.018712712,0.018712712451815605
-22.5,60.5,13602255.0,0.0,-0.019675182,0.019675182178616524
-22.5,61.5,13602255.0,0.0,-0.019675182,0.019675182178616524
-22.5,62.5,13602255.0,0.0,-0.019675182,0.019675182178616524
-22.5,63.5,13602255.0,0.0,-0.019675182,0.019675182178616524
-22.5,64.5,13602255.0,0.0,-0.019093843,0.019093843176960945
-22.5,65.5,13602255.0,0.0,-0.019093843,0.019093843176960945
-22.5,66.5,13602255.0,0.0,-0.015265701,0.015265701338648796
-22.5,67.5,13602255.0,0.0,-0.0144621525,0.014462152495980263
-22.5,68.5,13602255.0,0.0,-0.01518122,0.015181220136582851
-22.5,69.5,13602255.0,0.0,-0.018614085,0.018614085391163826
-22.5,70.5,13602255.0,0.0,-0.010283268,0.010283268056809902
-22.5,71.5,13602255.0,0.0,0.029042633,-0.02904263325035572
-22.5,72.5,13602255.0,0.0,-0.014089658,0.014089657925069332
-22.5,73.5,13602255.0,0.0,-0.008849519,0.008849519304931164
-22.5,74.5,13602255.0,0.0,-0.011364538,0.011364538222551346
-22.5,75.5,13602255.0,0.0,-0.013617801,0.013617800548672676
-22.5,76.5,13602255.0,0.0,-0.0106726475,0.010672647505998611
-22.5,77.5,13602255.0,0.0,0.056157157,-0.05615715682506561
-22.5,78.5,13602255.0,0.0,0.08672387,-0.08672387152910233
-22.5,79.5,13602255.0,0.0,-0.011848982,0.01184898242354393
-22.5,80.5,13602255.0,0.0,-0.010925357,0.010925357230007648
-22.5,81.5,13602255.0,0.0,0.08701396,-0.08701395988464355
-22.5,82.5,13602255.0,0.0,0.20676625,-0.2067662477493286
-22.5,83.5,13602255.0,0.0,-0.028176922,0.028176922351121902
-22.5,84.5,13602255.0,0.0,-0.030886915,0.03088691458106041
-22.5,85.5,13602255.0,0.0,-0.012997893,0.012997892685234547
-22.5,86.5,13602255.0,0.0,-0.020706687,0.02070668712258339
-22.5,87.5,13602255.0,0.0,0.017817298,-0.017817297950387
-22.5,88.5,13602255.0,0.0,0.12941453,-0.12941452860832214
-22.5,89.5,13602255.0,0.0,0.0058961874,-0.005896187387406826
-22.5,90.5,13602255.0,0.0,-0.12654239,0.12654238939285278
-22.5,91.5,13602255.0,0.0,-0.088212766,0.0882127657532692
-22.5,92.5,13602255.0,0.0,0.007506393,-0.0075063928961753845
-22.5,93.5,13602255.0,0.0,0.032374077,-0.032374076545238495
-22.5,94.5,13602255.0,0.0,-0.08978536,0.08978535979986191
-22.5,95.5,13602255.0,0.0,0.04487012,-0.04487011954188347
-22.5,96.5,13602255.0,0.0,-0.028296195,0.028296194970607758
-22.5,97.5,13602255.0,0.0,-0.07285181,0.07285180687904358
-22.5,98.5,13602255.0,0.0,-0.019830417,0.01983041688799858
-22.5,99.5,13602255.0,0.0,0.046216402,-0.04621640220284462
-22.5,100.5,13602255.0,0.0,-0.04054119,0.04054119065403938
-22.5,101.5,13602255.0,0.0,-0.117324844,0.1173248440027237
-22.5,102.5,13602255.0,0.0,0.018176751,-0.01817675121128559
-22.5,103.5,13602255.0,0.0,-0.023030391,0.023030390962958336
-22.5,104.5,13602255.0,0.0,0.06443723,-0.06443723291158676
-22.5,105.5,13602255.0,0.0,-0.07038193,0.07038193196058273
-22.5,106.5,13602255.0,0.0,-0.035744477,0.035744477063417435
-22.5,107.5,13602255.0,0.0,-0.034377955,0.03437795490026474
-22.5,108.5,13602255.0,0.0,-0.06528368,0.06528367847204208
-22.5,109.5,13602255.0,0.0,0.0226287,-0.022628700360655785
-22.5,110.5,13602255.0,0.0,0.06145631,-0.061456311494112015
-22.5,111.5,13602255.0,0.0,0.047822397,-0.04782239720225334
-22.5,112.5,13602255.0,0.0,0.021815993,-0.021815992891788483
-22.5,113.5,13602255.0,0.0,0.06723423,-0.06723423302173615
-22.5,114.5,13602255.0,0.0,-0.036334895,0.036334894597530365
-22.5,115.5,13602255.0,0.0,-0.041840933,0.04184093326330185
-22.5,116.5,13602255.0,0.0,0.010844999,-0.010844998992979527
-22.5,117.5,13602255.0,0.0,0.07544677,-0.07544676959514618
-22.5,118.5,13602255.0,0.0,-0.044607237,0.04460723698139191
-22.5,119.5,13602255.0,0.0,-0.010919012,0.010919012129306793
-22.5,120.5,13602255.0,0.0,-0.09187175,0.09187175333499908
-23.5,30.5,13602255.0,0.1763897,0.17132084,0.005068859283638011
-23.5,31.5,13602255.0,0.0,0.15861775,-0.1586177498102188
-23.5,32.5,13602255.0,0.0032869575,0.14371441,-0.14042745554683686
-23.5,33.5,13602255.0,0.001975726,0.20264143,-0.20066570151693724
-23.5,34.5,13602255.0,0.0,0.13644028,-0.13644027709960938
-23.5,35.5,13602255.0,0.0,0.09708764,-0.09708763659000397
-23.5,36.5,13602255.0,0.0,0.09588079,-0.09588079154491425
-23.5,37.5,13602255.0,0.0,0.056811456,-0.05681145563721657
-23.5,38.5,13602255.0,0.0,0.037770074,-0.03777007386088371
-23.5,39.5,13602255.0,0.0,0.03516997,-0.035169970244169235
-23.5,40.5,13602255.0,0.0,0.04141395,-0.04141395166516304
-23.5,41.5,13602255.0,0.0,0.024499075,-0.02449907548725605
-23.5,42.5,13602255.0,0.0,0.025084177,-0.025084177032113075
-23.5,43.5,13602255.0,0.0,0.023927676,-0.023927675560116768
-23.5,44.5,13602255.0,0.0,0.1294473,-0.12944729626178741
-23.5,45.5,13602255.0,0.0,0.20713842,-0.20713841915130615
-23.5,46.5,13602255.0,0.0,0.43783122,-0.43783122301101685
-23.5,47.5,13602255.0,0.1633437,0.49953273,-0.33618902938728334
-23.5,48.5,13602255.0,1.8816088,0.6118024,1.2698064008415222
-23.5,49.5,13602255.0,1.7249081,0.30658808,1.4183200164943695
-23.5,50.5,13602255.0,0.13098186,0.0883852,0.042596658009395605
-23.5,51.5,13602255.0,0.00095817493,0.033980858,-0.03302268265090019
-23.5,52.5,13602255.0,0.0,0.033980858,-0.03398085758090019
-23.5,53.5,13602255.0,0.0,0.03515431,-0.0351543091237545
-23.5,54.5,13602255.0,0.0,0.023983521,-0.02398352138698101
-23.5,55.5,13602255.0,0.0,0.0067549013,-0.006754901260137558
-23.5,56.5,13602255.0,0.0,0.002696747,-0.0026967469602823257
-23.5,57.5,13602255.0,0.0,0.002696747,-0.0026967469602823257
-23.5,58.5,13602255.0,0.0,0.002696747,-0.0026967469602823257
-23.5,59.5,13602255.0,0.0,0.0031644972,-0.0031644972041249275
-23.5,60.5,13602255.0,0.0,0.0022020284,-0.0022020284086465836
-23.5,61.5,13602255.0,0.0,0.0022020284,-0.0022020284086465836
-23.5,62.5,13602255.0,0.0,0.0022020284,-0.0022020284086465836
-23.5,63.5,13602255.0,0.0,0.0022020284,-0.0022020284086465836
-23.5,64.5,13602255.0,0.0,0.002783366,-0.0027833660133183002
-23.5,65.5,13602255.0,0.0,0.002783366,-0.0027833660133183002
-23.5,66.5,13602255.0,0.0,0.006611511,-0.0066115111112594604
-23.5,67.5,13602255.0,0.0,0.0074150655,-0.0074150655418634415
-23.5,68.5,13602255.0,0.0,0.006695998,-0.006695997901260853
-23.5,69.5,13602255.0,0.0,0.0032631243,-0.0032631242647767067
-23.5,70.5,13602255.0,0.0,0.011593937,-0.011593936942517757
-23.5,71.5,13602255.0,0.0,0.050919864,-0.05091986432671547
-23.5,72.5,13602255.0,0.0,0.0077875545,-0.007787554524838924
-23.5,73.5,13602255.0,0.0,0.013027691,-0.013027691282331944
-23.5,74.5,13602255.0,0.0,0.010512672,-0.010512672364711761
-23.5,75.5,13602255.0,0.0,0.00825941,-0.008259410038590431
-23.5,76.5,13602255.0,0.0,0.011204569,-0.011204568669199944
-23.5,77.5,13602255.0,0.0,0.078034334,-0.07803433388471603
-23.5,78.5,13602255.0,0.0,0.10860106,-0.10860106348991394
-23.5,79.5,13602255.0,0.0,0.010028234,-0.010028233751654625
-23.5,80.5,13602255.0,0.0,0.010951846,-0.010951845906674862
-23.5,81.5,13602255.0,0.0,0.10889115,-0.10889115184545517
-23.5,82.5,13602255.0,0.0,0.22864349,-0.2286434918642044
-23.5,83.5,13602255.0,0.0,-0.0062997052,0.006299705244600773
-23.5,84.5,13602255.0,0.0,-0.009009707,0.009009706787765026
-23.5,85.5,13602255.0,0.0,0.008879303,-0.008879303000867367
-23.5,86.5,13602255.0,0.0,0.0011705146,-0.0011705146171152592
-23.5,87.5,13602255.0,0.0,0.039694514,-0.039694514125585556
-23.5,88.5,13602255.0,0.0,0.15129183,-0.1512918323278427
-23.5,89.5,13602255.0,0.0,0.027773418,-0.027773417532444
-23.5,90.5,13602255.0,0.0,-0.10466523,0.10466522723436356
-23.5,91.5,13602255.0,0.0,-0.066335574,0.06633557379245758
-23.5,92.5,13602255.0,0.0,0.029383628,-0.029383627697825432
-23.5,93.5,13602255.0,0.0,0.05425129,-0.0542512908577919
-23.5,94.5,13602255.0,0.0,-0.06790815,0.0679081529378891
-23.5,95.5,13602255.0,0.0,0.066747285,-0.066747285425663
-23.5,96.5,13602255.0,0.0,-0.006418988,0.006418988108634949
-23.5,97.5,13602255.0,0.0,-0.0509746,0.05097460001707077
-23.5,98.5,13602255.0,0.0,0.0020467609,-0.002046760870143771
-23.5,99.5,13602255.0,0.0,0.068093576,-0.06809357553720474
-23.5,100.5,13602255.0,0.0,-0.018664012,0.018664011731743813
-23.5,101.5,13602255.0,0.0,-0.09544764,0.09544763714075089
-23.5,102.5,13602255.0,0.0,0.040053934,-0.04005393385887146
-23.5,103.5,13602255.0,0.0,-0.0011531814,0.001153181423433125
-23.5,104.5,13602255.0,0.0,0.08631439,-0.08631438761949539
-23.5,105.5,13602255.0,0.0,-0.04850472,0.048504721373319626
-23.5,106.5,13602255.0,0.0,-0.013867268,0.013867268338799477
-23.5,107.5,13602255.0,0.0,-0.01250075,0.01250074990093708
-23.5,108.5,13602255.0,0.0,-0.04340644,0.04340644180774689
-23.5,109.5,13602255.0,0.0,0.047796384,-0.04779638350009918
-23.5,110.5,13602255.0,0.0,0.08333346,-0.08333346247673035
-23.5,111.5,13602255.0,0.0,0.06969951,-0.06969951093196869
-23.5,112.5,13602255.0,0.0,0.04369314,-0.043693140149116516
-23.5,113.5,13602255.0,0.0,0.089111425,-0.08911142498254776
-23.5,114.5,13602255.0,0.0,-0.014457657,0.014457657001912594
-23.5,115.5,13602255.0,0.0,-0.019963754,0.01996375434100628
-23.5,116.5,13602255.0,0.0,0.032722212,-0.03272221237421036
-23.5,117.5,13602255.0,0.0,0.09732398,-0.09732397645711899
-23.5,118.5,13602255.0,0.0,-0.022730038,0.022730037569999695
-23.5,119.5,13602255.0,0.0,0.010958151,-0.010958150960505009
-23.5,120.5,13602255.0,0.0,-0.06999453,0.06999453157186508
-24.5,30.5,13602255.0,0.0030976748,0.21533993,-0.21224225406543273
-24.5,31.5,13602255.0,0.0,0.20817497,-0.20817497372627258
-24.5,32.5,13602255.0,0.0,0.19327168,-0.1932716816663742
-24.5,33.5,13602255.0,0.0,0.25219876,-0.2521987557411194
-24.5,34.5,13602255.0,0.0,0.18599755,-0.18599754571914673
-24.5,35.5,13602255.0,0.0,0.14664501,-0.14664500951766968
-24.5,36.5,13602255.0,0.0,0.14543809,-0.145438089966774
-24.5,37.5,13602255.0,0.0,0.106368646,-0.10636864602565765
-24.5,38.5,13602255.0,0.0,0.08732723,-0.08732722699642181
-24.5,39.5,13602255.0,0.0,0.08472714,-0.08472713828086853
-24.5,40.5,13602255.0,0.0,0.09097112,-0.09097111970186234
-24.5,41.5,13602255.0,0.0,0.074056245,-0.0740562453866005
-24.5,42.5,13602255.0,0.0,0.074641354,-0.07464135438203812
-24.5,43.5,13602255.0,0.0,0.073484845,-0.07348484545946121
-24.5,44.5,13602255.0,0.0,0.17900455,-0.17900454998016357
-24.5,45.5,13602255.0,0.0,0.26269487,-0.2626948654651642
-24.5,46.5,13602255.0,0.014103096,0.59277153,-0.5786684341513672
-24.5,47.5,13602255.0,1.9561907,0.7413641,1.2148265785629273
-24.5,48.5,13602255.0,5.771482,0.8476341,4.923847922927856
-24.5,49.5,13602255.0,2.0063732,0.45552903,1.5508441658622742
-24.5,50.5,13602255.0,0.0025178785,0.1379425,-0.13542461446188356
-24.5,51.5,13602255.0,0.0,0.083538,-0.0835380032658577
-24.5,52.5,13602255.0,0.0,0.083538,-0.0835380032658577
-24.5,53.5,13602255.0,0.0,0.08471147,-0.0847114697098732
-24.5,54.5,13602255.0,0.0,0.073540725,-0.07354072481393814
-24.5,55.5,13602255.0,0.0,0.056312125,-0.05631212517619133
-24.5,56.5,13602255.0,0.0,0.05225397,-0.05225396901369095
-24.5,57.5,13602255.0,0.0,0.05225397,-0.05225396901369095
-24.5,58.5,13602255.0,0.0,0.05225397,-0.05225396901369095
-24.5,59.5,13602255.0,0.0,0.052721716,-0.052721716463565826
-24.5,60.5,13602255.0,0.0,0.051759247,-0.05175924673676491
-24.5,61.5,13602255.0,0.0,0.051759247,-0.05175924673676491
-24.5,62.5,13602255.0,0.0,0.051759247,-0.05175924673676491
-24.5,63.5,13602255.0,0.0,0.051759247,-0.05175924673676491
-24.5,64.5,13602255.0,0.0,0.052340586,-0.052340585738420486
-24.5,65.5,13602255.0,0.0,0.052340586,-0.052340585738420486
-24.5,66.5,13602255.0,0.0,0.056168735,-0.05616873502731323
-24.5,67.5,13602255.0,0.0,0.056972276,-0.05697227641940117
-24.5,68.5,13602255.0,0.0,0.05625321,-0.056253209710121155
-24.5,69.5,13602255.0,0.0,0.05282034,-0.05282033979892731
-24.5,70.5,13602255.0,0.0,0.061151154,-0.06115115433931351
-24.5,71.5,13602255.0,0.0,0.10047705,-0.10047704726457596
-24.5,72.5,13602255.0,0.0,0.057344787,-0.05734478682279587
-24.5,73.5,13602255.0,0.0,0.06258491,-0.06258490681648254
-24.5,74.5,13602255.0,0.0,0.060069907,-0.06006990745663643
-24.5,75.5,13602255.0,0.0,0.057816654,-0.057816654443740845
-24.5,76.5,13602255.0,0.0,0.060761802,-0.06076180189847946
-24.5,77.5,13602255.0,0.0,0.12759173,-0.12759172916412354
-24.5,78.5,13602255.0,0.0,0.15815847,-0.15815846621990204
-24.5,79.5,13602255.0,0.0,0.059585426,-0.05958542600274086
-24.5,80.5,13602255.0,0.0,0.06050905,-0.06050904840230942
-24.5,81.5,13602255.0,0.0,0.15844856,-0.15844856202602386
-24.5,82.5,13602255.0,0.0,0.27820063,-0.278200626373291
-24.5,83.5,13602255.0,0.0,0.043257535,-0.04325753450393677
-24.5,84.5,13602255.0,0.0,0.04054752,-0.04054751992225647
-24.5,85.5,13602255.0,0.0,0.058436528,-0.05843652784824371
-24.5,86.5,13602255.0,0.0,0.050727762,-0.050727762281894684
-24.5,87.5,13602255.0,0.0,0.08925176,-0.08925175666809082
-24.5,88.5,13602255.0,0.0,0.20084909,-0.20084908604621887
-24.5,89.5,13602255.0,0.0,0.07733063,-0.07733062654733658
-24.5,90.5,13602255.0,0.0,-0.05510805,0.055108051747083664
-24.5,91.5,13602255.0,0.0,-0.01677832,0.01677832007408142
-24.5,92.5,13602255.0,0.0,0.07894081,-0.07894080877304077
-24.5,93.5,13602255.0,0.0,0.10380851,-0.10380850732326508
-24.5,94.5,13602255.0,0.0,-0.018350914,0.018350914120674133
-24.5,95.5,13602255.0,0.0,0.11630455,-0.11630454659461975
-24.5,96.5,13602255.0,0.0,0.043138266,-0.04313826560974121
-24.5,97.5,13602255.0,0.0,-0.0014173778,0.0014173778472468257
-24.5,98.5,13602255.0,0.0,0.051604062,-0.05160406231880188
-24.5,99.5,13602255.0,0.0,0.117650844,-0.1176508441567421
-24.5,100.5,13602255.0,0.0,0.03089322,-0.030893219634890556
-24.5,101.5,13602255.0,0.0,-0.045890406,0.045890405774116516
-24.5,102.5,13602255.0,0.0,0.08961113,-0.08961112797260284
-24.5,103.5,13602255.0,0.0,0.048404075,-0.04840407520532608
-24.5,104.5,13602255.0,0.0,0.13587174,-0.1358717381954193
-24.5,105.5,13602255.0,0.0,0.0010525311,-0.0010525310644879937
-24.5,106.5,13602255.0,0.0,0.035689987,-0.03568998724222183
-24.5,107.5,13602255.0,0.0,0.037056483,-0.03705648332834244
-24.5,108.5,13602255.0,0.0,0.0061508017,-0.006150801666080952
-24.5,109.5,13602255.0,0.0,0.097353615,-0.09735361486673355
-24.5,110.5,13602255.0,0.0,0.13289079,-0.13289079070091248
-24.5,111.5,13602255.0,0.0,0.11925684,-0.11925683915615082
-24.5,112.5,13602255.0,0.0,0.093250416,-0.09325041621923447
-24.5,113.5,13602255.0,0.0,0.138669,-0.1386689990758896
-24.5,114.5,13602255.0,0.0,0.035099566,-0.035099565982818604
-24.5,115.5,13602255.0,0.0,0.029593512,-0.029593512415885925
-24.5,116.5,13602255.0,0.0,0.08227951,-0.0822795107960701
-24.5,117.5,13602255.0,0.0,0.1468813,-0.14688129723072052
-24.5,118.5,13602255.0,0.0,0.02682725,-0.02682724967598915
-24.5,119.5,13602255.0,0.0,0.06051545,-0.060515448451042175
-24.5,120.5,13602255.0,0.0,-0.020437412,0.020437411963939667
-25.5,30.5,13602255.0,0.021363588,0.11556269,-0.09419910428458404
-25.5,31.5,13602255.0,0.0,0.11053771,-0.11053770780563354
-25.5,32.5,13602255.0,0.0,0.09900847,-0.0990084707736969
-25.5,33.5,13602255.0,0.0,0.15793552,-0.1579355150461197
-25.5,34.5,13602255.0,0.0,0.09674754,-0.09674753993749619
-25.5,35.5,13602255.0,0.0,0.04087303,-0.040873028337955475
-25.5,36.5,13602255.0,0.0,0.039666187,-0.03966618701815605
-25.5,37.5,13602255.0,0.0,0.00059685076,-0.0005968507612124085
-25.5,38.5,13602255.0,0.0,-0.018444574,0.018444573506712914
-25.5,39.5,13602255.0,0.0,-0.021044672,0.021044671535491943
-25.5,40.5,13602255.0,0.0,-0.014800692,0.014800691977143288
-25.5,41.5,13602255.0,0.0,-0.03171554,0.03171553835272789
-25.5,42.5,13602255.0,0.0,-0.031130437,0.031130436807870865
-25.5,43.5,13602255.0,0.0,-0.032286935,0.032286934554576874
-25.5,44.5,13602255.0,0.0,0.020624284,-0.020624283701181412
-25.5,45.5,13602255.0,0.0,0.08122132,-0.0812213197350502
-25.5,46.5,13602255.0,0.0028127392,0.23459636,-0.2317836175495346
-25.5,47.5,13602255.0,0.25776288,0.2856427,-0.027879833308334323
-25.5,48.5,13602255.0,0.8307841,0.3919128,0.4388713118473053
-25.5,49.5,13602255.0,0.20401938,0.15349525,0.05052412786758423
-25.5,50.5,13602255.0,0.0,0.032620147,-0.0326201468706131
-25.5,51.5,13602255.0,0.0,-0.005262316,0.005262316204607487
-25.5,52.5,13602255.0,0.0,-0.005262316,0.005262316204607487
-25.5,53.5,13602255.0,0.0,-0.004088866,0.0040888660587370396
-25.5,54.5,13602255.0,0.0,-0.0010743554,0.0010743554448708892
-25.5,55.5,13602255.0,0.0,-0.013083946,0.013083945959806442
-25.5,56.5,13602255.0,0.0,-0.017142097,0.017142096534371376
-25.5,57.5,13602255.0,0.0,-0.017142097,0.017142096534371376
-25.5,58.5,13602255.0,0.0,-0.017142097,0.017142096534371376
-25.5,59.5,13602255.0,0.0,-0.016674345,0.0166743453592062
-25.5,60.5,13602255.0,0.0,-0.017636815,0.017636815086007118
-25.5,61.5,13602255.0,0.0,-0.017636815,0.017636815086007118
-25.5,62.5,13602255.0,0.0,-0.017636815,0.017636815086007118
-25.5,63.5,13602255.0,0.0,-0.017636815,0.017636815086007118
-25.5,64.5,13602255.0,0.0,-0.017055476,0.01705547608435154
-25.5,65.5,13602255.0,0.0,-0.017055476,0.01705547608435154
-25.5,66.5,13602255.0,0.0,-0.013227338,0.013227337971329689
-25.5,67.5,13602255.0,0.0,-0.012423787,0.012423787266016006
-25.5,68.5,13602255.0,0.0,-0.013142851,0.013142851181328297
-25.5,69.5,13602255.0,0.0,-0.016575707,0.016575707122683525
-25.5,70.5,13602255.0,0.0,-0.0057271346,0.005727134644985199
-25.5,71.5,13602255.0,0.0,0.033598784,-0.03359878435730934
-25.5,72.5,13602255.0,0.0,-0.009533522,0.009533521719276905
-25.5,73.5,13602255.0,0.0,-0.0042933826,0.004293382633477449
-25.5,74.5,13602255.0,0.0,-0.0068084043,0.006808404345065355
-25.5,75.5,13602255.0,0.0,-0.009061666,0.009061666205525398
-25.5,76.5,13602255.0,0.0,-0.006116515,0.006116515025496483
-25.5,77.5,13602255.0,0.0,0.06091464,-0.06091463938355446
-25.5,78.5,13602255.0,0.0,0.09148133,-0.09148132801055908
-25.5,79.5,13602255.0,0.0,-0.007091509,0.00709150917828083
-25.5,80.5,13602255.0,0.0,0.016801784,-0.016801783815026283
-25.5,81.5,13602255.0,0.0,0.11474109,-0.11474108695983887
-25.5,82.5,13602255.0,0.0,0.23449337,-0.23449337482452393
-25.5,83.5,13602255.0,0.0,-0.0004497772,0.00044977720244787633
-25.5,84.5,13602255.0,0.0,-0.016243547,0.016243547201156616
-25.5,85.5,13602255.0,0.0,-0.007918592,0.007918591611087322
-25.5,86.5,13602255.0,0.0,-0.01475806,0.01475805975496769
-25.5,87.5,13602255.0,0.0,0.023765953,-0.02376595325767994
-25.5,88.5,13602255.0,0.0,0.13536316,-0.1353631615638733
-25.5,89.5,13602255.0,0.0,0.011844829,-0.011844828724861145
-25.5,90.5,13602255.0,0.0,-0.12059378,0.12059377878904343
-25.5,91.5,13602255.0,0.0,-0.0822641,0.08226410299539566
-25.5,92.5,13602255.0,0.0,0.0134550305,-0.013455030508339405
-25.5,93.5,13602255.0,0.0,0.038322713,-0.03832271322607994
-25.5,94.5,13602255.0,0.0,-0.08383673,0.08383672684431076
-25.5,95.5,13602255.0,0.0,0.050818745,-0.05081874504685402
-25.5,96.5,13602255.0,0.0,-0.022347543,0.022347543388605118
-25.5,97.5,13602255.0,0.0,-0.06690318,0.06690318137407303
-25.5,98.5,13602255.0,0.0,-0.01388178,0.013881780207157135
-25.5,99.5,13602255.0,0.0,0.052165043,-0.052165042608976364
-25.5,100.5,13602255.0,0.0,-0.034592565,0.03459256514906883
-25.5,101.5,13602255.0,0.0,-0.11137624,0.11137624084949493
-25.5,102.5,13602255.0,0.0,0.022715604,-0.022715603932738304
-25.5,103.5,13602255.0,0.0,-0.01849149,0.018491489812731743
-25.5,104.5,13602255.0,0.0,0.06897606,-0.06897605955600739
-25.5,105.5,13602255.0,0.0,-0.06584302,0.06584302335977554
-25.5,106.5,13602255.0,0.0,-0.031205602,0.03120560199022293
-25.5,107.5,13602255.0,0.0,-0.029839104,0.029839104041457176
-25.5,108.5,13602255.0,0.0,-0.060744807,0.06074480712413788
-25.5,109.5,13602255.0,0.0,0.024598872,-0.024598872289061546
-25.5,110.5,13602255.0,0.0,0.06013584,-0.060135841369628906
-25.5,111.5,13602255.0,0.0,0.04650193,-0.04650193080306053
-25.5,112.5,13602255.0,0.0,0.019207157,-0.01920715719461441
-25.5,113.5,13602255.0,0.0,0.06462544,-0.06462544202804565
-25.5,114.5,13602255.0,0.0,-0.038943704,0.03894370421767235
-25.5,115.5,13602255.0,0.0,-0.037855595,0.0378555953502655
-25.5,116.5,13602255.0,0.0,0.014830323,-0.014830322936177254
-25.5,117.5,13602255.0,0.0,0.07943222,-0.07943221926689148
-25.5,118.5,13602255.0,0.0,-0.04062184,0.040621839463710785
-25.5,119.5,13602255.0,0.0,-0.005994633,0.005994632840156555
-25.5,120.5,13602255.0,0.0,-0.0885113,0.08851130306720734
-26.5,30.5,13602255.0,0.13338481,0.10305737,0.03032744041019439
-26.5,31.5,13602255.0,0.0,0.09803235,-0.09803234785795212
-26.5,32.5,13602255.0,0.0,0.090987675,-0.0909876748919487
-26.5,33.5,13602255.0,0.0,0.1499147,-0.1499146968126297
-26.5,34.5,13602255.0,0.0,0.08872672,-0.0887267217040062
-26.5,35.5,13602255.0,0.0,0.032852262,-0.03285226225852966
-26.5,36.5,13602255.0,0.0,0.031645373,-0.03164537250995636
-26.5,37.5,13602255.0,0.0,-0.007423966,0.007423966191709042
-26.5,38.5,13602255.0,0.0,-0.026465382,0.026465382426977158
-26.5,39.5,13602255.0,0.0,-0.02906549,0.029065489768981934
-26.5,40.5,13602255.0,0.0,-0.022821505,0.02282150462269783
-26.5,41.5,13602255.0,0.0,-0.039736345,0.039736345410346985
-26.5,42.5,13602255.0,0.0,-0.039151244,0.03915124386548996
-26.5,43.5,13602255.0,0.0,-0.040307753,0.040307752788066864
-26.5,44.5,13602255.0,0.0,0.012603458,-0.012603458017110825
-26.5,45.5,13602255.0,0.0,0.073200524,-0.073200523853302
-26.5,46.5,13602255.0,0.0,0.124043904,-0.12404390424489975
-26.5,47.5,13602255.0,0.0,0.17060576,-0.17060576379299164
-26.5,48.5,13602255.0,0.0,0.24098706,-0.24098706245422363
-26.5,49.5,13602255.0,0.0,0.01848677,-0.01848676986992359
-26.5,50.5,13602255.0,0.0,0.01999424,-0.019994240254163742
-26.5,51.5,13602255.0,0.0,-0.017888198,0.017888197675347328
-26.5,52.5,13602255.0,0.0,-0.017888198,0.017888197675347328
-26.5,53.5,13602255.0,0.0,-0.01671475,0.016714749857783318
-26.5,54.5,13602255.0,0.0,-0.013700249,0.013700248673558235
-26.5,55.5,13602255.0,0.0,-0.025709825,0.02570982463657856
-26.5,56.5,13602255.0,0.0,-0.029767966,0.029767965897917747
-26.5,57.5,13602255.0,0.0,-0.029767966,0.029767965897917747
-26.5,58.5,13602255.0,0.0,-0.029767966,0.029767965897917747
-26.5,59.5,13602255.0,0.0,-0.029300222,0.029300222173333168
-26.5,60.5,13602255.0,0.0,-0.030262692,0.030262691900134087
-26.5,61.5,13602255.0,0.0,-0.030262692,0.030262691900134087
-26.5,62.5,13602255.0,0.0,-0.030262692,0.030262691900134087
-26.5,63.5,13602255.0,0.0,-0.030262692,0.030262691900134087
-26.5,64.5,13602255.0,0.0,-0.02968135,0.02968134917318821
-26.5,65.5,13602255.0,0.0,-0.02968135,0.02968134917318821
-26.5,66.5,13602255.0,0.0,-0.025853215,0.025853214785456657
-26.5,67.5,13602255.0,0.0,-0.02504967,0.025049669668078423
-26.5,68.5,13602255.0,0.0,-0.025768736,0.025768736377358437
-26.5,69.5,13602255.0,0.0,-0.029201588,0.029201587662100792
-26.5,70.5,13602255.0,0.0,-0.018232474,0.018232474103569984
-26.5,71.5,13602255.0,0.0,0.021093441,-0.021093441173434258
-26.5,72.5,13602255.0,0.0,-0.022038853,0.02203885279595852
-26.5,73.5,13602255.0,0.0,-0.016798718,0.01679871790111065
-26.5,74.5,13602255.0,0.0,-0.019313741,0.019313741475343704
-26.5,75.5,13602255.0,0.0,-0.021566998,0.021566998213529587
-26.5,76.5,13602255.0,0.0,-0.018621858,0.018621858209371567
-26.5,77.5,13602255.0,0.0,0.048409328,-0.04840932786464691
-26.5,78.5,13602255.0,0.0,0.078976,-0.07897599786520004
-26.5,79.5,13602255.0,0.0,-0.019596849,0.019596848636865616
-26.5,80.5,13602255.0,0.0,0.004296443,-0.004296442959457636
-26.5,81.5,13602255.0,0.0,0.10223576,-0.10223575681447983
-26.5,82.5,13602255.0,0.0,0.22198799,-0.2219879925251007
-26.5,83.5,13602255.0,0.0,-0.012955113,0.01295511331409216
-26.5,84.5,13602255.0,0.0,-0.028748907,0.028748907148838043
-26.5,85.5,13602255.0,0.0,-0.020423943,0.020423943176865578
-26.5,86.5,13602255.0,0.0,-0.027263407,0.027263406664133072
-26.5,87.5,13602255.0,0.0,0.011260606,-0.011260606348514557
-26.5,88.5,13602255.0,0.0,0.12285776,-0.12285775691270828
-26.5,89.5,13602255.0,0.0,-0.00066051603,0.0006605160306207836
-26.5,90.5,13602255.0,0.0,-0.13309911,0.13309910893440247
-26.5,91.5,13602255.0,0.0,-0.09476942,0.0947694182395935
-26.5,92.5,13602255.0,0.0,0.00094968977,-0.0009496897691860795
-26.5,93.5,13602255.0,0.0,0.025817387,-0.0258173868060112
-26.5,94.5,13602255.0,0.0,-0.09634206,0.0963420569896698
-26.5,95.5,13602255.0,0.0,0.038313396,-0.03831339627504349
-26.5,96.5,13602255.0,0.0,-0.03485288,0.034852880984544754
-26.5,97.5,13602255.0,0.0,-0.079408504,0.07940850406885147
-26.5,98.5,13602255.0,0.0,-0.026387146,0.02638714574277401
-26.5,99.5,13602255.0,0.0,0.039659694,-0.03965969383716583
-26.5,100.5,13602255.0,0.0,-0.047097914,0.047097913920879364
-26.5,101.5,13602255.0,0.0,-0.123881534,0.12388153374195099
-26.5,102.5,13602255.0,0.0,0.010210246,-0.010210245847702026
-26.5,103.5,13602255.0,0.0,-0.030996794,0.030996793881058693
-26.5,104.5,13602255.0,0.0,0.05647063,-0.05647062882781029
-26.5,105.5,13602255.0,0.0,-0.0783484,0.07834839820861816
-26.5,106.5,13602255.0,0.0,-0.04371094,0.04371093958616257
-26.5,107.5,13602255.0,0.0,-0.04234446,0.042344458401203156
-26.5,108.5,13602255.0,0.0,-0.07325015,0.07325015217065811
-26.5,109.5,13602255.0,0.0,0.012093513,-0.012093513272702694
-26.5,110.5,13602255.0,0.0,0.047630485,-0.04763048514723778
-26.5,111.5,13602255.0,0.0,0.0339966,-0.03399660065770149
-26.5,112.5,13602255.0,0.0,0.0067018038,-0.006701803766191006
-26.5,113.5,13602255.0,0.0,0.05212011,-0.052120108157396317
-26.5,114.5,13602255.0,0.0,-0.051449087,0.051449086517095566
-26.5,115.5,13602255.0,0.0,-0.050360933,0.05036093294620514
-26.5,116.5,13602255.0,0.0,0.0023249814,-0.0023249813821166754
-26.5,117.5,13602255.0,0.0,0.066926844,-0.06692684441804886
-26.5,118.5,13602255.0,0.0,-0.053127218,0.053127218037843704
-26.5,119.5,13602255.0,0.0,-0.018499985,0.018499985337257385
-26.5,120.5,13602255.0,0.0,-0.10064579,0.10064578801393509
-27.5,30.5,13602255.0,0.0018450001,0.102282524,-0.10043752400888672
-27.5,31.5,13602255.0,0.0,0.0972575,-0.09725750237703323
-27.5,32.5,13602255.0,0.0,0.09021283,-0.09021282941102982
-27.5,33.5,13602255.0,0.0,0.14913987,-0.149139866232872
-27.5,34.5,13602255.0,0.0,0.087951876,-0.08795187622308731
-27.5,35.5,13602255.0,0.0,0.032077417,-0.03207741677761078
-27.5,36.5,13602255.0,0.0,0.030870534,-0.030870534479618073
-27.5,37.5,13602255.0,0.0,-0.008198808,0.008198807947337627
-27.5,38.5,13602255.0,0.0,-0.027240224,0.027240224182605743
-27.5,39.5,13602255.0,0.0,-0.029840328,0.02984032779932022
-27.5,40.5,13602255.0,0.0,-0.023596346,0.023596346378326416
-27.5,41.5,13602255.0,0.0,-0.040511187,0.04051118716597557
-27.5,42.5,13602255.0,0.0,-0.039926086,0.039926085621118546
-27.5,43.5,13602255.0,0.0,-0.041082595,0.04108259454369545
-27.5,44.5,13602255.0,0.0,0.011828614,-0.01182861439883709
-27.5,45.5,13602255.0,0.0,0.072425686,-0.07242568582296371
-27.5,46.5,13602255.0,0.0,0.12326907,-0.12326907366514206
-27.5,47.5,13602255.0,0.0,0.14858411,-0.14858411252498627
-27.5,48.5,13602255.0,0.0,0.1630488,-0.16304880380630493
-27.5,49.5,13602255.0,0.0,0.017711932,-0.017711931839585304
-27.5,50.5,13602255.0,0.0,0.019219402,-0.019219402223825455
-27.5,51.5,13602255.0,0.0,-0.018663036,0.018663035705685616
-27.5,52.5,13602255.0,0.0,-0.018663036,0.018663035705685616
-27.5,53.5,13602255.0,0.0,-0.017489588,0.017489587888121605
-27.5,54.5,13602255.0,0.0,-0.014475087,0.014475086703896523
-27.5,55.5,13602255.0,0.0,-0.026484663,0.026484662666916847
-27.5,56.5,13602255.0,0.0,-0.030542811,0.030542811378836632
-27.5,57.5,13602255.0,0.0,-0.030542811,0.030542811378836632
-27.5,58.5,13602255.0,0.0,-0.030542811,0.030542811378836632
-27.5,59.5,13602255.0,0.0,-0.03007506,0.030075060203671455
-27.5,60.5,13602255.0,0.0,-0.031037532,0.031037531793117523
-27.5,61.5,13602255.0,0.0,-0.031037532,0.031037531793117523
-27.5,62.5,13602255.0,0.0,-0.031037532,0.031037531793117523
-27.5,63.5,13602255.0,0.0,-0.031037532,0.031037531793117523
-27.5,64.5,13602255.0,0.0,-0.030456195,0.030456194654107094
-27.5,65.5,13602255.0,0.0,-0.030456195,0.030456194654107094
-27.5,66.5,13602255.0,0.0,-0.026628053,0.026628052815794945
-27.5,67.5,13602255.0,0.0,-0.025824508,0.02582450769841671
-27.5,68.5,13602255.0,0.0,-0.026543574,0.026543574407696724
-27.5,69.5,13602255.0,0.0,-0.02997643,0.029976429417729378
-27.5,70.5,13602255.0,0.0,-0.019007312,0.019007312133908272
-27.5,71.5,13602255.0,0.0,0.020318596,-0.020318595692515373
-27.5,72.5,13602255.0,0.0,-0.02281369,0.022813690826296806
-27.5,73.5,13602255.0,0.0,-0.01757356,0.017573559656739235
-27.5,74.5,13602255.0,0.0,-0.02008858,0.02008857950568199
-27.5,75.5,13602255.0,0.0,-0.02234184,0.022341839969158173
-27.5,76.5,13602255.0,0.0,-0.0193967,0.019396699965000153
-27.5,77.5,13602255.0,0.0,0.047634486,-0.047634486109018326
-27.5,78.5,13602255.0,0.0,0.07820115,-0.07820115238428116
-27.5,79.5,13602255.0,0.0,-0.020371689,0.020371688529849052
-27.5,80.5,13602255.0,0.0,0.0035216028,-0.0035216028336435556
-27.5,81.5,13602255.0,0.0,0.10146091,-0.10146091133356094
-27.5,82.5,13602255.0,0.0,0.22121316,-0.22121316194534302
-27.5,83.5,13602255.0,0.0,-0.013729955,0.013729955069720745
-27.5,84.5,13602255.0,0.0,-0.029523745,0.02952374517917633
-27.5,85.5,13602255.0,0.0,-0.021198785,0.021198784932494164
-27.5,86.5,13602255.0,0.0,-0.028038245,0.02803824469447136
-27.5,87.5,13602255.0,0.0,0.010485763,-0.010485762730240822
-27.5,88.5,13602255.0,0.0,0.12208293,-0.12208292633295059
-27.5,89.5,13602255.0,0.0,-0.0014353563,0.0014353563310578465
-27.5,90.5,13602255.0,0.0,-0.13387394,0.13387393951416016
-27.5,91.5,13602255.0,0.0,-0.09554426,0.09554426372051239
-27.5,92.5,13602255.0,0.0,0.00017485081,-0.00017485080752521753
-27.5,93.5,13602255.0,0.0,0.025042545,-0.025042545050382614
-27.5,94.5,13602255.0,0.0,-0.0971169,0.09711690247058868
-27.5,95.5,13602255.0,0.0,0.037538555,-0.0375385545194149
-27.5,96.5,13602255.0,0.0,-0.035627715,0.03562771528959274
-27.5,97.5,13602255.0,0.0,-0.08018335,0.08018334954977036
-27.5,98.5,13602255.0,0.0,-0.027161984,0.027161983773112297
-27.5,99.5,13602255.0,0.0,0.038884852,-0.03888485208153725
-27.5,100.5,13602255.0,0.0,-0.04787274,0.047872740775346756
-27.5,101.5,13602255.0,0.0,-0.124656364,0.12465636432170868
-27.5,102.5,13602255.0,0.0,0.009435406,-0.00943540595471859
-27.5,103.5,13602255.0,0.0,-0.031771637,0.03177163749933243
-27.5,104.5,13602255.0,0.0,0.05569578,-0.055695779621601105
-27.5,105.5,13602255.0,0.0,-0.079123236,0.07912323623895645
-27.5,106.5,13602255.0,0.0,-0.04448578,0.04448578134179115
-27.5,107.5,13602255.0,0.0,-0.043119304,0.04311930388212204
-27.5,108.5,13602255.0,0.0,-0.074025005,0.07402500510215759
-27.5,109.5,13602255.0,0.0,0.0113186715,-0.011318671517074108
-27.5,110.5,13602255.0,0.0,0.046855647,-0.04685564711689949
-27.5,111.5,13602255.0,0.0,0.033221755,-0.03322175517678261
-27.5,112.5,13602255.0,0.0,0.005926965,-0.005926964804530144
-27.5,113.5,13602255.0,0.0,0.051345266,-0.05134526640176773
-27.5,114.5,13602255.0,0.0,-0.05222393,0.05222392827272415
-27.5,115.5,13602255.0,0.0,-0.051135775,0.051135774701833725
-27.5,116.5,13602255.0,0.0,0.0015501429,-0.0015501428861171007
-27.5,117.5,13602255.0,0.0,0.06615199,-0.06615199148654938
-27.5,118.5,13602255.0,0.0,-0.05390206,0.05390205979347229
-27.5,119.5,13602255.0,0.0,-0.019274823,0.019274823367595673
-27.5,120.5,13602255.0,0.0,-0.101420626,0.10142062604427338
-28.5,30.5,13602255.0,0.0,0.10263789,-0.1026378870010376
-28.5,31.5,13602255.0,0.0,0.09761288,-0.0976128801703453
-28.5,32.5,13602255.0,0.0,0.09056819,-0.0905681923031807
-28.5,33.5,13602255.0,0.0,0.14949523,-0.1494952291250229
-28.5,34.5,13602255.0,0.0,0.088307224,-0.088307224214077
-28.5,35.5,13602255.0,0.0,0.03243278,-0.03243277966976166
-28.5,36.5,13602255.0,0.0,0.031225879,-0.03122587874531746
-28.5,37.5,13602255.0,0.0,-0.007843455,0.00784345529973507
-28.5,38.5,13602255.0,0.0,-0.026884869,0.02688486874103546
-28.5,39.5,13602255.0,0.0,-0.029484972,0.02948497235774994
-28.5,40.5,13602255.0,0.0,-0.023240991,0.023240990936756134
-28.5,41.5,13602255.0,0.0,-0.04015584,0.040155839174985886
-28.5,42.5,13602255.0,0.0,-0.039570738,0.03957073763012886
-28.5,43.5,13602255.0,0.0,-0.040727254,0.04072725400328636
-28.5,44.5,13602255.0,0.0,0.012183966,-0.012183966115117073
-28.5,45.5,13602255.0,0.0,0.072781034,-0.0727810338139534
-28.5,46.5,13602255.0,0.0,0.12362444,-0.12362443655729294
-28.5,47.5,13602255.0,0.0,0.14893948,-0.14893947541713715
-28.5,48.5,13602255.0,0.0,0.1634042,-0.1634041965007782
-28.5,49.5,13602255.0,0.0,0.018067276,-0.01806727610528469
-28.5,50.5,13602255.0,0.0,0.019574754,-0.019574753940105438
-28.5,51.5,13602255.0,0.0,-0.018307684,0.018307683989405632
-28.5,52.5,13602255.0,0.0,-0.018307684,0.018307683989405632
-28.5,53.5,13602255.0,0.0,-0.017134236,0.01713423617184162
-28.5,54.5,13602255.0,0.0,-0.014119735,0.014119734987616539
-28.5,55.5,13602255.0,0.0,-0.026129307,0.026129307225346565
-28.5,56.5,13602255.0,0.0,-0.030187456,0.03018745593726635
-28.5,57.5,13602255.0,0.0,-0.030187456,0.03018745593726635
-28.5,58.5,13602255.0,0.0,-0.030187456,0.03018745593726635
-28.5,59.5,13602255.0,0.0,-0.029719708,0.029719708487391472
-28.5,60.5,13602255.0,0.0,-0.03068218,0.03068218007683754
-28.5,61.5,13602255.0,0.0,-0.03068218,0.03068218007683754
-28.5,62.5,13602255.0,0.0,-0.03068218,0.03068218007683754
-28.5,63.5,13602255.0,0.0,-0.03068218,0.03068218007683754
-28.5,64.5,13602255.0,0.0,-0.030100835,0.030100835487246513
-28.5,65.5,13602255.0,0.0,-0.030100835,0.030100835487246513
-28.5,66.5,13602255.0,0.0,-0.026272701,0.02627270109951496
-28.5,67.5,13602255.0,0.0,-0.025469149,0.02546914853155613
-28.5,68.5,13602255.0,0.0,-0.026188215,0.026188215240836143
-28.5,69.5,13602255.0,0.0,-0.029621081,0.029621081426739693
-28.5,70.5,13602255.0,0.0,-0.018651957,0.01865195669233799
-28.5,71.5,13602255.0,0.0,0.020673951,-0.020673951134085655
-28.5,72.5,13602255.0,0.0,-0.02245834,0.022458339110016823
-28.5,73.5,13602255.0,0.0,-0.017218204,0.017218204215168953
-28.5,74.5,13602255.0,0.0,-0.019733228,0.019733227789402008
-28.5,75.5,13602255.0,0.0,-0.021986488,0.02198648825287819
-28.5,76.5,13602255.0,0.0,-0.019041345,0.01904134452342987
-28.5,77.5,13602255.0,0.0,0.047989834,-0.04798983410000801
-28.5,78.5,13602255.0,0.0,0.078556515,-0.07855651527643204
-28.5,79.5,13602255.0,0.0,-0.02001634,0.020016340538859367
-28.5,80.5,13602255.0,0.0,0.0038769569,-0.0038769568782299757
-28.5,81.5,13602255.0,0.0,0.101816274,-0.10181627422571182
-28.5,82.5,13602255.0,0.0,0.22156852,-0.2215685248374939
-28.5,83.5,13602255.0,0.0,-0.013374603,0.013374603353440762
-28.5,84.5,13602255.0,0.0,-0.02916839,0.02916838973760605
-28.5,85.5,13602255.0,0.0,-0.020843433,0.02084343321621418
-28.5,86.5,13602255.0,0.0,-0.027682886,0.02768288552761078
-28.5,87.5,13602255.0,0.0,0.010841116,-0.010841116309165955
-28.5,88.5,13602255.0,0.0,0.122438304,-0.12243830412626266
-28.5,89.5,13602255.0,0.0,-0.0010800037,0.0010800036834552884
-28.5,90.5,13602255.0,0.0,-0.13351859,0.13351859152317047
-28.5,91.5,13602255.0,0.0,-0.095188916,0.0951889157295227
-28.5,92.5,13602255.0,0.0,0.00053020247,-0.0005302024655975401
-28.5,93.5,13602255.0,0.0,0.025397904,-0.025397904217243195
-28.5,94.5,13602255.0,0.0,-0.096761554,0.096761554479599
-28.5,95.5,13602255.0,0.0,0.03789391,-0.037893909960985184
-28.5,96.5,13602255.0,0.0,-0.035272367,0.03527236729860306
-28.5,97.5,13602255.0,0.0,-0.07982799,0.07982798665761948
-28.5,98.5,13602255.0,0.0,-0.026806628,0.026806628331542015
-28.5,99.5,13602255.0,0.0,0.039240208,-0.03924020752310753
-28.5,100.5,13602255.0,0.0,-0.047517408,0.047517407685518265
-28.5,101.5,13602255.0,0.0,-0.124301,0.1243010014295578
-28.5,102.5,13602255.0,0.0,0.009790762,-0.009790762327611446
-28.5,103.5,13602255.0,0.0,-0.031416282,0.031416282057762146
-28.5,104.5,13602255.0,0.0,0.05605116,-0.056051161140203476
-28.5,105.5,13602255.0,0.0,-0.078767896,0.07876789569854736
-28.5,106.5,13602255.0,0.0,-0.044130426,0.04413042590022087
-28.5,107.5,13602255.0,0.0,-0.04276395,0.04276394844055176
-28.5,108.5,13602255.0,0.0,-0.07366964,0.07366964221000671
-28.5,109.5,13602255.0,0.0,0.011674008,-0.011674008332192898
-28.5,110.5,13602255.0,0.0,0.047210995,-0.047210995107889175
-28.5,111.5,13602255.0,0.0,0.03357709,-0.0335770882666111
-28.5,112.5,13602255.0,0.0,0.0062823053,-0.006282305344939232
-28.5,113.5,13602255.0,0.0,0.05170062,-0.05170062184333801
-28.5,114.5,13602255.0,0.0,-0.051868558,0.051868557929992676
-28.5,115.5,13602255.0,0.0,-0.050780408,0.05078040808439255
-28.5,116.5,13602255.0,0.0,0.0019054943,-0.0019054942531511188
-28.5,117.5,13602255.0,0.0,0.06650737,-0.06650736927986145
-28.5,118.5,13602255.0,0.0,-0.05354669,0.053546689450740814
-28.5,119.5,13602255.0,0.0,-0.018919475,0.018919475376605988
-28.5,120.5,13602255.0,0.0,-0.10106526,0.1010652631521225
-29.5,30.5,13602255.0,0.0073641706,0.10541566,-0.09805148656266632
-29.5,31.5,13602255.0,0.07885929,0.1003906,-0.021531308177909853
-29.5,32.5,13602255.0,0.082214996,0.09863117,-0.016416177372268678
-29.5,33.5,13602255.0,0.002269091,0.15227298,-0.15000389338549042
-29.5,34.5,13602255.0,0.0,0.09108501,-0.09108500927686691
-29.5,35.5,13602255.0,0.0,0.035210557,-0.03521055728197098
-29.5,36.5,13602255.0,0.0,0.034003645,-0.034003645181655884
-29.5,37.5,13602255.0,0.0,-0.005065674,0.005065673962235451
-29.5,38.5,13602255.0,0.0,-0.024107095,0.02410709485411644
-29.5,39.5,13602255.0,0.0,-0.026707198,0.026707198470830917
-29.5,40.5,13602255.0,0.0,-0.020463213,0.020463213324546814
-29.5,41.5,13602255.0,0.0,-0.037378065,0.037378065288066864
-29.5,42.5,13602255.0,0.0,-0.036792964,0.03679296374320984
-29.5,43.5,13602255.0,0.0,-0.037949465,0.037949465215206146
-29.5,44.5,13602255.0,0.0,0.014961743,-0.014961742796003819
-29.5,45.5,13602255.0,0.0,0.07555882,-0.07555881887674332
-29.5,46.5,13602255.0,0.0,0.12319996,-0.123199962079525
-29.5,47.5,13602255.0,0.0,0.148515,-0.1485150009393692
-29.5,48.5,13602255.0,0.0,0.16297975,-0.16297975182533264
-29.5,49.5,13602255.0,0.0,0.017642839,-0.01764283888041973
-29.5,50.5,13602255.0,0.0,0.019150313,-0.01915031298995018
-29.5,51.5,13602255.0,0.0,-0.018732117,0.018732117488980293
-29.5,52.5,13602255.0,0.0,-0.018732117,0.018732117488980293
-29.5,53.5,13602255.0,0.0,-0.01755867,0.017558669671416283
-29.5,54.5,13602255.0,0.0,-0.014544161,0.014544161036610603
-29.5,55.5,13602255.0,0.0,-0.026553748,0.026553748175501823
-29.5,56.5,13602255.0,0.0,-0.030611897,0.030611896887421608
-29.5,57.5,13602255.0,0.0,-0.030611897,0.030611896887421608
-29.5,58.5,13602255.0,0.0,-0.030611897,0.030611896887421608
-29.5,59.5,13602255.0,0.0,-0.030144146,0.03014414571225643
-29.5,60.5,13602255.0,0.0,-0.031106617,0.0311066173017025
-29.5,61.5,13602255.0,0.0,-0.031106617,0.0311066173017025
-29.5,62.5,13602255.0,0.0,-0.031106617,0.0311066173017025
-29.5,63.5,13602255.0,0.0,-0.031106617,0.0311066173017025
-29.5,64.5,13602255.0,0.0,-0.03052528,0.03052528016269207
-29.5,65.5,13602255.0,0.0,-0.03052528,0.03052528016269207
-29.5,66.5,13602255.0,0.0,-0.026697138,0.02669713832437992
-29.5,67.5,13602255.0,0.0,-0.025893593,0.025893593207001686
-29.5,68.5,13602255.0,0.0,-0.02661266,0.0266126599162817
-29.5,69.5,13602255.0,0.0,-0.030045522,0.03004552237689495
-29.5,70.5,13602255.0,0.0,-0.019076386,0.019076386466622353
-29.5,71.5,13602255.0,0.0,0.020249506,-0.0202495064586401
-29.5,72.5,13602255.0,0.0,-0.02288278,0.02288278006017208
-29.5,73.5,13602255.0,0.0,-0.017642649,0.01764264889061451
-29.5,74.5,13602255.0,0.0,-0.020157669,0.020157668739557266
-29.5,75.5,13602255.0,0.0,-0.02241093,0.022410929203033447
-29.5,76.5,13602255.0,0.0,-0.01946579,0.019465789198875427
-29.5,77.5,13602255.0,0.0,0.047565386,-0.047565385699272156
-29.5,78.5,13602255.0,0.0,0.07813207,-0.07813207060098648
-29.5,79.5,13602255.0,0.0,-0.020440781,0.020440781489014626
-29.5,80.5,13602255.0,0.0,0.0034525117,-0.0034525117371231318
-29.5,81.5,13602255.0,0.0,0.10139183,-0.10139182955026627
-29.5,82.5,13602255.0,0.0,0.22114408,-0.22114408016204834
-29.5,83.5,13602255.0,0.0,-0.013799041,0.013799040578305721
-29.5,84.5,13602255.0,0.0,-0.02959283,0.029592830687761307
-29.5,85.5,13602255.0,0.0,-0.021267878,0.021267877891659737
-29.5,86.5,13602255.0,0.0,-0.02810733,0.028107330203056335
-29.5,87.5,13602255.0,0.0,0.01041667,-0.010416669771075249
-29.5,88.5,13602255.0,0.0,0.122013845,-0.12201384454965591
-29.5,89.5,13602255.0,0.0,-0.0015044458,0.0015044457977637649
-29.5,90.5,13602255.0,0.0,-0.13394304,0.13394303619861603
-29.5,91.5,13602255.0,0.0,-0.09561333,0.09561333060264587
-29.5,92.5,13602255.0,0.0,0.00010576622,-0.00010576622298685834
-29.5,93.5,13602255.0,0.0,0.024973456,-0.02497345581650734
-29.5,94.5,13602255.0,0.0,-0.097185984,0.09718598425388336
-29.5,95.5,13602255.0,0.0,0.03746946,-0.03746946156024933
-29.5,96.5,13602255.0,0.0,-0.035696812,0.035696811974048615
-29.5,97.5,13602255.0,0.0,-0.08025243,0.08025243133306503
-29.5,98.5,13602255.0,0.0,-0.02723107,0.027231069281697273
-29.5,99.5,13602255.0,0.0,0.038815774,-0.03881577402353287
-29.5,100.5,13602255.0,0.0,-0.047941826,0.04794182628393173
-29.5,101.5,13602255.0,0.0,-0.12472543,0.12472543120384216
-29.5,102.5,13602255.0,0.0,0.0093663195,-0.009366319514811039
-29.5,103.5,13602255.0,0.0,-0.031840727,0.0318407267332077
-29.5,104.5,13602255.0,0.0,0.055626698,-0.05562669783830643
-29.5,105.5,13602255.0,0.0,-0.07919231,0.07919231057167053
-29.5,106.5,13602255.0,0.0,-0.044554867,0.04455486685037613
-29.5,107.5,13602255.0,0.0,-0.043188386,0.04318838566541672
-29.5,108.5,13602255.0,0.0,-0.0740941,0.07409410178661346
-29.5,109.5,13602255.0,0.0,0.011249575,-0.011249574832618237
-29.5,110.5,13602255.0,0.0,0.04678658,-0.046786580234766006
-29.5,111.5,13602255.0,0.0,0.033152655,-0.03315265476703644
-29.5,112.5,13602255.0,0.0,0.005857872,-0.005857871845364571
-29.5,113.5,13602255.0,0.0,0.05127613,-0.051276128739118576
-29.5,114.5,13602255.0,0.0,-0.052293003,0.05229300260543823
-29.5,115.5,13602255.0,0.0,-0.051204845,0.05120484530925751
-29.5,116.5,13602255.0,0.0,0.0014810201,-0.00148102012462914
-29.5,117.5,13602255.0,0.0,0.06608294,-0.06608293950557709
-29.5,118.5,13602255.0,0.0,-0.053971123,0.053971122950315475
-29.5,119.5,13602255.0,0.0,-0.019343931,0.01934393122792244
-29.5,120.5,13602255.0,0.0,-0.10148969,0.10148969292640686
-30.5,30.5,13602255.0,0.5116832,0.27540773,0.23627546846694947
-30.5,31.5,13602255.0,1.0394908,0.30039513,0.739095668888855
-30.5,32.5,13602255.0,0.43395284,0.288046,0.14590683761199952
-30.5,33.5,13602255.0,0.0196486,0.33752573,-0.31787712536468504
-30.5,34.5,13602255.0,0.005865046,0.1529636,-0.14709854760218047
-30.5,35.5,13602255.0,0.011308237,0.08475785,-0.07344961257408905
-30.5,36.5,13602255.0,0.00016647398,0.075317994,-0.07515151978010895
-30.5,37.5,13602255.0,0.0,0.026922625,-0.026922624558210373
-30.5,38.5,13602255.0,0.0,-2.6996386e-05,2.6996385713573545e-05
-30.5,39.5,13602255.0,0.0,-0.0026270985,0.0026270984672009945
-30.5,40.5,13602255.0,0.0,0.0036168804,-0.0036168803926557302
-30.5,41.5,13602255.0,0.0,-0.013297964,0.01329796388745308
-30.5,42.5,13602255.0,0.0,-0.012712862,0.012712862342596054
-30.5,43.5,13602255.0,0.0,-0.013869368,0.01386936753988266
-30.5,44.5,13602255.0,0.0,0.039041895,-0.03904189541935921
-30.5,45.5,13602255.0,0.0,0.09963893,-0.099638931453228
-30.5,46.5,13602255.0,0.0,0.14728014,-0.14728014171123505
-30.5,47.5,13602255.0,0.0,0.17259516,-0.17259515821933746
-30.5,48.5,13602255.0,0.0,0.18705985,-0.18705984950065613
-30.5,49.5,13602255.0,0.0,0.041722942,-0.041722942143678665
-30.5,50.5,13602255.0,0.0,0.043230403,-0.04323040321469307
-30.5,51.5,13602255.0,0.0,0.005347961,-0.0053479610942304134
-30.5,52.5,13602255.0,0.0,0.005347961,-0.0053479610942304134
-30.5,53.5,13602255.0,0.0,0.0065214117,-0.006521411705762148
-30.5,54.5,13602255.0,0.0,0.009535916,-0.009535916149616241
-30.5,55.5,13602255.0,0.0,-0.002473666,0.002473666099831462
-30.5,56.5,13602255.0,0.0,-0.006531824,0.006531823892146349
-30.5,57.5,13602255.0,0.0,-0.006531824,0.006531823892146349
-30.5,58.5,13602255.0,0.0,-0.006531824,0.006531823892146349
-30.5,59.5,13602255.0,0.0,-0.0060640755,0.006064075510948896
-30.5,60.5,13602255.0,0.0,-0.0070265434,0.007026543375104666
-30.5,61.5,13602255.0,0.0,-0.0070265434,0.007026543375104666
-30.5,62.5,13602255.0,0.0,-0.0070265434,0.007026543375104666
-30.5,63.5,13602255.0,0.0,-0.0070265434,0.007026543375104666
-30.5,64.5,13602255.0,0.0,-0.0064452053,0.006445205304771662
-30.5,65.5,13602255.0,0.0,-0.0064452053,0.006445205304771662
-30.5,66.5,13602255.0,0.0,-0.0026170586,0.002617058577015996
-30.5,67.5,13602255.0,0.0,-0.0018135078,0.0018135077552869916
-30.5,68.5,13602255.0,0.0,-0.0025325774,0.0025325773749500513
-30.5,69.5,13602255.0,0.0,-0.0059654512,0.005965451244264841
-30.5,70.5,13602255.0,0.0,0.005003653,-0.00500365300104022
-30.5,71.5,13602255.0,0.0,0.04432957,-0.04432956874370575
-30.5,72.5,13602255.0,0.0,0.0011972677,-0.0011972676729783416
-30.5,73.5,13602255.0,0.0,0.0064374036,-0.006437403615564108
-30.5,74.5,13602255.0,0.0,0.0039223847,-0.003922384697943926
-30.5,75.5,13602255.0,0.0,0.001669126,-0.0016691259806975722
-30.5,76.5,13602255.0,0.0,0.00461428,-0.004614280071109533
-30.5,77.5,13602255.0,0.0,0.07164547,-0.07164546847343445
-30.5,78.5,13602255.0,0.0,0.10221221,-0.10221221297979355
-30.5,79.5,13602255.0,0.0,0.003639358,-0.0036393580958247185
-30.5,80.5,13602255.0,0.0,0.027532652,-0.027532652020454407
-30.5,81.5,13602255.0,0.0,0.125472,-0.12547199428081512
-30.5,82.5,13602255.0,0.0,0.24522421,-0.2452242076396942
-30.5,83.5,13602255.0,0.00031871226,0.010281046,-0.00996233366114687
-30.5,84.5,13602255.0,0.004570061,-0.005512724,0.010082785164873362
-30.5,85.5,13602255.0,0.0023755606,0.0028122466,-0.00043668595918777003
-30.5,86.5,13602255.0,0.0058008116,-0.004027197,0.009828008737475014
-30.5,87.5,13602255.0,0.0,0.034496788,-0.03449678793549538
-30.5,88.5,13602255.0,0.0,0.14609404,-0.14609403908252716
-30.5,89.5,13602255.0,0.0,0.022575678,-0.022575678303837776
-30.5,90.5,13602255.0,0.0,-0.10986297,0.10986296832561493
-30.5,91.5,13602255.0,0.0,-0.07153332,0.07153332233428955
-30.5,92.5,13602255.0,0.0,0.024185896,-0.024185895919799805
-30.5,93.5,13602255.0,0.0,0.04905356,-0.04905356094241142
-30.5,94.5,13602255.0,0.0,-0.07310586,0.07310585677623749
-30.5,95.5,13602255.0,0.0,0.061549604,-0.061549603939056396
-30.5,96.5,13602255.0,0.0,-0.011616709,0.01161670871078968
-30.5,97.5,13602255.0,0.0,-0.056172326,0.05617232620716095
-30.5,98.5,13602255.0,0.0,-0.0031509455,0.0031509455293416977
-30.5,99.5,13602255.0,0.0,0.062895894,-0.06289589405059814
-30.5,100.5,13602255.0,0.0,-0.023861753,0.023861752822995186
-30.5,101.5,13602255.0,0.0,-0.100645386,0.10064538568258286
-30.5,102.5,13602255.0,0.0,0.033446465,-0.03344646468758583
-30.5,103.5,13602255.0,0.0,-0.007760603,0.007760602980852127
-30.5,104.5,13602255.0,0.0,0.079706885,-0.07970688492059708
-30.5,105.5,13602255.0,0.0,-0.05511221,0.05511220917105675
-30.5,106.5,13602255.0,0.0,-0.020474771,0.020474771037697792
-30.5,107.5,13602255.0,0.0,-0.019108232,0.019108232110738754
-30.5,108.5,13602255.0,0.0,-0.05001398,0.05001398175954819
-30.5,109.5,13602255.0,0.0,0.035329662,-0.0353296622633934
-30.5,110.5,13602255.0,0.0,0.070866674,-0.0708666741847992
-30.5,111.5,13602255.0,0.0,0.057232738,-0.05723273754119873
-30.5,112.5,13602255.0,0.0,0.029937986,-0.0299379862844944
-30.5,113.5,13602255.0,0.0,0.07535629,-0.07535628974437714
-30.5,114.5,13602255.0,0.0,-0.028212905,0.028212904930114746
-30.5,115.5,13602255.0,0.0,-0.027124768,0.027124768123030663
-30.5,116.5,13602255.0,0.0,0.025561133,-0.02556113339960575
-30.5,117.5,13602255.0,0.0,0.09016311,-0.09016311168670654
-30.5,118.5,13602255.0,0.0,-0.02989103,0.029891030862927437
-30.5,119.5,13602255.0,0.0,0.004736152,-0.00473615201190114
-30.5,120.5,13602255.0,0.0,-0.07740964,0.07740963995456696
-31.5,30.5,13602255.0,0.846631,0.33882394,0.5078070556697846
-31.5,31.5,13602255.0,1.218366,0.36381128,0.8545547156963349
-31.5,32.5,13602255.0,1.1755105,0.37564045,0.7998700480918883
-31.5,33.5,13602255.0,1.1654853,0.40835187,0.7571334316089631
-31.5,34.5,13602255.0,1.107551,0.22378962,0.8837613825807571
-31.5,35.5,13602255.0,0.3759372,0.13145696,0.24448024373264315
-31.5,36.5,13602255.0,0.0063000014,0.122017056,-0.11571705434989318
-31.5,37.5,13602255.0,0.0,0.066211835,-0.06621183454990387
-31.5,38.5,13602255.0,0.0038564107,0.039262183,-0.035405772310578155
-31.5,39.5,13602255.0,0.052436978,0.036662094,0.01577488370497513
-31.5,40.5,13602255.0,0.026235612,0.04290607,-0.01667045626543808
-31.5,41.5,13602255.0,0.0,0.025991227,-0.025991227477788925
-31.5,42.5,13602255.0,0.0,0.026576329,-0.02657632902264595
-31.5,43.5,13602255.0,0.0,0.02541982,-0.025419820100069046
-31.5,44.5,13602255.0,0.0,0.06830699,-0.06830698996782303
-31.5,45.5,13602255.0,0.0,0.12890403,-0.12890402972698212
-31.5,46.5,13602255.0,0.0,0.17654523,-0.17654523253440857
-31.5,47.5,13602255.0,0.0,0.20186025,-0.201860249042511
-31.5,48.5,13602255.0,0.0,0.21632496,-0.21632495522499084
-31.5,49.5,13602255.0,0.0,0.070988044,-0.07098804414272308
-31.5,50.5,13602255.0,0.0,0.07249551,-0.07249551266431808
-31.5,51.5,13602255.0,0.0,0.034613065,-0.03461306542158127
-31.5,52.5,13602255.0,0.0,0.034613065,-0.03461306542158127
-31.5,53.5,13602255.0,0.0,0.035786513,-0.03578651323914528
-31.5,54.5,13602255.0,0.0,0.038801026,-0.03880102559924126
-31.5,55.5,13602255.0,0.0,0.026791438,-0.026791438460350037
-31.5,56.5,13602255.0,0.0,0.022733286,-0.022733286023139954
-31.5,57.5,13602255.0,0.0,0.022733286,-0.022733286023139954
-31.5,58.5,13602255.0,0.0,0.022733286,-0.022733286023139954
-31.5,59.5,13602255.0,0.0,0.023201033,-0.02320103347301483
-31.5,60.5,13602255.0,0.0,0.022238567,-0.02223856747150421
-31.5,61.5,13602255.0,0.0,0.022238567,-0.02223856747150421
-31.5,62.5,13602255.0,0.0,0.022238567,-0.02223856747150421
-31.5,63.5,13602255.0,0.0,0.022238567,-0.02223856747150421
-31.5,64.5,13602255.0,0.0,0.022819903,-0.02281990274786949
-31.5,65.5,13602255.0,0.0,0.022819903,-0.02281990274786949
-31.5,66.5,13602255.0,0.0,0.026648045,-0.02664804458618164
-31.5,67.5,13602255.0,0.0,0.027451593,-0.027451593428850174
-31.5,68.5,13602255.0,0.0,0.026732527,-0.02673252671957016
-31.5,69.5,13602255.0,0.0,0.023299657,-0.023299656808376312
-31.5,70.5,13602255.0,0.0,0.034268774,-0.03426877409219742
-31.5,71.5,13602255.0,0.0,0.07359469,-0.07359468936920166
-31.5,72.5,13602255.0,0.0,0.03046237,-0.030462369322776794
-31.5,73.5,13602255.0,0.0,0.03570252,-0.03570251911878586
-31.5,74.5,13602255.0,0.0,0.033187483,-0.03318748250603676
-31.5,75.5,13602255.0,0.0,0.030934224,-0.030934223905205727
-31.5,76.5,13602255.0,0.0,0.033879396,-0.033879395574331284
-31.5,77.5,13602255.0,0.0,0.10091059,-0.10091058909893036
-31.5,78.5,13602255.0,0.0,0.13147736,-0.13147735595703125
-31.5,79.5,13602255.0,0.0,0.032904472,-0.03290447220206261
-31.5,80.5,13602255.0,0.0,0.056797773,-0.05679777264595032
-31.5,81.5,13602255.0,0.0,0.1547371,-0.15473710000514984
-31.5,82.5,13602255.0,0.0,0.27448925,-0.27448925375938416
-31.5,83.5,13602255.0,0.0001448692,0.039546143,-0.03940127406357841
-31.5,84.5,13602255.0,0.012100844,0.023752373,-0.011651528711896897
-31.5,85.5,13602255.0,0.0346787,0.032077342,0.0026013577281951902
-31.5,86.5,13602255.0,0.13829541,0.025237877,0.11305753307810784
-31.5,87.5,13602255.0,0.00018,0.06376192,-0.06358191973686218
-31.5,88.5,13602255.0,0.0,0.1753591,-0.1753591001033783
-31.5,89.5,13602255.0,0.0,0.05184078,-0.051840778440237045
-31.5,90.5,13602255.0,0.0,-0.08059791,0.0805979073047638
-31.5,91.5,13602255.0,0.0,-0.042268224,0.04226822406053543
-31.5,92.5,13602255.0,0.0,0.053451013,-0.05345101282000542
-31.5,93.5,13602255.0,0.0,0.07831866,-0.07831866294145584
-31.5,94.5,13602255.0,0.0,-0.043840755,0.04384075477719307
-31.5,95.5,13602255.0,0.0,0.09081473,-0.0908147320151329
-31.5,96.5,13602255.0,0.0,0.017648393,-0.017648393288254738
-31.5,97.5,13602255.0,0.0,-0.026907217,0.026907216757535934
-31.5,98.5,13602255.0,0.0,0.026114155,-0.02611415460705757
-31.5,99.5,13602255.0,0.0,0.09216102,-0.09216102212667465
-31.5,100.5,13602255.0,0.0,0.005403365,-0.005403365008533001
-31.5,101.5,13602255.0,0.0,-0.071380265,0.07138026505708694
-31.5,102.5,13602255.0,0.0,0.06271152,-0.06271152198314667
-31.5,103.5,13602255.0,0.0,0.021504486,-0.021504485979676247
-31.5,104.5,13602255.0,0.0,0.10897194,-0.10897193849086761
-31.5,105.5,13602255.0,0.0,-0.025847113,0.025847112759947777
-31.5,106.5,13602255.0,0.0,0.008790346,-0.00879034586250782
-31.5,107.5,13602255.0,0.0,0.010156892,-0.010156892240047455
-31.5,108.5,13602255.0,0.0,-0.02074886,0.020748859271407127
-31.5,109.5,13602255.0,0.0,0.06459472,-0.06459472328424454
-31.5,110.5,13602255.0,0.0,0.10013182,-0.1001318171620369
-31.5,111.5,13602255.0,0.0,0.086497866,-0.08649786561727524
-31.5,112.5,13602255.0,0.0,0.059203103,-0.05920310318470001
-31.5,113.5,13602255.0,0.0,0.10462144,-0.10462144017219543
-31.5,114.5,13602255.0,0.0,0.0010522099,-0.0010522098746150732
-31.5,115.5,13602255.0,0.0,0.0021403923,-0.002140392316505313
-31.5,116.5,13602255.0,0.0,0.05482629,-0.0548262894153595
-31.5,117.5,13602255.0,0.0,0.11942815,-0.11942815035581589
-31.5,118.5,13602255.0,0.0,-0.0006259239,0.0006259239162318408
-31.5,119.5,13602255.0,0.0,0.034001276,-0.03400127589702606
-31.5,120.5,13602255.0,0.0,-0.048144538,0.04814453795552254
-32.5,30.5,13602255.0,0.24116156,0.24712531,-0.005963752685966495
-32.5,31.5,13602255.0,0.28453594,0.27211276,0.012423183032455432
-32.5,32.5,13602255.0,0.35125348,0.2676696,0.08358389167259217
-32.5,33.5,13602255.0,0.39942288,0.31874737,0.08067550856483457
-32.5,34.5,13602255.0,0.25780657,0.18701048,0.0707960880463791
-32.5,35.5,13602255.0,0.040867276,0.09467778,-0.05381050754883194
-32.5,36.5,13602255.0,0.0,0.0852379,-0.08523789793252945
-32.5,37.5,13602255.0,0.0,0.02943268,-0.02943268045783043
-32.5,38.5,13602255.0,0.06896836,0.0024830408,0.06648531920713247
-32.5,39.5,13602255.0,0.2354464,-0.000117052485,0.23556345248471117
-32.5,40.5,13602255.0,0.045396566,0.0061269235,0.039269642513409614
-32.5,41.5,13602255.0,0.0,-0.010787924,0.010787923820316792
-32.5,42.5,13602255.0,0.0,-0.010202823,0.010202823206782341
-32.5,43.5,13602255.0,0.0,-0.011359328,0.011359328404068947
-32.5,44.5,13602255.0,0.0,0.03152782,-0.031527820974588394
-32.5,45.5,13602255.0,0.0,0.09212488,-0.09212487936019897
-32.5,46.5,13602255.0,0.0,0.1397661,-0.13976609706878662
-32.5,47.5,13602255.0,0.0,0.16508111,-0.16508111357688904
-32.5,48.5,13602255.0,0.0,0.17954582,-0.1795458197593689
-32.5,49.5,13602255.0,0.0,0.034208916,-0.03420891612768173
-32.5,50.5,13602255.0,0.0,0.03571635,-0.03571635112166405
-32.5,51.5,13602255.0,0.0,-0.0021661029,0.002166102873161435
-32.5,52.5,13602255.0,0.0,-0.0021661029,0.002166102873161435
-32.5,53.5,13602255.0,0.0,-0.0009926526,0.0009926526108756661
-32.5,54.5,13602255.0,0.0,0.0020218557,-0.0020218556746840477
-32.5,55.5,13602255.0,0.0,-0.009987733,0.009987733326852322
-32.5,56.5,13602255.0,0.0,-0.01404589,0.014045890420675278
-32.5,57.5,13602255.0,0.0,-0.01404589,0.014045890420675278
-32.5,58.5,13602255.0,0.0,-0.01404589,0.014045890420675278
-32.5,59.5,13602255.0,0.0,-0.013578142,0.013578142039477825
-32.5,60.5,13602255.0,0.0,-0.014540608,0.014540608040988445
-32.5,61.5,13602255.0,0.0,-0.014540608,0.014540608040988445
-32.5,62.5,13602255.0,0.0,-0.014540608,0.014540608040988445
-32.5,63.5,13602255.0,0.0,-0.014540608,0.014540608040988445
-32.5,64.5,13602255.0,0.0,-0.01395927,0.013959269970655441
-32.5,65.5,13602255.0,0.0,-0.01395927,0.013959269970655441
-32.5,66.5,13602255.0,0.0,-0.010131125,0.010131125338375568
-32.5,67.5,13602255.0,0.0,-0.009327567,0.009327567182481289
-32.5,68.5,13602255.0,0.0,-0.010046635,0.010046634823083878
-32.5,69.5,13602255.0,0.0,-0.013479503,0.013479502871632576
-32.5,70.5,13602255.0,0.0,-0.0025103698,0.0025103697553277016
-32.5,71.5,13602255.0,0.0,0.036815554,-0.03681555390357971
-32.5,72.5,13602255.0,0.0,-0.0063167512,0.00631675124168396
-32.5,73.5,13602255.0,0.0,-0.0010766139,0.0010766139021143317
-32.5,74.5,13602255.0,0.0,-0.0035916367,0.003591636661440134
-32.5,75.5,13602255.0,0.0,-0.005844893,0.005844892933964729
-32.5,76.5,13602255.0,0.0,-0.0028997448,0.0028997447807341814
-32.5,77.5,13602255.0,0.0,0.06413144,-0.06413143873214722
-32.5,78.5,13602255.0,0.0,0.09469819,-0.09469819068908691
-32.5,79.5,13602255.0,0.0,-0.0038747047,0.003874704707413912
-32.5,80.5,13602255.0,0.0,0.020018581,-0.020018581300973892
-32.5,81.5,13602255.0,0.0,0.117957935,-0.1179579347372055
-32.5,82.5,13602255.0,0.0,0.23771016,-0.2377101629972458
-32.5,83.5,13602255.0,0.0,0.002767,-0.002767000114545226
-32.5,84.5,13602255.0,0.0,-0.013026779,0.01302677858620882
-32.5,85.5,13602255.0,0.0026747303,-0.0047017983,0.007376528616091299
-32.5,86.5,13602255.0,0.025630755,-0.011541259,0.03717201354372979
-32.5,87.5,13602255.0,0.00059999997,0.026982756,-0.026382756361562995
-32.5,88.5,13602255.0,0.0,0.13858,-0.13857999444007874
-32.5,89.5,13602255.0,0.0,0.015061624,-0.015061624348163605
-32.5,90.5,13602255.0,0.0,-0.11737698,0.11737698316574097
-32.5,91.5,13602255.0,0.0,-0.07904733,0.07904732972383499
-32.5,92.5,13602255.0,0.0,0.016671836,-0.016671836376190186
-32.5,93.5,13602255.0,0.0,0.041539505,-0.0415395051240921
-32.5,94.5,13602255.0,0.0,-0.080619924,0.0806199237704277
-32.5,95.5,13602255.0,0.0,0.05403554,-0.05403554067015648
-32.5,96.5,13602255.0,0.0,-0.019130751,0.019130751490592957
-32.5,97.5,13602255.0,0.0,-0.06368636,0.06368636339902878
-32.5,98.5,13602255.0,0.0,-0.010664997,0.010664996691048145
-32.5,99.5,13602255.0,0.0,0.055381842,-0.05538184195756912
-32.5,100.5,13602255.0,0.0,-0.03137577,0.03137576952576637
-32.5,101.5,13602255.0,0.0,-0.10815944,0.10815943777561188
-32.5,102.5,13602255.0,0.0,0.025932444,-0.025932444259524345
-32.5,103.5,13602255.0,0.0,-0.015274674,0.015274673700332642
-32.5,104.5,13602255.0,0.0,0.07219286,-0.07219286262989044
-32.5,105.5,13602255.0,0.0,-0.062626235,0.06262623518705368
-32.5,106.5,13602255.0,0.0,-0.027988786,0.02798878587782383
-32.5,107.5,13602255.0,0.0,-0.026622288,0.026622287929058075
-32.5,108.5,13602255.0,0.0,-0.05752798,0.05752798169851303
-32.5,109.5,13602255.0,0.0,0.027815688,-0.027815688401460648
-32.5,110.5,13602255.0,0.0,0.06335265,-0.06335265189409256
-32.5,111.5,13602255.0,0.0,0.049718738,-0.04971873760223389
-32.5,112.5,13602255.0,0.0,0.022423966,-0.022423965856432915
-32.5,113.5,13602255.0,0.0,0.06784219,-0.06784219294786453
-32.5,114.5,13602255.0,0.0,-0.035726946,0.03572694584727287
-32.5,115.5,13602255.0,0.0,-0.03463879,0.03463878855109215
-32.5,116.5,13602255.0,0.0,0.018047065,-0.018047064542770386
-32.5,117.5,13602255.0,0.0,0.082649134,-0.08264913409948349
-32.5,118.5,13602255.0,0.0,-0.03740505,0.03740505129098892
-32.5,119.5,13602255.0,0.0,-0.0027778065,0.002777806483209133
-32.5,120.5,13602255.0,0.0,-0.08492371,0.08492370694875717
-33.5,30.5,13602255.0,0.0,0.06931725,-0.06931725144386292
-33.5,31.5,13602255.0,0.0,0.09430441,-0.0943044126033783
-33.5,32.5,13602255.0,0.0,0.096281834,-0.09628183394670486
-33.5,33.5,13602255.0,0.0,0.15419027,-0.1541902720928192
-33.5,34.5,13602255.0,0.0,0.1050376,-0.10503759980201721
-33.5,35.5,13602255.0,0.0,0.046811584,-0.04681158438324928
-33.5,36.5,13602255.0,0.0,0.037371676,-0.037371676415205
-33.5,37.5,13602255.0,0.0,0.0033973146,-0.003397314576432109
-33.5,38.5,13602255.0,0.012868089,-0.023552319,0.03642040803493404
-33.5,39.5,13602255.0,0.017041424,-0.026152419,0.04319384292635822
-33.5,40.5,13602255.0,0.00016599424,-0.019908438,0.02007443174536442
-33.5,41.5,13602255.0,0.0,-0.036823273,0.036823272705078125
-33.5,42.5,13602255.0,0.0,-0.03623817,0.0362381711602211
-33.5,43.5,13602255.0,0.0,-0.03739468,0.037394680082798004
-33.5,44.5,13602255.0,0.0,0.015473176,-0.015473175793886185
-33.5,45.5,13602255.0,0.0,0.06001734,-0.06001733988523483
-33.5,46.5,13602255.0,0.0,0.10765852,-0.1076585203409195
-33.5,47.5,13602255.0,0.0,0.13297354,-0.1329735368490219
-33.5,48.5,13602255.0,0.0,0.14743823,-0.14743822813034058
-33.5,49.5,13602255.0,0.0,0.016993474,-0.01699347421526909
-33.5,50.5,13602255.0,0.0,0.022874476,-0.02287447638809681
-33.5,51.5,13602255.0,0.0,-0.015007983,0.015007982961833477
-33.5,52.5,13602255.0,0.0,-0.015007983,0.015007982961833477
-33.5,53.5,13602255.0,0.0,-0.013834534,0.013834534212946892
-33.5,54.5,13602255.0,0.0,-0.01082002,0.010820019990205765
-33.5,55.5,13602255.0,0.0,-0.022829589,0.022829588502645493
-33.5,56.5,13602255.0,0.0,-0.026887748,0.026887748390436172
-33.5,57.5,13602255.0,0.0,-0.026887748,0.026887748390436172
-33.5,58.5,13602255.0,0.0,-0.026887748,0.026887748390436172
-33.5,59.5,13602255.0,0.0,-0.026419997,0.026419997215270996
-33.5,60.5,13602255.0,0.0,-0.02738247,0.027382470667362213
-33.5,61.5,13602255.0,0.0,-0.02738247,0.027382470667362213
-33.5,62.5,13602255.0,0.0,-0.02738247,0.027382470667362213
-33.5,63.5,13602255.0,0.0,-0.02738247,0.027382470667362213
-33.5,64.5,13602255.0,0.0,-0.026801128,0.026801127940416336
-33.5,65.5,13602255.0,0.0,-0.026801128,0.026801127940416336
-33.5,66.5,13602255.0,0.0,-0.02297299,0.022972989827394485
-33.5,67.5,13602255.0,0.0,-0.022169445,0.02216944471001625
-33.5,68.5,13602255.0,0.0,-0.022888511,0.022888511419296265
-33.5,69.5,13602255.0,0.0,-0.026321374,0.026321373879909515
-33.5,70.5,13602255.0,0.0,-0.015352238,0.015352237969636917
-33.5,71.5,13602255.0,0.0,0.023973653,-0.023973653092980385
-33.5,72.5,13602255.0,0.0,-0.019158645,0.01915864460170269
-33.5,73.5,13602255.0,0.0,-0.013918515,0.013918515294790268
-33.5,74.5,13602255.0,0.0,-0.016996395,0.016996394842863083
-33.5,75.5,13602255.0,0.0,-0.019249657,0.019249657168984413
-33.5,76.5,13602255.0,0.0,-0.016304478,0.01630447804927826
-33.5,77.5,13602255.0,0.0,0.050726727,-0.05072672665119171
-33.5,78.5,13602255.0,0.0,0.081293434,-0.08129343390464783
-33.5,79.5,13602255.0,0.0,-0.017279435,0.017279434949159622
-33.5,80.5,13602255.0,0.0,0.006613859,-0.006613858975470066
-33.5,81.5,13602255.0,0.0,0.10455321,-0.1045532077550888
-33.5,82.5,13602255.0,0.0,0.22430539,-0.2243053913116455
-33.5,83.5,13602255.0,0.0,-0.010637729,0.010637729428708553
-33.5,84.5,13602255.0,0.0,-0.026431523,0.026431523263454437
-33.5,85.5,13602255.0,0.0,-0.018106544,0.018106544390320778
-33.5,86.5,13602255.0,0.0,-0.024945987,0.02494598738849163
-33.5,87.5,13602255.0,0.0,0.013578011,-0.013578010722994804
-33.5,88.5,13602255.0,0.0,0.1251752,-0.12517519295215607
-33.5,89.5,13602255.0,0.0,0.0016568851,-0.0016568851424381137
-33.5,90.5,13602255.0,0.0,-0.13078173,0.13078172504901886
-33.5,91.5,13602255.0,0.0,-0.09245204,0.0924520418047905
-33.5,92.5,13602255.0,0.0,0.003267092,-0.0032670919317752123
-33.5,93.5,13602255.0,0.0,0.02813479,-0.028134789317846298
-33.5,94.5,13602255.0,0.0,-0.094024666,0.0940246656537056
-33.5,95.5,13602255.0,0.0,0.040630803,-0.040630802512168884
-33.5,96.5,13602255.0,0.0,-0.032535516,0.03253551572561264
-33.5,97.5,13602255.0,0.0,-0.07709108,0.07709108293056488
-33.5,98.5,13602255.0,0.0,-0.024069723,0.02406972274184227
-33.5,99.5,13602255.0,0.0,0.04197709,-0.041977088898420334
-33.5,100.5,13602255.0,0.0,-0.0447805,0.04478050023317337
-33.5,101.5,13602255.0,0.0,-0.12156415,0.12156414985656738
-33.5,102.5,13602255.0,0.0,0.012527667,-0.012527666985988617
-33.5,103.5,13602255.0,0.0,-0.028679408,0.028679408133029938
-33.5,104.5,13602255.0,0.0,0.05878806,-0.05878806114196777
-33.5,105.5,13602255.0,0.0,-0.07603098,0.07603097707033157
-33.5,106.5,13602255.0,0.0,-0.041393552,0.04139355197548866
-33.5,107.5,13602255.0,0.0,-0.040027045,0.04002704471349716
-33.5,108.5,13602255.0,0.0,-0.070932694,0.07093269377946854
-33.5,109.5,13602255.0,0.0,0.014410924,-0.014410924166440964
-33.5,110.5,13602255.0,0.0,0.04994787,-0.049947869032621384
-33.5,111.5,13602255.0,0.0,0.036313992,-0.036313991993665695
-33.5,112.5,13602255.0,0.0,0.009019158,-0.009019157849252224
-33.5,113.5,13602255.0,0.0,0.054437485,-0.054437484592199326
-33.5,114.5,13602255.0,0.0,-0.049131695,0.04913169518113136
-33.5,115.5,13602255.0,0.0,-0.048043564,0.04804356396198273
-33.5,116.5,13602255.0,0.0,0.004642301,-0.004642300773411989
-33.5,117.5,13602255.0,0.0,0.06924433,-0.06924433261156082
-33.5,118.5,13602255.0,0.0,-0.050809808,0.05080980807542801
-33.5,119.5,13602255.0,0.0,-0.016182572,0.01618257164955139
-33.5,120.5,13602255.0,0.0,-0.098328434,0.09832843393087387
-34.5,30.5,13602255.0,0.0,0.068380505,-0.06838050484657288
-34.5,31.5,13602255.0,0.0,0.093367666,-0.09336766600608826
-34.5,32.5,13602255.0,0.0,0.09534509,-0.09534508734941483
-34.5,33.5,13602255.0,0.0,0.15325356,-0.15325355529785156
-34.5,34.5,13602255.0,0.0,0.10410082,-0.10410082340240479
-34.5,35.5,13602255.0,0.0,0.04587483,-0.04587483033537865
-34.5,36.5,13602255.0,0.0,0.036434915,-0.03643491491675377
-34.5,37.5,13602255.0,0.0,0.002460555,-0.002460554940626025
-34.5,38.5,13602255.0,0.0,-0.024489073,0.02448907308280468
-34.5,39.5,13602255.0,0.0,-0.027089173,0.02708917297422886
-34.5,40.5,13602255.0,0.0,-0.020845193,0.020845193415880203
-34.5,41.5,13602255.0,0.0,-0.037760034,0.03776003420352936
-34.5,42.5,13602255.0,0.0,-0.037174933,0.03717493265867233
-34.5,43.5,13602255.0,0.0,-0.038331434,0.03833143413066864
-34.5,44.5,13602255.0,0.0,0.014536422,-0.014536421746015549
-34.5,45.5,13602255.0,0.0,0.059080575,-0.0590805746614933
-34.5,46.5,13602255.0,0.0,0.10672176,-0.10672175884246826
-34.5,47.5,13602255.0,0.0,0.13203679,-0.13203679025173187
-34.5,48.5,13602255.0,0.0,0.14650148,-0.14650148153305054
-34.5,49.5,13602255.0,0.0,0.01605671,-0.016056710854172707
-34.5,50.5,13602255.0,0.0,0.02193772,-0.021937720477581024
-34.5,51.5,13602255.0,0.0,-0.015944729,0.01594472862780094
-34.5,52.5,13602255.0,0.0,-0.015944729,0.01594472862780094
-34.5,53.5,13602255.0,0.0,-0.014771279,0.014771278947591782
-34.5,54.5,13602255.0,0.0,-0.011756778,0.0117567777633667
-34.5,55.5,13602255.0,0.0,-0.023766337,0.02376633696258068
-34.5,56.5,13602255.0,0.0,-0.02782449,0.027824489399790764
-34.5,57.5,13602255.0,0.0,-0.02782449,0.027824489399790764
-34.5,58.5,13602255.0,0.0,-0.02782449,0.027824489399790764
-34.5,59.5,13602255.0,0.0,-0.027356746,0.027356745675206184
-34.5,60.5,13602255.0,0.0,-0.028319208,0.028319207951426506
-34.5,61.5,13602255.0,0.0,-0.028319208,0.028319207951426506
-34.5,62.5,13602255.0,0.0,-0.028319208,0.028319207951426506
-34.5,63.5,13602255.0,0.0,-0.028319208,0.028319207951426506
-34.5,64.5,13602255.0,0.0,-0.027737873,0.027737872675061226
-34.5,65.5,13602255.0,0.0,-0.027737873,0.027737872675061226
-34.5,66.5,13602255.0,0.0,-0.023909727,0.02390972711145878
-34.5,67.5,13602255.0,0.0,-0.023106186,0.023106185719370842
-34.5,68.5,13602255.0,0.0,-0.023825256,0.023825256153941154
-34.5,69.5,13602255.0,0.0,-0.027258122,0.027258122339844704
-34.5,70.5,13602255.0,0.0,-0.016289001,0.0162890013307333
-34.5,71.5,13602255.0,0.0,0.023036893,-0.0230368934571743
-34.5,72.5,13602255.0,0.0,-0.020095406,0.020095406100153923
-34.5,73.5,13602255.0,0.0,-0.014855271,0.014855271205306053
-34.5,74.5,13602255.0,0.0,-0.017933153,0.017933152616024017
-34.5,75.5,13602255.0,0.0,-0.020186411,0.02018641121685505
-34.5,76.5,13602255.0,0.0,-0.017241232,0.017241232097148895
-34.5,77.5,13602255.0,0.021831267,0.049789973,-0.027958705603321074
-34.5,78.5,13602255.0,0.012941383,0.08035667,-0.0674152894061966
-34.5,79.5,13602255.0,0.00064719113,-0.01821619,0.018863381989675406
-34.5,80.5,13602255.0,0.00026241457,0.0056771054,-0.005414690823260717
-34.5,81.5,13602255.0,0.0,0.103616446,-0.10361644625663757
-34.5,82.5,13602255.0,0.0048640007,0.22336867,-0.21850467381667785
-34.5,83.5,13602255.0,0.014830349,-0.011574482,0.02640483061393404
-34.5,84.5,13602255.0,0.0,-0.027368277,0.027368277311325073
-34.5,85.5,13602255.0,0.0,-0.019043302,0.019043302163481712
-34.5,86.5,13602255.0,0.0,-0.025882745,0.025882745161652565
-34.5,87.5,13602255.0,0.0,0.012641257,-0.012641256675124168
-34.5,88.5,13602255.0,0.0,0.124238424,-0.12423842400312424
-34.5,89.5,13602255.0,0.0,0.0007201282,-0.000720128184184432
-34.5,90.5,13602255.0,0.0,-0.13171844,0.1317184418439865
-34.5,91.5,13602255.0,0.0,-0.09338879,0.09338878840208054
-34.5,92.5,13602255.0,0.0,0.0023303397,-0.0023303397465497255
-34.5,93.5,13602255.0,0.0,0.027198039,-0.02719803899526596
-34.5,94.5,13602255.0,0.0,-0.09496143,0.09496142715215683
-34.5,95.5,13602255.0,0.0,0.03969405,-0.03969404846429825
-34.5,96.5,13602255.0,0.0,-0.03347226,0.03347225859761238
-34.5,97.5,13602255.0,0.0,-0.078027844,0.07802784442901611
-34.5,98.5,13602255.0,0.0,-0.025006475,0.025006474927067757
-34.5,99.5,13602255.0,0.0,0.041040342,-0.041040342301130295
-34.5,100.5,13602255.0,0.0,-0.04571726,0.0457172617316246
-34.5,101.5,13602255.0,0.0,-0.12250091,0.12250091135501862
-34.5,102.5,13602255.0,0.0,0.011590909,-0.011590909212827682
-34.5,103.5,13602255.0,0.0,-0.029616166,0.029616165906190872
-34.5,104.5,13602255.0,0.0,0.057851322,-0.05785132199525833
-34.5,105.5,13602255.0,0.0,-0.07696774,0.0769677385687828
-34.5,106.5,13602255.0,0.0,-0.0423303,0.0423302985727787
-34.5,107.5,13602255.0,0.0,-0.040963802,0.040963802486658096
-34.5,108.5,13602255.0,0.0,-0.07186944,0.07186944037675858
-34.5,109.5,13602255.0,0.0,0.013474168,-0.013474168255925179
-34.5,110.5,13602255.0,0.0,0.049011126,-0.04901112616062164
-34.5,111.5,13602255.0,0.0,0.035377268,-0.03537726774811745
-34.5,112.5,13602255.0,0.0,0.00808241,-0.00808241032063961
-34.5,113.5,13602255.0,0.0,0.053500753,-0.05350075289607048
-34.5,114.5,13602255.0,0.0,-0.050068427,0.05006842687726021
-34.5,115.5,13602255.0,0.0,-0.048980296,0.04898029565811157
-34.5,116.5,13602255.0,0.0,0.0037056115,-0.003705611452460289
-34.5,117.5,13602255.0,0.0,0.0683076,-0.06830760091543198
-34.5,118.5,13602255.0,0.0,-0.05174654,0.051746539771556854
-34.5,119.5,13602255.0,0.0,-0.017119313,0.017119312658905983
-34.5,120.5,13602255.0,0.0,-0.09926518,0.09926518052816391
-35.5,30.5,13602255.0,0.0,0.07424564,-0.0742456391453743
-35.5,31.5,13602255.0,0.0,0.09923281,-0.09923280775547028
-35.5,32.5,13602255.0,0.0,0.10121026,-0.10121025890111923
-35.5,33.5,13602255.0,0.0,0.1591187,-0.15911869704723358
-35.5,34.5,13602255.0,0.0,0.109966025,-0.10996602475643158
-35.5,35.5,13602255.0,0.0,0.051739972,-0.051739972084760666
-35.5,36.5,13602255.0,0.0,0.042300086,-0.042300086468458176
-35.5,37.5,13602255.0,0.0,0.008325712,-0.008325711823999882
-35.5,38.5,13602255.0,0.0,-0.018623909,0.01862390898168087
-35.5,39.5,13602255.0,0.0,-0.021224013,0.021224012598395348
-35.5,40.5,13602255.0,0.0,-0.014980025,0.01498002465814352
-35.5,41.5,13602255.0,0.0,-0.03189487,0.03189487010240555
-35.5,42.5,13602255.0,0.0,-0.03130976,0.031309761106967926
-35.5,43.5,13602255.0,0.0,-0.032466277,0.03246627748012543
-35.5,44.5,13602255.0,0.0,0.020401588,-0.020401587709784508
-35.5,45.5,13602255.0,0.0,0.06494573,-0.06494572758674622
-35.5,46.5,13602255.0,0.0,0.1125869,-0.11258690059185028
-35.5,47.5,13602255.0,0.0,0.13790193,-0.1379019320011139
-35.5,48.5,13602255.0,0.0,0.15236664,-0.15236663818359375
-35.5,49.5,13602255.0,0.0,0.023553787,-0.023553786799311638
-35.5,50.5,13602255.0,0.0,0.028155414,-0.028155414387583733
-35.5,51.5,13602255.0,0.0,-0.00972704,0.00972704030573368
-35.5,52.5,13602255.0,0.0,-0.00972704,0.00972704030573368
-35.5,53.5,13602255.0,0.0,-0.008553589,0.008553588762879372
-35.5,54.5,13602255.0,0.0,-0.005539073,0.005539073143154383
-35.5,55.5,13602255.0,0.0,-0.017548645,0.01754864491522312
-35.5,56.5,13602255.0,0.0,-0.021606805,0.0216068048030138
-35.5,57.5,13602255.0,0.0,-0.021606805,0.0216068048030138
-35.5,58.5,13602255.0,0.0,-0.021606805,0.0216068048030138
-35.5,59.5,13602255.0,0.0,-0.021139054,0.021139053627848625
-35.5,60.5,13602255.0,0.0,-0.022101523,0.022101523354649544
-35.5,61.5,13602255.0,0.0,-0.022101523,0.022101523354649544
-35.5,62.5,13602255.0,0.0,-0.022101523,0.022101523354649544
-35.5,63.5,13602255.0,0.0,-0.022101523,0.022101523354649544
-35.5,64.5,13602255.0,0.0,-0.021520184,0.021520184352993965
-35.5,65.5,13602255.0,0.0,-0.021520184,0.021520184352993965
-35.5,66.5,13602255.0,0.0,-0.017692046,0.017692046239972115
-35.5,67.5,13602255.0,0.0,-0.016888497,0.01688849739730358
-35.5,68.5,13602255.0,0.0,-0.017607564,0.017607564106583595
-35.5,69.5,13602255.0,0.0,-0.021040432,0.021040432155132294
-35.5,70.5,13602255.0,0.0,-0.0020014856,0.0020014855545014143
-35.5,71.5,13602255.0,0.0,0.037324417,-0.037324417382478714
-35.5,72.5,13602255.0,0.0,-0.0058078817,0.005807881709188223
-35.5,73.5,13602255.0,0.0,-0.00056774373,0.0005677437293343246
-35.5,74.5,13602255.0,0.0,-0.0036456187,0.0036456186790019274
-35.5,75.5,13602255.0,0.0,-0.0058988812,0.005898881237953901
-35.5,76.5,13602255.0,0.0,-0.0029537068,0.0029537067748606205
-35.5,77.5,13602255.0,0.02702869,0.06407748,-0.03704879162746429
-35.5,78.5,13602255.0,0.018324256,0.094644204,-0.0763199477820816
-35.5,79.5,13602255.0,0.25656086,-0.003928665,0.26048952507172585
-35.5,80.5,13602255.0,0.3574783,0.029521663,0.32795663725810054
-35.5,81.5,13602255.0,0.003325636,0.12746102,-0.12413538017813111
-35.5,82.5,13602255.0,0.05617322,0.2472132,-0.1910399797346878
-35.5,83.5,13602255.0,0.33271787,0.012270073,0.32044779659360173
-35.5,84.5,13602255.0,0.019525997,-0.0035237034,0.0230497004317106
-35.5,85.5,13602255.0,0.0013521126,0.0048012636,-0.003449150967060232
-35.5,86.5,13602255.0,0.0,-0.010108015,0.010108014568686485
-35.5,87.5,13602255.0,0.0,0.028415998,-0.028415998443961143
-35.5,88.5,13602255.0,0.0,0.1400132,-0.1400132030248642
-35.5,89.5,13602255.0,0.0,0.016494865,-0.016494864597916603
-35.5,90.5,13602255.0,0.0,-0.11594377,0.11594376713037491
-35.5,91.5,13602255.0,0.0,-0.07761406,0.07761406153440475
-35.5,92.5,13602255.0,0.0,0.018105064,-0.01810506358742714
-35.5,93.5,13602255.0,0.0,0.042972773,-0.04297277331352234
-35.5,94.5,13602255.0,0.0,-0.079186685,0.07918668538331985
-35.5,95.5,13602255.0,0.0,0.055468775,-0.05546877533197403
-35.5,96.5,13602255.0,0.0,-0.017697517,0.017697516828775406
-35.5,97.5,13602255.0,0.0,-0.06225313,0.06225312873721123
-35.5,98.5,13602255.0,0.0,-0.009231752,0.009231751784682274
-35.5,99.5,13602255.0,0.0,0.056815077,-0.05681507661938667
-35.5,100.5,13602255.0,0.0,-0.029942522,0.029942521825432777
-35.5,101.5,13602255.0,0.0,-0.1067262,0.10672619938850403
-35.5,102.5,13602255.0,0.0,0.019087981,-0.019087981432676315
-35.5,103.5,13602255.0,0.0,-0.02211908,0.022119080647826195
-35.5,104.5,13602255.0,0.0,0.063716486,-0.06371648609638214
-35.5,105.5,13602255.0,0.0,-0.07110259,0.07110258936882019
-35.5,106.5,13602255.0,0.0,-0.03646514,0.03646513819694519
-35.5,107.5,13602255.0,0.0,-0.035098635,0.03509863466024399
-35.5,108.5,13602255.0,0.0,-0.066004284,0.06600428372621536
-35.5,109.5,13602255.0,0.0,0.019339317,-0.019339317455887794
-35.5,110.5,13602255.0,0.0,0.054876313,-0.054876312613487244
-35.5,111.5,13602255.0,0.0,0.04124243,-0.04124243184924126
-35.5,112.5,13602255.0,0.0,0.0139476005,-0.01394760049879551
-35.5,113.5,13602255.0,0.0,0.05936592,-0.05936592072248459
-35.5,114.5,13602255.0,0.0,-0.044203248,0.044203247874975204
-35.5,115.5,13602255.0,0.0,-0.043115083,0.04311508312821388
-35.5,116.5,13602255.0,0.0,0.009570741,-0.009570741094648838
-35.5,117.5,13602255.0,0.0,0.0741728,-0.07417280226945877
-35.5,118.5,13602255.0,0.0,-0.04588136,0.04588136076927185
-35.5,119.5,13602255.0,0.0,-0.011254176,0.011254175566136837
-35.5,120.5,13602255.0,0.0,-0.093400024,0.0934000238776207
-36.5,30.5,13602255.0,0.002197591,0.085482135,-0.08328454441507721
-36.5,31.5,13602255.0,0.0063247075,0.110469244,-0.10414453692052841
-36.5,32.5,13602255.0,0.0031328253,0.11244671,-0.10931388516733856
-36.5,33.5,13602255.0,0.0,0.17035516,-0.1703551560640335
-36.5,34.5,13602255.0,0.0,0.12120246,-0.12120246142148972
-36.5,35.5,13602255.0,0.0,0.058866955,-0.0588669553399086
-36.5,36.5,13602255.0,0.0,0.049427073,-0.04942707344889641
-36.5,37.5,13602255.0,0.0,0.015452681,-0.015452681109309196
-36.5,38.5,13602255.0,0.0,-0.010662319,0.010662319138646126
-36.5,39.5,13602255.0,0.0,-0.013262411,0.013262410648167133
-36.5,40.5,13602255.0,0.0,-0.007018431,0.007018431089818478
-36.5,41.5,13602255.0,0.0,-0.023933275,0.023933274671435356
-36.5,42.5,13602255.0,0.0,-0.023348173,0.02334817312657833
-36.5,43.5,13602255.0,0.0,-0.024504682,0.024504682049155235
-36.5,44.5,13602255.0,0.0,0.0283632,-0.028363199904561043
-36.5,45.5,13602255.0,0.0,0.072907336,-0.07290733605623245
-36.5,46.5,13602255.0,0.0,0.120548524,-0.12054852396249771
-36.5,47.5,13602255.0,0.0,0.1434718,-0.14347180724143982
-36.5,48.5,13602255.0,0.0,0.15793651,-0.15793651342391968
-36.5,49.5,13602255.0,0.0,0.024212375,-0.024212375283241272
-36.5,50.5,13602255.0,0.0,0.027540788,-0.027540788054466248
-36.5,51.5,13602255.0,0.0,-0.010341652,0.010341651737689972
-36.5,52.5,13602255.0,0.0,-0.010341652,0.010341651737689972
-36.5,53.5,13602255.0,0.0,-0.0091682,0.009168200194835663
-36.5,54.5,13602255.0,0.0,-0.006153688,0.006153687834739685
-36.5,55.5,13602255.0,0.0,-0.018163275,0.018163274973630905
-36.5,56.5,13602255.0,0.0,-0.018960394,0.018960393965244293
-36.5,57.5,13602255.0,0.0,-0.018960394,0.018960393965244293
-36.5,58.5,13602255.0,0.0,-0.018960394,0.018960393965244293
-36.5,59.5,13602255.0,0.0,-0.018492643,0.018492642790079117
-36.5,60.5,13602255.0,0.0,-0.019455113,0.019455112516880035
-36.5,61.5,13602255.0,0.0,-0.019455113,0.019455112516880035
-36.5,62.5,13602255.0,0.0,-0.019455113,0.019455112516880035
-36.5,63.5,13602255.0,0.0,-0.019455113,0.019455112516880035
-36.5,64.5,13602255.0,0.0,-0.018873774,0.018873773515224457
-36.5,65.5,13602255.0,0.0,-0.018873774,0.018873773515224457
-36.5,66.5,13602255.0,0.0,-0.015045624,0.01504562422633171
-36.5,67.5,13602255.0,0.0,-0.014242073,0.014242072589695454
-36.5,68.5,13602255.0,0.0,-0.014961142,0.014961142092943192
-36.5,69.5,13602255.0,0.0,-0.018394014,0.01839401386678219
-36.5,70.5,13602255.0,0.0,0.00064494985,-0.0006449498469009995
-36.5,71.5,13602255.0,0.0,0.039970845,-0.039970844984054565
-36.5,72.5,13602255.0,0.0,-0.0031614532,0.003161453176289797
-36.5,73.5,13602255.0,0.0,0.0020786829,-0.0020786828827112913
-36.5,74.5,13602255.0,0.0,-0.0009991926,0.0009991925908252597
-36.5,75.5,13602255.0,0.0,-0.0032524532,0.0032524531707167625
-36.5,76.5,13602255.0,0.0,-0.00030729134,0.0003072913386859
-36.5,77.5,13602255.0,0.0,0.116702214,-0.11670221388339996
-36.5,78.5,13602255.0,0.0,0.14726898,-0.14726898074150085
-36.5,79.5,13602255.0,0.2473835,0.048696104,0.1986873955628872
-36.5,80.5,13602255.0,1.1956724,0.26758286,0.9280895364307404
-36.5,81.5,13602255.0,0.7813788,0.3655223,0.4158565047634125
-36.5,82.5,13602255.0,0.45970583,0.48527443,-0.025568604089660663
-36.5,83.5,13602255.0,0.10742015,0.18793821,-0.08051806334838867
-36.5,84.5,13602255.0,0.07812071,0.12586328,-0.047742573872604374
-36.5,85.5,13602255.0,0.17491658,0.13418826,0.04072831539161681
-36.5,86.5,13602255.0,0.08636423,0.08449984,0.0018643865814018251
-36.5,87.5,13602255.0,0.00041941748,0.06538404,-0.06496462031268264
-36.5,88.5,13602255.0,0.0,0.17698126,-0.17698125541210175
-36.5,89.5,13602255.0,0.0,0.05346291,-0.053462911397218704
-36.5,90.5,13602255.0,0.0,-0.07897573,0.07897572964429855
-36.5,91.5,13602255.0,0.0,-0.040646054,0.04064605385065079
-36.5,92.5,13602255.0,0.0,0.055073127,-0.055073127150535583
-36.5,93.5,13602255.0,0.0,0.07994082,-0.07994081825017929
-36.5,94.5,13602255.0,0.0,-0.058576245,0.05857624486088753
-36.5,95.5,13602255.0,0.0,0.07607922,-0.07607921957969666
-36.5,96.5,13602255.0,0.0,0.002912878,-0.0029128780588507652
-36.5,97.5,13602255.0,0.0,-0.041642718,0.04164271801710129
-36.5,98.5,13602255.0,0.0,0.011378624,-0.01137862354516983
-36.5,99.5,13602255.0,0.0,0.07742555,-0.07742554694414139
-36.5,100.5,13602255.0,0.0,-0.009332107,0.00933210738003254
-36.5,101.5,13602255.0,0.0,-0.08611575,0.0861157476902008
-36.5,102.5,13602255.0,0.0,0.039874535,-0.03987453505396843
-36.5,103.5,13602255.0,0.0,-0.0013325994,0.0013325994368642569
-36.5,104.5,13602255.0,0.0,0.08450302,-0.08450301736593246
-36.5,105.5,13602255.0,0.0,-0.05031607,0.05031606927514076
-36.5,106.5,13602255.0,0.0,-0.015678631,0.015678631141781807
-36.5,107.5,13602255.0,0.0,-0.014312118,0.014312118291854858
-36.5,108.5,13602255.0,0.0,-0.04521782,0.04521781951189041
-36.5,109.5,13602255.0,0.0,0.03057578,-0.03057578019797802
-36.5,110.5,13602255.0,0.0,0.066112794,-0.06611279398202896
-36.5,111.5,13602255.0,0.0,0.05247894,-0.052478939294815063
-36.5,112.5,13602255.0,0.0,0.02518409,-0.025184089317917824
-36.5,113.5,13602255.0,0.0,0.07060237,-0.07060237228870392
-36.5,114.5,13602255.0,0.0,-0.032966714,0.03296671435236931
-36.5,115.5,13602255.0,0.0,-0.03187861,0.03187860921025276
-36.5,116.5,13602255.0,0.0,0.020807363,-0.020807363092899323
-36.5,117.5,13602255.0,0.0,0.08540931,-0.08540931344032288
-36.5,118.5,13602255.0,0.0,-0.034644913,0.03464491292834282
-36.5,119.5,13602255.0,0.0,-1.7698483e-05,1.769848313415423e-05
-36.5,120.5,13602255.0,0.0,-0.08216353,0.08216352760791779
-37.5,30.5,13602255.0,0.030234033,0.09410675,-0.06387271570014191
-37.5,31.5,13602255.0,0.010712198,0.119093835,-0.10838163735385131
-37.5,32.5,13602255.0,0.0038964718,0.12107123,-0.1171747550948555
-37.5,33.5,13602255.0,0.01026977,0.17897972,-0.1687099546456146
-37.5,34.5,13602255.0,0.00684944,0.13626069,-0.1294112483049011
-37.5,35.5,13602255.0,0.0029647069,0.07392522,-0.07096051257622299
-37.5,36.5,13602255.0,0.0,0.06448538,-0.06448537856340408
-37.5,37.5,13602255.0,0.0,0.030511014,-0.03051101416349411
-37.5,38.5,13602255.0,0.0,0.004395983,-0.0043959831818938255
-37.5,39.5,13602255.0,0.0,0.0017958945,-0.0017958944663405418
-37.5,40.5,13602255.0,0.0,0.0080398675,-0.008039867505431175
-37.5,41.5,13602255.0,0.0,-0.008874972,0.008874972350895405
-37.5,42.5,13602255.0,0.0,-0.008289871,0.00828987080603838
-37.5,43.5,13602255.0,0.0,-0.009446377,0.00944637693464756
-37.5,44.5,13602255.0,0.0,0.043421503,-0.04342150315642357
-37.5,45.5,13602255.0,0.0,0.08263846,-0.0826384574174881
-37.5,46.5,13602255.0,0.0,0.13027956,-0.1302795559167862
-37.5,47.5,13602255.0,0.0,0.15320285,-0.1532028466463089
-37.5,48.5,13602255.0,0.0,0.16766754,-0.16766753792762756
-37.5,49.5,13602255.0,0.0,0.040968567,-0.04096856713294983
-37.5,50.5,13602255.0,0.0,0.061577786,-0.06157778576016426
-37.5,51.5,13602255.0,0.0,0.023695346,-0.02369534596800804
-37.5,52.5,13602255.0,0.0,0.023695346,-0.02369534596800804
-37.5,53.5,13602255.0,0.0,0.024868794,-0.024868793785572052
-37.5,54.5,13602255.0,0.0,0.027883545,-0.02788354456424713
-37.5,55.5,13602255.0,0.0,0.015873957,-0.01587395742535591
-37.5,56.5,13602255.0,0.0,0.015076839,-0.015076839365065098
-37.5,57.5,13602255.0,0.0,0.015076839,-0.015076839365065098
-37.5,58.5,13602255.0,0.0,0.015076839,-0.015076839365065098
-37.5,59.5,13602255.0,0.0,0.015544589,-0.015544588677585125
-37.5,60.5,13602255.0,0.0,0.014582121,-0.014582120813429356
-37.5,61.5,13602255.0,0.0,0.014582121,-0.014582120813429356
-37.5,62.5,13602255.0,0.0,0.014582121,-0.014582120813429356
-37.5,63.5,13602255.0,0.0,0.014582121,-0.014582120813429356
-37.5,64.5,13602255.0,0.0,0.01516346,-0.015163459815084934
-37.5,65.5,13602255.0,0.0,0.01516346,-0.015163459815084934
-37.5,66.5,13602255.0,0.0,0.018991608,-0.018991608172655106
-37.5,67.5,13602255.0,0.0,0.01979516,-0.019795160740613937
-37.5,68.5,13602255.0,0.0,0.01907609,-0.019076090306043625
-37.5,69.5,13602255.0,0.0,0.015643217,-0.01564321666955948
-37.5,70.5,13602255.0,0.0,0.033666413,-0.03366641327738762
-37.5,71.5,13602255.0,0.0,0.07299235,-0.07299234718084335
-37.5,72.5,13602255.0,0.0,0.029860046,-0.02986004576086998
-37.5,73.5,13602255.0,0.0,0.035100184,-0.03510018438100815
-37.5,74.5,13602255.0,0.0,0.032236066,-0.032236065715551376
-37.5,75.5,13602255.0,0.0,0.029982809,-0.029982808977365494
-37.5,76.5,13602255.0,0.0,0.03292798,-0.0329279787838459
-37.5,77.5,13602255.0,0.0,0.15243411,-0.1524341106414795
-37.5,78.5,13602255.0,0.0,0.18399869,-0.1839986890554428
-37.5,79.5,13602255.0,0.049058788,0.08542584,-0.036367050828086854
-37.5,80.5,13602255.0,0.892693,0.3077214,0.5849715937786102
-37.5,81.5,13602255.0,2.9120255,0.633269,2.278756488025665
-37.5,82.5,13602255.0,2.0190551,0.7530208,1.2660342769981385
-37.5,83.5,13602255.0,0.25712198,0.45372507,-0.19660308976127622
-37.5,84.5,13602255.0,0.014293862,0.39165023,-0.3773563676924591
-37.5,85.5,13602255.0,0.17191604,0.29994524,-0.12802919525238038
-37.5,86.5,13602255.0,0.4487822,0.17907728,0.2697049174520493
-37.5,87.5,13602255.0,0.02697202,0.09927655,-0.07230453011415482
-37.5,88.5,13602255.0,0.0,0.21087375,-0.21087375283241272
-37.5,89.5,13602255.0,0.0,0.08735548,-0.08735547959804535
-37.5,90.5,13602255.0,0.0,-0.04508325,0.04508325085043907
-37.5,91.5,13602255.0,0.0,-0.0092735365,0.009273536503314972
-37.5,92.5,13602255.0,0.0,0.08394096,-0.08394096046686172
-37.5,93.5,13602255.0,0.0,0.10880866,-0.10880865901708603
-37.5,94.5,13602255.0,0.0,-0.029708434,0.029708433896303177
-37.5,95.5,13602255.0,0.0,0.1049471,-0.10494709759950638
-37.5,96.5,13602255.0,0.0,0.03178076,-0.03178076073527336
-37.5,97.5,13602255.0,0.0,-0.012774926,0.01277492567896843
-37.5,98.5,13602255.0,0.0,0.040246528,-0.04024652764201164
-37.5,99.5,13602255.0,0.0,0.10051213,-0.10051213204860687
-37.5,100.5,13602255.0,0.0,0.013754503,-0.01375450287014246
-37.5,101.5,13602255.0,0.0,-0.06590724,0.06590723991394043
-37.5,102.5,13602255.0,0.0,0.04718477,-0.047184769064188004
-37.5,103.5,13602255.0,0.0,0.0059776576,-0.005977657623589039
-37.5,104.5,13602255.0,0.0,0.094318,-0.09431800246238708
-37.5,105.5,13602255.0,0.0,-0.040501125,0.040501125156879425
-37.5,106.5,13602255.0,0.0,-0.005863704,0.005863703787326813
-37.5,107.5,13602255.0,0.0,-0.004497168,0.004497168119996786
-37.5,108.5,13602255.0,0.0,-0.035402805,0.0354028046131134
-37.5,109.5,13602255.0,0.0,0.041911233,-0.041911233216524124
-37.5,110.5,13602255.0,0.0,0.08127656,-0.0812765583395958
-37.5,111.5,13602255.0,0.0,0.06764264,-0.06764263659715652
-37.5,112.5,13602255.0,0.0,0.040347893,-0.04034789279103279
-37.5,113.5,13602255.0,0.0,0.08576623,-0.08576623350381851
-37.5,114.5,13602255.0,0.0,-0.017803028,0.017803028225898743
-37.5,115.5,13602255.0,0.0,-0.01671483,0.016714829951524734
-37.5,116.5,13602255.0,0.0,0.035971098,-0.03597109764814377
-37.5,117.5,13602255.0,0.0,0.10057291,-0.10057290643453598
-37.5,118.5,13602255.0,0.0,-0.01948117,0.019481170922517776
-37.5,119.5,13602255.0,0.0,0.0151460385,-0.015146038495004177
-37.5,120.5,13602255.0,0.0,-0.07379644,0.07379644364118576
-38.5,30.5,13602255.0,0.0150233805,0.120481215,-0.1054578349173851
-38.5,31.5,13602255.0,0.00626611,0.14546838,-0.1392022740274811
-38.5,32.5,13602255.0,0.07194069,0.14744577,-0.07550507811790466
-38.5,33.5,13602255.0,0.095714144,0.20535433,-0.10964018892388916
-38.5,34.5,13602255.0,0.104456194,0.16263527,-0.05817907278085327
-38.5,35.5,13602255.0,0.09594546,0.10029983,-0.004354367754497532
-38.5,36.5,13602255.0,0.024999265,0.09085991,-0.06586064733587266
-38.5,37.5,13602255.0,0.0,0.0568855,-0.0568854995071888
-38.5,38.5,13602255.0,0.0,0.028364824,-0.028364824131131172
-38.5,39.5,13602255.0,0.0,0.025764732,-0.02576473169028759
-38.5,40.5,13602255.0,0.0,0.03200871,-0.032008711248636246
-38.5,41.5,13602255.0,0.0,0.015093857,-0.015093857422471046
-38.5,42.5,13602255.0,0.0,0.015678963,-0.01567896269261837
-38.5,43.5,13602255.0,0.0,0.014522458,-0.014522458426654339
-38.5,44.5,13602255.0,0.0,0.067390315,-0.0673903152346611
-38.5,45.5,13602255.0,0.0,0.10660719,-0.10660719126462936
-38.5,46.5,13602255.0,0.0,0.1542484,-0.1542484015226364
-38.5,47.5,13602255.0,0.0,0.17717169,-0.17717169225215912
-38.5,48.5,13602255.0,0.0,0.19163638,-0.19163638353347778
-38.5,49.5,13602255.0,0.0,0.06134066,-0.061340659856796265
-38.5,50.5,13602255.0,0.0,0.076617755,-0.0766177549958229
-38.5,51.5,13602255.0,0.0,0.03873536,-0.03873535990715027
-38.5,52.5,13602255.0,0.0,0.03873536,-0.03873535990715027
-38.5,53.5,13602255.0,0.0,0.03990881,-0.03990881145000458
-38.5,54.5,13602255.0,0.0,0.04292357,-0.042923569679260254
-38.5,55.5,13602255.0,0.0,0.030913979,-0.030913978815078735
-38.5,56.5,13602255.0,0.0,0.030116864,-0.030116863548755646
-38.5,57.5,13602255.0,0.0,0.030116864,-0.030116863548755646
-38.5,58.5,13602255.0,0.0,0.030116864,-0.030116863548755646
-38.5,59.5,13602255.0,0.0,0.030584611,-0.030584610998630524
-38.5,60.5,13602255.0,0.0,0.029622143,-0.029622143134474754
-38.5,61.5,13602255.0,0.0,0.029622143,-0.029622143134474754
-38.5,62.5,13602255.0,0.0,0.029622143,-0.029622143134474754
-38.5,63.5,13602255.0,0.0,0.029622143,-0.029622143134474754
-38.5,64.5,13602255.0,0.0,0.030203484,-0.030203483998775482
-38.5,65.5,13602255.0,0.0,0.030203484,-0.030203483998775482
-38.5,66.5,13602255.0,0.0,0.03403163,-0.03403162956237793
-38.5,67.5,13602255.0,0.0,0.034835175,-0.034835174679756165
-38.5,68.5,13602255.0,0.0,0.034116108,-0.03411610797047615
-38.5,69.5,13602255.0,0.0,0.030683238,-0.030683238059282303
-38.5,70.5,13602255.0,0.0,0.03724299,-0.037242989987134933
-38.5,71.5,13602255.0,0.0,0.07922863,-0.07922863215208054
-38.5,72.5,13602255.0,0.0,0.037044782,-0.03704478219151497
-38.5,73.5,13602255.0,0.0,0.04228492,-0.04228492081165314
-38.5,74.5,13602255.0,0.0,0.039420817,-0.03942081704735756
-38.5,75.5,13602255.0,0.0,0.03716756,-0.03716756030917168
-38.5,76.5,13602255.0,0.0,0.038249575,-0.03824957460165024
-38.5,77.5,13602255.0,0.0,0.15334123,-0.15334123373031616
-38.5,78.5,13602255.0,0.0,0.18740074,-0.18740074336528778
-38.5,79.5,13602255.0,0.0,0.08882788,-0.08882787823677063
-38.5,80.5,13602255.0,0.115127,0.3135291,-0.19840210399436953
-38.5,81.5,13602255.0,2.7618825,0.8424666,1.9194159072113037
-38.5,82.5,13602255.0,3.2610414,1.035534,2.2255073757614134
-38.5,83.5,13602255.0,2.0123725,0.736238,1.2761344972229005
-38.5,84.5,13602255.0,0.1374408,0.674163,-0.5367221838943481
-38.5,85.5,13602255.0,0.10427839,0.41971105,-0.31543266337142944
-38.5,86.5,13602255.0,0.047898103,0.22331846,-0.1754203546034546
-38.5,87.5,13602255.0,0.014324213,0.14351779,-0.12919357922488403
-38.5,88.5,13602255.0,0.0,0.25511506,-0.2551150619983673
-38.5,89.5,13602255.0,0.0,0.13159667,-0.1315966695547104
-38.5,90.5,13602255.0,0.0,-0.006211246,0.006211245898157358
-38.5,91.5,13602255.0,0.0,0.029598424,-0.029598424211144447
-38.5,92.5,13602255.0,0.0,0.122812904,-0.1228129044175148
-38.5,93.5,13602255.0,0.0,0.1476806,-0.1476805955171585
-38.5,94.5,13602255.0,0.0,0.00916351,-0.0091635100543499
-38.5,95.5,13602255.0,0.0,0.12856443,-0.12856443226337433
-38.5,96.5,13602255.0,0.0,0.055398133,-0.055398132652044296
-38.5,97.5,13602255.0,0.0,0.010842492,-0.010842491872608662
-38.5,98.5,13602255.0,0.0,0.063863955,-0.06386395543813705
-38.5,99.5,13602255.0,0.0,0.12412945,-0.12412945181131363
-38.5,100.5,13602255.0,0.0,0.034946766,-0.03494676575064659
-38.5,101.5,13602255.0,0.0,-0.046028335,0.04602833464741707
-38.5,102.5,13602255.0,0.0,0.070429586,-0.07042958587408066
-38.5,103.5,13602255.0,0.0,0.03235226,-0.0323522612452507
-38.5,104.5,13602255.0,0.0,0.12069258,-0.12069258093833923
-38.5,105.5,13602255.0,0.0,-0.014126484,0.014126484282314777
-38.5,106.5,13602255.0,0.0,0.020510914,-0.02051091380417347
-38.5,107.5,13602255.0,0.0,0.021877382,-0.021877381950616837
-38.5,108.5,13602255.0,0.0,-0.009028255,0.009028255008161068
-38.5,109.5,13602255.0,0.0,0.06828572,-0.06828571856021881
-38.5,110.5,13602255.0,0.0,0.10765114,-0.10765113681554794
-38.5,111.5,13602255.0,0.0,0.094017275,-0.09401727467775345
-38.5,112.5,13602255.0,0.0,0.06672244,-0.06672243773937225
-38.5,113.5,13602255.0,0.0,0.11214092,-0.11214091628789902
-38.5,114.5,13602255.0,0.0,0.008571616,-0.008571616373956203
-38.5,115.5,13602255.0,0.0,0.009659742,-0.009659742005169392
-38.5,116.5,13602255.0,0.0,0.062345687,-0.06234568729996681
-38.5,117.5,13602255.0,0.0,0.12694748,-0.12694747745990753
-38.5,118.5,13602255.0,0.0,0.0045775836,-0.004577583633363247
-38.5,119.5,13602255.0,0.0,0.039204717,-0.03920471668243408
-38.5,120.5,13602255.0,0.0,-0.047421936,0.04742193594574928
-39.5,30.5,13602255.0,0.0109263165,0.1352151,-0.12428878712625122
-39.5,31.5,13602255.0,0.017368427,0.16020223,-0.14283380798344422
-39.5,32.5,13602255.0,0.04460338,0.16217965,-0.11757626887619019
-39.5,33.5,13602255.0,0.19334564,0.22008814,-0.0267424991763687
-39.5,34.5,13602255.0,0.36850145,0.18580374,0.18269770878334046
-39.5,35.5,13602255.0,0.26212582,0.11503359,0.1470922306965065
-39.5,36.5,13602255.0,0.103668936,0.1055937,-0.0019247676871910063
-39.5,37.5,13602255.0,0.005945455,0.07161933,-0.06567387683670044
-39.5,38.5,13602255.0,0.00021333333,0.043098614,-0.04288528028980438
-39.5,39.5,13602255.0,0.003846932,0.040498495,-0.036651563101928714
-39.5,40.5,13602255.0,0.017423492,0.0467425,-0.029319006874664308
-39.5,41.5,13602255.0,0.011227976,0.02982764,-0.01859966346056366
-39.5,42.5,13602255.0,0.0,0.030412741,-0.030412741005420685
-39.5,43.5,13602255.0,0.0,0.029256232,-0.02925623208284378
-39.5,44.5,13602255.0,0.0,0.08212409,-0.08212409168481827
-39.5,45.5,13602255.0,0.0,0.12134103,-0.1213410273194313
-39.5,46.5,13602255.0,0.0,0.16898227,-0.16898226737976074
-39.5,47.5,13602255.0,0.0,0.19190556,-0.19190555810928345
-39.5,48.5,13602255.0,0.0,0.20637025,-0.2063702493906021
-39.5,49.5,13602255.0,0.0,0.07607443,-0.07607442885637283
-39.5,50.5,13602255.0,0.0,0.0913515,-0.09135150164365768
-39.5,51.5,13602255.0,0.0,0.053469136,-0.053469136357307434
-39.5,52.5,13602255.0,0.0,0.053469136,-0.053469136357307434
-39.5,53.5,13602255.0,0.0,0.054642588,-0.05464258790016174
-39.5,54.5,13602255.0,0.0,0.057657354,-0.057657353579998016
-39.5,55.5,13602255.0,0.0,0.045647755,-0.0456477552652359
-39.5,56.5,13602255.0,0.0,0.04485064,-0.04485063999891281
-39.5,57.5,13602255.0,0.0,0.04485064,-0.04485063999891281
-39.5,58.5,13602255.0,0.0,0.04485064,-0.04485063999891281
-39.5,59.5,13602255.0,0.0,0.045318387,-0.04531838744878769
-39.5,60.5,13602255.0,0.0,0.044355914,-0.04435591399669647
-39.5,61.5,13602255.0,0.0,0.044355914,-0.04435591399669647
-39.5,62.5,13602255.0,0.0,0.044355914,-0.04435591399669647
-39.5,63.5,13602255.0,0.0,0.044355914,-0.04435591399669647
-39.5,64.5,13602255.0,0.0,0.044937253,-0.04493725299835205
-39.5,65.5,13602255.0,0.0,0.044937253,-0.04493725299835205
-39.5,66.5,13602255.0,0.0,0.048765406,-0.048765406012535095
-39.5,67.5,13602255.0,0.0,0.04956895,-0.04956895112991333
-39.5,68.5,13602255.0,0.0,0.04884988,-0.04884988069534302
-39.5,69.5,13602255.0,0.0,0.04541701,-0.04541701078414917
-39.5,70.5,13602255.0,0.0,0.051976785,-0.05197678506374359
-39.5,71.5,13602255.0,0.0,0.09396242,-0.0939624235033989
-39.5,72.5,13602255.0,0.00022978723,0.051778547,-0.05154876023580124
-39.5,73.5,13602255.0,0.024838101,0.057018697,-0.0321805962618103
-39.5,74.5,13602255.0,0.0056800013,0.054154605,-0.04847460337338562
-39.5,75.5,13602255.0,0.0,0.05190134,-0.05190134048461914
-39.5,76.5,13602255.0,0.0,0.052983366,-0.0529833659529686
-39.5,77.5,13602255.0,0.0,0.16807508,-0.1680750846862793
-39.5,78.5,13602255.0,0.0,0.20035501,-0.20035500824451447
-39.5,79.5,13602255.0,0.0,0.09627809,-0.09627808630466461
-39.5,80.5,13602255.0,0.02936542,0.3209793,-0.2916138771611023
-39.5,81.5,13602255.0,1.7579353,0.9089786,0.8489567185714721
-39.5,82.5,13602255.0,3.0451994,1.1020461,1.9431532679122925
-39.5,83.5,13602255.0,4.7616262,0.8027499,3.9588763277923587
-39.5,84.5,13602255.0,1.5838422,0.7406748,0.8431674062797547
-39.5,85.5,13602255.0,1.7444016,0.5899987,1.154402877923584
-39.5,86.5,13602255.0,0.21297678,0.25133833,-0.03836155289146423
-39.5,87.5,13602255.0,0.0026681204,0.16623905,-0.16357093261094055
-39.5,88.5,13602255.0,0.0,0.26474026,-0.2647402584552765
-39.5,89.5,13602255.0,0.0,0.14122203,-0.1412220299243927
-39.5,90.5,13602255.0,0.0,0.0034141028,-0.003414102829992771
-39.5,91.5,13602255.0,0.0,0.039223775,-0.03922377526760101
-39.5,92.5,13602255.0,0.0,0.13243824,-0.13243824243545532
-39.5,93.5,13602255.0,0.0,0.15730597,-0.15730597078800201
-39.5,94.5,13602255.0,0.0,0.018788837,-0.018788836896419525
-39.5,95.5,13602255.0,0.0,0.13818987,-0.1381898671388626
-39.5,96.5,13602255.0,0.0,0.06502348,-0.06502348184585571
-39.5,97.5,13602255.0,0.0,0.02046787,-0.02046786993741989
-39.5,98.5,13602255.0,0.0,0.07348929,-0.07348929345607758
-39.5,99.5,13602255.0,0.0,0.13375483,-0.13375483453273773
-39.5,100.5,13602255.0,0.0,0.050780043,-0.0507800430059433
-39.5,101.5,13602255.0,0.0,-0.030195095,0.030195094645023346
-39.5,102.5,13602255.0,0.0,0.08391551,-0.08391550928354263
-39.5,103.5,13602255.0,0.0,0.04583821,-0.045838210731744766
-39.5,104.5,13602255.0,0.0,0.1354264,-0.13542640209197998
-39.5,105.5,13602255.0,0.0,0.00060729973,-0.0006072997348383069
-39.5,106.5,13602255.0,0.0,0.03524473,-0.03524472936987877
-39.5,107.5,13602255.0,0.0,0.03661119,-0.03661118820309639
-39.5,108.5,13602255.0,0.0,0.0057055247,-0.005705524701625109
-39.5,109.5,13602255.0,0.0,0.08301951,-0.08301950991153717
-39.5,110.5,13602255.0,0.0,0.122384936,-0.1223849356174469
-39.5,111.5,13602255.0,0.0,0.10875103,-0.10875102877616882
-39.5,112.5,13602255.0,0.0,0.081456184,-0.08145618438720703
-39.5,113.5,13602255.0,0.0,0.12687467,-0.1268746703863144
-39.5,114.5,13602255.0,0.0,0.023305317,-0.023305317386984825
-39.5,115.5,13602255.0,0.0,0.024393471,-0.024393470957875252
-39.5,116.5,13602255.0,0.0,0.07707946,-0.07707946002483368
-39.5,117.5,13602255.0,0.0,0.14168121,-0.14168120920658112
-39.5,118.5,13602255.0,0.0,0.01931127,-0.019311269745230675
-39.5,119.5,13602255.0,0.0,0.053938452,-0.053938452154397964
-39.5,120.5,13602255.0,0.0,-0.039065044,0.03906504437327385
