latitude,longitude,time,GPI
40.5,30.5,13602255.0,0.0
40.5,31.5,13602255.0,0.0
40.5,32.5,13602255.0,0.0
40.5,33.5,13602255.0,0.0
40.5,34.5,13602255.0,0.0
40.5,35.5,13602255.0,0.0
40.5,36.5,13602255.0,0.0
40.5,37.5,13602255.0,0.0
40.5,38.5,13602255.0,0.0
40.5,39.5,13602255.0,0.0
40.5,40.5,13602255.0,0.0
40.5,41.5,13602255.0,0.0
40.5,42.5,13602255.0,0.0
40.5,43.5,13602255.0,0.0
40.5,44.5,13602255.0,0.0
40.5,45.5,13602255.0,0.0
40.5,46.5,13602255.0,0.0
40.5,47.5,13602255.0,0.0
40.5,48.5,13602255.0,0.0
40.5,49.5,13602255.0,0.0
40.5,50.5,13602255.0,0.0
40.5,51.5,13602255.0,0.0
40.5,52.5,13602255.0,0.0
40.5,53.5,13602255.0,0.0
40.5,54.5,13602255.0,0.0
40.5,55.5,13602255.0,0.0
40.5,56.5,13602255.0,0.0
40.5,57.5,13602255.0,0.0
40.5,58.5,13602255.0,0.0
40.5,59.5,13602255.0,0.0
40.5,60.5,13602255.0,0.0
40.5,61.5,13602255.0,0.0
40.5,62.5,13602255.0,0.0
40.5,63.5,13602255.0,0.0
40.5,64.5,13602255.0,0.0
40.5,65.5,13602255.0,0.0
40.5,66.5,13602255.0,0.0
40.5,67.5,13602255.0,0.0
40.5,68.5,13602255.0,0.0
40.5,69.5,13602255.0,0.0
40.5,70.5,13602255.0,0.0
40.5,71.5,13602255.0,0.0
40.5,72.5,13602255.0,0.0
40.5,73.5,13602255.0,0.0
40.5,74.5,13602255.0,0.0
40.5,75.5,13602255.0,0.0
40.5,76.5,13602255.0,0.0
40.5,77.5,13602255.0,0.0
40.5,78.5,13602255.0,0.0
40.5,79.5,13602255.0,0.0
40.5,80.5,13602255.0,0.0
40.5,81.5,13602255.0,0.0
40.5,82.5,13602255.0,0.0
40.5,83.5,13602255.0,0.0
40.5,84.5,13602255.0,0.0
40.5,85.5,13602255.0,0.0
40.5,86.5,13602255.0,0.0
40.5,87.5,13602255.0,0.0
40.5,88.5,13602255.0,0.0
40.5,89.5,13602255.0,0.0
40.5,90.5,13602255.0,0.0
40.5,91.5,13602255.0,0.0
40.5,92.5,13602255.0,0.0
40.5,93.5,13602255.0,0.0
40.5,94.5,13602255.0,0.0
40.5,95.5,13602255.0,0.0
40.5,96.5,13602255.0,0.0
40.5,97.5,13602255.0,0.0
40.5,98.5,13602255.0,0.0
40.5,99.5,13602255.0,0.0
40.5,100.5,13602255.0,0.0
40.5,101.5,13602255.0,0.0
40.5,102.5,13602255.0,0.0
40.5,103.5,13602255.0,0.0
40.5,104.5,13602255.0,0.0
40.5,105.5,13602255.0,0.0
40.5,106.5,13602255.0,0.0
40.5,107.5,13602255.0,0.0
40.5,108.5,13602255.0,0.0
40.5,109.5,13602255.0,0.0
40.5,110.5,13602255.0,0.0
40.5,111.5,13602255.0,0.0
40.5,112.5,13602255.0,0.0
40.5,113.5,13602255.0,0.0
40.5,114.5,13602255.0,0.0
40.5,115.5,13602255.0,0.0
40.5,116.5,13602255.0,0.0
40.5,117.5,13602255.0,0.0
40.5,118.5,13602255.0,0.0
40.5,119.5,13602255.0,0.0
40.5,120.5,13602255.0,0.0
39.5,30.5,13602255.0,0.0
39.5,31.5,13602255.0,0.0
39.5,32.5,13602255.0,0.013972885
39.5,33.5,13602255.0,0.48303258
39.5,34.5,13602255.0,0.9210214
39.5,35.5,13602255.0,0.50686854
39.5,36.5,13602255.0,0.06355861
39.5,37.5,13602255.0,0.00927273
39.5,38.5,13602255.0,0.037920006
39.5,39.5,13602255.0,0.11665547
39.5,40.5,13602255.0,0.072512396
39.5,41.5,13602255.0,0.0
39.5,42.5,13602255.0,0.0
39.5,43.5,13602255.0,0.0
39.5,44.5,13602255.0,0.0
39.5,45.5,13602255.0,0.0
39.5,46.5,13602255.0,0.0
39.5,47.5,13602255.0,0.0
39.5,48.5,13602255.0,0.0
39.5,49.5,13602255.0,0.0
39.5,50.5,13602255.0,0.0
39.5,51.5,13602255.0,0.0
39.5,52.5,13602255.0,0.0
39.5,53.5,13602255.0,0.0
39.5,54.5,13602255.0,0.0
39.5,55.5,13602255.0,0.0
39.5,56.5,13602255.0,0.0
39.5,57.5,13602255.0,0.0
39.5,58.5,13602255.0,0.0
39.5,59.5,13602255.0,0.0
39.5,60.5,13602255.0,0.0
39.5,61.5,13602255.0,0.0
39.5,62.5,13602255.0,0.0
39.5,63.5,13602255.0,0.0
39.5,64.5,13602255.0,0.0
39.5,65.5,13602255.0,0.0
39.5,66.5,13602255.0,0.0
39.5,67.5,13602255.0,0.0
39.5,68.5,13602255.0,0.0
39.5,69.5,13602255.0,0.0
39.5,70.5,13602255.0,0.0
39.5,71.5,13602255.0,0.0
39.5,72.5,13602255.0,0.0
39.5,73.5,13602255.0,0.0
39.5,74.5,13602255.0,0.020680007
39.5,75.5,13602255.0,0.03726376
39.5,76.5,13602255.0,0.014282613
39.5,77.5,13602255.0,0.0023740546
39.5,78.5,13602255.0,0.00034745308
39.5,79.5,13602255.0,0.0
39.5,80.5,13602255.0,0.0
39.5,81.5,13602255.0,0.0
39.5,82.5,13602255.0,0.0
39.5,83.5,13602255.0,0.0
39.5,84.5,13602255.0,0.0
39.5,85.5,13602255.0,0.0
39.5,86.5,13602255.0,0.0
39.5,87.5,13602255.0,0.0
39.5,88.5,13602255.0,0.0
39.5,89.5,13602255.0,0.0
39.5,90.5,13602255.0,0.0
39.5,91.5,13602255.0,0.0
39.5,92.5,13602255.0,0.0
39.5,93.5,13602255.0,0.0
39.5,94.5,13602255.0,0.0
39.5,95.5,13602255.0,0.0
39.5,96.5,13602255.0,0.0
39.5,97.5,13602255.0,0.0
39.5,98.5,13602255.0,0.0
39.5,99.5,13602255.0,4.5e-05
39.5,100.5,13602255.0,0.0065164575
39.5,101.5,13602255.0,0.003518972
39.5,102.5,13602255.0,0.0
39.5,103.5,13602255.0,0.003706931
39.5,104.5,13602255.0,0.09347879
39.5,105.5,13602255.0,0.10511015
39.5,106.5,13602255.0,0.008660142
39.5,107.5,13602255.0,0.0
39.5,108.5,13602255.0,0.0
39.5,109.5,13602255.0,0.0
39.5,110.5,13602255.0,0.0
39.5,111.5,13602255.0,0.0
39.5,112.5,13602255.0,0.0
39.5,113.5,13602255.0,0.0
39.5,114.5,13602255.0,0.0
39.5,115.5,13602255.0,0.0
39.5,116.5,13602255.0,0.0
39.5,117.5,13602255.0,0.0
39.5,118.5,13602255.0,0.0
39.5,119.5,13602255.0,0.0
39.5,120.5,13602255.0,0.0
38.5,30.5,13602255.0,0.0
38.5,31.5,13602255.0,0.040910456
38.5,32.5,13602255.0,0.27407402
38.5,33.5,13602255.0,0.52834284
38.5,34.5,13602255.0,1.8010126
38.5,35.5,13602255.0,2.9516184
38.5,36.5,13602255.0,2.597621
38.5,37.5,13602255.0,0.8977585
38.5,38.5,13602255.0,0.06479999
38.5,39.5,13602255.0,0.0062216045
38.5,40.5,13602255.0,0.0
38.5,41.5,13602255.0,0.0
38.5,42.5,13602255.0,0.0
38.5,43.5,13602255.0,0.0
38.5,44.5,13602255.0,0.0
38.5,45.5,13602255.0,0.0
38.5,46.5,13602255.0,0.0
38.5,47.5,13602255.0,0.0
38.5,48.5,13602255.0,0.0
38.5,49.5,13602255.0,0.0
38.5,50.5,13602255.0,0.0
38.5,51.5,13602255.0,0.0
38.5,52.5,13602255.0,0.0
38.5,53.5,13602255.0,0.0
38.5,54.5,13602255.0,0.0
38.5,55.5,13602255.0,0.0
38.5,56.5,13602255.0,0.0
38.5,57.5,13602255.0,0.0
38.5,58.5,13602255.0,0.0
38.5,59.5,13602255.0,0.0
38.5,60.5,13602255.0,0.0
38.5,61.5,13602255.0,0.0
38.5,62.5,13602255.0,0.0
38.5,63.5,13602255.0,0.0
38.5,64.5,13602255.0,0.0
38.5,65.5,13602255.0,0.0
38.5,66.5,13602255.0,0.0
38.5,67.5,13602255.0,0.0
38.5,68.5,13602255.0,0.0
38.5,69.5,13602255.0,0.0
38.5,70.5,13602255.0,0.0
38.5,71.5,13602255.0,0.0
38.5,72.5,13602255.0,0.0
38.5,73.5,13602255.0,0.0
38.5,74.5,13602255.0,0.0
38.5,75.5,13602255.0,0.0
38.5,76.5,13602255.0,0.0
38.5,77.5,13602255.0,0.0
38.5,78.5,13602255.0,0.0
38.5,79.5,13602255.0,0.0
38.5,80.5,13602255.0,0.014837473
38.5,81.5,13602255.0,0.0062030787
38.5,82.5,13602255.0,0.0
38.5,83.5,13602255.0,0.0
38.5,84.5,13602255.0,0.0
38.5,85.5,13602255.0,0.0
38.5,86.5,13602255.0,0.0
38.5,87.5,13602255.0,0.0
38.5,88.5,13602255.0,0.0
38.5,89.5,13602255.0,0.0
38.5,90.5,13602255.0,0.0
38.5,91.5,13602255.0,0.0
38.5,92.5,13602255.0,0.0
38.5,93.5,13602255.0,0.0
38.5,94.5,13602255.0,0.0
38.5,95.5,13602255.0,0.0
38.5,96.5,13602255.0,0.0
38.5,97.5,13602255.0,0.0
38.5,98.5,13602255.0,0.0
38.5,99.5,13602255.0,0.0034594603
38.5,100.5,13602255.0,0.016450914
38.5,101.5,13602255.0,0.023762237
38.5,102.5,13602255.0,0.061874926
38.5,103.5,13602255.0,0.60715365
38.5,104.5,13602255.0,1.3879634
38.5,105.5,13602255.0,0.7319066
38.5,106.5,13602255.0,0.05755093
38.5,107.5,13602255.0,0.0
38.5,108.5,13602255.0,0.0
38.5,109.5,13602255.0,0.0
38.5,110.5,13602255.0,0.0
38.5,111.5,13602255.0,0.0
38.5,112.5,13602255.0,0.0
38.5,113.5,13602255.0,0.0
38.5,114.5,13602255.0,0.0
38.5,115.5,13602255.0,0.0
38.5,116.5,13602255.0,0.0
38.5,117.5,13602255.0,0.0
38.5,118.5,13602255.0,0.0
38.5,119.5,13602255.0,0.0
38.5,120.5,13602255.0,0.0
37.5,30.5,13602255.0,0.0
37.5,31.5,13602255.0,0.0062048794
37.5,32.5,13602255.0,0.6966772
37.5,33.5,13602255.0,1.5785296
37.5,34.5,13602255.0,1.6046566
37.5,35.5,13602255.0,1.5575291
37.5,36.5,13602255.0,1.9941678
37.5,37.5,13602255.0,1.9421309
37.5,38.5,13602255.0,0.5374514
37.5,39.5,13602255.0,0.039962377
37.5,40.5,13602255.0,0.0
37.5,41.5,13602255.0,0.0
37.5,42.5,13602255.0,0.0
37.5,43.5,13602255.0,0.0
37.5,44.5,13602255.0,0.0
37.5,45.5,13602255.0,0.0
37.5,46.5,13602255.0,0.0
37.5,47.5,13602255.0,0.0
37.5,48.5,13602255.0,0.0
37.5,49.5,13602255.0,0.0
37.5,50.5,13602255.0,0.0
37.5,51.5,13602255.0,0.0
37.5,52.5,13602255.0,0.0
37.5,53.5,13602255.0,0.0
37.5,54.5,13602255.0,0.0
37.5,55.5,13602255.0,0.0
37.5,56.5,13602255.0,0.0
37.5,57.5,13602255.0,0.0
37.5,58.5,13602255.0,0.0
37.5,59.5,13602255.0,0.0
37.5,60.5,13602255.0,0.0
37.5,61.5,13602255.0,0.0
37.5,62.5,13602255.0,0.0
37.5,63.5,13602255.0,0.0
37.5,64.5,13602255.0,0.0
37.5,65.5,13602255.0,0.0
37.5,66.5,13602255.0,0.0
37.5,67.5,13602255.0,0.0
37.5,68.5,13602255.0,0.0
37.5,69.5,13602255.0,0.0
37.5,70.5,13602255.0,0.0
37.5,71.5,13602255.0,0.0
37.5,72.5,13602255.0,0.0
37.5,73.5,13602255.0,0.0
37.5,74.5,13602255.0,0.0
37.5,75.5,13602255.0,0.0
37.5,76.5,13602255.0,0.0
37.5,77.5,13602255.0,0.0
37.5,78.5,13602255.0,0.0
37.5,79.5,13602255.0,0.0
37.5,80.5,13602255.0,0.03770571
37.5,81.5,13602255.0,0.0197015
37.5,82.5,13602255.0,0.0
37.5,83.5,13602255.0,0.0
37.5,84.5,13602255.0,0.0
37.5,85.5,13602255.0,0.0
37.5,86.5,13602255.0,0.0
37.5,87.5,13602255.0,0.0
37.5,88.5,13602255.0,0.0
37.5,89.5,13602255.0,0.0
37.5,90.5,13602255.0,0.0
37.5,91.5,13602255.0,0.0
37.5,92.5,13602255.0,0.0
37.5,93.5,13602255.0,0.0
37.5,94.5,13602255.0,0.0
37.5,95.5,13602255.0,0.0
37.5,96.5,13602255.0,0.0
37.5,97.5,13602255.0,0.0
37.5,98.5,13602255.0,0.0
37.5,99.5,13602255.0,0.0
37.5,100.5,13602255.0,0.0038541188
37.5,101.5,13602255.0,0.034114268
37.5,102.5,13602255.0,0.15844338
37.5,103.5,13602255.0,0.8231847
37.5,104.5,13602255.0,0.81319535
37.5,105.5,13602255.0,0.20283826
37.5,106.5,13602255.0,0.0024077175
37.5,107.5,13602255.0,0.0043973164
37.5,108.5,13602255.0,0.001304698
37.5,109.5,13602255.0,0.0
37.5,110.5,13602255.0,0.0
37.5,111.5,13602255.0,0.0
37.5,112.5,13602255.0,0.0
37.5,113.5,13602255.0,0.0
37.5,114.5,13602255.0,0.0
37.5,115.5,13602255.0,0.0
37.5,116.5,13602255.0,0.0
37.5,117.5,13602255.0,0.0
37.5,118.5,13602255.0,0.0
37.5,119.5,13602255.0,0.0
37.5,120.5,13602255.0,0.0
36.5,30.5,13602255.0,0.0
36.5,31.5,13602255.0,0.0012423529
36.5,32.5,13602255.0,0.10442754
36.5,33.5,13602255.0,0.55074525
36.5,34.5,13602255.0,1.1630486
36.5,35.5,13602255.0,0.97110975
36.5,36.5,13602255.0,0.41084945
36.5,37.5,13602255.0,0.19154437
36.5,38.5,13602255.0,0.04790394
36.5,39.5,13602255.0,0.0077574216
36.5,40.5,13602255.0,0.0
36.5,41.5,13602255.0,0.0
36.5,42.5,13602255.0,0.0
36.5,43.5,13602255.0,0.0
36.5,44.5,13602255.0,0.0
36.5,45.5,13602255.0,0.0
36.5,46.5,13602255.0,0.0
36.5,47.5,13602255.0,0.0
36.5,48.5,13602255.0,0.0
36.5,49.5,13602255.0,0.0
36.5,50.5,13602255.0,0.0
36.5,51.5,13602255.0,0.0
36.5,52.5,13602255.0,0.0
36.5,53.5,13602255.0,0.0
36.5,54.5,13602255.0,0.0
36.5,55.5,13602255.0,0.0
36.5,56.5,13602255.0,0.0
36.5,57.5,13602255.0,0.0
36.5,58.5,13602255.0,0.0
36.5,59.5,13602255.0,0.0
36.5,60.5,13602255.0,0.0
36.5,61.5,13602255.0,0.0
36.5,62.5,13602255.0,0.0
36.5,63.5,13602255.0,0.0
36.5,64.5,13602255.0,0.0
36.5,65.5,13602255.0,0.0
36.5,66.5,13602255.0,0.0
36.5,67.5,13602255.0,0.0
36.5,68.5,13602255.0,0.0
36.5,69.5,13602255.0,0.0
36.5,70.5,13602255.0,0.0
36.5,71.5,13602255.0,0.0
36.5,72.5,13602255.0,0.0
36.5,73.5,13602255.0,0.0
36.5,74.5,13602255.0,0.0
36.5,75.5,13602255.0,0.0
36.5,76.5,13602255.0,0.0
36.5,77.5,13602255.0,0.0
36.5,78.5,13602255.0,0.0
36.5,79.5,13602255.0,0.0
36.5,80.5,13602255.0,0.006980798
36.5,81.5,13602255.0,0.0040170224
36.5,82.5,13602255.0,0.0
36.5,83.5,13602255.0,0.0
36.5,84.5,13602255.0,0.0
36.5,85.5,13602255.0,0.0
36.5,86.5,13602255.0,0.0
36.5,87.5,13602255.0,0.0
36.5,88.5,13602255.0,0.0
36.5,89.5,13602255.0,0.0
36.5,90.5,13602255.0,0.0
36.5,91.5,13602255.0,0.0
36.5,92.5,13602255.0,0.0
36.5,93.5,13602255.0,0.0
36.5,94.5,13602255.0,0.0
36.5,95.5,13602255.0,0.0
36.5,96.5,13602255.0,0.0002731707
36.5,97.5,13602255.0,0.010515534
36.5,98.5,13602255.0,0.0352442
36.5,99.5,13602255.0,0.015122009
36.5,100.5,13602255.0,0.001390909
36.5,101.5,13602255.0,0.061749835
36.5,102.5,13602255.0,0.30382726
36.5,103.5,13602255.0,1.2474107
36.5,104.5,13602255.0,0.7522808
36.5,105.5,13602255.0,0.06677169
36.5,106.5,13602255.0,1.2373201
36.5,107.5,13602255.0,1.2396924
36.5,108.5,13602255.0,0.04529029
36.5,109.5,13602255.0,0.009408003
36.5,110.5,13602255.0,0.010641359
36.5,111.5,13602255.0,0.0
36.5,112.5,13602255.0,0.0
36.5,113.5,13602255.0,0.0
36.5,114.5,13602255.0,0.0
36.5,115.5,13602255.0,0.0
36.5,116.5,13602255.0,0.0
36.5,117.5,13602255.0,0.0
36.5,118.5,13602255.0,0.0
36.5,119.5,13602255.0,0.0
36.5,120.5,13602255.0,0.0
35.5,30.5,13602255.0,0.0
35.5,31.5,13602255.0,0.0
35.5,32.5,13602255.0,0.0066705896
35.5,33.5,13602255.0,0.088167414
35.5,34.5,13602255.0,0.16357176
35.5,35.5,13602255.0,0.12639448
35.5,36.5,13602255.0,0.021409279
35.5,37.5,13602255.0,0.0020227428
35.5,38.5,13602255.0,0.0
35.5,39.5,13602255.0,0.0
35.5,40.5,13602255.0,0.0
35.5,41.5,13602255.0,0.0
35.5,42.5,13602255.0,0.0
35.5,43.5,13602255.0,0.0
35.5,44.5,13602255.0,0.0
35.5,45.5,13602255.0,0.0
35.5,46.5,13602255.0,0.0
35.5,47.5,13602255.0,0.0
35.5,48.5,13602255.0,0.0
35.5,49.5,13602255.0,0.0
35.5,50.5,13602255.0,0.0
35.5,51.5,13602255.0,0.0
35.5,52.5,13602255.0,0.0
35.5,53.5,13602255.0,0.0
35.5,54.5,13602255.0,0.0
35.5,55.5,13602255.0,0.0
35.5,56.5,13602255.0,0.0
35.5,57.5,13602255.0,0.0
35.5,58.5,13602255.0,0.0
35.5,59.5,13602255.0,0.0
35.5,60.5,13602255.0,0.0
35.5,61.5,13602255.0,0.0
35.5,62.5,13602255.0,0.0
35.5,63.5,13602255.0,0.0
35.5,64.5,13602255.0,0.0
35.5,65.5,13602255.0,0.0
35.5,66.5,13602255.0,0.0
35.5,67.5,13602255.0,0.0
35.5,68.5,13602255.0,0.0
35.5,69.5,13602255.0,0.0
35.5,70.5,13602255.0,0.0
35.5,71.5,13602255.0,0.0
35.5,72.5,13602255.0,0.0
35.5,73.5,13602255.0,0.0
35.5,74.5,13602255.0,0.0
35.5,75.5,13602255.0,0.0
35.5,76.5,13602255.0,0.0
35.5,77.5,13602255.0,0.0
35.5,78.5,13602255.0,0.0
35.5,79.5,13602255.0,0.0
35.5,80.5,13602255.0,0.0
35.5,81.5,13602255.0,0.0
35.5,82.5,13602255.0,0.0
35.5,83.5,13602255.0,0.0
35.5,84.5,13602255.0,0.0
35.5,85.5,13602255.0,0.0
35.5,86.5,13602255.0,0.0
35.5,87.5,13602255.0,0.0
35.5,88.5,13602255.0,0.0
35.5,89.5,13602255.0,0.0
35.5,90.5,13602255.0,0.0
35.5,91.5,13602255.0,0.0
35.5,92.5,13602255.0,0.0
35.5,93.5,13602255.0,0.0
35.5,94.5,13602255.0,0.0
35.5,95.5,13602255.0,0.06944567
35.5,96.5,13602255.0,0.41680637
35.5,97.5,13602255.0,0.7657631
35.5,98.5,13602255.0,0.9069306
35.5,99.5,13602255.0,0.61756516
35.5,100.5,13602255.0,0.16423906
35.5,101.5,13602255.0,0.016692743
35.5,102.5,13602255.0,0.03140337
35.5,103.5,13602255.0,0.16788974
35.5,104.5,13602255.0,0.0508856
35.5,105.5,13602255.0,0.3144426
35.5,106.5,13602255.0,2.2913022
35.5,107.5,13602255.0,1.4839967
35.5,108.5,13602255.0,0.07573491
35.5,109.5,13602255.0,0.26357022
35.5,110.5,13602255.0,0.12666203
35.5,111.5,13602255.0,0.0016688744
35.5,112.5,13602255.0,0.0
35.5,113.5,13602255.0,0.0
35.5,114.5,13602255.0,0.0
35.5,115.5,13602255.0,0.0
35.5,116.5,13602255.0,0.0
35.5,117.5,13602255.0,0.0
35.5,118.5,13602255.0,0.0
35.5,119.5,13602255.0,0.0
35.5,120.5,13602255.0,0.0
34.5,30.5,13602255.0,0.0
34.5,31.5,13602255.0,0.0
34.5,32.5,13602255.0,0.0
34.5,33.5,13602255.0,0.006271779
34.5,34.5,13602255.0,0.010691642
34.5,35.5,13602255.0,0.00122449
34.5,36.5,13602255.0,0.0
34.5,37.5,13602255.0,0.0
34.5,38.5,13602255.0,0.0
34.5,39.5,13602255.0,0.0
34.5,40.5,13602255.0,0.0
34.5,41.5,13602255.0,0.0
34.5,42.5,13602255.0,0.0
34.5,43.5,13602255.0,0.0
34.5,44.5,13602255.0,0.0
34.5,45.5,13602255.0,0.0
34.5,46.5,13602255.0,0.0
34.5,47.5,13602255.0,0.0
34.5,48.5,13602255.0,0.0
34.5,49.5,13602255.0,0.0
34.5,50.5,13602255.0,0.0
34.5,51.5,13602255.0,0.0
34.5,52.5,13602255.0,0.0
34.5,53.5,13602255.0,0.0
34.5,54.5,13602255.0,0.0
34.5,55.5,13602255.0,0.0
34.5,56.5,13602255.0,0.0
34.5,57.5,13602255.0,0.0
34.5,58.5,13602255.0,0.0
34.5,59.5,13602255.0,0.0
34.5,60.5,13602255.0,0.0
34.5,61.5,13602255.0,0.0
34.5,62.5,13602255.0,0.0
34.5,63.5,13602255.0,0.0
34.5,64.5,13602255.0,0.0
34.5,65.5,13602255.0,0.0
34.5,66.5,13602255.0,0.0
34.5,67.5,13602255.0,0.0
34.5,68.5,13602255.0,0.0
34.5,69.5,13602255.0,0.0
34.5,70.5,13602255.0,0.0
34.5,71.5,13602255.0,0.0
34.5,72.5,13602255.0,0.0
34.5,73.5,13602255.0,0.0
34.5,74.5,13602255.0,0.0
34.5,75.5,13602255.0,0.0
34.5,76.5,13602255.0,0.0
34.5,77.5,13602255.0,0.0
34.5,78.5,13602255.0,0.0
34.5,79.5,13602255.0,0.0
34.5,80.5,13602255.0,0.0
34.5,81.5,13602255.0,0.0
34.5,82.5,13602255.0,0.0
34.5,83.5,13602255.0,0.0
34.5,84.5,13602255.0,0.0
34.5,85.5,13602255.0,0.0
34.5,86.5,13602255.0,0.0
34.5,87.5,13602255.0,0.0
34.5,88.5,13602255.0,0.0
34.5,89.5,13602255.0,0.0
34.5,90.5,13602255.0,0.0
34.5,91.5,13602255.0,0.0
34.5,92.5,13602255.0,0.0
34.5,93.5,13602255.0,0.0
34.5,94.5,13602255.0,0.0007111112
34.5,95.5,13602255.0,0.06715233
34.5,96.5,13602255.0,0.29491034
34.5,97.5,13602255.0,0.6653233
34.5,98.5,13602255.0,0.5895074
34.5,99.5,13602255.0,0.40101355
34.5,100.5,13602255.0,0.08048618
34.5,101.5,13602255.0,0.0013935486
34.5,102.5,13602255.0,0.0
34.5,103.5,13602255.0,0.0
34.5,104.5,13602255.0,0.0005662922
34.5,105.5,13602255.0,0.05292405
34.5,106.5,13602255.0,0.4552518
34.5,107.5,13602255.0,0.21331884
34.5,108.5,13602255.0,0.07902431
34.5,109.5,13602255.0,0.13040727
34.5,110.5,13602255.0,0.016700324
34.5,111.5,13602255.0,0.0
34.5,112.5,13602255.0,0.0
34.5,113.5,13602255.0,0.0
34.5,114.5,13602255.0,0.0
34.5,115.5,13602255.0,0.0
34.5,116.5,13602255.0,0.0
34.5,117.5,13602255.0,0.0
34.5,118.5,13602255.0,0.0
34.5,119.5,13602255.0,0.0
34.5,120.5,13602255.0,0.0
33.5,30.5,13602255.0,0.0
33.5,31.5,13602255.0,0.0
33.5,32.5,13602255.0,0.0
33.5,33.5,13602255.0,0.0
33.5,34.5,13602255.0,0.0
33.5,35.5,13602255.0,0.0
33.5,36.5,13602255.0,0.0
33.5,37.5,13602255.0,0.0
33.5,38.5,13602255.0,0.0
33.5,39.5,13602255.0,0.0
33.5,40.5,13602255.0,0.0
33.5,41.5,13602255.0,0.0
33.5,42.5,13602255.0,0.0
33.5,43.5,13602255.0,0.0
33.5,44.5,13602255.0,0.0
33.5,45.5,13602255.0,0.0
33.5,46.5,13602255.0,0.0
33.5,47.5,13602255.0,0.0
33.5,48.5,13602255.0,0.0
33.5,49.5,13602255.0,0.0
33.5,50.5,13602255.0,0.0
33.5,51.5,13602255.0,0.0
33.5,52.5,13602255.0,0.0
33.5,53.5,13602255.0,0.0
33.5,54.5,13602255.0,0.0
33.5,55.5,13602255.0,0.0
33.5,56.5,13602255.0,0.0
33.5,57.5,13602255.0,0.0
33.5,58.5,13602255.0,0.0
33.5,59.5,13602255.0,0.0
33.5,60.5,13602255.0,0.0
33.5,61.5,13602255.0,0.0
33.5,62.5,13602255.0,0.0
33.5,63.5,13602255.0,0.0
33.5,64.5,13602255.0,0.0
33.5,65.5,13602255.0,0.0
33.5,66.5,13602255.0,0.0
33.5,67.5,13602255.0,0.0
33.5,68.5,13602255.0,0.0
33.5,69.5,13602255.0,0.0
33.5,70.5,13602255.0,0.0
33.5,71.5,13602255.0,0.0
33.5,72.5,13602255.0,0.0
33.5,73.5,13602255.0,0.0
33.5,74.5,13602255.0,0.0
33.5,75.5,13602255.0,0.0
33.5,76.5,13602255.0,0.0
33.5,77.5,13602255.0,0.0
33.5,78.5,13602255.0,0.0
33.5,79.5,13602255.0,0.0
33.5,80.5,13602255.0,0.0
33.5,81.5,13602255.0,0.0
33.5,82.5,13602255.0,0.0
33.5,83.5,13602255.0,0.0
33.5,84.5,13602255.0,0.0
33.5,85.5,13602255.0,0.0
33.5,86.5,13602255.0,0.0
33.5,87.5,13602255.0,0.0
33.5,88.5,13602255.0,0.0
33.5,89.5,13602255.0,0.0
33.5,90.5,13602255.0,0.0
33.5,91.5,13602255.0,0.0
33.5,92.5,13602255.0,0.0
33.5,93.5,13602255.0,0.0
33.5,94.5,13602255.0,0.0
33.5,95.5,13602255.0,0.0
33.5,96.5,13602255.0,0.018413698
33.5,97.5,13602255.0,0.056245506
33.5,98.5,13602255.0,0.020037908
33.5,99.5,13602255.0,0.001726531
33.5,100.5,13602255.0,0.0
33.5,101.5,13602255.0,0.0
33.5,102.5,13602255.0,0.0
33.5,103.5,13602255.0,0.0
33.5,104.5,13602255.0,0.0
33.5,105.5,13602255.0,0.0
33.5,106.5,13602255.0,0.0
33.5,107.5,13602255.0,0.0
33.5,108.5,13602255.0,0.0
33.5,109.5,13602255.0,0.0
33.5,110.5,13602255.0,0.0
33.5,111.5,13602255.0,0.0
33.5,112.5,13602255.0,0.0
33.5,113.5,13602255.0,0.0
33.5,114.5,13602255.0,0.0
33.5,115.5,13602255.0,0.0
33.5,116.5,13602255.0,0.0
33.5,117.5,13602255.0,0.0
33.5,118.5,13602255.0,0.0
33.5,119.5,13602255.0,0.0
33.5,120.5,13602255.0,0.0
32.5,30.5,13602255.0,0.0
32.5,31.5,13602255.0,0.0
32.5,32.5,13602255.0,0.0
32.5,33.5,13602255.0,0.0
32.5,34.5,13602255.0,0.0
32.5,35.5,13602255.0,0.0
32.5,36.5,13602255.0,0.0
32.5,37.5,13602255.0,0.0
32.5,38.5,13602255.0,0.0
32.5,39.5,13602255.0,0.0
32.5,40.5,13602255.0,0.0
32.5,41.5,13602255.0,0.0
32.5,42.5,13602255.0,0.0
32.5,43.5,13602255.0,0.0
32.5,44.5,13602255.0,0.0
32.5,45.5,13602255.0,0.0
32.5,46.5,13602255.0,0.0
32.5,47.5,13602255.0,0.0
32.5,48.5,13602255.0,0.0
32.5,49.5,13602255.0,0.0
32.5,50.5,13602255.0,0.0
32.5,51.5,13602255.0,0.0
32.5,52.5,13602255.0,0.0
32.5,53.5,13602255.0,0.0
32.5,54.5,13602255.0,0.0
32.5,55.5,13602255.0,0.0
32.5,56.5,13602255.0,0.0
32.5,57.5,13602255.0,0.0
32.5,58.5,13602255.0,0.0
32.5,59.5,13602255.0,0.0
32.5,60.5,13602255.0,0.0
32.5,61.5,13602255.0,0.0
32.5,62.5,13602255.0,0.0
32.5,63.5,13602255.0,0.0
32.5,64.5,13602255.0,0.0
32.5,65.5,13602255.0,0.0
32.5,66.5,13602255.0,0.0
32.5,67.5,13602255.0,0.0
32.5,68.5,13602255.0,0.0
32.5,69.5,13602255.0,0.0
32.5,70.5,13602255.0,0.0
32.5,71.5,13602255.0,0.0
32.5,72.5,13602255.0,0.0
32.5,73.5,13602255.0,0.0
32.5,74.5,13602255.0,0.0
32.5,75.5,13602255.0,0.0
32.5,76.5,13602255.0,0.0
32.5,77.5,13602255.0,0.0
32.5,78.5,13602255.0,0.0
32.5,79.5,13602255.0,0.0
32.5,80.5,13602255.0,0.0
32.5,81.5,13602255.0,0.0
32.5,82.5,13602255.0,0.0
32.5,83.5,13602255.0,0.0
32.5,84.5,13602255.0,0.0
32.5,85.5,13602255.0,0.0
32.5,86.5,13602255.0,0.0
32.5,87.5,13602255.0,0.0
32.5,88.5,13602255.0,0.0
32.5,89.5,13602255.0,0.0
32.5,90.5,13602255.0,0.0
32.5,91.5,13602255.0,0.0
32.5,92.5,13602255.0,0.0
32.5,93.5,13602255.0,0.0
32.5,94.5,13602255.0,0.0
32.5,95.5,13602255.0,0.0
32.5,96.5,13602255.0,0.0
32.5,97.5,13602255.0,0.0
32.5,98.5,13602255.0,0.0
32.5,99.5,13602255.0,0.0
32.5,100.5,13602255.0,0.0
32.5,101.5,13602255.0,0.0
32.5,102.5,13602255.0,0.0
32.5,103.5,13602255.0,0.0
32.5,104.5,13602255.0,0.0
32.5,105.5,13602255.0,0.0
32.5,106.5,13602255.0,0.0
32.5,107.5,13602255.0,0.0
32.5,108.5,13602255.0,0.0
32.5,109.5,13602255.0,0.0
32.5,110.5,13602255.0,0.0
32.5,111.5,13602255.0,0.0
32.5,112.5,13602255.0,0.0
32.5,113.5,13602255.0,0.0
32.5,114.5,13602255.0,0.0
32.5,115.5,13602255.0,0.0
32.5,116.5,13602255.0,0.0
32.5,117.5,13602255.0,0.0
32.5,118.5,13602255.0,0.0
32.5,119.5,13602255.0,0.0
32.5,120.5,13602255.0,0.0
31.5,30.5,13602255.0,0.0
31.5,31.5,13602255.0,0.0
31.5,32.5,13602255.0,0.0
31.5,33.5,13602255.0,0.0
31.5,34.5,13602255.0,0.0
31.5,35.5,13602255.0,0.0
31.5,36.5,13602255.0,0.0
31.5,37.5,13602255.0,0.0
31.5,38.5,13602255.0,0.0
31.5,39.5,13602255.0,0.0
31.5,40.5,13602255.0,0.0
31.5,41.5,13602255.0,0.0
31.5,42.5,13602255.0,0.0
31.5,43.5,13602255.0,0.0
31.5,44.5,13602255.0,0.0
31.5,45.5,13602255.0,0.0
31.5,46.5,13602255.0,0.0
31.5,47.5,13602255.0,0.0
31.5,48.5,13602255.0,0.0
31.5,49.5,13602255.0,0.0
31.5,50.5,13602255.0,0.0
31.5,51.5,13602255.0,0.0
31.5,52.5,13602255.0,0.0
31.5,53.5,13602255.0,0.0
31.5,54.5,13602255.0,0.0
31.5,55.5,13602255.0,0.0
31.5,56.5,13602255.0,0.0
31.5,57.5,13602255.0,0.0
31.5,58.5,13602255.0,0.0
31.5,59.5,13602255.0,0.0
31.5,60.5,13602255.0,0.0
31.5,61.5,13602255.0,0.0
31.5,62.5,13602255.0,0.0
31.5,63.5,13602255.0,0.0
31.5,64.5,13602255.0,0.0
31.5,65.5,13602255.0,0.0
31.5,66.5,13602255.0,0.0
31.5,67.5,13602255.0,0.0
31.5,68.5,13602255.0,0.0
31.5,69.5,13602255.0,0.0
31.5,70.5,13602255.0,0.0
31.5,71.5,13602255.0,0.0
31.5,72.5,13602255.0,0.0
31.5,73.5,13602255.0,0.0
31.5,74.5,13602255.0,0.0
31.5,75.5,13602255.0,0.0
31.5,76.5,13602255.0,0.0
31.5,77.5,13602255.0,0.0
31.5,78.5,13602255.0,0.0
31.5,79.5,13602255.0,0.0
31.5,80.5,13602255.0,0.0
31.5,81.5,13602255.0,0.0
31.5,82.5,13602255.0,0.0
31.5,83.5,13602255.0,0.0
31.5,84.5,13602255.0,0.0
31.5,85.5,13602255.0,0.0
31.5,86.5,13602255.0,0.0
31.5,87.5,13602255.0,0.0
31.5,88.5,13602255.0,0.0
31.5,89.5,13602255.0,0.0
31.5,90.5,13602255.0,0.0
31.5,91.5,13602255.0,0.0
31.5,92.5,13602255.0,0.0
31.5,93.5,13602255.0,0.0
31.5,94.5,13602255.0,0.0
31.5,95.5,13602255.0,0.0
31.5,96.5,13602255.0,0.0
31.5,97.5,13602255.0,0.0
31.5,98.5,13602255.0,0.0
31.5,99.5,13602255.0,0.0
31.5,100.5,13602255.0,0.0
31.5,101.5,13602255.0,0.0
31.5,102.5,13602255.0,0.0
31.5,103.5,13602255.0,0.0
31.5,104.5,13602255.0,0.0
31.5,105.5,13602255.0,0.0
31.5,106.5,13602255.0,0.0
31.5,107.5,13602255.0,0.0
31.5,108.5,13602255.0,0.0
31.5,109.5,13602255.0,0.0
31.5,110.5,13602255.0,0.0
31.5,111.5,13602255.0,0.0
31.5,112.5,13602255.0,0.0
31.5,113.5,13602255.0,0.0
31.5,114.5,13602255.0,0.0
31.5,115.5,13602255.0,0.0
31.5,116.5,13602255.0,0.0
31.5,117.5,13602255.0,0.0
31.5,118.5,13602255.0,0.0
31.5,119.5,13602255.0,0.0
31.5,120.5,13602255.0,0.0
30.5,30.5,13602255.0,0.0
30.5,31.5,13602255.0,0.0
30.5,32.5,13602255.0,0.0
30.5,33.5,13602255.0,0.0
30.5,34.5,13602255.0,0.0
30.5,35.5,13602255.0,0.0
30.5,36.5,13602255.0,0.0
30.5,37.5,13602255.0,0.0
30.5,38.5,13602255.0,0.0
30.5,39.5,13602255.0,0.0
30.5,40.5,13602255.0,0.0
30.5,41.5,13602255.0,0.0
30.5,42.5,13602255.0,0.0
30.5,43.5,13602255.0,0.0
30.5,44.5,13602255.0,0.0
30.5,45.5,13602255.0,0.0
30.5,46.5,13602255.0,0.0
30.5,47.5,13602255.0,0.0
30.5,48.5,13602255.0,0.0
30.5,49.5,13602255.0,0.0
30.5,50.5,13602255.0,0.0
30.5,51.5,13602255.0,0.0
30.5,52.5,13602255.0,0.0
30.5,53.5,13602255.0,0.0
30.5,54.5,13602255.0,0.0
30.5,55.5,13602255.0,0.0
30.5,56.5,13602255.0,0.0
30.5,57.5,13602255.0,0.0
30.5,58.5,13602255.0,0.0
30.5,59.5,13602255.0,0.0
30.5,60.5,13602255.0,0.0
30.5,61.5,13602255.0,0.0
30.5,62.5,13602255.0,0.0
30.5,63.5,13602255.0,0.0
30.5,64.5,13602255.0,0.0
30.5,65.5,13602255.0,0.0
30.5,66.5,13602255.0,0.0
30.5,67.5,13602255.0,0.0
30.5,68.5,13602255.0,0.0
30.5,69.5,13602255.0,0.0
30.5,70.5,13602255.0,0.0
30.5,71.5,13602255.0,0.0
30.5,72.5,13602255.0,0.0
30.5,73.5,13602255.0,0.0
30.5,74.5,13602255.0,0.0
30.5,75.5,13602255.0,0.0
30.5,76.5,13602255.0,0.0
30.5,77.5,13602255.0,0.0
30.5,78.5,13602255.0,0.0
30.5,79.5,13602255.0,0.0
30.5,80.5,13602255.0,0.0
30.5,81.5,13602255.0,0.0
30.5,82.5,13602255.0,0.0
30.5,83.5,13602255.0,0.0
30.5,84.5,13602255.0,0.0
30.5,85.5,13602255.0,0.0
30.5,86.5,13602255.0,0.0
30.5,87.5,13602255.0,0.0
30.5,88.5,13602255.0,0.0
30.5,89.5,13602255.0,0.0
30.5,90.5,13602255.0,0.0
30.5,91.5,13602255.0,0.0
30.5,92.5,13602255.0,0.0
30.5,93.5,13602255.0,0.0
30.5,94.5,13602255.0,0.0
30.5,95.5,13602255.0,0.0
30.5,96.5,13602255.0,0.0
30.5,97.5,13602255.0,0.0
30.5,98.5,13602255.0,0.0
30.5,99.5,13602255.0,0.0
30.5,100.5,13602255.0,0.0
30.5,101.5,13602255.0,0.0
30.5,102.5,13602255.0,0.0
30.5,103.5,13602255.0,0.0
30.5,104.5,13602255.0,0.0
30.5,105.5,13602255.0,0.0
30.5,106.5,13602255.0,0.0
30.5,107.5,13602255.0,0.0
30.5,108.5,13602255.0,0.0
30.5,109.5,13602255.0,0.0
30.5,110.5,13602255.0,0.0
30.5,111.5,13602255.0,0.0
30.5,112.5,13602255.0,0.0
30.5,113.5,13602255.0,0.0
30.5,114.5,13602255.0,0.0
30.5,115.5,13602255.0,0.0
30.5,116.5,13602255.0,0.004579672
30.5,117.5,13602255.0,0.3266577
30.5,118.5,13602255.0,1.0477738
30.5,119.5,13602255.0,1.4520942
30.5,120.5,13602255.0,0.0
29.5,30.5,13602255.0,0.0
29.5,31.5,13602255.0,0.0
29.5,32.5,13602255.0,0.0
29.5,33.5,13602255.0,0.0
29.5,34.5,13602255.0,0.0
29.5,35.5,13602255.0,0.0
29.5,36.5,13602255.0,0.0
29.5,37.5,13602255.0,0.0
29.5,38.5,13602255.0,0.0
29.5,39.5,13602255.0,0.0
29.5,40.5,13602255.0,0.0
29.5,41.5,13602255.0,0.0
29.5,42.5,13602255.0,0.0
29.5,43.5,13602255.0,0.0
29.5,44.5,13602255.0,0.0
29.5,45.5,13602255.0,0.0
29.5,46.5,13602255.0,0.0
29.5,47.5,13602255.0,0.0
29.5,48.5,13602255.0,0.0
29.5,49.5,13602255.0,0.0
29.5,50.5,13602255.0,0.0
29.5,51.5,13602255.0,0.0
29.5,52.5,13602255.0,0.0
29.5,53.5,13602255.0,0.0
29.5,54.5,13602255.0,0.0
29.5,55.5,13602255.0,0.0
29.5,56.5,13602255.0,0.0
29.5,57.5,13602255.0,0.0
29.5,58.5,13602255.0,0.0
29.5,59.5,13602255.0,0.0
29.5,60.5,13602255.0,0.0
29.5,61.5,13602255.0,0.0
29.5,62.5,13602255.0,0.0
29.5,63.5,13602255.0,0.0
29.5,64.5,13602255.0,0.0
29.5,65.5,13602255.0,0.0
29.5,66.5,13602255.0,0.0
29.5,67.5,13602255.0,0.0
29.5,68.5,13602255.0,0.0
29.5,69.5,13602255.0,0.0
29.5,70.5,13602255.0,0.0
29.5,71.5,13602255.0,0.0
29.5,72.5,13602255.0,0.0
29.5,73.5,13602255.0,0.0
29.5,74.5,13602255.0,0.0
29.5,75.5,13602255.0,0.0
29.5,76.5,13602255.0,0.0
29.5,77.5,13602255.0,0.0
29.5,78.5,13602255.0,0.0
29.5,79.5,13602255.0,0.0
29.5,80.5,13602255.0,0.0
29.5,81.5,13602255.0,0.0
29.5,82.5,13602255.0,0.0
29.5,83.5,13602255.0,0.0
29.5,84.5,13602255.0,0.0
29.5,85.5,13602255.0,0.0
29.5,86.5,13602255.0,0.0
29.5,87.5,13602255.0,0.0
29.5,88.5,13602255.0,0.0
29.5,89.5,13602255.0,0.0
29.5,90.5,13602255.0,0.0
29.5,91.5,13602255.0,0.0
29.5,92.5,13602255.0,0.0
29.5,93.5,13602255.0,0.0
29.5,94.5,13602255.0,0.0
29.5,95.5,13602255.0,0.0
29.5,96.5,13602255.0,0.0
29.5,97.5,13602255.0,0.0
29.5,98.5,13602255.0,0.0
29.5,99.5,13602255.0,0.0
29.5,100.5,13602255.0,0.0
29.5,101.5,13602255.0,0.0
29.5,102.5,13602255.0,0.0
29.5,103.5,13602255.0,0.0
29.5,104.5,13602255.0,0.0
29.5,105.5,13602255.0,0.0
29.5,106.5,13602255.0,0.0
29.5,107.5,13602255.0,0.0
29.5,108.5,13602255.0,0.0
29.5,109.5,13602255.0,0.0
29.5,110.5,13602255.0,0.0
29.5,111.5,13602255.0,0.0
29.5,112.5,13602255.0,0.0
29.5,113.5,13602255.0,0.0005067449
29.5,114.5,13602255.0,0.10869817
29.5,115.5,13602255.0,0.8631899
29.5,116.5,13602255.0,2.7375445
29.5,117.5,13602255.0,5.7312922
29.5,118.5,13602255.0,7.3761473
29.5,119.5,13602255.0,7.6754417
29.5,120.5,13602255.0,0.0
28.5,30.5,13602255.0,0.0
28.5,31.5,13602255.0,0.0
28.5,32.5,13602255.0,0.0
28.5,33.5,13602255.0,0.0
28.5,34.5,13602255.0,0.0
28.5,35.5,13602255.0,0.0
28.5,36.5,13602255.0,0.0
28.5,37.5,13602255.0,0.0
28.5,38.5,13602255.0,0.0
28.5,39.5,13602255.0,0.0
28.5,40.5,13602255.0,0.0
28.5,41.5,13602255.0,0.0
28.5,42.5,13602255.0,0.0
28.5,43.5,13602255.0,0.0
28.5,44.5,13602255.0,0.0
28.5,45.5,13602255.0,0.0
28.5,46.5,13602255.0,0.0
28.5,47.5,13602255.0,0.0
28.5,48.5,13602255.0,0.0
28.5,49.5,13602255.0,0.0
28.5,50.5,13602255.0,0.0
28.5,51.5,13602255.0,0.0
28.5,52.5,13602255.0,0.0
28.5,53.5,13602255.0,0.0
28.5,54.5,13602255.0,0.0
28.5,55.5,13602255.0,0.0
28.5,56.5,13602255.0,0.0
28.5,57.5,13602255.0,0.0
28.5,58.5,13602255.0,0.0
28.5,59.5,13602255.0,0.0
28.5,60.5,13602255.0,0.0
28.5,61.5,13602255.0,0.0
28.5,62.5,13602255.0,0.0
28.5,63.5,13602255.0,0.0
28.5,64.5,13602255.0,0.0
28.5,65.5,13602255.0,0.0
28.5,66.5,13602255.0,0.0
28.5,67.5,13602255.0,0.0
28.5,68.5,13602255.0,0.0
28.5,69.5,13602255.0,0.0
28.5,70.5,13602255.0,0.0
28.5,71.5,13602255.0,0.0
28.5,72.5,13602255.0,0.0
28.5,73.5,13602255.0,0.0
28.5,74.5,13602255.0,0.0
28.5,75.5,13602255.0,0.0
28.5,76.5,13602255.0,0.0
28.5,77.5,13602255.0,0.0
28.5,78.5,13602255.0,0.0
28.5,79.5,13602255.0,0.0
28.5,80.5,13602255.0,0.0
28.5,81.5,13602255.0,0.0
28.5,82.5,13602255.0,0.0
28.5,83.5,13602255.0,0.0
28.5,84.5,13602255.0,0.0
28.5,85.5,13602255.0,0.0
28.5,86.5,13602255.0,0.0
28.5,87.5,13602255.0,0.0
28.5,88.5,13602255.0,0.0
28.5,89.5,13602255.0,0.0
28.5,90.5,13602255.0,0.0
28.5,91.5,13602255.0,0.0
28.5,92.5,13602255.0,0.0
28.5,93.5,13602255.0,0.0
28.5,94.5,13602255.0,0.0
28.5,95.5,13602255.0,0.0
28.5,96.5,13602255.0,0.0
28.5,97.5,13602255.0,0.0
28.5,98.5,13602255.0,0.0
28.5,99.5,13602255.0,0.0
28.5,100.5,13602255.0,0.0
28.5,101.5,13602255.0,0.0
28.5,102.5,13602255.0,0.0
28.5,103.5,13602255.0,0.0
28.5,104.5,13602255.0,0.0
28.5,105.5,13602255.0,0.0
28.5,106.5,13602255.0,0.0
28.5,107.5,13602255.0,0.0
28.5,108.5,13602255.0,0.0
28.5,109.5,13602255.0,0.0
28.5,110.5,13602255.0,0.0
28.5,111.5,13602255.0,0.0
28.5,112.5,13602255.0,0.01287151
28.5,113.5,13602255.0,0.87142813
28.5,114.5,13602255.0,3.66213
28.5,115.5,13602255.0,6.357033
28.5,116.5,13602255.0,6.7236395
28.5,117.5,13602255.0,6.538244
28.5,118.5,13602255.0,6.1212273
28.5,119.5,13602255.0,3.8651917
28.5,120.5,13602255.0,0.0
27.5,30.5,13602255.0,0.0
27.5,31.5,13602255.0,0.0
27.5,32.5,13602255.0,0.0
27.5,33.5,13602255.0,0.0
27.5,34.5,13602255.0,0.0
27.5,35.5,13602255.0,0.0
27.5,36.5,13602255.0,0.0
27.5,37.5,13602255.0,0.0
27.5,38.5,13602255.0,0.0
27.5,39.5,13602255.0,0.0
27.5,40.5,13602255.0,0.0
27.5,41.5,13602255.0,0.0
27.5,42.5,13602255.0,0.0
27.5,43.5,13602255.0,0.0
27.5,44.5,13602255.0,0.0
27.5,45.5,13602255.0,0.0
27.5,46.5,13602255.0,0.0
27.5,47.5,13602255.0,0.0
27.5,48.5,13602255.0,0.0
27.5,49.5,13602255.0,0.0
27.5,50.5,13602255.0,0.0
27.5,51.5,13602255.0,0.0
27.5,52.5,13602255.0,0.0
27.5,53.5,13602255.0,0.0
27.5,54.5,13602255.0,0.0
27.5,55.5,13602255.0,0.0
27.5,56.5,13602255.0,0.0
27.5,57.5,13602255.0,0.0
27.5,58.5,13602255.0,0.0
27.5,59.5,13602255.0,0.0
27.5,60.5,13602255.0,0.0
27.5,61.5,13602255.0,0.0
27.5,62.5,13602255.0,0.0
27.5,63.5,13602255.0,0.0
27.5,64.5,13602255.0,0.0
27.5,65.5,13602255.0,0.0
27.5,66.5,13602255.0,0.0
27.5,67.5,13602255.0,0.0
27.5,68.5,13602255.0,0.0
27.5,69.5,13602255.0,0.0
27.5,70.5,13602255.0,0.0
27.5,71.5,13602255.0,0.0
27.5,72.5,13602255.0,0.0
27.5,73.5,13602255.0,0.0
27.5,74.5,13602255.0,0.0
27.5,75.5,13602255.0,0.0
27.5,76.5,13602255.0,0.0
27.5,77.5,13602255.0,0.0
27.5,78.5,13602255.0,0.0
27.5,79.5,13602255.0,0.0
27.5,80.5,13602255.0,0.0
27.5,81.5,13602255.0,0.0
27.5,82.5,13602255.0,0.0
27.5,83.5,13602255.0,0.0
27.5,84.5,13602255.0,0.0
27.5,85.5,13602255.0,0.0
27.5,86.5,13602255.0,0.0
27.5,87.5,13602255.0,0.0
27.5,88.5,13602255.0,0.0
27.5,89.5,13602255.0,0.0
27.5,90.5,13602255.0,0.0
27.5,91.5,13602255.0,0.0
27.5,92.5,13602255.0,0.0
27.5,93.5,13602255.0,0.0
27.5,94.5,13602255.0,0.0
27.5,95.5,13602255.0,0.0
27.5,96.5,13602255.0,0.0
27.5,97.5,13602255.0,0.0
27.5,98.5,13602255.0,0.0
27.5,99.5,13602255.0,0.0
27.5,100.5,13602255.0,0.0
27.5,101.5,13602255.0,0.0
27.5,102.5,13602255.0,0.0
27.5,103.5,13602255.0,0.0
27.5,104.5,13602255.0,0.0
27.5,105.5,13602255.0,0.0
27.5,106.5,13602255.0,0.0
27.5,107.5,13602255.0,0.0
27.5,108.5,13602255.0,0.0
27.5,109.5,13602255.0,0.0
27.5,110.5,13602255.0,0.0
27.5,111.5,13602255.0,0.03642128
27.5,112.5,13602255.0,0.8713379
27.5,113.5,13602255.0,3.237817
27.5,114.5,13602255.0,5.9482417
27.5,115.5,13602255.0,4.788777
27.5,116.5,13602255.0,3.4670844
27.5,117.5,13602255.0,1.8430643
27.5,118.5,13602255.0,0.39542466
27.5,119.5,13602255.0,0.17511337
27.5,120.5,13602255.0,0.0
26.5,30.5,13602255.0,0.0
26.5,31.5,13602255.0,0.0
26.5,32.5,13602255.0,0.0
26.5,33.5,13602255.0,0.0
26.5,34.5,13602255.0,0.0
26.5,35.5,13602255.0,0.0
26.5,36.5,13602255.0,0.0
26.5,37.5,13602255.0,0.0
26.5,38.5,13602255.0,0.0
26.5,39.5,13602255.0,0.0
26.5,40.5,13602255.0,0.0
26.5,41.5,13602255.0,0.0
26.5,42.5,13602255.0,0.0
26.5,43.5,13602255.0,0.0
26.5,44.5,13602255.0,0.0
26.5,45.5,13602255.0,0.0
26.5,46.5,13602255.0,0.0
26.5,47.5,13602255.0,0.0
26.5,48.5,13602255.0,0.0
26.5,49.5,13602255.0,0.0
26.5,50.5,13602255.0,0.0
26.5,51.5,13602255.0,0.0
26.5,52.5,13602255.0,0.0
26.5,53.5,13602255.0,0.0
26.5,54.5,13602255.0,0.0
26.5,55.5,13602255.0,0.0
26.5,56.5,13602255.0,0.0
26.5,57.5,13602255.0,0.0
26.5,58.5,13602255.0,0.0
26.5,59.5,13602255.0,0.0
26.5,60.5,13602255.0,0.0
26.5,61.5,13602255.0,0.0
26.5,62.5,13602255.0,0.0
26.5,63.5,13602255.0,0.0
26.5,64.5,13602255.0,0.0
26.5,65.5,13602255.0,0.0
26.5,66.5,13602255.0,0.0
26.5,67.5,13602255.0,0.0
26.5,68.5,13602255.0,0.0
26.5,69.5,13602255.0,0.0
26.5,70.5,13602255.0,0.0
26.5,71.5,13602255.0,0.0
26.5,72.5,13602255.0,0.0
26.5,73.5,13602255.0,0.0
26.5,74.5,13602255.0,0.0
26.5,75.5,13602255.0,0.0
26.5,76.5,13602255.0,0.0
26.5,77.5,13602255.0,0.0
26.5,78.5,13602255.0,0.0
26.5,79.5,13602255.0,0.0
26.5,80.5,13602255.0,0.0
26.5,81.5,13602255.0,0.0
26.5,82.5,13602255.0,0.0
26.5,83.5,13602255.0,0.0
26.5,84.5,13602255.0,0.0
26.5,85.5,13602255.0,0.0
26.5,86.5,13602255.0,0.0
26.5,87.5,13602255.0,0.0
26.5,88.5,13602255.0,0.0
26.5,89.5,13602255.0,0.0
26.5,90.5,13602255.0,0.0
26.5,91.5,13602255.0,0.0
26.5,92.5,13602255.0,0.0
26.5,93.5,13602255.0,0.0
26.5,94.5,13602255.0,0.0
26.5,95.5,13602255.0,0.0
26.5,96.5,13602255.0,0.0
26.5,97.5,13602255.0,0.0
26.5,98.5,13602255.0,0.0
26.5,99.5,13602255.0,0.0
26.5,100.5,13602255.0,0.0
26.5,101.5,13602255.0,0.0
26.5,102.5,13602255.0,0.0
26.5,103.5,13602255.0,0.0
26.5,104.5,13602255.0,0.0
26.5,105.5,13602255.0,0.0
26.5,106.5,13602255.0,0.0
26.5,107.5,13602255.0,0.0
26.5,108.5,13602255.0,0.0
26.5,109.5,13602255.0,0.0077818204
26.5,110.5,13602255.0,0.09022039
26.5,111.5,13602255.0,1.0305856
26.5,112.5,13602255.0,2.7500527
26.5,113.5,13602255.0,5.5652084
26.5,114.5,13602255.0,5.6295147
26.5,115.5,13602255.0,6.580505
26.5,116.5,13602255.0,6.0199695
26.5,117.5,13602255.0,2.2703707
26.5,118.5,13602255.0,0.92913836
26.5,119.5,13602255.0,2.588667
26.5,120.5,13602255.0,0.0
25.5,30.5,13602255.0,0.0
25.5,31.5,13602255.0,0.0
25.5,32.5,13602255.0,0.0
25.5,33.5,13602255.0,0.0
25.5,34.5,13602255.0,0.0
25.5,35.5,13602255.0,0.0
25.5,36.5,13602255.0,0.0
25.5,37.5,13602255.0,0.0
25.5,38.5,13602255.0,0.0
25.5,39.5,13602255.0,0.0
25.5,40.5,13602255.0,0.0
25.5,41.5,13602255.0,0.0
25.5,42.5,13602255.0,0.0
25.5,43.5,13602255.0,0.0
25.5,44.5,13602255.0,0.0
25.5,45.5,13602255.0,0.0
25.5,46.5,13602255.0,0.0
25.5,47.5,13602255.0,0.0
25.5,48.5,13602255.0,0.0
25.5,49.5,13602255.0,0.0
25.5,50.5,13602255.0,0.0
25.5,51.5,13602255.0,0.0
25.5,52.5,13602255.0,0.0
25.5,53.5,13602255.0,0.0
25.5,54.5,13602255.0,0.0
25.5,55.5,13602255.0,0.0
25.5,56.5,13602255.0,0.0
25.5,57.5,13602255.0,0.0
25.5,58.5,13602255.0,0.0
25.5,59.5,13602255.0,0.0
25.5,60.5,13602255.0,0.0
25.5,61.5,13602255.0,0.0
25.5,62.5,13602255.0,0.0
25.5,63.5,13602255.0,0.0
25.5,64.5,13602255.0,0.0
25.5,65.5,13602255.0,0.0
25.5,66.5,13602255.0,0.0
25.5,67.5,13602255.0,0.0
25.5,68.5,13602255.0,0.0
25.5,69.5,13602255.0,0.0
25.5,70.5,13602255.0,0.0
25.5,71.5,13602255.0,0.0
25.5,72.5,13602255.0,0.0
25.5,73.5,13602255.0,0.0
25.5,74.5,13602255.0,0.0
25.5,75.5,13602255.0,0.0
25.5,76.5,13602255.0,0.0
25.5,77.5,13602255.0,0.0
25.5,78.5,13602255.0,0.0
25.5,79.5,13602255.0,0.0
25.5,80.5,13602255.0,0.0
25.5,81.5,13602255.0,0.0
25.5,82.5,13602255.0,0.0
25.5,83.5,13602255.0,0.0
25.5,84.5,13602255.0,0.0
25.5,85.5,13602255.0,0.0
25.5,86.5,13602255.0,0.0
25.5,87.5,13602255.0,0.0
25.5,88.5,13602255.0,0.0
25.5,89.5,13602255.0,0.0
25.5,90.5,13602255.0,0.0
25.5,91.5,13602255.0,0.0
25.5,92.5,13602255.0,0.0
25.5,93.5,13602255.0,0.0
25.5,94.5,13602255.0,0.0
25.5,95.5,13602255.0,0.0
25.5,96.5,13602255.0,0.0
25.5,97.5,13602255.0,0.0
25.5,98.5,13602255.0,0.0
25.5,99.5,13602255.0,0.0
25.5,100.5,13602255.0,0.0
25.5,101.5,13602255.0,0.0
25.5,102.5,13602255.0,0.0
25.5,103.5,13602255.0,0.0
25.5,104.5,13602255.0,0.0
25.5,105.5,13602255.0,0.0
25.5,106.5,13602255.0,0.0
25.5,107.5,13602255.0,0.0
25.5,108.5,13602255.0,0.0
25.5,109.5,13602255.0,0.10377194
25.5,110.5,13602255.0,1.0801808
25.5,111.5,13602255.0,4.702478
25.5,112.5,13602255.0,6.736552
25.5,113.5,13602255.0,5.3229814
25.5,114.5,13602255.0,6.527541
25.5,115.5,13602255.0,6.5888705
25.5,116.5,13602255.0,6.373078
25.5,117.5,13602255.0,3.5225837
25.5,118.5,13602255.0,1.9337581
25.5,119.5,13602255.0,2.3868003
25.5,120.5,13602255.0,0.0
24.5,30.5,13602255.0,0.0
24.5,31.5,13602255.0,0.0
24.5,32.5,13602255.0,0.0
24.5,33.5,13602255.0,0.0
24.5,34.5,13602255.0,0.0
24.5,35.5,13602255.0,0.0
24.5,36.5,13602255.0,0.0
24.5,37.5,13602255.0,0.0
24.5,38.5,13602255.0,0.0
24.5,39.5,13602255.0,0.0
24.5,40.5,13602255.0,0.0
24.5,41.5,13602255.0,0.0
24.5,42.5,13602255.0,0.0
24.5,43.5,13602255.0,0.0
24.5,44.5,13602255.0,0.0
24.5,45.5,13602255.0,0.0
24.5,46.5,13602255.0,0.0
24.5,47.5,13602255.0,0.0
24.5,48.5,13602255.0,0.0
24.5,49.5,13602255.0,0.0
24.5,50.5,13602255.0,0.0
24.5,51.5,13602255.0,0.0
24.5,52.5,13602255.0,0.0
24.5,53.5,13602255.0,0.0
24.5,54.5,13602255.0,0.0
24.5,55.5,13602255.0,0.0
24.5,56.5,13602255.0,0.0
24.5,57.5,13602255.0,0.0
24.5,58.5,13602255.0,0.0
24.5,59.5,13602255.0,0.0
24.5,60.5,13602255.0,0.0
24.5,61.5,13602255.0,0.0
24.5,62.5,13602255.0,0.0
24.5,63.5,13602255.0,0.0
24.5,64.5,13602255.0,0.0
24.5,65.5,13602255.0,0.0
24.5,66.5,13602255.0,0.0
24.5,67.5,13602255.0,0.0
24.5,68.5,13602255.0,0.0
24.5,69.5,13602255.0,0.0
24.5,70.5,13602255.0,0.0
24.5,71.5,13602255.0,0.0
24.5,72.5,13602255.0,0.0
24.5,73.5,13602255.0,0.0
24.5,74.5,13602255.0,0.0
24.5,75.5,13602255.0,0.0
24.5,76.5,13602255.0,0.0
24.5,77.5,13602255.0,0.0
24.5,78.5,13602255.0,0.0
24.5,79.5,13602255.0,0.0
24.5,80.5,13602255.0,0.0
24.5,81.5,13602255.0,0.0
24.5,82.5,13602255.0,0.0
24.5,83.5,13602255.0,0.0
24.5,84.5,13602255.0,0.0
24.5,85.5,13602255.0,0.0
24.5,86.5,13602255.0,0.0
24.5,87.5,13602255.0,0.0
24.5,88.5,13602255.0,0.0
24.5,89.5,13602255.0,0.0
24.5,90.5,13602255.0,0.0
24.5,91.5,13602255.0,0.0
24.5,92.5,13602255.0,0.0
24.5,93.5,13602255.0,0.0
24.5,94.5,13602255.0,0.0
24.5,95.5,13602255.0,0.0
24.5,96.5,13602255.0,0.0
24.5,97.5,13602255.0,0.0
24.5,98.5,13602255.0,0.0
24.5,99.5,13602255.0,0.0
24.5,100.5,13602255.0,0.0
24.5,101.5,13602255.0,0.0
24.5,102.5,13602255.0,0.0
24.5,103.5,13602255.0,0.0
24.5,104.5,13602255.0,0.0
24.5,105.5,13602255.0,0.0
24.5,106.5,13602255.0,0.0
24.5,107.5,13602255.0,0.0
24.5,108.5,13602255.0,0.11746478
24.5,109.5,13602255.0,0.6088844
24.5,110.5,13602255.0,3.9609513
24.5,111.5,13602255.0,6.7788515
24.5,112.5,13602255.0,4.438013
24.5,113.5,13602255.0,4.9188566
24.5,114.5,13602255.0,7.163474
24.5,115.5,13602255.0,7.21305
24.5,116.5,13602255.0,5.2453027
24.5,117.5,13602255.0,1.5107018
24.5,118.5,13602255.0,0.5445778
24.5,119.5,13602255.0,1.1397202
24.5,120.5,13602255.0,0.0
23.5,30.5,13602255.0,0.0
23.5,31.5,13602255.0,0.0
23.5,32.5,13602255.0,0.0
23.5,33.5,13602255.0,0.0
23.5,34.5,13602255.0,0.0
23.5,35.5,13602255.0,0.0
23.5,36.5,13602255.0,0.0
23.5,37.5,13602255.0,0.0
23.5,38.5,13602255.0,0.0
23.5,39.5,13602255.0,0.0
23.5,40.5,13602255.0,0.0
23.5,41.5,13602255.0,0.0
23.5,42.5,13602255.0,0.0
23.5,43.5,13602255.0,0.0
23.5,44.5,13602255.0,0.0
23.5,45.5,13602255.0,0.0
23.5,46.5,13602255.0,0.0
23.5,47.5,13602255.0,0.0
23.5,48.5,13602255.0,0.0
23.5,49.5,13602255.0,0.0
23.5,50.5,13602255.0,0.0
23.5,51.5,13602255.0,0.0
23.5,52.5,13602255.0,0.0
23.5,53.5,13602255.0,0.0
23.5,54.5,13602255.0,0.0
23.5,55.5,13602255.0,0.0
23.5,56.5,13602255.0,0.0
23.5,57.5,13602255.0,0.0
23.5,58.5,13602255.0,0.0
23.5,59.5,13602255.0,0.0
23.5,60.5,13602255.0,0.0
23.5,61.5,13602255.0,0.0
23.5,62.5,13602255.0,0.0
23.5,63.5,13602255.0,0.0
23.5,64.5,13602255.0,0.0
23.5,65.5,13602255.0,0.0
23.5,66.5,13602255.0,0.0
23.5,67.5,13602255.0,0.0
23.5,68.5,13602255.0,0.0
23.5,69.5,13602255.0,0.0
23.5,70.5,13602255.0,0.0
23.5,71.5,13602255.0,0.0
23.5,72.5,13602255.0,0.0
23.5,73.5,13602255.0,0.0
23.5,74.5,13602255.0,0.0
23.5,75.5,13602255.0,0.0
23.5,76.5,13602255.0,0.0
23.5,77.5,13602255.0,0.0
23.5,78.5,13602255.0,0.0
23.5,79.5,13602255.0,0.0
23.5,80.5,13602255.0,0.0
23.5,81.5,13602255.0,0.0
23.5,82.5,13602255.0,0.0
23.5,83.5,13602255.0,0.0
23.5,84.5,13602255.0,0.0
23.5,85.5,13602255.0,0.0
23.5,86.5,13602255.0,0.0
23.5,87.5,13602255.0,0.0
23.5,88.5,13602255.0,0.0
23.5,89.5,13602255.0,0.0
23.5,90.5,13602255.0,0.0
23.5,91.5,13602255.0,0.0
23.5,92.5,13602255.0,0.0
23.5,93.5,13602255.0,0.0
23.5,94.5,13602255.0,0.0
23.5,95.5,13602255.0,0.0
23.5,96.5,13602255.0,0.0
23.5,97.5,13602255.0,0.0
23.5,98.5,13602255.0,0.0
23.5,99.5,13602255.0,0.0
23.5,100.5,13602255.0,0.0
23.5,101.5,13602255.0,0.0
23.5,102.5,13602255.0,0.0
23.5,103.5,13602255.0,0.0
23.5,104.5,13602255.0,0.0
23.5,105.5,13602255.0,0.0
23.5,106.5,13602255.0,0.0
23.5,107.5,13602255.0,0.0015277652
23.5,108.5,13602255.0,0.57705915
23.5,109.5,13602255.0,2.3565636
23.5,110.5,13602255.0,3.7488008
23.5,111.5,13602255.0,2.142599
23.5,112.5,13602255.0,3.858219
23.5,113.5,13602255.0,7.779104
23.5,114.5,13602255.0,7.021539
23.5,115.5,13602255.0,4.2607555
23.5,116.5,13602255.0,2.401652
23.5,117.5,13602255.0,3.5893965
23.5,118.5,13602255.0,5.875326
23.5,119.5,13602255.0,7.2003007
23.5,120.5,13602255.0,0.0
22.5,30.5,13602255.0,0.0
22.5,31.5,13602255.0,0.0
22.5,32.5,13602255.0,0.0
22.5,33.5,13602255.0,0.0
22.5,34.5,13602255.0,0.0
22.5,35.5,13602255.0,0.0
22.5,36.5,13602255.0,0.0
22.5,37.5,13602255.0,0.0
22.5,38.5,13602255.0,0.0
22.5,39.5,13602255.0,0.0
22.5,40.5,13602255.0,0.0
22.5,41.5,13602255.0,0.0
22.5,42.5,13602255.0,0.0
22.5,43.5,13602255.0,0.0
22.5,44.5,13602255.0,0.0
22.5,45.5,13602255.0,0.0
22.5,46.5,13602255.0,0.0
22.5,47.5,13602255.0,0.0
22.5,48.5,13602255.0,0.0
22.5,49.5,13602255.0,0.0
22.5,50.5,13602255.0,0.0
22.5,51.5,13602255.0,0.0
22.5,52.5,13602255.0,0.0
22.5,53.5,13602255.0,0.0
22.5,54.5,13602255.0,0.0
22.5,55.5,13602255.0,0.0
22.5,56.5,13602255.0,0.0
22.5,57.5,13602255.0,0.0
22.5,58.5,13602255.0,0.0
22.5,59.5,13602255.0,0.0
22.5,60.5,13602255.0,0.0
22.5,61.5,13602255.0,0.0
22.5,62.5,13602255.0,0.0
22.5,63.5,13602255.0,0.0
22.5,64.5,13602255.0,0.0
22.5,65.5,13602255.0,0.0
22.5,66.5,13602255.0,0.0
22.5,67.5,13602255.0,0.0
22.5,68.5,13602255.0,0.0
22.5,69.5,13602255.0,0.0
22.5,70.5,13602255.0,0.0
22.5,71.5,13602255.0,0.0
22.5,72.5,13602255.0,0.0
22.5,73.5,13602255.0,0.0
22.5,74.5,13602255.0,0.0
22.5,75.5,13602255.0,0.0
22.5,76.5,13602255.0,0.0
22.5,77.5,13602255.0,0.0
22.5,78.5,13602255.0,0.0
22.5,79.5,13602255.0,0.0
22.5,80.5,13602255.0,0.0
22.5,81.5,13602255.0,0.0
22.5,82.5,13602255.0,0.0
22.5,83.5,13602255.0,0.0
22.5,84.5,13602255.0,0.0
22.5,85.5,13602255.0,0.0
22.5,86.5,13602255.0,0.0
22.5,87.5,13602255.0,0.0
22.5,88.5,13602255.0,0.0
22.5,89.5,13602255.0,0.0
22.5,90.5,13602255.0,0.0
22.5,91.5,13602255.0,0.0
22.5,92.5,13602255.0,0.0
22.5,93.5,13602255.0,0.0
22.5,94.5,13602255.0,0.0
22.5,95.5,13602255.0,0.0
22.5,96.5,13602255.0,0.0
22.5,97.5,13602255.0,0.0
22.5,98.5,13602255.0,0.0
22.5,99.5,13602255.0,0.0
22.5,100.5,13602255.0,0.0
22.5,101.5,13602255.0,0.0
22.5,102.5,13602255.0,0.0
22.5,103.5,13602255.0,0.0
22.5,104.5,13602255.0,0.0
22.5,105.5,13602255.0,0.0
22.5,106.5,13602255.0,0.0
22.5,107.5,13602255.0,0.0036079825
22.5,108.5,13602255.0,0.7190573
22.5,109.5,13602255.0,3.4348483
22.5,110.5,13602255.0,2.3920257
22.5,111.5,13602255.0,1.0595282
22.5,112.5,13602255.0,5.072763
22.5,113.5,13602255.0,8.153768
22.5,114.5,13602255.0,5.78973
22.5,115.5,13602255.0,4.6684866
22.5,116.5,13602255.0,5.3300505
22.5,117.5,13602255.0,8.040006
22.5,118.5,13602255.0,8.959525
22.5,119.5,13602255.0,9.0
22.5,120.5,13602255.0,0.0
21.5,30.5,13602255.0,0.0
21.5,31.5,13602255.0,0.0
21.5,32.5,13602255.0,0.0
21.5,33.5,13602255.0,0.0
21.5,34.5,13602255.0,0.0
21.5,35.5,13602255.0,0.0
21.5,36.5,13602255.0,0.0
21.5,37.5,13602255.0,0.0
21.5,38.5,13602255.0,0.0
21.5,39.5,13602255.0,0.0
21.5,40.5,13602255.0,0.0
21.5,41.5,13602255.0,0.0
21.5,42.5,13602255.0,0.0
21.5,43.5,13602255.0,0.0
21.5,44.5,13602255.0,0.0
21.5,45.5,13602255.0,0.0
21.5,46.5,13602255.0,0.0
21.5,47.5,13602255.0,0.0
21.5,48.5,13602255.0,0.0
21.5,49.5,13602255.0,0.0
21.5,50.5,13602255.0,0.0
21.5,51.5,13602255.0,0.0
21.5,52.5,13602255.0,0.0
21.5,53.5,13602255.0,0.0
21.5,54.5,13602255.0,0.0
21.5,55.5,13602255.0,0.0
21.5,56.5,13602255.0,0.0
21.5,57.5,13602255.0,0.0
21.5,58.5,13602255.0,0.0
21.5,59.5,13602255.0,0.0
21.5,60.5,13602255.0,0.0
21.5,61.5,13602255.0,0.0
21.5,62.5,13602255.0,0.0
21.5,63.5,13602255.0,0.0
21.5,64.5,13602255.0,0.0
21.5,65.5,13602255.0,0.0
21.5,66.5,13602255.0,0.0
21.5,67.5,13602255.0,0.0
21.5,68.5,13602255.0,0.0
21.5,69.5,13602255.0,0.0
21.5,70.5,13602255.0,0.0
21.5,71.5,13602255.0,0.0
21.5,72.5,13602255.0,0.0
21.5,73.5,13602255.0,0.0
21.5,74.5,13602255.0,0.0
21.5,75.5,13602255.0,0.0
21.5,76.5,13602255.0,0.0
21.5,77.5,13602255.0,0.0
21.5,78.5,13602255.0,0.0
21.5,79.5,13602255.0,0.0
21.5,80.5,13602255.0,0.0
21.5,81.5,13602255.0,0.0
21.5,82.5,13602255.0,0.0
21.5,83.5,13602255.0,0.0
21.5,84.5,13602255.0,0.0
21.5,85.5,13602255.0,0.0
21.5,86.5,13602255.0,0.0
21.5,87.5,13602255.0,0.0
21.5,88.5,13602255.0,0.0
21.5,89.5,13602255.0,0.0
21.5,90.5,13602255.0,0.0
21.5,91.5,13602255.0,0.0
21.5,92.5,13602255.0,0.0
21.5,93.5,13602255.0,0.0
21.5,94.5,13602255.0,0.0
21.5,95.5,13602255.0,0.0
21.5,96.5,13602255.0,0.0
21.5,97.5,13602255.0,0.0
21.5,98.5,13602255.0,0.0
21.5,99.5,13602255.0,0.0
21.5,100.5,13602255.0,0.0
21.5,101.5,13602255.0,0.0
21.5,102.5,13602255.0,0.0
21.5,103.5,13602255.0,0.0
21.5,104.5,13602255.0,0.0
21.5,105.5,13602255.0,0.0
21.5,106.5,13602255.0,0.0
21.5,107.5,13602255.0,0.0
21.5,108.5,13602255.0,1.1267278
21.5,109.5,13602255.0,2.773532
21.5,110.5,13602255.0,1.0016009
21.5,111.5,13602255.0,2.1144223
21.5,112.5,13602255.0,6.9380765
21.5,113.5,13602255.0,8.140809
21.5,114.5,13602255.0,7.8187613
21.5,115.5,13602255.0,8.248536
21.5,116.5,13602255.0,8.191315
21.5,117.5,13602255.0,8.622739
21.5,118.5,13602255.0,8.983204
21.5,119.5,13602255.0,8.998074
21.5,120.5,13602255.0,0.0
20.5,30.5,13602255.0,0.0
20.5,31.5,13602255.0,0.0
20.5,32.5,13602255.0,0.0
20.5,33.5,13602255.0,0.0
20.5,34.5,13602255.0,0.0
20.5,35.5,13602255.0,0.0
20.5,36.5,13602255.0,0.0
20.5,37.5,13602255.0,0.0
20.5,38.5,13602255.0,0.0
20.5,39.5,13602255.0,0.0
20.5,40.5,13602255.0,0.0
20.5,41.5,13602255.0,0.0
20.5,42.5,13602255.0,0.0
20.5,43.5,13602255.0,0.0
20.5,44.5,13602255.0,0.0
20.5,45.5,13602255.0,0.0
20.5,46.5,13602255.0,0.0
20.5,47.5,13602255.0,0.0
20.5,48.5,13602255.0,0.0
20.5,49.5,13602255.0,0.0
20.5,50.5,13602255.0,0.0
20.5,51.5,13602255.0,0.0
20.5,52.5,13602255.0,0.0
20.5,53.5,13602255.0,0.0
20.5,54.5,13602255.0,0.0
20.5,55.5,13602255.0,0.0
20.5,56.5,13602255.0,0.0
20.5,57.5,13602255.0,0.0
20.5,58.5,13602255.0,0.0
20.5,59.5,13602255.0,0.0
20.5,60.5,13602255.0,0.0
20.5,61.5,13602255.0,0.0
20.5,62.5,13602255.0,0.0
20.5,63.5,13602255.0,0.0
20.5,64.5,13602255.0,0.0
20.5,65.5,13602255.0,0.0
20.5,66.5,13602255.0,0.0
20.5,67.5,13602255.0,0.0
20.5,68.5,13602255.0,0.0
20.5,69.5,13602255.0,0.0
20.5,70.5,13602255.0,0.0
20.5,71.5,13602255.0,0.0
20.5,72.5,13602255.0,0.0
20.5,73.5,13602255.0,0.0
20.5,74.5,13602255.0,0.0
20.5,75.5,13602255.0,0.0
20.5,76.5,13602255.0,0.0
20.5,77.5,13602255.0,0.0
20.5,78.5,13602255.0,0.0
20.5,79.5,13602255.0,0.0
20.5,80.5,13602255.0,0.0
20.5,81.5,13602255.0,0.0
20.5,82.5,13602255.0,0.0
20.5,83.5,13602255.0,0.0
20.5,84.5,13602255.0,0.0
20.5,85.5,13602255.0,0.0
20.5,86.5,13602255.0,0.0
20.5,87.5,13602255.0,0.0
20.5,88.5,13602255.0,0.0
20.5,89.5,13602255.0,0.0
20.5,90.5,13602255.0,0.0
20.5,91.5,13602255.0,0.0
20.5,92.5,13602255.0,0.0
20.5,93.5,13602255.0,0.0
20.5,94.5,13602255.0,0.0
20.5,95.5,13602255.0,0.0
20.5,96.5,13602255.0,0.0
20.5,97.5,13602255.0,0.0
20.5,98.5,13602255.0,0.0
20.5,99.5,13602255.0,0.0
20.5,100.5,13602255.0,0.0
20.5,101.5,13602255.0,0.0
20.5,102.5,13602255.0,0.0
20.5,103.5,13602255.0,0.0
20.5,104.5,13602255.0,0.0
20.5,105.5,13602255.0,0.0
20.5,106.5,13602255.0,0.0
20.5,107.5,13602255.0,0.0
20.5,108.5,13602255.0,1.2697524
20.5,109.5,13602255.0,2.269765
20.5,110.5,13602255.0,0.83884114
20.5,111.5,13602255.0,4.3351054
20.5,112.5,13602255.0,8.688648
20.5,113.5,13602255.0,8.955555
20.5,114.5,13602255.0,8.997163
20.5,115.5,13602255.0,8.925095
20.5,116.5,13602255.0,8.906154
20.5,117.5,13602255.0,8.969145
20.5,118.5,13602255.0,8.958744
20.5,119.5,13602255.0,8.976666
20.5,120.5,13602255.0,0.0
19.5,30.5,13602255.0,0.0
19.5,31.5,13602255.0,0.0
19.5,32.5,13602255.0,0.0
19.5,33.5,13602255.0,0.0
19.5,34.5,13602255.0,0.0
19.5,35.5,13602255.0,0.0
19.5,36.5,13602255.0,0.0
19.5,37.5,13602255.0,0.0
19.5,38.5,13602255.0,0.0
19.5,39.5,13602255.0,0.0
19.5,40.5,13602255.0,0.0
19.5,41.5,13602255.0,0.0
19.5,42.5,13602255.0,0.0
19.5,43.5,13602255.0,0.0
19.5,44.5,13602255.0,0.0
19.5,45.5,13602255.0,0.0
19.5,46.5,13602255.0,0.0
19.5,47.5,13602255.0,0.0
19.5,48.5,13602255.0,0.0
19.5,49.5,13602255.0,0.0
19.5,50.5,13602255.0,0.0
19.5,51.5,13602255.0,0.0
19.5,52.5,13602255.0,0.0
19.5,53.5,13602255.0,0.0
19.5,54.5,13602255.0,0.0
19.5,55.5,13602255.0,0.0
19.5,56.5,13602255.0,0.0
19.5,57.5,13602255.0,0.0
19.5,58.5,13602255.0,0.0
19.5,59.5,13602255.0,0.0
19.5,60.5,13602255.0,0.0
19.5,61.5,13602255.0,0.0
19.5,62.5,13602255.0,0.0
19.5,63.5,13602255.0,0.0
19.5,64.5,13602255.0,0.0
19.5,65.5,13602255.0,0.0
19.5,66.5,13602255.0,0.0
19.5,67.5,13602255.0,0.0
19.5,68.5,13602255.0,0.0
19.5,69.5,13602255.0,0.0
19.5,70.5,13602255.0,0.0
19.5,71.5,13602255.0,0.0
19.5,72.5,13602255.0,0.0
19.5,73.5,13602255.0,0.0
19.5,74.5,13602255.0,0.0
19.5,75.5,13602255.0,0.0
19.5,76.5,13602255.0,0.0
19.5,77.5,13602255.0,0.0
19.5,78.5,13602255.0,0.0
19.5,79.5,13602255.0,0.0
19.5,80.5,13602255.0,0.0
19.5,81.5,13602255.0,0.0
19.5,82.5,13602255.0,0.0
19.5,83.5,13602255.0,0.0
19.5,84.5,13602255.0,0.0
19.5,85.5,13602255.0,0.0
19.5,86.5,13602255.0,0.0
19.5,87.5,13602255.0,0.0
19.5,88.5,13602255.0,0.0
19.5,89.5,13602255.0,0.0
19.5,90.5,13602255.0,0.0
19.5,91.5,13602255.0,0.0
19.5,92.5,13602255.0,0.0
19.5,93.5,13602255.0,0.0
19.5,94.5,13602255.0,0.0
19.5,95.5,13602255.0,0.0
19.5,96.5,13602255.0,0.0
19.5,97.5,13602255.0,0.0
19.5,98.5,13602255.0,0.0
19.5,99.5,13602255.0,0.0
19.5,100.5,13602255.0,0.0
19.5,101.5,13602255.0,0.0
19.5,102.5,13602255.0,0.0
19.5,103.5,13602255.0,0.0
19.5,104.5,13602255.0,0.0
19.5,105.5,13602255.0,0.0
19.5,106.5,13602255.0,0.0
19.5,107.5,13602255.0,0.0028016742
19.5,108.5,13602255.0,0.9068622
19.5,109.5,13602255.0,0.84128183
19.5,110.5,13602255.0,2.2079787
19.5,111.5,13602255.0,5.818029
19.5,112.5,13602255.0,8.522679
19.5,113.5,13602255.0,8.668206
19.5,114.5,13602255.0,8.997917
19.5,115.5,13602255.0,9.0
19.5,116.5,13602255.0,9.0
19.5,117.5,13602255.0,8.999272
19.5,118.5,13602255.0,8.99693
19.5,119.5,13602255.0,8.422863
19.5,120.5,13602255.0,0.0
18.5,30.5,13602255.0,0.0
18.5,31.5,13602255.0,0.0
18.5,32.5,13602255.0,0.0
18.5,33.5,13602255.0,0.0
18.5,34.5,13602255.0,0.0
18.5,35.5,13602255.0,0.0
18.5,36.5,13602255.0,0.0
18.5,37.5,13602255.0,0.0
18.5,38.5,13602255.0,0.0
18.5,39.5,13602255.0,0.0
18.5,40.5,13602255.0,0.0
18.5,41.5,13602255.0,0.0
18.5,42.5,13602255.0,0.0
18.5,43.5,13602255.0,0.0
18.5,44.5,13602255.0,0.0
18.5,45.5,13602255.0,0.0
18.5,46.5,13602255.0,0.0
18.5,47.5,13602255.0,0.0
18.5,48.5,13602255.0,0.0
18.5,49.5,13602255.0,0.0
18.5,50.5,13602255.0,0.0
18.5,51.5,13602255.0,0.0
18.5,52.5,13602255.0,0.0
18.5,53.5,13602255.0,0.0
18.5,54.5,13602255.0,0.0
18.5,55.5,13602255.0,0.0
18.5,56.5,13602255.0,0.0
18.5,57.5,13602255.0,0.0
18.5,58.5,13602255.0,0.0
18.5,59.5,13602255.0,0.0
18.5,60.5,13602255.0,0.0
18.5,61.5,13602255.0,0.0
18.5,62.5,13602255.0,0.0
18.5,63.5,13602255.0,0.0
18.5,64.5,13602255.0,0.0
18.5,65.5,13602255.0,0.0
18.5,66.5,13602255.0,0.0
18.5,67.5,13602255.0,0.0
18.5,68.5,13602255.0,0.0
18.5,69.5,13602255.0,0.0
18.5,70.5,13602255.0,0.0
18.5,71.5,13602255.0,0.0
18.5,72.5,13602255.0,0.0
18.5,73.5,13602255.0,0.0
18.5,74.5,13602255.0,0.0
18.5,75.5,13602255.0,0.0
18.5,76.5,13602255.0,0.0
18.5,77.5,13602255.0,0.0
18.5,78.5,13602255.0,0.0
18.5,79.5,13602255.0,0.0
18.5,80.5,13602255.0,0.0
18.5,81.5,13602255.0,0.0
18.5,82.5,13602255.0,0.0
18.5,83.5,13602255.0,0.0
18.5,84.5,13602255.0,0.0
18.5,85.5,13602255.0,0.0
18.5,86.5,13602255.0,0.0
18.5,87.5,13602255.0,0.0
18.5,88.5,13602255.0,0.0
18.5,89.5,13602255.0,0.0
18.5,90.5,13602255.0,0.0
18.5,91.5,13602255.0,0.0
18.5,92.5,13602255.0,0.0
18.5,93.5,13602255.0,0.0
18.5,94.5,13602255.0,0.0
18.5,95.5,13602255.0,0.0
18.5,96.5,13602255.0,0.0
18.5,97.5,13602255.0,0.0
18.5,98.5,13602255.0,0.0
18.5,99.5,13602255.0,0.0
18.5,100.5,13602255.0,0.0
18.5,101.5,13602255.0,0.0
18.5,102.5,13602255.0,0.0
18.5,103.5,13602255.0,0.0
18.5,104.5,13602255.0,0.0
18.5,105.5,13602255.0,0.0
18.5,106.5,13602255.0,0.0
18.5,107.5,13602255.0,0.05777921
18.5,108.5,13602255.0,0.747524
18.5,109.5,13602255.0,1.3430878
18.5,110.5,13602255.0,5.6782956
18.5,111.5,13602255.0,8.353905
18.5,112.5,13602255.0,8.936537
18.5,113.5,13602255.0,8.989926
18.5,114.5,13602255.0,9.0
18.5,115.5,13602255.0,9.0
18.5,116.5,13602255.0,9.0
18.5,117.5,13602255.0,9.0
18.5,118.5,13602255.0,8.690301
18.5,119.5,13602255.0,5.319567
18.5,120.5,13602255.0,0.0
17.5,30.5,13602255.0,0.0
17.5,31.5,13602255.0,0.0
17.5,32.5,13602255.0,0.0
17.5,33.5,13602255.0,0.0
17.5,34.5,13602255.0,0.0
17.5,35.5,13602255.0,0.0
17.5,36.5,13602255.0,0.0
17.5,37.5,13602255.0,0.0
17.5,38.5,13602255.0,0.0
17.5,39.5,13602255.0,0.0
17.5,40.5,13602255.0,0.0
17.5,41.5,13602255.0,0.0
17.5,42.5,13602255.0,0.0
17.5,43.5,13602255.0,0.0
17.5,44.5,13602255.0,0.0
17.5,45.5,13602255.0,0.0
17.5,46.5,13602255.0,0.0
17.5,47.5,13602255.0,0.0
17.5,48.5,13602255.0,0.0
17.5,49.5,13602255.0,0.0
17.5,50.5,13602255.0,0.0
17.5,51.5,13602255.0,0.0
17.5,52.5,13602255.0,0.0
17.5,53.5,13602255.0,0.0
17.5,54.5,13602255.0,0.0
17.5,55.5,13602255.0,0.0
17.5,56.5,13602255.0,0.0
17.5,57.5,13602255.0,0.0
17.5,58.5,13602255.0,0.0
17.5,59.5,13602255.0,0.0
17.5,60.5,13602255.0,0.0
17.5,61.5,13602255.0,0.0
17.5,62.5,13602255.0,0.0
17.5,63.5,13602255.0,0.0
17.5,64.5,13602255.0,0.0
17.5,65.5,13602255.0,0.0
17.5,66.5,13602255.0,0.0
17.5,67.5,13602255.0,0.0
17.5,68.5,13602255.0,0.0
17.5,69.5,13602255.0,0.0
17.5,70.5,13602255.0,0.0
17.5,71.5,13602255.0,0.0
17.5,72.5,13602255.0,0.0
17.5,73.5,13602255.0,0.0
17.5,74.5,13602255.0,0.0
17.5,75.5,13602255.0,0.0
17.5,76.5,13602255.0,0.0
17.5,77.5,13602255.0,0.0
17.5,78.5,13602255.0,0.0
17.5,79.5,13602255.0,0.0
17.5,80.5,13602255.0,0.0
17.5,81.5,13602255.0,0.0
17.5,82.5,13602255.0,0.0
17.5,83.5,13602255.0,0.0
17.5,84.5,13602255.0,0.0
17.5,85.5,13602255.0,0.0
17.5,86.5,13602255.0,0.0
17.5,87.5,13602255.0,0.0
17.5,88.5,13602255.0,0.0
17.5,89.5,13602255.0,0.0
17.5,90.5,13602255.0,0.0
17.5,91.5,13602255.0,0.0
17.5,92.5,13602255.0,0.0
17.5,93.5,13602255.0,0.0
17.5,94.5,13602255.0,0.0
17.5,95.5,13602255.0,0.0
17.5,96.5,13602255.0,0.0
17.5,97.5,13602255.0,0.0
17.5,98.5,13602255.0,0.0
17.5,99.5,13602255.0,0.0
17.5,100.5,13602255.0,0.0
17.5,101.5,13602255.0,0.0
17.5,102.5,13602255.0,0.0
17.5,103.5,13602255.0,0.0
17.5,104.5,13602255.0,0.0
17.5,105.5,13602255.0,0.0
17.5,106.5,13602255.0,0.0
17.5,107.5,13602255.0,0.03175079
17.5,108.5,13602255.0,0.81670696
17.5,109.5,13602255.0,4.5773687
17.5,110.5,13602255.0,7.8673086
17.5,111.5,13602255.0,8.959142
17.5,112.5,13602255.0,8.55069
17.5,113.5,13602255.0,8.347889
17.5,114.5,13602255.0,8.800654
17.5,115.5,13602255.0,8.987563
17.5,116.5,13602255.0,9.0
17.5,117.5,13602255.0,9.0
17.5,118.5,13602255.0,8.3940935
17.5,119.5,13602255.0,5.166217
17.5,120.5,13602255.0,0.0
16.5,30.5,13602255.0,0.0
16.5,31.5,13602255.0,0.0
16.5,32.5,13602255.0,0.0
16.5,33.5,13602255.0,0.0
16.5,34.5,13602255.0,0.0
16.5,35.5,13602255.0,0.0
16.5,36.5,13602255.0,0.0
16.5,37.5,13602255.0,0.0
16.5,38.5,13602255.0,0.0
16.5,39.5,13602255.0,0.0
16.5,40.5,13602255.0,0.0
16.5,41.5,13602255.0,0.0
16.5,42.5,13602255.0,0.0
16.5,43.5,13602255.0,0.0
16.5,44.5,13602255.0,0.0
16.5,45.5,13602255.0,0.0
16.5,46.5,13602255.0,0.0
16.5,47.5,13602255.0,0.0
16.5,48.5,13602255.0,0.0
16.5,49.5,13602255.0,0.0
16.5,50.5,13602255.0,0.0
16.5,51.5,13602255.0,0.0
16.5,52.5,13602255.0,0.0
16.5,53.5,13602255.0,0.0
16.5,54.5,13602255.0,0.0
16.5,55.5,13602255.0,0.0
16.5,56.5,13602255.0,0.0
16.5,57.5,13602255.0,0.0
16.5,58.5,13602255.0,0.0
16.5,59.5,13602255.0,0.0
16.5,60.5,13602255.0,0.0
16.5,61.5,13602255.0,0.0
16.5,62.5,13602255.0,0.0
16.5,63.5,13602255.0,0.0
16.5,64.5,13602255.0,0.0
16.5,65.5,13602255.0,0.0
16.5,66.5,13602255.0,0.0
16.5,67.5,13602255.0,0.0
16.5,68.5,13602255.0,0.0
16.5,69.5,13602255.0,0.0
16.5,70.5,13602255.0,0.0
16.5,71.5,13602255.0,0.0
16.5,72.5,13602255.0,0.0
16.5,73.5,13602255.0,0.0
16.5,74.5,13602255.0,0.0
16.5,75.5,13602255.0,0.0
16.5,76.5,13602255.0,0.0
16.5,77.5,13602255.0,0.0
16.5,78.5,13602255.0,0.0
16.5,79.5,13602255.0,0.0
16.5,80.5,13602255.0,0.0
16.5,81.5,13602255.0,0.0
16.5,82.5,13602255.0,0.0
16.5,83.5,13602255.0,0.0
16.5,84.5,13602255.0,0.0
16.5,85.5,13602255.0,0.0
16.5,86.5,13602255.0,0.0
16.5,87.5,13602255.0,0.0
16.5,88.5,13602255.0,0.0
16.5,89.5,13602255.0,0.0
16.5,90.5,13602255.0,0.0
16.5,91.5,13602255.0,0.0
16.5,92.5,13602255.0,0.0
16.5,93.5,13602255.0,0.0
16.5,94.5,13602255.0,0.0
16.5,95.5,13602255.0,0.0
16.5,96.5,13602255.0,0.0
16.5,97.5,13602255.0,0.0
16.5,98.5,13602255.0,0.0
16.5,99.5,13602255.0,0.0
16.5,100.5,13602255.0,0.0
16.5,101.5,13602255.0,0.0
16.5,102.5,13602255.0,0.0
16.5,103.5,13602255.0,0.0
16.5,104.5,13602255.0,0.0
16.5,105.5,13602255.0,0.0
16.5,106.5,13602255.0,0.0
16.5,107.5,13602255.0,0.0
16.5,108.5,13602255.0,0.39083594
16.5,109.5,13602255.0,3.1789582
16.5,110.5,13602255.0,6.1740923
16.5,111.5,13602255.0,5.994399
16.5,112.5,13602255.0,4.8231635
16.5,113.5,13602255.0,6.5180244
16.5,114.5,13602255.0,7.8508506
16.5,115.5,13602255.0,8.683578
16.5,116.5,13602255.0,8.933247
16.5,117.5,13602255.0,8.928975
16.5,118.5,13602255.0,7.1319003
16.5,119.5,13602255.0,5.7610035
16.5,120.5,13602255.0,0.0
15.5,30.5,13602255.0,0.0
15.5,31.5,13602255.0,0.0
15.5,32.5,13602255.0,0.0
15.5,33.5,13602255.0,0.0
15.5,34.5,13602255.0,0.0
15.5,35.5,13602255.0,0.0
15.5,36.5,13602255.0,0.0
15.5,37.5,13602255.0,0.0
15.5,38.5,13602255.0,0.0
15.5,39.5,13602255.0,0.0
15.5,40.5,13602255.0,0.0
15.5,41.5,13602255.0,0.0
15.5,42.5,13602255.0,0.0
15.5,43.5,13602255.0,0.0
15.5,44.5,13602255.0,0.0
15.5,45.5,13602255.0,0.0
15.5,46.5,13602255.0,0.0
15.5,47.5,13602255.0,0.0
15.5,48.5,13602255.0,0.0
15.5,49.5,13602255.0,0.0
15.5,50.5,13602255.0,0.0
15.5,51.5,13602255.0,0.0
15.5,52.5,13602255.0,0.0
15.5,53.5,13602255.0,0.0
15.5,54.5,13602255.0,0.0
15.5,55.5,13602255.0,0.0
15.5,56.5,13602255.0,0.0
15.5,57.5,13602255.0,0.0
15.5,58.5,13602255.0,0.0
15.5,59.5,13602255.0,0.0
15.5,60.5,13602255.0,0.0
15.5,61.5,13602255.0,0.0
15.5,62.5,13602255.0,0.0
15.5,63.5,13602255.0,0.0
15.5,64.5,13602255.0,0.0
15.5,65.5,13602255.0,0.0
15.5,66.5,13602255.0,0.0
15.5,67.5,13602255.0,0.0
15.5,68.5,13602255.0,0.0
15.5,69.5,13602255.0,0.0
15.5,70.5,13602255.0,0.0
15.5,71.5,13602255.0,0.0
15.5,72.5,13602255.0,0.0
15.5,73.5,13602255.0,0.0
15.5,74.5,13602255.0,0.0
15.5,75.5,13602255.0,0.0
15.5,76.5,13602255.0,0.0
15.5,77.5,13602255.0,0.0
15.5,78.5,13602255.0,0.0
15.5,79.5,13602255.0,0.0
15.5,80.5,13602255.0,0.0
15.5,81.5,13602255.0,0.0
15.5,82.5,13602255.0,0.0
15.5,83.5,13602255.0,0.0
15.5,84.5,13602255.0,0.0
15.5,85.5,13602255.0,0.0
15.5,86.5,13602255.0,0.0
15.5,87.5,13602255.0,0.0
15.5,88.5,13602255.0,0.0
15.5,89.5,13602255.0,0.0
15.5,90.5,13602255.0,0.0
15.5,91.5,13602255.0,0.0
15.5,92.5,13602255.0,0.0
15.5,93.5,13602255.0,0.0
15.5,94.5,13602255.0,0.0
15.5,95.5,13602255.0,0.0013026318
15.5,96.5,13602255.0,0.016310435
15.5,97.5,13602255.0,0.0021467342
15.5,98.5,13602255.0,0.0
15.5,99.5,13602255.0,0.0
15.5,100.5,13602255.0,0.0
15.5,101.5,13602255.0,0.0
15.5,102.5,13602255.0,0.0
15.5,103.5,13602255.0,0.0
15.5,104.5,13602255.0,0.004791078
15.5,105.5,13602255.0,0.042272743
15.5,106.5,13602255.0,0.0061390973
15.5,107.5,13602255.0,0.0
15.5,108.5,13602255.0,0.00023179073
15.5,109.5,13602255.0,0.13025452
15.5,110.5,13602255.0,0.646017
15.5,111.5,13602255.0,2.3368092
15.5,112.5,13602255.0,5.54508
15.5,113.5,13602255.0,7.4705234
15.5,114.5,13602255.0,7.4597025
15.5,115.5,13602255.0,7.986613
15.5,116.5,13602255.0,6.43179
15.5,117.5,13602255.0,4.432783
15.5,118.5,13602255.0,2.284898
15.5,119.5,13602255.0,4.424562
15.5,120.5,13602255.0,0.0
14.5,30.5,13602255.0,0.0
14.5,31.5,13602255.0,0.0
14.5,32.5,13602255.0,0.0
14.5,33.5,13602255.0,0.0
14.5,34.5,13602255.0,0.0
14.5,35.5,13602255.0,0.0
14.5,36.5,13602255.0,0.0
14.5,37.5,13602255.0,0.0
14.5,38.5,13602255.0,0.0
14.5,39.5,13602255.0,0.0
14.5,40.5,13602255.0,0.0
14.5,41.5,13602255.0,0.0
14.5,42.5,13602255.0,0.0
14.5,43.5,13602255.0,0.0
14.5,44.5,13602255.0,0.0
14.5,45.5,13602255.0,0.0
14.5,46.5,13602255.0,0.0
14.5,47.5,13602255.0,0.0
14.5,48.5,13602255.0,0.0
14.5,49.5,13602255.0,0.0
14.5,50.5,13602255.0,0.0
14.5,51.5,13602255.0,0.0
14.5,52.5,13602255.0,0.0
14.5,53.5,13602255.0,0.0
14.5,54.5,13602255.0,0.0
14.5,55.5,13602255.0,0.0
14.5,56.5,13602255.0,0.0
14.5,57.5,13602255.0,0.0
14.5,58.5,13602255.0,0.0
14.5,59.5,13602255.0,0.0
14.5,60.5,13602255.0,0.0
14.5,61.5,13602255.0,0.0
14.5,62.5,13602255.0,0.0
14.5,63.5,13602255.0,0.0
14.5,64.5,13602255.0,0.0
14.5,65.5,13602255.0,0.0
14.5,66.5,13602255.0,0.0
14.5,67.5,13602255.0,0.0
14.5,68.5,13602255.0,0.0
14.5,69.5,13602255.0,0.0
14.5,70.5,13602255.0,0.0
14.5,71.5,13602255.0,0.0
14.5,72.5,13602255.0,0.0
14.5,73.5,13602255.0,0.0
14.5,74.5,13602255.0,0.0
14.5,75.5,13602255.0,0.0
14.5,76.5,13602255.0,0.0
14.5,77.5,13602255.0,0.0
14.5,78.5,13602255.0,0.0
14.5,79.5,13602255.0,0.0118257
14.5,80.5,13602255.0,0.040018626
14.5,81.5,13602255.0,0.0
14.5,82.5,13602255.0,0.0
14.5,83.5,13602255.0,0.0
14.5,84.5,13602255.0,0.043241624
14.5,85.5,13602255.0,0.03529287
14.5,86.5,13602255.0,0.0
14.5,87.5,13602255.0,0.0
14.5,88.5,13602255.0,0.0
14.5,89.5,13602255.0,0.0
14.5,90.5,13602255.0,0.0
14.5,91.5,13602255.0,0.0
14.5,92.5,13602255.0,0.0
14.5,93.5,13602255.0,0.0
14.5,94.5,13602255.0,0.0
14.5,95.5,13602255.0,0.0069896122
14.5,96.5,13602255.0,0.0448913
14.5,97.5,13602255.0,0.0021226136
14.5,98.5,13602255.0,0.0
14.5,99.5,13602255.0,0.0
14.5,100.5,13602255.0,0.0
14.5,101.5,13602255.0,0.0
14.5,102.5,13602255.0,0.0
14.5,103.5,13602255.0,0.0
14.5,104.5,13602255.0,0.5086302
14.5,105.5,13602255.0,3.795557
14.5,106.5,13602255.0,3.9062333
14.5,107.5,13602255.0,2.015063
14.5,108.5,13602255.0,0.1987143
14.5,109.5,13602255.0,0.0
14.5,110.5,13602255.0,0.066281974
14.5,111.5,13602255.0,0.37926263
14.5,112.5,13602255.0,2.0799708
14.5,113.5,13602255.0,3.9759362
14.5,114.5,13602255.0,5.1071243
14.5,115.5,13602255.0,4.4543996
14.5,116.5,13602255.0,0.696093
14.5,117.5,13602255.0,0.2760653
14.5,118.5,13602255.0,2.2545493
14.5,119.5,13602255.0,2.2582428
14.5,120.5,13602255.0,0.0
13.5,30.5,13602255.0,0.0
13.5,31.5,13602255.0,0.0
13.5,32.5,13602255.0,0.0
13.5,33.5,13602255.0,0.0
13.5,34.5,13602255.0,0.0
13.5,35.5,13602255.0,0.0
13.5,36.5,13602255.0,0.0
13.5,37.5,13602255.0,0.0
13.5,38.5,13602255.0,0.0
13.5,39.5,13602255.0,0.0
13.5,40.5,13602255.0,0.0
13.5,41.5,13602255.0,0.0
13.5,42.5,13602255.0,0.0
13.5,43.5,13602255.0,0.0
13.5,44.5,13602255.0,0.0
13.5,45.5,13602255.0,0.0
13.5,46.5,13602255.0,0.0
13.5,47.5,13602255.0,0.0
13.5,48.5,13602255.0,0.0
13.5,49.5,13602255.0,0.0
13.5,50.5,13602255.0,0.0
13.5,51.5,13602255.0,0.0
13.5,52.5,13602255.0,0.0
13.5,53.5,13602255.0,0.0
13.5,54.5,13602255.0,0.0
13.5,55.5,13602255.0,0.0
13.5,56.5,13602255.0,0.0
13.5,57.5,13602255.0,0.0
13.5,58.5,13602255.0,0.0
13.5,59.5,13602255.0,0.0
13.5,60.5,13602255.0,0.0
13.5,61.5,13602255.0,0.0
13.5,62.5,13602255.0,0.0
13.5,63.5,13602255.0,0.0
13.5,64.5,13602255.0,0.0
13.5,65.5,13602255.0,0.0
13.5,66.5,13602255.0,0.0
13.5,67.5,13602255.0,0.0
13.5,68.5,13602255.0,0.0
13.5,69.5,13602255.0,0.0
13.5,70.5,13602255.0,0.0
13.5,71.5,13602255.0,0.0
13.5,72.5,13602255.0,0.0
13.5,73.5,13602255.0,0.0
13.5,74.5,13602255.0,0.0
13.5,75.5,13602255.0,0.0
13.5,76.5,13602255.0,0.0
13.5,77.5,13602255.0,0.0
13.5,78.5,13602255.0,0.0
13.5,79.5,13602255.0,0.015380863
13.5,80.5,13602255.0,0.049549326
13.5,81.5,13602255.0,0.018020935
13.5,82.5,13602255.0,0.0039272737
13.5,83.5,13602255.0,0.0
13.5,84.5,13602255.0,0.22244425
13.5,85.5,13602255.0,0.23084669
13.5,86.5,13602255.0,0.0
13.5,87.5,13602255.0,0.0
13.5,88.5,13602255.0,0.0
13.5,89.5,13602255.0,0.0
13.5,90.5,13602255.0,0.0
13.5,91.5,13602255.0,0.0
13.5,92.5,13602255.0,0.0
13.5,93.5,13602255.0,0.0
13.5,94.5,13602255.0,0.0
13.5,95.5,13602255.0,0.0
13.5,96.5,13602255.0,0.0
13.5,97.5,13602255.0,0.0
13.5,98.5,13602255.0,0.0
13.5,99.5,13602255.0,0.0
13.5,100.5,13602255.0,0.00014744027
13.5,101.5,13602255.0,0.0012839163
13.5,102.5,13602255.0,0.0
13.5,103.5,13602255.0,0.0
13.5,104.5,13602255.0,0.16030934
13.5,105.5,13602255.0,4.478107
13.5,106.5,13602255.0,8.70529
13.5,107.5,13602255.0,6.649405
13.5,108.5,13602255.0,0.8617413
13.5,109.5,13602255.0,0.0
13.5,110.5,13602255.0,0.0
13.5,111.5,13602255.0,0.016960673
13.5,112.5,13602255.0,0.26863346
13.5,113.5,13602255.0,0.5443455
13.5,114.5,13602255.0,0.71305895
13.5,115.5,13602255.0,0.50126547
13.5,116.5,13602255.0,0.14231215
13.5,117.5,13602255.0,1.4816897
13.5,118.5,13602255.0,2.873199
13.5,119.5,13602255.0,0.49590448
13.5,120.5,13602255.0,0.0
12.5,30.5,13602255.0,0.0
12.5,31.5,13602255.0,0.0
12.5,32.5,13602255.0,0.0
12.5,33.5,13602255.0,0.0
12.5,34.5,13602255.0,0.0
12.5,35.5,13602255.0,0.0
12.5,36.5,13602255.0,0.0
12.5,37.5,13602255.0,0.0
12.5,38.5,13602255.0,0.0
12.5,39.5,13602255.0,0.0
12.5,40.5,13602255.0,0.0
12.5,41.5,13602255.0,0.0
12.5,42.5,13602255.0,0.0
12.5,43.5,13602255.0,0.0
12.5,44.5,13602255.0,0.0
12.5,45.5,13602255.0,0.0
12.5,46.5,13602255.0,0.0
12.5,47.5,13602255.0,0.0
12.5,48.5,13602255.0,0.0
12.5,49.5,13602255.0,0.0
12.5,50.5,13602255.0,0.0
12.5,51.5,13602255.0,0.0
12.5,52.5,13602255.0,0.0
12.5,53.5,13602255.0,0.0
12.5,54.5,13602255.0,0.0
12.5,55.5,13602255.0,0.0
12.5,56.5,13602255.0,0.0
12.5,57.5,13602255.0,0.0
12.5,58.5,13602255.0,0.0
12.5,59.5,13602255.0,0.0
12.5,60.5,13602255.0,0.0
12.5,61.5,13602255.0,0.0
12.5,62.5,13602255.0,0.0
12.5,63.5,13602255.0,0.0
12.5,64.5,13602255.0,0.0
12.5,65.5,13602255.0,0.0
12.5,66.5,13602255.0,0.0
12.5,67.5,13602255.0,0.0
12.5,68.5,13602255.0,0.0
12.5,69.5,13602255.0,0.0
12.5,70.5,13602255.0,0.0
12.5,71.5,13602255.0,0.0
12.5,72.5,13602255.0,0.0
12.5,73.5,13602255.0,0.0
12.5,74.5,13602255.0,0.0
12.5,75.5,13602255.0,0.0
12.5,76.5,13602255.0,0.0
12.5,77.5,13602255.0,0.0
12.5,78.5,13602255.0,0.0
12.5,79.5,13602255.0,0.0
12.5,80.5,13602255.0,0.0
12.5,81.5,13602255.0,0.044764124
12.5,82.5,13602255.0,0.009505222
12.5,83.5,13602255.0,0.0
12.5,84.5,13602255.0,0.0043706754
12.5,85.5,13602255.0,0.0049917274
12.5,86.5,13602255.0,0.0
12.5,87.5,13602255.0,0.0
12.5,88.5,13602255.0,0.0
12.5,89.5,13602255.0,0.0
12.5,90.5,13602255.0,0.0
12.5,91.5,13602255.0,0.0
12.5,92.5,13602255.0,0.0
12.5,93.5,13602255.0,0.0
12.5,94.5,13602255.0,0.0
12.5,95.5,13602255.0,0.0
12.5,96.5,13602255.0,0.0
12.5,97.5,13602255.0,0.0
12.5,98.5,13602255.0,0.0
12.5,99.5,13602255.0,0.0
12.5,100.5,13602255.0,0.022223372
12.5,101.5,13602255.0,0.05341863
12.5,102.5,13602255.0,0.0
12.5,103.5,13602255.0,0.0
12.5,104.5,13602255.0,0.006850989
12.5,105.5,13602255.0,1.1333948
12.5,106.5,13602255.0,3.4422529
12.5,107.5,13602255.0,3.4196727
12.5,108.5,13602255.0,0.99509984
12.5,109.5,13602255.0,0.012603567
12.5,110.5,13602255.0,0.00463381
12.5,111.5,13602255.0,0.5531297
12.5,112.5,13602255.0,1.1854181
12.5,113.5,13602255.0,0.42337227
12.5,114.5,13602255.0,0.018853273
12.5,115.5,13602255.0,0.010594991
12.5,116.5,13602255.0,0.34769067
12.5,117.5,13602255.0,1.8452471
12.5,118.5,13602255.0,1.0467334
12.5,119.5,13602255.0,0.014032654
12.5,120.5,13602255.0,0.0
11.5,30.5,13602255.0,0.0
11.5,31.5,13602255.0,0.0
11.5,32.5,13602255.0,0.0
11.5,33.5,13602255.0,0.0
11.5,34.5,13602255.0,0.0
11.5,35.5,13602255.0,0.0
11.5,36.5,13602255.0,0.0
11.5,37.5,13602255.0,0.0
11.5,38.5,13602255.0,0.0
11.5,39.5,13602255.0,0.0
11.5,40.5,13602255.0,0.0
11.5,41.5,13602255.0,0.0
11.5,42.5,13602255.0,0.0
11.5,43.5,13602255.0,0.0
11.5,44.5,13602255.0,0.0
11.5,45.5,13602255.0,0.0
11.5,46.5,13602255.0,0.0
11.5,47.5,13602255.0,0.0
11.5,48.5,13602255.0,0.0
11.5,49.5,13602255.0,0.0
11.5,50.5,13602255.0,0.0
11.5,51.5,13602255.0,0.0
11.5,52.5,13602255.0,0.0
11.5,53.5,13602255.0,0.0
11.5,54.5,13602255.0,0.0
11.5,55.5,13602255.0,0.0
11.5,56.5,13602255.0,0.0
11.5,57.5,13602255.0,0.0
11.5,58.5,13602255.0,0.0
11.5,59.5,13602255.0,0.0
11.5,60.5,13602255.0,0.0
11.5,61.5,13602255.0,0.0
11.5,62.5,13602255.0,0.0
11.5,63.5,13602255.0,0.0
11.5,64.5,13602255.0,0.0
11.5,65.5,13602255.0,0.0
11.5,66.5,13602255.0,0.0
11.5,67.5,13602255.0,0.0
11.5,68.5,13602255.0,0.0
11.5,69.5,13602255.0,0.0
11.5,70.5,13602255.0,0.0
11.5,71.5,13602255.0,0.0
11.5,72.5,13602255.0,0.0
11.5,73.5,13602255.0,0.0
11.5,74.5,13602255.0,0.0
11.5,75.5,13602255.0,0.0
11.5,76.5,13602255.0,0.0
11.5,77.5,13602255.0,0.0
11.5,78.5,13602255.0,0.0
11.5,79.5,13602255.0,0.0
11.5,80.5,13602255.0,0.0
11.5,81.5,13602255.0,0.0
11.5,82.5,13602255.0,0.0
11.5,83.5,13602255.0,0.0
11.5,84.5,13602255.0,0.0
11.5,85.5,13602255.0,0.0
11.5,86.5,13602255.0,0.0
11.5,87.5,13602255.0,0.0
11.5,88.5,13602255.0,0.0
11.5,89.5,13602255.0,0.0
11.5,90.5,13602255.0,0.0
11.5,91.5,13602255.0,0.0
11.5,92.5,13602255.0,0.0
11.5,93.5,13602255.0,0.0
11.5,94.5,13602255.0,0.0
11.5,95.5,13602255.0,0.0
11.5,96.5,13602255.0,0.0
11.5,97.5,13602255.0,0.0
11.5,98.5,13602255.0,0.0
11.5,99.5,13602255.0,0.0
11.5,100.5,13602255.0,0.0
11.5,101.5,13602255.0,0.0
11.5,102.5,13602255.0,0.005684871
11.5,103.5,13602255.0,0.0018474521
11.5,104.5,13602255.0,0.045966234
11.5,105.5,13602255.0,0.6854718
11.5,106.5,13602255.0,0.70765716
11.5,107.5,13602255.0,0.3114544
11.5,108.5,13602255.0,0.17875618
11.5,109.5,13602255.0,0.004243616
11.5,110.5,13602255.0,0.05622995
11.5,111.5,13602255.0,1.6709292
11.5,112.5,13602255.0,1.3893558
11.5,113.5,13602255.0,0.059193015
11.5,114.5,13602255.0,0.0016105265
11.5,115.5,13602255.0,0.04659398
11.5,116.5,13602255.0,0.6493053
11.5,117.5,13602255.0,1.1247087
11.5,118.5,13602255.0,0.19219157
11.5,119.5,13602255.0,0.0
11.5,120.5,13602255.0,0.0
10.5,30.5,13602255.0,0.0
10.5,31.5,13602255.0,0.0
10.5,32.5,13602255.0,0.0
10.5,33.5,13602255.0,0.0
10.5,34.5,13602255.0,0.0
10.5,35.5,13602255.0,0.0
10.5,36.5,13602255.0,0.0
10.5,37.5,13602255.0,0.0
10.5,38.5,13602255.0,0.0
10.5,39.5,13602255.0,0.0
10.5,40.5,13602255.0,0.0
10.5,41.5,13602255.0,0.0
10.5,42.5,13602255.0,0.0
10.5,43.5,13602255.0,0.0
10.5,44.5,13602255.0,0.0
10.5,45.5,13602255.0,0.0
10.5,46.5,13602255.0,0.0
10.5,47.5,13602255.0,0.0
10.5,48.5,13602255.0,0.0
10.5,49.5,13602255.0,0.0
10.5,50.5,13602255.0,0.0
10.5,51.5,13602255.0,0.0
10.5,52.5,13602255.0,0.0
10.5,53.5,13602255.0,0.0
10.5,54.5,13602255.0,0.0
10.5,55.5,13602255.0,0.0
10.5,56.5,13602255.0,0.0
10.5,57.5,13602255.0,0.0
10.5,58.5,13602255.0,0.0
10.5,59.5,13602255.0,0.0
10.5,60.5,13602255.0,0.0
10.5,61.5,13602255.0,0.0
10.5,62.5,13602255.0,0.0
10.5,63.5,13602255.0,0.0
10.5,64.5,13602255.0,0.0
10.5,65.5,13602255.0,0.0
10.5,66.5,13602255.0,0.0
10.5,67.5,13602255.0,0.0
10.5,68.5,13602255.0,0.0
10.5,69.5,13602255.0,0.0
10.5,70.5,13602255.0,0.0
10.5,71.5,13602255.0,0.0
10.5,72.5,13602255.0,0.0
10.5,73.5,13602255.0,0.0
10.5,74.5,13602255.0,0.0
10.5,75.5,13602255.0,0.0
10.5,76.5,13602255.0,0.0
10.5,77.5,13602255.0,0.0
10.5,78.5,13602255.0,0.026608692
10.5,79.5,13602255.0,0.06865573
10.5,80.5,13602255.0,0.0008319122
10.5,81.5,13602255.0,0.00016134452
10.5,82.5,13602255.0,0.0
10.5,83.5,13602255.0,0.0
10.5,84.5,13602255.0,0.0
10.5,85.5,13602255.0,0.0
10.5,86.5,13602255.0,0.0
10.5,87.5,13602255.0,0.0
10.5,88.5,13602255.0,0.0
10.5,89.5,13602255.0,0.0
10.5,90.5,13602255.0,0.0
10.5,91.5,13602255.0,0.0
10.5,92.5,13602255.0,0.00021364984
10.5,93.5,13602255.0,0.0003257919
10.5,94.5,13602255.0,0.0
10.5,95.5,13602255.0,0.0
10.5,96.5,13602255.0,0.0
10.5,97.5,13602255.0,0.0
10.5,98.5,13602255.0,0.0
10.5,99.5,13602255.0,0.0
10.5,100.5,13602255.0,0.0
10.5,101.5,13602255.0,0.0
10.5,102.5,13602255.0,0.014771137
10.5,103.5,13602255.0,0.038066093
10.5,104.5,13602255.0,0.117925696
10.5,105.5,13602255.0,1.2289304
10.5,106.5,13602255.0,1.1871492
10.5,107.5,13602255.0,0.91435874
10.5,108.5,13602255.0,0.07356937
10.5,109.5,13602255.0,0.018871868
10.5,110.5,13602255.0,0.069392316
10.5,111.5,13602255.0,0.7273033
10.5,112.5,13602255.0,0.34544912
10.5,113.5,13602255.0,0.04386977
10.5,114.5,13602255.0,0.001851885
10.5,115.5,13602255.0,0.0
10.5,116.5,13602255.0,0.00097116287
10.5,117.5,13602255.0,0.00047999996
10.5,118.5,13602255.0,0.0
10.5,119.5,13602255.0,0.0
10.5,120.5,13602255.0,0.0
9.5,30.5,13602255.0,0.0
9.5,31.5,13602255.0,0.0
9.5,32.5,13602255.0,0.0
9.5,33.5,13602255.0,0.0
9.5,34.5,13602255.0,0.0
9.5,35.5,13602255.0,0.0
9.5,36.5,13602255.0,0.0
9.5,37.5,13602255.0,0.0
9.5,38.5,13602255.0,0.0
9.5,39.5,13602255.0,0.0
9.5,40.5,13602255.0,0.0
9.5,41.5,13602255.0,0.0
9.5,42.5,13602255.0,0.0
9.5,43.5,13602255.0,0.0
9.5,44.5,13602255.0,0.0
9.5,45.5,13602255.0,0.0
9.5,46.5,13602255.0,0.0
9.5,47.5,13602255.0,0.0
9.5,48.5,13602255.0,0.0
9.5,49.5,13602255.0,0.0
9.5,50.5,13602255.0,0.0
9.5,51.5,13602255.0,0.0
9.5,52.5,13602255.0,0.0
9.5,53.5,13602255.0,0.0
9.5,54.5,13602255.0,0.0
9.5,55.5,13602255.0,0.0
9.5,56.5,13602255.0,0.0
9.5,57.5,13602255.0,0.0
9.5,58.5,13602255.0,0.0
9.5,59.5,13602255.0,0.0
9.5,60.5,13602255.0,0.0
9.5,61.5,13602255.0,0.0
9.5,62.5,13602255.0,0.0
9.5,63.5,13602255.0,0.0
9.5,64.5,13602255.0,0.0
9.5,65.5,13602255.0,0.0
9.5,66.5,13602255.0,0.0
9.5,67.5,13602255.0,0.0
9.5,68.5,13602255.0,0.0
9.5,69.5,13602255.0,0.0
9.5,70.5,13602255.0,0.0
9.5,71.5,13602255.0,0.0
9.5,72.5,13602255.0,0.0
9.5,73.5,13602255.0,0.0
9.5,74.5,13602255.0,0.060464177
9.5,75.5,13602255.0,0.15533826
9.5,76.5,13602255.0,0.0
9.5,77.5,13602255.0,0.0
9.5,78.5,13602255.0,0.08726808
9.5,79.5,13602255.0,0.20644026
9.5,80.5,13602255.0,0.009540743
9.5,81.5,13602255.0,0.005767903
9.5,82.5,13602255.0,0.0009931035
9.5,83.5,13602255.0,0.0
9.5,84.5,13602255.0,0.004432313
9.5,85.5,13602255.0,0.29140872
9.5,86.5,13602255.0,0.03361353
9.5,87.5,13602255.0,0.023898287
9.5,88.5,13602255.0,0.19572203
9.5,89.5,13602255.0,0.0011844159
9.5,90.5,13602255.0,0.0045364173
9.5,91.5,13602255.0,0.0
9.5,92.5,13602255.0,0.09427639
9.5,93.5,13602255.0,0.22148094
9.5,94.5,13602255.0,0.0
9.5,95.5,13602255.0,0.0
9.5,96.5,13602255.0,0.0
9.5,97.5,13602255.0,0.0
9.5,98.5,13602255.0,0.0
9.5,99.5,13602255.0,0.0
9.5,100.5,13602255.0,0.0
9.5,101.5,13602255.0,0.0
9.5,102.5,13602255.0,0.093756735
9.5,103.5,13602255.0,0.26114175
9.5,104.5,13602255.0,0.05275822
9.5,105.5,13602255.0,0.21133846
9.5,106.5,13602255.0,0.26408592
9.5,107.5,13602255.0,0.07407644
9.5,108.5,13602255.0,0.017788228
9.5,109.5,13602255.0,0.08916785
9.5,110.5,13602255.0,0.03057135
9.5,111.5,13602255.0,0.0055967625
9.5,112.5,13602255.0,0.012214556
9.5,113.5,13602255.0,0.0
9.5,114.5,13602255.0,0.0
9.5,115.5,13602255.0,0.0
9.5,116.5,13602255.0,0.0
9.5,117.5,13602255.0,0.0
9.5,118.5,13602255.0,0.0
9.5,119.5,13602255.0,0.0
9.5,120.5,13602255.0,0.0
8.5,30.5,13602255.0,0.0
8.5,31.5,13602255.0,0.0
8.5,32.5,13602255.0,0.0
8.5,33.5,13602255.0,0.0
8.5,34.5,13602255.0,0.0
8.5,35.5,13602255.0,0.0
8.5,36.5,13602255.0,0.0
8.5,37.5,13602255.0,0.0
8.5,38.5,13602255.0,0.0
8.5,39.5,13602255.0,0.0
8.5,40.5,13602255.0,0.0
8.5,41.5,13602255.0,0.0
8.5,42.5,13602255.0,0.0
8.5,43.5,13602255.0,0.0
8.5,44.5,13602255.0,0.0
8.5,45.5,13602255.0,0.0
8.5,46.5,13602255.0,0.0
8.5,47.5,13602255.0,0.0
8.5,48.5,13602255.0,0.0
8.5,49.5,13602255.0,0.0
8.5,50.5,13602255.0,0.0
8.5,51.5,13602255.0,0.0
8.5,52.5,13602255.0,0.0
8.5,53.5,13602255.0,0.0
8.5,54.5,13602255.0,0.0
8.5,55.5,13602255.0,0.0
8.5,56.5,13602255.0,0.0
8.5,57.5,13602255.0,0.0
8.5,58.5,13602255.0,0.0
8.5,59.5,13602255.0,0.0
8.5,60.5,13602255.0,0.0
8.5,61.5,13602255.0,0.0
8.5,62.5,13602255.0,0.0
8.5,63.5,13602255.0,0.0
8.5,64.5,13602255.0,0.0
8.5,65.5,13602255.0,0.0
8.5,66.5,13602255.0,0.0
8.5,67.5,13602255.0,0.0
8.5,68.5,13602255.0,0.0
8.5,69.5,13602255.0,0.0
8.5,70.5,13602255.0,0.0
8.5,71.5,13602255.0,0.0
8.5,72.5,13602255.0,0.0
8.5,73.5,13602255.0,0.0
8.5,74.5,13602255.0,0.7929282
8.5,75.5,13602255.0,1.3211058
8.5,76.5,13602255.0,0.12908567
8.5,77.5,13602255.0,0.0
8.5,78.5,13602255.0,0.005523289
8.5,79.5,13602255.0,0.00038761782
8.5,80.5,13602255.0,0.0
8.5,81.5,13602255.0,1.2608088
8.5,82.5,13602255.0,1.4660624
8.5,83.5,13602255.0,0.039161716
8.5,84.5,13602255.0,0.6304398
8.5,85.5,13602255.0,4.0176997
8.5,86.5,13602255.0,2.6524923
8.5,87.5,13602255.0,0.41243386
8.5,88.5,13602255.0,0.8062767
8.5,89.5,13602255.0,0.008955847
8.5,90.5,13602255.0,0.1240614
8.5,91.5,13602255.0,0.011874776
8.5,92.5,13602255.0,0.015361334
8.5,93.5,13602255.0,0.03714376
8.5,94.5,13602255.0,0.008213176
8.5,95.5,13602255.0,0.21508242
8.5,96.5,13602255.0,0.20021228
8.5,97.5,13602255.0,0.0
8.5,98.5,13602255.0,0.0
8.5,99.5,13602255.0,0.0
8.5,100.5,13602255.0,0.0
8.5,101.5,13602255.0,0.0
8.5,102.5,13602255.0,0.0
8.5,103.5,13602255.0,0.09479584
8.5,104.5,13602255.0,0.3326878
8.5,105.5,13602255.0,0.03330647
8.5,106.5,13602255.0,0.0
8.5,107.5,13602255.0,0.0
8.5,108.5,13602255.0,0.044602178
8.5,109.5,13602255.0,0.06549481
8.5,110.5,13602255.0,0.0111905355
8.5,111.5,13602255.0,0.006982698
8.5,112.5,13602255.0,0.012168598
8.5,113.5,13602255.0,0.0
8.5,114.5,13602255.0,0.0
8.5,115.5,13602255.0,0.0
8.5,116.5,13602255.0,0.0
8.5,117.5,13602255.0,0.0
8.5,118.5,13602255.0,0.0
8.5,119.5,13602255.0,0.0
8.5,120.5,13602255.0,0.0
7.5,30.5,13602255.0,0.0
7.5,31.5,13602255.0,0.0
7.5,32.5,13602255.0,0.0
7.5,33.5,13602255.0,0.0
7.5,34.5,13602255.0,0.0
7.5,35.5,13602255.0,0.0
7.5,36.5,13602255.0,0.0
7.5,37.5,13602255.0,0.0
7.5,38.5,13602255.0,0.0
7.5,39.5,13602255.0,0.0
7.5,40.5,13602255.0,0.0
7.5,41.5,13602255.0,0.0
7.5,42.5,13602255.0,0.0
7.5,43.5,13602255.0,0.0
7.5,44.5,13602255.0,0.0
7.5,45.5,13602255.0,0.0
7.5,46.5,13602255.0,0.0
7.5,47.5,13602255.0,0.0
7.5,48.5,13602255.0,0.0
7.5,49.5,13602255.0,0.0
7.5,50.5,13602255.0,0.0
7.5,51.5,13602255.0,0.0
7.5,52.5,13602255.0,0.0
7.5,53.5,13602255.0,0.0
7.5,54.5,13602255.0,0.0
7.5,55.5,13602255.0,0.0
7.5,56.5,13602255.0,0.0
7.5,57.5,13602255.0,0.0
7.5,58.5,13602255.0,0.0
7.5,59.5,13602255.0,0.0
7.5,60.5,13602255.0,0.0
7.5,61.5,13602255.0,0.0
7.5,62.5,13602255.0,0.0
7.5,63.5,13602255.0,0.0
7.5,64.5,13602255.0,0.0
7.5,65.5,13602255.0,0.0
7.5,66.5,13602255.0,0.0
7.5,67.5,13602255.0,0.0
7.5,68.5,13602255.0,0.0
7.5,69.5,13602255.0,0.0
7.5,70.5,13602255.0,0.0
7.5,71.5,13602255.0,0.0
7.5,72.5,13602255.0,0.0
7.5,73.5,13602255.0,0.0
7.5,74.5,13602255.0,0.10660736
7.5,75.5,13602255.0,0.75810915
7.5,76.5,13602255.0,0.38120496
7.5,77.5,13602255.0,0.0
7.5,78.5,13602255.0,0.10106667
7.5,79.5,13602255.0,0.3519799
7.5,80.5,13602255.0,0.00023703705
7.5,81.5,13602255.0,0.37656364
7.5,82.5,13602255.0,1.288926
7.5,83.5,13602255.0,0.074630864
7.5,84.5,13602255.0,0.28887424
7.5,85.5,13602255.0,2.6084821
7.5,86.5,13602255.0,2.2602992
7.5,87.5,13602255.0,2.0762544
7.5,88.5,13602255.0,3.7732089
7.5,89.5,13602255.0,1.4738933
7.5,90.5,13602255.0,0.28079998
7.5,91.5,13602255.0,0.22118491
7.5,92.5,13602255.0,0.039679028
7.5,93.5,13602255.0,0.0052756774
7.5,94.5,13602255.0,0.09805819
7.5,95.5,13602255.0,0.6929109
7.5,96.5,13602255.0,0.48867142
7.5,97.5,13602255.0,0.084680215
7.5,98.5,13602255.0,0.10270669
7.5,99.5,13602255.0,0.01639489
7.5,100.5,13602255.0,0.0
7.5,101.5,13602255.0,0.0
7.5,102.5,13602255.0,0.0
7.5,103.5,13602255.0,0.08736989
7.5,104.5,13602255.0,0.39833328
7.5,105.5,13602255.0,0.05667176
7.5,106.5,13602255.0,0.0
7.5,107.5,13602255.0,0.0
7.5,108.5,13602255.0,0.011364182
7.5,109.5,13602255.0,0.00945174
7.5,110.5,13602255.0,0.0038566485
7.5,111.5,13602255.0,0.031470947
7.5,112.5,13602255.0,0.01628853
7.5,113.5,13602255.0,0.025781132
7.5,114.5,13602255.0,0.06987238
7.5,115.5,13602255.0,0.008201327
7.5,116.5,13602255.0,0.0
7.5,117.5,13602255.0,0.0018253522
7.5,118.5,13602255.0,0.006156771
7.5,119.5,13602255.0,0.0
7.5,120.5,13602255.0,0.0
6.5,30.5,13602255.0,0.0
6.5,31.5,13602255.0,0.0
6.5,32.5,13602255.0,0.0
6.5,33.5,13602255.0,0.0
6.5,34.5,13602255.0,0.0
6.5,35.5,13602255.0,0.0
6.5,36.5,13602255.0,0.0
6.5,37.5,13602255.0,0.0
6.5,38.5,13602255.0,0.0
6.5,39.5,13602255.0,0.0
6.5,40.5,13602255.0,0.0
6.5,41.5,13602255.0,0.0
6.5,42.5,13602255.0,0.0
6.5,43.5,13602255.0,0.0
6.5,44.5,13602255.0,0.0
6.5,45.5,13602255.0,0.0
6.5,46.5,13602255.0,0.0
6.5,47.5,13602255.0,0.0
6.5,48.5,13602255.0,0.0
6.5,49.5,13602255.0,0.0
6.5,50.5,13602255.0,0.0
6.5,51.5,13602255.0,0.0
6.5,52.5,13602255.0,0.0
6.5,53.5,13602255.0,0.0
6.5,54.5,13602255.0,0.0
6.5,55.5,13602255.0,0.0
6.5,56.5,13602255.0,0.0
6.5,57.5,13602255.0,0.0
6.5,58.5,13602255.0,0.0
6.5,59.5,13602255.0,0.0
6.5,60.5,13602255.0,0.0
6.5,61.5,13602255.0,0.0
6.5,62.5,13602255.0,0.0
6.5,63.5,13602255.0,0.0
6.5,64.5,13602255.0,0.0
6.5,65.5,13602255.0,0.0
6.5,66.5,13602255.0,0.0
6.5,67.5,13602255.0,0.0
6.5,68.5,13602255.0,0.0
6.5,69.5,13602255.0,0.0
6.5,70.5,13602255.0,0.0
6.5,71.5,13602255.0,0.0
6.5,72.5,13602255.0,0.0
6.5,73.5,13602255.0,0.0
6.5,74.5,13602255.0,0.0
6.5,75.5,13602255.0,0.0
6.5,76.5,13602255.0,0.0
6.5,77.5,13602255.0,0.0
6.5,78.5,13602255.0,0.02163798
6.5,79.5,13602255.0,0.08408141
6.5,80.5,13602255.0,0.0153116295
6.5,81.5,13602255.0,0.54284894
6.5,82.5,13602255.0,2.0649872
6.5,83.5,13602255.0,1.3004841
6.5,84.5,13602255.0,0.35577506
6.5,85.5,13602255.0,2.6153564
6.5,86.5,13602255.0,0.777097
6.5,87.5,13602255.0,0.34272388
6.5,88.5,13602255.0,2.5505455
6.5,89.5,13602255.0,6.755234
6.5,90.5,13602255.0,5.370005
6.5,91.5,13602255.0,4.8005924
6.5,92.5,13602255.0,4.5195217
6.5,93.5,13602255.0,2.2080355
6.5,94.5,13602255.0,1.1218028
6.5,95.5,13602255.0,3.2970736
6.5,96.5,13602255.0,2.353506
6.5,97.5,13602255.0,0.58948886
6.5,98.5,13602255.0,0.024570135
6.5,99.5,13602255.0,0.009206932
6.5,100.5,13602255.0,0.0
6.5,101.5,13602255.0,0.0
6.5,102.5,13602255.0,0.0643005
6.5,103.5,13602255.0,0.5496279
6.5,104.5,13602255.0,0.08421515
6.5,105.5,13602255.0,0.0
6.5,106.5,13602255.0,0.0
6.5,107.5,13602255.0,0.0
6.5,108.5,13602255.0,0.0
6.5,109.5,13602255.0,0.013143078
6.5,110.5,13602255.0,1.0790548
6.5,111.5,13602255.0,1.8055527
6.5,112.5,13602255.0,0.27394825
6.5,113.5,13602255.0,1.0197489
6.5,114.5,13602255.0,2.4495118
6.5,115.5,13602255.0,0.63675034
6.5,116.5,13602255.0,0.11202866
6.5,117.5,13602255.0,0.88134676
6.5,118.5,13602255.0,0.64938676
6.5,119.5,13602255.0,0.0010808718
6.5,120.5,13602255.0,0.0
5.5,30.5,13602255.0,0.0
5.5,31.5,13602255.0,0.0
5.5,32.5,13602255.0,0.0
5.5,33.5,13602255.0,0.0
5.5,34.5,13602255.0,0.0
5.5,35.5,13602255.0,0.0
5.5,36.5,13602255.0,0.0
5.5,37.5,13602255.0,0.0
5.5,38.5,13602255.0,0.0
5.5,39.5,13602255.0,0.0
5.5,40.5,13602255.0,0.0
5.5,41.5,13602255.0,0.0
5.5,42.5,13602255.0,0.0
5.5,43.5,13602255.0,0.0
5.5,44.5,13602255.0,0.0
5.5,45.5,13602255.0,0.0
5.5,46.5,13602255.0,0.0
5.5,47.5,13602255.0,0.0
5.5,48.5,13602255.0,0.0
5.5,49.5,13602255.0,0.0
5.5,50.5,13602255.0,0.0
5.5,51.5,13602255.0,0.0
5.5,52.5,13602255.0,0.0
5.5,53.5,13602255.0,0.0
5.5,54.5,13602255.0,0.0
5.5,55.5,13602255.0,0.0
5.5,56.5,13602255.0,0.0
5.5,57.5,13602255.0,0.0
5.5,58.5,13602255.0,0.0
5.5,59.5,13602255.0,0.0
5.5,60.5,13602255.0,0.0
5.5,61.5,13602255.0,0.0
5.5,62.5,13602255.0,0.0
5.5,63.5,13602255.0,0.0
5.5,64.5,13602255.0,0.0
5.5,65.5,13602255.0,0.0
5.5,66.5,13602255.0,0.0
5.5,67.5,13602255.0,0.0
5.5,68.5,13602255.0,0.0
5.5,69.5,13602255.0,0.0
5.5,70.5,13602255.0,0.0
5.5,71.5,13602255.0,0.0
5.5,72.5,13602255.0,0.0
5.5,73.5,13602255.0,0.0
5.5,74.5,13602255.0,0.0
5.5,75.5,13602255.0,0.0
5.5,76.5,13602255.0,0.0
5.5,77.5,13602255.0,0.0
5.5,78.5,13602255.0,0.0
5.5,79.5,13602255.0,0.0
5.5,80.5,13602255.0,0.19707668
5.5,81.5,13602255.0,4.1040177
5.5,82.5,13602255.0,5.1808386
5.5,83.5,13602255.0,4.961009
5.5,84.5,13602255.0,1.8154751
5.5,85.5,13602255.0,3.777261
5.5,86.5,13602255.0,4.3112206
5.5,87.5,13602255.0,2.3058074
5.5,88.5,13602255.0,3.2970378
5.5,89.5,13602255.0,4.264939
5.5,90.5,13602255.0,6.7986593
5.5,91.5,13602255.0,8.625554
5.5,92.5,13602255.0,8.949799
5.5,93.5,13602255.0,7.0568814
5.5,94.5,13602255.0,4.8920894
5.5,95.5,13602255.0,2.3533933
5.5,96.5,13602255.0,1.5774794
5.5,97.5,13602255.0,1.7613422
5.5,98.5,13602255.0,2.1744225
5.5,99.5,13602255.0,1.3615586
5.5,100.5,13602255.0,0.25502008
5.5,101.5,13602255.0,0.0
5.5,102.5,13602255.0,0.13241781
5.5,103.5,13602255.0,1.5340604
5.5,104.5,13602255.0,0.6267057
5.5,105.5,13602255.0,0.0026113994
5.5,106.5,13602255.0,0.0
5.5,107.5,13602255.0,0.0
5.5,108.5,13602255.0,0.0030726949
5.5,109.5,13602255.0,0.3495864
5.5,110.5,13602255.0,2.062375
5.5,111.5,13602255.0,2.875771
5.5,112.5,13602255.0,4.649162
5.5,113.5,13602255.0,4.980685
5.5,114.5,13602255.0,2.8598769
5.5,115.5,13602255.0,0.23655343
5.5,116.5,13602255.0,0.024966419
5.5,117.5,13602255.0,0.27155218
5.5,118.5,13602255.0,0.242463
5.5,119.5,13602255.0,0.053965032
5.5,120.5,13602255.0,0.0
4.5,30.5,13602255.0,0.0
4.5,31.5,13602255.0,0.0
4.5,32.5,13602255.0,0.0
4.5,33.5,13602255.0,0.0
4.5,34.5,13602255.0,0.0
4.5,35.5,13602255.0,0.0
4.5,36.5,13602255.0,0.0
4.5,37.5,13602255.0,0.0
4.5,38.5,13602255.0,0.0
4.5,39.5,13602255.0,0.0
4.5,40.5,13602255.0,0.0
4.5,41.5,13602255.0,0.0
4.5,42.5,13602255.0,0.0
4.5,43.5,13602255.0,0.0
4.5,44.5,13602255.0,0.0
4.5,45.5,13602255.0,0.0
4.5,46.5,13602255.0,0.0
4.5,47.5,13602255.0,0.0
4.5,48.5,13602255.0,0.0
4.5,49.5,13602255.0,0.0
4.5,50.5,13602255.0,0.0
4.5,51.5,13602255.0,0.0
4.5,52.5,13602255.0,0.0
4.5,53.5,13602255.0,6.409496e-05
4.5,54.5,13602255.0,0.032852568
4.5,55.5,13602255.0,0.00052325585
4.5,56.5,13602255.0,0.0
4.5,57.5,13602255.0,0.0
4.5,58.5,13602255.0,0.0
4.5,59.5,13602255.0,0.0
4.5,60.5,13602255.0,0.0
4.5,61.5,13602255.0,0.0
4.5,62.5,13602255.0,0.0
4.5,63.5,13602255.0,0.0
4.5,64.5,13602255.0,0.0
4.5,65.5,13602255.0,0.0
4.5,66.5,13602255.0,0.0
4.5,67.5,13602255.0,0.0
4.5,68.5,13602255.0,0.0
4.5,69.5,13602255.0,0.0
4.5,70.5,13602255.0,0.0
4.5,71.5,13602255.0,0.0
4.5,72.5,13602255.0,0.0
4.5,73.5,13602255.0,0.0
4.5,74.5,13602255.0,0.0
4.5,75.5,13602255.0,0.0
4.5,76.5,13602255.0,0.0
4.5,77.5,13602255.0,0.0
4.5,78.5,13602255.0,0.0
4.5,79.5,13602255.0,0.0
4.5,80.5,13602255.0,0.00790244
4.5,81.5,13602255.0,0.5785145
4.5,82.5,13602255.0,0.64754266
4.5,83.5,13602255.0,0.8692179
4.5,84.5,13602255.0,0.32232413
4.5,85.5,13602255.0,2.6830592
4.5,86.5,13602255.0,5.560564
4.5,87.5,13602255.0,7.637992
4.5,88.5,13602255.0,7.3721657
4.5,89.5,13602255.0,3.132881
4.5,90.5,13602255.0,1.446914
4.5,91.5,13602255.0,6.4393973
4.5,92.5,13602255.0,8.272481
4.5,93.5,13602255.0,8.211679
4.5,94.5,13602255.0,6.571318
4.5,95.5,13602255.0,5.61414
4.5,96.5,13602255.0,0.6829659
4.5,97.5,13602255.0,0.77835214
4.5,98.5,13602255.0,4.7679625
4.5,99.5,13602255.0,7.535658
4.5,100.5,13602255.0,2.91972
4.5,101.5,13602255.0,0.0057320404
4.5,102.5,13602255.0,0.005660528
4.5,103.5,13602255.0,0.41310582
4.5,104.5,13602255.0,0.37009746
4.5,105.5,13602255.0,0.00042352942
4.5,106.5,13602255.0,0.0
4.5,107.5,13602255.0,0.0
4.5,108.5,13602255.0,0.028581811
4.5,109.5,13602255.0,1.9828883
4.5,110.5,13602255.0,7.0332437
4.5,111.5,13602255.0,7.392507
4.5,112.5,13602255.0,4.242761
4.5,113.5,13602255.0,1.2704577
4.5,114.5,13602255.0,0.26763284
4.5,115.5,13602255.0,0.0016519482
4.5,116.5,13602255.0,0.081172355
4.5,117.5,13602255.0,2.222334
4.5,118.5,13602255.0,4.371963
4.5,119.5,13602255.0,3.0116222
4.5,120.5,13602255.0,0.0
3.5,30.5,13602255.0,0.0
3.5,31.5,13602255.0,0.0
3.5,32.5,13602255.0,0.0
3.5,33.5,13602255.0,0.0
3.5,34.5,13602255.0,0.0
3.5,35.5,13602255.0,0.0
3.5,36.5,13602255.0,0.0
3.5,37.5,13602255.0,0.0
3.5,38.5,13602255.0,0.0
3.5,39.5,13602255.0,0.0
3.5,40.5,13602255.0,0.0
3.5,41.5,13602255.0,0.0
3.5,42.5,13602255.0,0.0
3.5,43.5,13602255.0,0.0
3.5,44.5,13602255.0,0.0
3.5,45.5,13602255.0,0.0
3.5,46.5,13602255.0,0.0
3.5,47.5,13602255.0,0.0
3.5,48.5,13602255.0,0.0
3.5,49.5,13602255.0,0.0
3.5,50.5,13602255.0,0.0
3.5,51.5,13602255.0,0.0
3.5,52.5,13602255.0,0.0
3.5,53.5,13602255.0,0.0
3.5,54.5,13602255.0,0.030997314
3.5,55.5,13602255.0,0.0009545841
3.5,56.5,13602255.0,0.0
3.5,57.5,13602255.0,0.0
3.5,58.5,13602255.0,0.0
3.5,59.5,13602255.0,0.0
3.5,60.5,13602255.0,0.0
3.5,61.5,13602255.0,0.0
3.5,62.5,13602255.0,0.0
3.5,63.5,13602255.0,0.0
3.5,64.5,13602255.0,0.0
3.5,65.5,13602255.0,0.0
3.5,66.5,13602255.0,0.0
3.5,67.5,13602255.0,0.0
3.5,68.5,13602255.0,0.0
3.5,69.5,13602255.0,0.0
3.5,70.5,13602255.0,0.0
3.5,71.5,13602255.0,0.0
3.5,72.5,13602255.0,0.0
3.5,73.5,13602255.0,0.0
3.5,74.5,13602255.0,0.0
3.5,75.5,13602255.0,0.0
3.5,76.5,13602255.0,0.0
3.5,77.5,13602255.0,0.0
3.5,78.5,13602255.0,0.0
3.5,79.5,13602255.0,0.0
3.5,80.5,13602255.0,0.0
3.5,81.5,13602255.0,0.0
3.5,82.5,13602255.0,0.0
3.5,83.5,13602255.0,0.00084244914
3.5,84.5,13602255.0,0.026264632
3.5,85.5,13602255.0,0.8306721
3.5,86.5,13602255.0,3.5530267
3.5,87.5,13602255.0,7.3317533
3.5,88.5,13602255.0,8.872512
3.5,89.5,13602255.0,6.2869973
3.5,90.5,13602255.0,0.7022523
3.5,91.5,13602255.0,2.6024108
3.5,92.5,13602255.0,3.5316567
3.5,93.5,13602255.0,4.7061815
3.5,94.5,13602255.0,2.5565248
3.5,95.5,13602255.0,3.293739
3.5,96.5,13602255.0,2.5471087
3.5,97.5,13602255.0,4.8587494
3.5,98.5,13602255.0,4.416037
3.5,99.5,13602255.0,7.9264235
3.5,100.5,13602255.0,6.54195
3.5,101.5,13602255.0,1.4968327
3.5,102.5,13602255.0,1.7862808
3.5,103.5,13602255.0,3.709487
3.5,104.5,13602255.0,1.6949918
3.5,105.5,13602255.0,0.3892317
3.5,106.5,13602255.0,0.18346286
3.5,107.5,13602255.0,0.03320287
3.5,108.5,13602255.0,2.1102786
3.5,109.5,13602255.0,6.667061
3.5,110.5,13602255.0,6.292187
3.5,111.5,13602255.0,2.119522
3.5,112.5,13602255.0,0.36370996
3.5,113.5,13602255.0,0.0014663952
3.5,114.5,13602255.0,0.0
3.5,115.5,13602255.0,0.0052278275
3.5,116.5,13602255.0,0.11149534
3.5,117.5,13602255.0,1.1860597
3.5,118.5,13602255.0,3.372249
3.5,119.5,13602255.0,2.0479538
3.5,120.5,13602255.0,0.0
2.5,30.5,13602255.0,0.0
2.5,31.5,13602255.0,0.005856
2.5,32.5,13602255.0,0.0663282
2.5,33.5,13602255.0,0.021003822
2.5,34.5,13602255.0,0.0
2.5,35.5,13602255.0,0.0
2.5,36.5,13602255.0,0.0
2.5,37.5,13602255.0,0.0
2.5,38.5,13602255.0,0.0
2.5,39.5,13602255.0,0.0
2.5,40.5,13602255.0,0.0
2.5,41.5,13602255.0,0.0
2.5,42.5,13602255.0,0.0
2.5,43.5,13602255.0,0.0
2.5,44.5,13602255.0,0.0
2.5,45.5,13602255.0,0.0
2.5,46.5,13602255.0,0.0
2.5,47.5,13602255.0,0.0
2.5,48.5,13602255.0,0.0
2.5,49.5,13602255.0,0.0
2.5,50.5,13602255.0,0.0
2.5,51.5,13602255.0,0.0
2.5,52.5,13602255.0,0.0
2.5,53.5,13602255.0,0.0
2.5,54.5,13602255.0,0.0
2.5,55.5,13602255.0,0.0
2.5,56.5,13602255.0,0.0
2.5,57.5,13602255.0,0.0
2.5,58.5,13602255.0,0.0
2.5,59.5,13602255.0,0.0
2.5,60.5,13602255.0,0.0
2.5,61.5,13602255.0,0.0
2.5,62.5,13602255.0,0.0
2.5,63.5,13602255.0,0.0
2.5,64.5,13602255.0,0.0
2.5,65.5,13602255.0,0.0
2.5,66.5,13602255.0,0.0
2.5,67.5,13602255.0,0.0
2.5,68.5,13602255.0,0.0
2.5,69.5,13602255.0,0.0
2.5,70.5,13602255.0,0.0
2.5,71.5,13602255.0,0.0
2.5,72.5,13602255.0,0.0
2.5,73.5,13602255.0,0.0
2.5,74.5,13602255.0,0.0
2.5,75.5,13602255.0,0.0
2.5,76.5,13602255.0,0.0
2.5,77.5,13602255.0,0.0
2.5,78.5,13602255.0,0.0
2.5,79.5,13602255.0,0.0
2.5,80.5,13602255.0,0.0
2.5,81.5,13602255.0,0.0
2.5,82.5,13602255.0,0.0
2.5,83.5,13602255.0,0.00024893618
2.5,84.5,13602255.0,0.0
2.5,85.5,13602255.0,0.1597861
2.5,86.5,13602255.0,0.69384116
2.5,87.5,13602255.0,2.7037346
2.5,88.5,13602255.0,5.3263
2.5,89.5,13602255.0,2.7099507
2.5,90.5,13602255.0,0.54062575
2.5,91.5,13602255.0,1.6529874
2.5,92.5,13602255.0,1.8445817
2.5,93.5,13602255.0,1.4920745
2.5,94.5,13602255.0,0.8671572
2.5,95.5,13602255.0,1.5460203
2.5,96.5,13602255.0,2.264019
2.5,97.5,13602255.0,4.0105314
2.5,98.5,13602255.0,5.605618
2.5,99.5,13602255.0,8.054712
2.5,100.5,13602255.0,8.004867
2.5,101.5,13602255.0,3.9338205
2.5,102.5,13602255.0,1.6420491
2.5,103.5,13602255.0,1.8802117
2.5,104.5,13602255.0,1.6375308
2.5,105.5,13602255.0,0.7931439
2.5,106.5,13602255.0,0.73509955
2.5,107.5,13602255.0,2.4200692
2.5,108.5,13602255.0,6.942178
2.5,109.5,13602255.0,8.542792
2.5,110.5,13602255.0,5.4499865
2.5,111.5,13602255.0,1.1643426
2.5,112.5,13602255.0,0.17501755
2.5,113.5,13602255.0,0.0022922452
2.5,114.5,13602255.0,0.0
2.5,115.5,13602255.0,0.008035013
2.5,116.5,13602255.0,0.015680004
2.5,117.5,13602255.0,0.065343626
2.5,118.5,13602255.0,0.2893151
2.5,119.5,13602255.0,0.18402714
2.5,120.5,13602255.0,0.0
1.5,30.5,13602255.0,0.0
1.5,31.5,13602255.0,0.22443789
1.5,32.5,13602255.0,1.2985538
1.5,33.5,13602255.0,0.33793846
1.5,34.5,13602255.0,0.0
1.5,35.5,13602255.0,0.0
1.5,36.5,13602255.0,0.0
1.5,37.5,13602255.0,0.0
1.5,38.5,13602255.0,0.0
1.5,39.5,13602255.0,0.0
1.5,40.5,13602255.0,0.0
1.5,41.5,13602255.0,0.0
1.5,42.5,13602255.0,0.0
1.5,43.5,13602255.0,0.0
1.5,44.5,13602255.0,0.0
1.5,45.5,13602255.0,0.0
1.5,46.5,13602255.0,0.0
1.5,47.5,13602255.0,0.0
1.5,48.5,13602255.0,0.0
1.5,49.5,13602255.0,0.0
1.5,50.5,13602255.0,0.0
1.5,51.5,13602255.0,0.0
1.5,52.5,13602255.0,0.0
1.5,53.5,13602255.0,0.0
1.5,54.5,13602255.0,0.0
1.5,55.5,13602255.0,0.0
1.5,56.5,13602255.0,0.0
1.5,57.5,13602255.0,0.0
1.5,58.5,13602255.0,0.0
1.5,59.5,13602255.0,0.0
1.5,60.5,13602255.0,0.0
1.5,61.5,13602255.0,0.0
1.5,62.5,13602255.0,0.0
1.5,63.5,13602255.0,0.0
1.5,64.5,13602255.0,0.0
1.5,65.5,13602255.0,0.0
1.5,66.5,13602255.0,0.0
1.5,67.5,13602255.0,0.0
1.5,68.5,13602255.0,0.0
1.5,69.5,13602255.0,0.0
1.5,70.5,13602255.0,0.0
1.5,71.5,13602255.0,0.0
1.5,72.5,13602255.0,0.0
1.5,73.5,13602255.0,0.0
1.5,74.5,13602255.0,0.0
1.5,75.5,13602255.0,0.0
1.5,76.5,13602255.0,0.0
1.5,77.5,13602255.0,0.0
1.5,78.5,13602255.0,0.0
1.5,79.5,13602255.0,0.0
1.5,80.5,13602255.0,0.0
1.5,81.5,13602255.0,0.0
1.5,82.5,13602255.0,0.00046035816
1.5,83.5,13602255.0,0.07406275
1.5,84.5,13602255.0,0.75994027
1.5,85.5,13602255.0,1.7521365
1.5,86.5,13602255.0,3.2439916
1.5,87.5,13602255.0,1.5070927
1.5,88.5,13602255.0,1.4392674
1.5,89.5,13602255.0,1.8924028
1.5,90.5,13602255.0,0.86294794
1.5,91.5,13602255.0,0.75093615
1.5,92.5,13602255.0,1.8011284
1.5,93.5,13602255.0,3.188906
1.5,94.5,13602255.0,6.3071947
1.5,95.5,13602255.0,7.1245484
1.5,96.5,13602255.0,7.512795
1.5,97.5,13602255.0,5.9229007
1.5,98.5,13602255.0,4.5932417
1.5,99.5,13602255.0,1.7795285
1.5,100.5,13602255.0,1.4215128
1.5,101.5,13602255.0,0.31191438
1.5,102.5,13602255.0,0.25303212
1.5,103.5,13602255.0,0.8383357
1.5,104.5,13602255.0,3.3011312
1.5,105.5,13602255.0,1.8143029
1.5,106.5,13602255.0,0.29993632
1.5,107.5,13602255.0,1.5719379
1.5,108.5,13602255.0,2.7458918
1.5,109.5,13602255.0,2.811212
1.5,110.5,13602255.0,1.3958814
1.5,111.5,13602255.0,0.37166655
1.5,112.5,13602255.0,0.007742568
1.5,113.5,13602255.0,0.0038278492
1.5,114.5,13602255.0,0.0
1.5,115.5,13602255.0,0.0025230777
1.5,116.5,13602255.0,0.019384606
1.5,117.5,13602255.0,0.008438012
1.5,118.5,13602255.0,0.036743656
1.5,119.5,13602255.0,0.020382611
1.5,120.5,13602255.0,0.0
0.5,30.5,13602255.0,0.0
0.5,31.5,13602255.0,0.013494146
0.5,32.5,13602255.0,0.07264722
0.5,33.5,13602255.0,0.015657384
0.5,34.5,13602255.0,0.0
0.5,35.5,13602255.0,0.0
0.5,36.5,13602255.0,0.0
0.5,37.5,13602255.0,0.0
0.5,38.5,13602255.0,0.0
0.5,39.5,13602255.0,0.0
0.5,40.5,13602255.0,0.0
0.5,41.5,13602255.0,0.0
0.5,42.5,13602255.0,0.0
0.5,43.5,13602255.0,0.0
0.5,44.5,13602255.0,0.0
0.5,45.5,13602255.0,0.0
0.5,46.5,13602255.0,0.0
0.5,47.5,13602255.0,0.0
0.5,48.5,13602255.0,0.0
0.5,49.5,13602255.0,0.0
0.5,50.5,13602255.0,0.0
0.5,51.5,13602255.0,0.0
0.5,52.5,13602255.0,0.0
0.5,53.5,13602255.0,0.0
0.5,54.5,13602255.0,0.0
0.5,55.5,13602255.0,0.0
0.5,56.5,13602255.0,0.0
0.5,57.5,13602255.0,0.0
0.5,58.5,13602255.0,0.0
0.5,59.5,13602255.0,0.0
0.5,60.5,13602255.0,0.0
0.5,61.5,13602255.0,0.0
0.5,62.5,13602255.0,0.0
0.5,63.5,13602255.0,0.0
0.5,64.5,13602255.0,0.0
0.5,65.5,13602255.0,0.0
0.5,66.5,13602255.0,0.0
0.5,67.5,13602255.0,0.0
0.5,68.5,13602255.0,0.0
0.5,69.5,13602255.0,0.0
0.5,70.5,13602255.0,0.0
0.5,71.5,13602255.0,0.0
0.5,72.5,13602255.0,0.0
0.5,73.5,13602255.0,0.0
0.5,74.5,13602255.0,0.0
0.5,75.5,13602255.0,0.0
0.5,76.5,13602255.0,0.0
0.5,77.5,13602255.0,0.0
0.5,78.5,13602255.0,0.0
0.5,79.5,13602255.0,0.0
0.5,80.5,13602255.0,0.0
0.5,81.5,13602255.0,0.0
0.5,82.5,13602255.0,0.0
0.5,83.5,13602255.0,0.0075259274
0.5,84.5,13602255.0,0.29098248
0.5,85.5,13602255.0,1.4073491
0.5,86.5,13602255.0,4.102872
0.5,87.5,13602255.0,5.2928634
0.5,88.5,13602255.0,5.773905
0.5,89.5,13602255.0,6.058152
0.5,90.5,13602255.0,1.8421748
0.5,91.5,13602255.0,0.946292
0.5,92.5,13602255.0,4.2893825
0.5,93.5,13602255.0,4.6388917
0.5,94.5,13602255.0,5.0223794
0.5,95.5,13602255.0,7.7224565
0.5,96.5,13602255.0,4.923415
0.5,97.5,13602255.0,4.53324
0.5,98.5,13602255.0,4.399108
0.5,99.5,13602255.0,1.0400931
0.5,100.5,13602255.0,0.0
0.5,101.5,13602255.0,0.0
0.5,102.5,13602255.0,0.22453423
0.5,103.5,13602255.0,1.8387694
0.5,104.5,13602255.0,4.762297
0.5,105.5,13602255.0,1.9644127
0.5,106.5,13602255.0,0.072341554
0.5,107.5,13602255.0,0.38742375
0.5,108.5,13602255.0,0.290954
0.5,109.5,13602255.0,0.28237823
0.5,110.5,13602255.0,0.07407689
0.5,111.5,13602255.0,0.0
0.5,112.5,13602255.0,0.005130366
0.5,113.5,13602255.0,0.012351468
0.5,114.5,13602255.0,0.707576
0.5,115.5,13602255.0,1.742918
0.5,116.5,13602255.0,1.6098013
0.5,117.5,13602255.0,1.7149616
0.5,118.5,13602255.0,1.8097084
0.5,119.5,13602255.0,1.1625881
0.5,120.5,13602255.0,0.0
-0.5,30.5,13602255.0,0.0
-0.5,31.5,13602255.0,0.0
-0.5,32.5,13602255.0,0.0
-0.5,33.5,13602255.0,0.0
-0.5,34.5,13602255.0,0.0
-0.5,35.5,13602255.0,0.0
-0.5,36.5,13602255.0,0.0
-0.5,37.5,13602255.0,0.0
-0.5,38.5,13602255.0,0.0
-0.5,39.5,13602255.0,0.0
-0.5,40.5,13602255.0,0.0
-0.5,41.5,13602255.0,0.0
-0.5,42.5,13602255.0,0.0
-0.5,43.5,13602255.0,0.0
-0.5,44.5,13602255.0,0.0
-0.5,45.5,13602255.0,0.0
-0.5,46.5,13602255.0,0.0
-0.5,47.5,13602255.0,0.0
-0.5,48.5,13602255.0,0.0
-0.5,49.5,13602255.0,0.0
-0.5,50.5,13602255.0,0.0
-0.5,51.5,13602255.0,0.0
-0.5,52.5,13602255.0,0.0
-0.5,53.5,13602255.0,0.0
-0.5,54.5,13602255.0,0.0
-0.5,55.5,13602255.0,0.0
-0.5,56.5,13602255.0,0.0
-0.5,57.5,13602255.0,0.0
-0.5,58.5,13602255.0,0.0
-0.5,59.5,13602255.0,0.010152384
-0.5,60.5,13602255.0,0.020116488
-0.5,61.5,13602255.0,0.0021904767
-0.5,62.5,13602255.0,0.0035238105
-0.5,63.5,13602255.0,0.0
-0.5,64.5,13602255.0,0.0
-0.5,65.5,13602255.0,0.11683815
-0.5,66.5,13602255.0,0.27304894
-0.5,67.5,13602255.0,0.03998094
-0.5,68.5,13602255.0,1.8367347e-05
-0.5,69.5,13602255.0,0.0
-0.5,70.5,13602255.0,0.0
-0.5,71.5,13602255.0,0.0
-0.5,72.5,13602255.0,0.0
-0.5,73.5,13602255.0,0.0
-0.5,74.5,13602255.0,0.0
-0.5,75.5,13602255.0,0.0
-0.5,76.5,13602255.0,0.0
-0.5,77.5,13602255.0,0.0
-0.5,78.5,13602255.0,0.0
-0.5,79.5,13602255.0,0.0
-0.5,80.5,13602255.0,0.0
-0.5,81.5,13602255.0,0.0
-0.5,82.5,13602255.0,0.0
-0.5,83.5,13602255.0,0.0
-0.5,84.5,13602255.0,0.009333336
-0.5,85.5,13602255.0,0.008723811
-0.5,86.5,13602255.0,0.90830445
-0.5,87.5,13602255.0,4.855055
-0.5,88.5,13602255.0,4.6595426
-0.5,89.5,13602255.0,2.9477117
-0.5,90.5,13602255.0,1.5042057
-0.5,91.5,13602255.0,0.2448806
-0.5,92.5,13602255.0,0.20550744
-0.5,93.5,13602255.0,0.30830407
-0.5,94.5,13602255.0,1.7308383
-0.5,95.5,13602255.0,5.583601
-0.5,96.5,13602255.0,5.673129
-0.5,97.5,13602255.0,3.0316715
-0.5,98.5,13602255.0,2.1479802
-0.5,99.5,13602255.0,1.6375531
-0.5,100.5,13602255.0,0.4253151
-0.5,101.5,13602255.0,0.0
-0.5,102.5,13602255.0,0.7234671
-0.5,103.5,13602255.0,5.168627
-0.5,104.5,13602255.0,7.9890194
-0.5,105.5,13602255.0,5.120027
-0.5,106.5,13602255.0,0.8047083
-0.5,107.5,13602255.0,0.31279162
-0.5,108.5,13602255.0,1.6487106
-0.5,109.5,13602255.0,0.6024001
-0.5,110.5,13602255.0,0.0
-0.5,111.5,13602255.0,0.00050526316
-0.5,112.5,13602255.0,0.009066669
-0.5,113.5,13602255.0,0.06417701
-0.5,114.5,13602255.0,0.5174763
-0.5,115.5,13602255.0,2.8331532
-0.5,116.5,13602255.0,5.691779
-0.5,117.5,13602255.0,5.3024473
-0.5,118.5,13602255.0,4.304846
-0.5,119.5,13602255.0,5.803713
-0.5,120.5,13602255.0,0.0
-1.5,30.5,13602255.0,0.0141067915
-1.5,31.5,13602255.0,0.0
-1.5,32.5,13602255.0,0.0
-1.5,33.5,13602255.0,0.0
-1.5,34.5,13602255.0,0.0
-1.5,35.5,13602255.0,0.0025515282
-1.5,36.5,13602255.0,0.009975737
-1.5,37.5,13602255.0,0.00025067697
-1.5,38.5,13602255.0,0.0
-1.5,39.5,13602255.0,0.0
-1.5,40.5,13602255.0,0.0
-1.5,41.5,13602255.0,0.0
-1.5,42.5,13602255.0,0.0
-1.5,43.5,13602255.0,0.0
-1.5,44.5,13602255.0,0.0
-1.5,45.5,13602255.0,0.0
-1.5,46.5,13602255.0,0.0
-1.5,47.5,13602255.0,0.0
-1.5,48.5,13602255.0,0.0
-1.5,49.5,13602255.0,0.0
-1.5,50.5,13602255.0,0.0
-1.5,51.5,13602255.0,0.0
-1.5,52.5,13602255.0,0.0
-1.5,53.5,13602255.0,0.0
-1.5,54.5,13602255.0,0.0
-1.5,55.5,13602255.0,0.0
-1.5,56.5,13602255.0,0.0
-1.5,57.5,13602255.0,0.0
-1.5,58.5,13602255.0,0.090468705
-1.5,59.5,13602255.0,0.31003788
-1.5,60.5,13602255.0,0.06396165
-1.5,61.5,13602255.0,0.012233974
-1.5,62.5,13602255.0,0.019061642
-1.5,63.5,13602255.0,0.0
-1.5,64.5,13602255.0,0.0
-1.5,65.5,13602255.0,0.24918272
-1.5,66.5,13602255.0,1.2223473
-1.5,67.5,13602255.0,1.5512196
-1.5,68.5,13602255.0,0.33999798
-1.5,69.5,13602255.0,0.0
-1.5,70.5,13602255.0,0.0
-1.5,71.5,13602255.0,0.0
-1.5,72.5,13602255.0,0.0
-1.5,73.5,13602255.0,0.0
-1.5,74.5,13602255.0,0.0
-1.5,75.5,13602255.0,0.0
-1.5,76.5,13602255.0,0.0
-1.5,77.5,13602255.0,0.0
-1.5,78.5,13602255.0,0.0
-1.5,79.5,13602255.0,0.0
-1.5,80.5,13602255.0,0.003390477
-1.5,81.5,13602255.0,0.61868715
-1.5,82.5,13602255.0,1.8802868
-1.5,83.5,13602255.0,0.26961064
-1.5,84.5,13602255.0,0.067278944
-1.5,85.5,13602255.0,0.5179452
-1.5,86.5,13602255.0,0.5331212
-1.5,87.5,13602255.0,0.7011153
-1.5,88.5,13602255.0,1.4475566
-1.5,89.5,13602255.0,2.5240886
-1.5,90.5,13602255.0,0.8770806
-1.5,91.5,13602255.0,1.7810761
-1.5,92.5,13602255.0,0.5013128
-1.5,93.5,13602255.0,0.25518918
-1.5,94.5,13602255.0,0.64418143
-1.5,95.5,13602255.0,0.3964799
-1.5,96.5,13602255.0,0.1400685
-1.5,97.5,13602255.0,0.5516765
-1.5,98.5,13602255.0,0.93016934
-1.5,99.5,13602255.0,2.158248
-1.5,100.5,13602255.0,0.91624975
-1.5,101.5,13602255.0,0.0058158333
-1.5,102.5,13602255.0,1.3142457
-1.5,103.5,13602255.0,3.9595692
-1.5,104.5,13602255.0,7.330085
-1.5,105.5,13602255.0,6.023031
-1.5,106.5,13602255.0,0.87921214
-1.5,107.5,13602255.0,0.1318094
-1.5,108.5,13602255.0,0.2741956
-1.5,109.5,13602255.0,0.07173635
-1.5,110.5,13602255.0,0.0
-1.5,111.5,13602255.0,0.0016062626
-1.5,112.5,13602255.0,0.24260022
-1.5,113.5,13602255.0,0.50974137
-1.5,114.5,13602255.0,1.5656618
-1.5,115.5,13602255.0,3.57803
-1.5,116.5,13602255.0,6.795071
-1.5,117.5,13602255.0,6.5158014
-1.5,118.5,13602255.0,4.9783444
-1.5,119.5,13602255.0,4.4992003
-1.5,120.5,13602255.0,0.0
-2.5,30.5,13602255.0,0.30694723
-2.5,31.5,13602255.0,0.0
-2.5,32.5,13602255.0,0.0
-2.5,33.5,13602255.0,0.0
-2.5,34.5,13602255.0,0.0
-2.5,35.5,13602255.0,0.009150879
-2.5,36.5,13602255.0,0.030106297
-2.5,37.5,13602255.0,0.00044137935
-2.5,38.5,13602255.0,0.0
-2.5,39.5,13602255.0,0.0
-2.5,40.5,13602255.0,0.0
-2.5,41.5,13602255.0,0.0
-2.5,42.5,13602255.0,0.0
-2.5,43.5,13602255.0,0.0
-2.5,44.5,13602255.0,0.0
-2.5,45.5,13602255.0,0.0
-2.5,46.5,13602255.0,0.0
-2.5,47.5,13602255.0,0.0
-2.5,48.5,13602255.0,0.0
-2.5,49.5,13602255.0,0.0
-2.5,50.5,13602255.0,0.0
-2.5,51.5,13602255.0,0.0
-2.5,52.5,13602255.0,0.0
-2.5,53.5,13602255.0,0.0
-2.5,54.5,13602255.0,0.0
-2.5,55.5,13602255.0,0.0
-2.5,56.5,13602255.0,0.01513846
-2.5,57.5,13602255.0,0.26160008
-2.5,58.5,13602255.0,0.35960406
-2.5,59.5,13602255.0,0.3220219
-2.5,60.5,13602255.0,0.12773348
-2.5,61.5,13602255.0,0.0
-2.5,62.5,13602255.0,0.0
-2.5,63.5,13602255.0,0.0
-2.5,64.5,13602255.0,0.0
-2.5,65.5,13602255.0,0.0
-2.5,66.5,13602255.0,0.010370373
-2.5,67.5,13602255.0,0.1708337
-2.5,68.5,13602255.0,0.042692672
-2.5,69.5,13602255.0,0.0
-2.5,70.5,13602255.0,0.0
-2.5,71.5,13602255.0,0.0
-2.5,72.5,13602255.0,0.0
-2.5,73.5,13602255.0,0.0
-2.5,74.5,13602255.0,0.0
-2.5,75.5,13602255.0,0.0
-2.5,76.5,13602255.0,0.0
-2.5,77.5,13602255.0,0.05455803
-2.5,78.5,13602255.0,0.13632384
-2.5,79.5,13602255.0,0.0795512
-2.5,80.5,13602255.0,0.09580715
-2.5,81.5,13602255.0,3.1067843
-2.5,82.5,13602255.0,5.298873
-2.5,83.5,13602255.0,0.8998474
-2.5,84.5,13602255.0,0.4354087
-2.5,85.5,13602255.0,0.4148473
-2.5,86.5,13602255.0,0.020602059
-2.5,87.5,13602255.0,0.22876255
-2.5,88.5,13602255.0,1.3597927
-2.5,89.5,13602255.0,0.71135676
-2.5,90.5,13602255.0,0.11493779
-2.5,91.5,13602255.0,0.5312619
-2.5,92.5,13602255.0,1.0680704
-2.5,93.5,13602255.0,0.4001223
-2.5,94.5,13602255.0,0.24347733
-2.5,95.5,13602255.0,0.10906551
-2.5,96.5,13602255.0,0.0060471315
-2.5,97.5,13602255.0,0.01459997
-2.5,98.5,13602255.0,0.032155547
-2.5,99.5,13602255.0,0.16774544
-2.5,100.5,13602255.0,0.050968066
-2.5,101.5,13602255.0,0.00018550723
-2.5,102.5,13602255.0,0.09318621
-2.5,103.5,13602255.0,0.5761671
-2.5,104.5,13602255.0,1.3958014
-2.5,105.5,13602255.0,2.2270243
-2.5,106.5,13602255.0,0.7153493
-2.5,107.5,13602255.0,0.063812755
-2.5,108.5,13602255.0,0.0035056185
-2.5,109.5,13602255.0,0.03082154
-2.5,110.5,13602255.0,0.6888829
-2.5,111.5,13602255.0,1.1471075
-2.5,112.5,13602255.0,0.11663157
-2.5,113.5,13602255.0,0.2576127
-2.5,114.5,13602255.0,1.2009159
-2.5,115.5,13602255.0,4.96633
-2.5,116.5,13602255.0,8.1348505
-2.5,117.5,13602255.0,5.1724997
-2.5,118.5,13602255.0,1.8317007
-2.5,119.5,13602255.0,3.8365371
-2.5,120.5,13602255.0,0.0
-3.5,30.5,13602255.0,0.3911999
-3.5,31.5,13602255.0,0.0
-3.5,32.5,13602255.0,0.0
-3.5,33.5,13602255.0,0.0
-3.5,34.5,13602255.0,0.0
-3.5,35.5,13602255.0,0.0
-3.5,36.5,13602255.0,0.0
-3.5,37.5,13602255.0,0.0
-3.5,38.5,13602255.0,0.0
-3.5,39.5,13602255.0,0.0
-3.5,40.5,13602255.0,0.0
-3.5,41.5,13602255.0,0.0
-3.5,42.5,13602255.0,0.0
-3.5,43.5,13602255.0,0.0
-3.5,44.5,13602255.0,0.0
-3.5,45.5,13602255.0,0.0
-3.5,46.5,13602255.0,0.0
-3.5,47.5,13602255.0,0.0
-3.5,48.5,13602255.0,0.0
-3.5,49.5,13602255.0,0.0
-3.5,50.5,13602255.0,0.0
-3.5,51.5,13602255.0,0.0
-3.5,52.5,13602255.0,0.0
-3.5,53.5,13602255.0,0.0
-3.5,54.5,13602255.0,0.0
-3.5,55.5,13602255.0,0.0
-3.5,56.5,13602255.0,0.5243218
-3.5,57.5,13602255.0,0.731234
-3.5,58.5,13602255.0,0.2110774
-3.5,59.5,13602255.0,0.00030041725
-3.5,60.5,13602255.0,0.001218618
-3.5,61.5,13602255.0,0.0
-3.5,62.5,13602255.0,0.0
-3.5,63.5,13602255.0,0.0
-3.5,64.5,13602255.0,0.0
-3.5,65.5,13602255.0,0.0
-3.5,66.5,13602255.0,0.0
-3.5,67.5,13602255.0,0.0
-3.5,68.5,13602255.0,0.0
-3.5,69.5,13602255.0,0.0
-3.5,70.5,13602255.0,0.0
-3.5,71.5,13602255.0,0.0
-3.5,72.5,13602255.0,0.0
-3.5,73.5,13602255.0,0.0
-3.5,74.5,13602255.0,0.0
-3.5,75.5,13602255.0,0.00034897964
-3.5,76.5,13602255.0,0.015887748
-3.5,77.5,13602255.0,1.5941901
-3.5,78.5,13602255.0,4.7267075
-3.5,79.5,13602255.0,4.4687443
-3.5,80.5,13602255.0,2.894327
-3.5,81.5,13602255.0,1.9411482
-3.5,82.5,13602255.0,1.3354075
-3.5,83.5,13602255.0,0.49371433
-3.5,84.5,13602255.0,0.13918674
-3.5,85.5,13602255.0,0.07865378
-3.5,86.5,13602255.0,0.0
-3.5,87.5,13602255.0,0.011170667
-3.5,88.5,13602255.0,0.2051846
-3.5,89.5,13602255.0,0.29664016
-3.5,90.5,13602255.0,0.049250342
-3.5,91.5,13602255.0,0.005719722
-3.5,92.5,13602255.0,0.022767738
-3.5,93.5,13602255.0,0.04853319
-3.5,94.5,13602255.0,0.018709308
-3.5,95.5,13602255.0,0.0044373344
-3.5,96.5,13602255.0,0.0
-3.5,97.5,13602255.0,0.0
-3.5,98.5,13602255.0,0.041590054
-3.5,99.5,13602255.0,0.1373029
-3.5,100.5,13602255.0,0.21544692
-3.5,101.5,13602255.0,0.17826675
-3.5,102.5,13602255.0,0.054781057
-3.5,103.5,13602255.0,0.0
-3.5,104.5,13602255.0,0.06701349
-3.5,105.5,13602255.0,0.6647112
-3.5,106.5,13602255.0,1.2511537
-3.5,107.5,13602255.0,1.4010218
-3.5,108.5,13602255.0,1.9356521
-3.5,109.5,13602255.0,3.232415
-3.5,110.5,13602255.0,6.400479
-3.5,111.5,13602255.0,5.855701
-3.5,112.5,13602255.0,2.6149104
-3.5,113.5,13602255.0,0.6419879
-3.5,114.5,13602255.0,0.48433414
-3.5,115.5,13602255.0,4.3235064
-3.5,116.5,13602255.0,6.263834
-3.5,117.5,13602255.0,2.9928985
-3.5,118.5,13602255.0,2.5249243
-3.5,119.5,13602255.0,4.204976
-3.5,120.5,13602255.0,0.0
-4.5,30.5,13602255.0,0.07607176
-4.5,31.5,13602255.0,0.0047786203
-4.5,32.5,13602255.0,0.009724678
-4.5,33.5,13602255.0,0.0040186057
-4.5,34.5,13602255.0,0.03172778
-4.5,35.5,13602255.0,0.009102441
-4.5,36.5,13602255.0,0.0014035092
-4.5,37.5,13602255.0,0.0
-4.5,38.5,13602255.0,0.0
-4.5,39.5,13602255.0,0.0
-4.5,40.5,13602255.0,0.0
-4.5,41.5,13602255.0,0.0
-4.5,42.5,13602255.0,0.0
-4.5,43.5,13602255.0,0.0
-4.5,44.5,13602255.0,0.0
-4.5,45.5,13602255.0,0.0
-4.5,46.5,13602255.0,0.0
-4.5,47.5,13602255.0,0.0
-4.5,48.5,13602255.0,0.0
-4.5,49.5,13602255.0,0.0
-4.5,50.5,13602255.0,0.0
-4.5,51.5,13602255.0,0.0
-4.5,52.5,13602255.0,0.0
-4.5,53.5,13602255.0,0.0
-4.5,54.5,13602255.0,0.0
-4.5,55.5,13602255.0,0.0
-4.5,56.5,13602255.0,0.032162756
-4.5,57.5,13602255.0,0.015757704
-4.5,58.5,13602255.0,0.0
-4.5,59.5,13602255.0,0.0
-4.5,60.5,13602255.0,0.0
-4.5,61.5,13602255.0,0.0
-4.5,62.5,13602255.0,0.0
-4.5,63.5,13602255.0,0.0
-4.5,64.5,13602255.0,0.0
-4.5,65.5,13602255.0,0.0
-4.5,66.5,13602255.0,0.0
-4.5,67.5,13602255.0,0.0
-4.5,68.5,13602255.0,0.0
-4.5,69.5,13602255.0,0.0
-4.5,70.5,13602255.0,0.0
-4.5,71.5,13602255.0,0.0
-4.5,72.5,13602255.0,0.0
-4.5,73.5,13602255.0,0.0
-4.5,74.5,13602255.0,0.0
-4.5,75.5,13602255.0,0.5104191
-4.5,76.5,13602255.0,1.4258752
-4.5,77.5,13602255.0,2.9541085
-4.5,78.5,13602255.0,2.0765266
-4.5,79.5,13602255.0,2.5639687
-4.5,80.5,13602255.0,1.7046465
-4.5,81.5,13602255.0,0.056666758
-4.5,82.5,13602255.0,0.0
-4.5,83.5,13602255.0,0.0
-4.5,84.5,13602255.0,0.0
-4.5,85.5,13602255.0,0.0
-4.5,86.5,13602255.0,0.0
-4.5,87.5,13602255.0,0.0
-4.5,88.5,13602255.0,0.13776404
-4.5,89.5,13602255.0,0.69944406
-4.5,90.5,13602255.0,0.12124772
-4.5,91.5,13602255.0,0.006601721
-4.5,92.5,13602255.0,0.00058604666
-4.5,93.5,13602255.0,0.2434619
-4.5,94.5,13602255.0,0.04458871
-4.5,95.5,13602255.0,0.0
-4.5,96.5,13602255.0,0.0
-4.5,97.5,13602255.0,0.0
-4.5,98.5,13602255.0,0.00038012417
-4.5,99.5,13602255.0,0.25066152
-4.5,100.5,13602255.0,1.2404149
-4.5,101.5,13602255.0,2.9254365
-4.5,102.5,13602255.0,1.4560345
-4.5,103.5,13602255.0,0.81976104
-4.5,104.5,13602255.0,0.6597681
-4.5,105.5,13602255.0,3.8530712
-4.5,106.5,13602255.0,7.0903196
-4.5,107.5,13602255.0,7.682093
-4.5,108.5,13602255.0,8.355948
-4.5,109.5,13602255.0,8.265356
-4.5,110.5,13602255.0,8.778462
-4.5,111.5,13602255.0,8.677358
-4.5,112.5,13602255.0,8.140473
-4.5,113.5,13602255.0,5.519351
-4.5,114.5,13602255.0,2.5467303
-4.5,115.5,13602255.0,3.6429513
-4.5,116.5,13602255.0,5.8632994
-4.5,117.5,13602255.0,4.80993
-4.5,118.5,13602255.0,4.16924
-4.5,119.5,13602255.0,1.7970694
-4.5,120.5,13602255.0,0.0
-5.5,30.5,13602255.0,0.019056885
-5.5,31.5,13602255.0,0.26532084
-5.5,32.5,13602255.0,1.0888399
-5.5,33.5,13602255.0,1.1326766
-5.5,34.5,13602255.0,0.9259286
-5.5,35.5,13602255.0,0.068637125
-5.5,36.5,13602255.0,0.004685716
-5.5,37.5,13602255.0,0.0
-5.5,38.5,13602255.0,0.0
-5.5,39.5,13602255.0,0.0
-5.5,40.5,13602255.0,0.0
-5.5,41.5,13602255.0,0.0
-5.5,42.5,13602255.0,0.0
-5.5,43.5,13602255.0,0.0
-5.5,44.5,13602255.0,0.0
-5.5,45.5,13602255.0,0.0
-5.5,46.5,13602255.0,0.0
-5.5,47.5,13602255.0,0.0
-5.5,48.5,13602255.0,0.0
-5.5,49.5,13602255.0,0.0
-5.5,50.5,13602255.0,0.0
-5.5,51.5,13602255.0,0.0
-5.5,52.5,13602255.0,0.0
-5.5,53.5,13602255.0,0.0043157274
-5.5,54.5,13602255.0,0.04741925
-5.5,55.5,13602255.0,0.0010721169
-5.5,56.5,13602255.0,0.0
-5.5,57.5,13602255.0,0.0
-5.5,58.5,13602255.0,0.0
-5.5,59.5,13602255.0,0.0
-5.5,60.5,13602255.0,0.0
-5.5,61.5,13602255.0,0.0
-5.5,62.5,13602255.0,0.0
-5.5,63.5,13602255.0,0.0
-5.5,64.5,13602255.0,0.0
-5.5,65.5,13602255.0,0.0
-5.5,66.5,13602255.0,0.0
-5.5,67.5,13602255.0,0.0
-5.5,68.5,13602255.0,0.0
-5.5,69.5,13602255.0,0.0
-5.5,70.5,13602255.0,0.0
-5.5,71.5,13602255.0,0.0
-5.5,72.5,13602255.0,0.0
-5.5,73.5,13602255.0,0.0
-5.5,74.5,13602255.0,0.0
-5.5,75.5,13602255.0,0.048838712
-5.5,76.5,13602255.0,1.9959862
-5.5,77.5,13602255.0,7.2660403
-5.5,78.5,13602255.0,6.855807
-5.5,79.5,13602255.0,2.8553903
-5.5,80.5,13602255.0,0.12242957
-5.5,81.5,13602255.0,0.0
-5.5,82.5,13602255.0,0.0
-5.5,83.5,13602255.0,0.0
-5.5,84.5,13602255.0,0.0
-5.5,85.5,13602255.0,0.0
-5.5,86.5,13602255.0,0.0
-5.5,87.5,13602255.0,0.0
-5.5,88.5,13602255.0,0.064358726
-5.5,89.5,13602255.0,0.12732626
-5.5,90.5,13602255.0,0.0
-5.5,91.5,13602255.0,0.0
-5.5,92.5,13602255.0,0.023943922
-5.5,93.5,13602255.0,0.018703042
-5.5,94.5,13602255.0,0.004700298
-5.5,95.5,13602255.0,0.0
-5.5,96.5,13602255.0,0.0
-5.5,97.5,13602255.0,0.0
-5.5,98.5,13602255.0,0.00040818893
-5.5,99.5,13602255.0,0.3386068
-5.5,100.5,13602255.0,1.7011291
-5.5,101.5,13602255.0,5.812101
-5.5,102.5,13602255.0,7.468346
-5.5,103.5,13602255.0,7.457033
-5.5,104.5,13602255.0,5.5455556
-5.5,105.5,13602255.0,6.5394897
-5.5,106.5,13602255.0,6.8311787
-5.5,107.5,13602255.0,7.976905
-5.5,108.5,13602255.0,7.6085343
-5.5,109.5,13602255.0,8.800266
-5.5,110.5,13602255.0,8.991864
-5.5,111.5,13602255.0,9.0
-5.5,112.5,13602255.0,8.466795
-5.5,113.5,13602255.0,6.861884
-5.5,114.5,13602255.0,6.56052
-5.5,115.5,13602255.0,4.9096174
-5.5,116.5,13602255.0,4.565217
-5.5,117.5,13602255.0,6.308722
-5.5,118.5,13602255.0,4.3182473
-5.5,119.5,13602255.0,2.2898793
-5.5,120.5,13602255.0,0.0
-6.5,30.5,13602255.0,0.23400807
-6.5,31.5,13602255.0,1.4695774
-6.5,32.5,13602255.0,2.2686784
-6.5,33.5,13602255.0,0.97525275
-6.5,34.5,13602255.0,0.54991055
-6.5,35.5,13602255.0,0.013529035
-6.5,36.5,13602255.0,0.0
-6.5,37.5,13602255.0,0.0
-6.5,38.5,13602255.0,0.0
-6.5,39.5,13602255.0,0.0
-6.5,40.5,13602255.0,0.0
-6.5,41.5,13602255.0,0.0
-6.5,42.5,13602255.0,0.0
-6.5,43.5,13602255.0,0.0
-6.5,44.5,13602255.0,0.0
-6.5,45.5,13602255.0,0.22160412
-6.5,46.5,13602255.0,0.22727653
-6.5,47.5,13602255.0,0.0
-6.5,48.5,13602255.0,0.0
-6.5,49.5,13602255.0,0.40142018
-6.5,50.5,13602255.0,1.7866658
-6.5,51.5,13602255.0,0.14157805
-6.5,52.5,13602255.0,0.0
-6.5,53.5,13602255.0,0.22124395
-6.5,54.5,13602255.0,1.3130404
-6.5,55.5,13602255.0,0.013959184
-6.5,56.5,13602255.0,0.0
-6.5,57.5,13602255.0,0.0
-6.5,58.5,13602255.0,0.0
-6.5,59.5,13602255.0,0.0
-6.5,60.5,13602255.0,0.0
-6.5,61.5,13602255.0,0.0
-6.5,62.5,13602255.0,0.0
-6.5,63.5,13602255.0,0.0
-6.5,64.5,13602255.0,0.0
-6.5,65.5,13602255.0,0.00021728394
-6.5,66.5,13602255.0,0.00051978615
-6.5,67.5,13602255.0,0.0
-6.5,68.5,13602255.0,0.0
-6.5,69.5,13602255.0,0.0
-6.5,70.5,13602255.0,9.2071605e-05
-6.5,71.5,13602255.0,0.15873487
-6.5,72.5,13602255.0,0.8118477
-6.5,73.5,13602255.0,0.543238
-6.5,74.5,13602255.0,0.7673093
-6.5,75.5,13602255.0,0.0
-6.5,76.5,13602255.0,0.20857345
-6.5,77.5,13602255.0,2.710425
-6.5,78.5,13602255.0,3.119542
-6.5,79.5,13602255.0,1.8185292
-6.5,80.5,13602255.0,0.035999995
-6.5,81.5,13602255.0,0.0
-6.5,82.5,13602255.0,0.0
-6.5,83.5,13602255.0,0.0
-6.5,84.5,13602255.0,0.0
-6.5,85.5,13602255.0,0.0
-6.5,86.5,13602255.0,0.0
-6.5,87.5,13602255.0,0.0
-6.5,88.5,13602255.0,0.0045359023
-6.5,89.5,13602255.0,0.0062884795
-6.5,90.5,13602255.0,0.0
-6.5,91.5,13602255.0,0.0
-6.5,92.5,13602255.0,0.0
-6.5,93.5,13602255.0,0.0
-6.5,94.5,13602255.0,0.0
-6.5,95.5,13602255.0,0.0
-6.5,96.5,13602255.0,0.0
-6.5,97.5,13602255.0,0.0
-6.5,98.5,13602255.0,0.0
-6.5,99.5,13602255.0,0.0
-6.5,100.5,13602255.0,0.1672846
-6.5,101.5,13602255.0,4.8168955
-6.5,102.5,13602255.0,8.895077
-6.5,103.5,13602255.0,8.999527
-6.5,104.5,13602255.0,8.996255
-6.5,105.5,13602255.0,7.002544
-6.5,106.5,13602255.0,1.8593076
-6.5,107.5,13602255.0,3.7375689
-6.5,108.5,13602255.0,3.9243958
-6.5,109.5,13602255.0,8.357684
-6.5,110.5,13602255.0,8.991389
-6.5,111.5,13602255.0,8.479855
-6.5,112.5,13602255.0,4.8198476
-6.5,113.5,13602255.0,0.94714624
-6.5,114.5,13602255.0,1.2526788
-6.5,115.5,13602255.0,2.3132308
-6.5,116.5,13602255.0,3.4513464
-6.5,117.5,13602255.0,3.8981946
-6.5,118.5,13602255.0,2.3026464
-6.5,119.5,13602255.0,4.7343225
-6.5,120.5,13602255.0,0.0
-7.5,30.5,13602255.0,0.27681118
-7.5,31.5,13602255.0,3.7068193
-7.5,32.5,13602255.0,4.7122655
-7.5,33.5,13602255.0,0.63930434
-7.5,34.5,13602255.0,0.0
-7.5,35.5,13602255.0,0.0
-7.5,36.5,13602255.0,0.0
-7.5,37.5,13602255.0,0.0
-7.5,38.5,13602255.0,0.0
-7.5,39.5,13602255.0,0.0
-7.5,40.5,13602255.0,0.0
-7.5,41.5,13602255.0,0.0
-7.5,42.5,13602255.0,0.0
-7.5,43.5,13602255.0,0.0
-7.5,44.5,13602255.0,0.0022134716
-7.5,45.5,13602255.0,0.06083161
-7.5,46.5,13602255.0,0.026153628
-7.5,47.5,13602255.0,0.0
-7.5,48.5,13602255.0,0.0
-7.5,49.5,13602255.0,0.26969704
-7.5,50.5,13602255.0,0.7711793
-7.5,51.5,13602255.0,0.043354586
-7.5,52.5,13602255.0,0.0
-7.5,53.5,13602255.0,0.017621618
-7.5,54.5,13602255.0,0.060886417
-7.5,55.5,13602255.0,0.00016866763
-7.5,56.5,13602255.0,0.0
-7.5,57.5,13602255.0,0.0
-7.5,58.5,13602255.0,0.0
-7.5,59.5,13602255.0,0.0
-7.5,60.5,13602255.0,0.0
-7.5,61.5,13602255.0,0.0
-7.5,62.5,13602255.0,0.0
-7.5,63.5,13602255.0,0.0
-7.5,64.5,13602255.0,0.0
-7.5,65.5,13602255.0,0.15458117
-7.5,66.5,13602255.0,0.16209653
-7.5,67.5,13602255.0,0.0
-7.5,68.5,13602255.0,0.0
-7.5,69.5,13602255.0,0.0
-7.5,70.5,13602255.0,0.15180248
-7.5,71.5,13602255.0,4.10562
-7.5,72.5,13602255.0,2.6424205
-7.5,73.5,13602255.0,1.8981323
-7.5,74.5,13602255.0,0.59970355
-7.5,75.5,13602255.0,0.01674146
-7.5,76.5,13602255.0,0.1901878
-7.5,77.5,13602255.0,0.015822208
-7.5,78.5,13602255.0,0.0
-7.5,79.5,13602255.0,0.0
-7.5,80.5,13602255.0,0.0
-7.5,81.5,13602255.0,0.0
-7.5,82.5,13602255.0,0.0
-7.5,83.5,13602255.0,0.0
-7.5,84.5,13602255.0,0.0
-7.5,85.5,13602255.0,0.0
-7.5,86.5,13602255.0,0.0
-7.5,87.5,13602255.0,0.0
-7.5,88.5,13602255.0,0.0006127661
-7.5,89.5,13602255.0,0.049888622
-7.5,90.5,13602255.0,0.03713792
-7.5,91.5,13602255.0,0.0
-7.5,92.5,13602255.0,0.0
-7.5,93.5,13602255.0,0.0120216245
-7.5,94.5,13602255.0,0.03441319
-7.5,95.5,13602255.0,0.0
-7.5,96.5,13602255.0,0.0
-7.5,97.5,13602255.0,0.0
-7.5,98.5,13602255.0,0.0
-7.5,99.5,13602255.0,0.0
-7.5,100.5,13602255.0,0.11709472
-7.5,101.5,13602255.0,3.887667
-7.5,102.5,13602255.0,8.360697
-7.5,103.5,13602255.0,8.875032
-7.5,104.5,13602255.0,8.097113
-7.5,105.5,13602255.0,4.053325
-7.5,106.5,13602255.0,0.97455865
-7.5,107.5,13602255.0,0.78954625
-7.5,108.5,13602255.0,1.63381
-7.5,109.5,13602255.0,4.910734
-7.5,110.5,13602255.0,6.6654797
-7.5,111.5,13602255.0,3.8543503
-7.5,112.5,13602255.0,0.8330163
-7.5,113.5,13602255.0,0.8341438
-7.5,114.5,13602255.0,0.6172569
-7.5,115.5,13602255.0,0.8657481
-7.5,116.5,13602255.0,2.6297333
-7.5,117.5,13602255.0,2.2239223
-7.5,118.5,13602255.0,0.79343665
-7.5,119.5,13602255.0,1.3853638
-7.5,120.5,13602255.0,0.0
-8.5,30.5,13602255.0,0.20177017
-8.5,31.5,13602255.0,2.536287
-8.5,32.5,13602255.0,2.2535987
-8.5,33.5,13602255.0,0.20302753
-8.5,34.5,13602255.0,0.099710934
-8.5,35.5,13602255.0,0.20561649
-8.5,36.5,13602255.0,0.30486274
-8.5,37.5,13602255.0,0.009117162
-8.5,38.5,13602255.0,0.0
-8.5,39.5,13602255.0,0.0
-8.5,40.5,13602255.0,0.0
-8.5,41.5,13602255.0,0.0
-8.5,42.5,13602255.0,0.0
-8.5,43.5,13602255.0,0.0
-8.5,44.5,13602255.0,0.18959187
-8.5,45.5,13602255.0,0.93195885
-8.5,46.5,13602255.0,0.054023653
-8.5,47.5,13602255.0,0.0
-8.5,48.5,13602255.0,0.0
-8.5,49.5,13602255.0,0.0
-8.5,50.5,13602255.0,0.0
-8.5,51.5,13602255.0,0.0
-8.5,52.5,13602255.0,0.0
-8.5,53.5,13602255.0,0.0
-8.5,54.5,13602255.0,0.0
-8.5,55.5,13602255.0,0.0
-8.5,56.5,13602255.0,0.0
-8.5,57.5,13602255.0,0.0
-8.5,58.5,13602255.0,0.0
-8.5,59.5,13602255.0,0.0
-8.5,60.5,13602255.0,0.0
-8.5,61.5,13602255.0,0.0
-8.5,62.5,13602255.0,0.0
-8.5,63.5,13602255.0,0.0
-8.5,64.5,13602255.0,0.0
-8.5,65.5,13602255.0,0.016839674
-8.5,66.5,13602255.0,0.21201518
-8.5,67.5,13602255.0,0.25616363
-8.5,68.5,13602255.0,0.0029652766
-8.5,69.5,13602255.0,0.012723287
-8.5,70.5,13602255.0,1.7043159
-8.5,71.5,13602255.0,2.1040971
-8.5,72.5,13602255.0,0.36318037
-8.5,73.5,13602255.0,0.91815203
-8.5,74.5,13602255.0,0.3534814
-8.5,75.5,13602255.0,0.07606901
-8.5,76.5,13602255.0,0.30761856
-8.5,77.5,13602255.0,0.005412347
-8.5,78.5,13602255.0,0.0
-8.5,79.5,13602255.0,0.0
-8.5,80.5,13602255.0,0.0
-8.5,81.5,13602255.0,0.0
-8.5,82.5,13602255.0,0.0
-8.5,83.5,13602255.0,0.0
-8.5,84.5,13602255.0,0.0
-8.5,85.5,13602255.0,0.0
-8.5,86.5,13602255.0,0.0
-8.5,87.5,13602255.0,0.0
-8.5,88.5,13602255.0,0.0
-8.5,89.5,13602255.0,0.21649848
-8.5,90.5,13602255.0,0.16523421
-8.5,91.5,13602255.0,0.0
-8.5,92.5,13602255.0,0.0
-8.5,93.5,13602255.0,0.004683814
-8.5,94.5,13602255.0,0.016383192
-8.5,95.5,13602255.0,0.0
-8.5,96.5,13602255.0,0.0
-8.5,97.5,13602255.0,0.0
-8.5,98.5,13602255.0,0.0
-8.5,99.5,13602255.0,0.0
-8.5,100.5,13602255.0,0.006074268
-8.5,101.5,13602255.0,2.2305331
-8.5,102.5,13602255.0,4.363971
-8.5,103.5,13602255.0,3.117577
-8.5,104.5,13602255.0,2.6779728
-8.5,105.5,13602255.0,2.5591846
-8.5,106.5,13602255.0,5.748869
-8.5,107.5,13602255.0,3.8468928
-8.5,108.5,13602255.0,1.3526028
-8.5,109.5,13602255.0,0.36094472
-8.5,110.5,13602255.0,0.8148649
-8.5,111.5,13602255.0,0.20501861
-8.5,112.5,13602255.0,0.46514305
-8.5,113.5,13602255.0,1.3548095
-8.5,114.5,13602255.0,0.73458636
-8.5,115.5,13602255.0,0.37918967
-8.5,116.5,13602255.0,1.3035406
-8.5,117.5,13602255.0,0.7415827
-8.5,118.5,13602255.0,0.6825602
-8.5,119.5,13602255.0,0.45996767
-8.5,120.5,13602255.0,0.0
-9.5,30.5,13602255.0,0.0
-9.5,31.5,13602255.0,0.0047115213
-9.5,32.5,13602255.0,0.10551447
-9.5,33.5,13602255.0,2.8845897
-9.5,34.5,13602255.0,2.424355
-9.5,35.5,13602255.0,1.4111683
-9.5,36.5,13602255.0,0.9327936
-9.5,37.5,13602255.0,0.002914286
-9.5,38.5,13602255.0,0.0
-9.5,39.5,13602255.0,0.0
-9.5,40.5,13602255.0,0.0
-9.5,41.5,13602255.0,0.0
-9.5,42.5,13602255.0,0.0
-9.5,43.5,13602255.0,0.0
-9.5,44.5,13602255.0,0.009003154
-9.5,45.5,13602255.0,0.020864312
-9.5,46.5,13602255.0,7.334465e-05
-9.5,47.5,13602255.0,0.0
-9.5,48.5,13602255.0,0.0
-9.5,49.5,13602255.0,0.0
-9.5,50.5,13602255.0,0.0
-9.5,51.5,13602255.0,0.0
-9.5,52.5,13602255.0,0.0
-9.5,53.5,13602255.0,0.0
-9.5,54.5,13602255.0,0.0
-9.5,55.5,13602255.0,0.0
-9.5,56.5,13602255.0,0.0
-9.5,57.5,13602255.0,0.0
-9.5,58.5,13602255.0,0.0
-9.5,59.5,13602255.0,0.0
-9.5,60.5,13602255.0,0.0
-9.5,61.5,13602255.0,0.0
-9.5,62.5,13602255.0,0.0
-9.5,63.5,13602255.0,0.0
-9.5,64.5,13602255.0,0.0
-9.5,65.5,13602255.0,0.0037142076
-9.5,66.5,13602255.0,0.04553087
-9.5,67.5,13602255.0,0.03466664
-9.5,68.5,13602255.0,5.9259262e-05
-9.5,69.5,13602255.0,0.002564384
-9.5,70.5,13602255.0,0.2637244
-9.5,71.5,13602255.0,0.026784759
-9.5,72.5,13602255.0,0.00053333346
-9.5,73.5,13602255.0,0.0
-9.5,74.5,13602255.0,0.0
-9.5,75.5,13602255.0,0.093076415
-9.5,76.5,13602255.0,0.03693909
-9.5,77.5,13602255.0,0.0
-9.5,78.5,13602255.0,0.0
-9.5,79.5,13602255.0,0.0
-9.5,80.5,13602255.0,0.0
-9.5,81.5,13602255.0,0.0
-9.5,82.5,13602255.0,0.0
-9.5,83.5,13602255.0,0.0
-9.5,84.5,13602255.0,0.0
-9.5,85.5,13602255.0,0.0
-9.5,86.5,13602255.0,0.0
-9.5,87.5,13602255.0,0.0
-9.5,88.5,13602255.0,0.0
-9.5,89.5,13602255.0,0.0
-9.5,90.5,13602255.0,0.0
-9.5,91.5,13602255.0,0.0
-9.5,92.5,13602255.0,0.0
-9.5,93.5,13602255.0,0.0
-9.5,94.5,13602255.0,0.0
-9.5,95.5,13602255.0,0.0
-9.5,96.5,13602255.0,0.0
-9.5,97.5,13602255.0,0.0
-9.5,98.5,13602255.0,0.0
-9.5,99.5,13602255.0,0.0
-9.5,100.5,13602255.0,0.0
-9.5,101.5,13602255.0,0.003276062
-9.5,102.5,13602255.0,0.0031115583
-9.5,103.5,13602255.0,0.0
-9.5,104.5,13602255.0,0.0452069
-9.5,105.5,13602255.0,0.66325754
-9.5,106.5,13602255.0,3.964025
-9.5,107.5,13602255.0,4.6724253
-9.5,108.5,13602255.0,6.207931
-9.5,109.5,13602255.0,2.9337697
-9.5,110.5,13602255.0,1.0309427
-9.5,111.5,13602255.0,0.42838535
-9.5,112.5,13602255.0,0.60737514
-9.5,113.5,13602255.0,0.56300354
-9.5,114.5,13602255.0,0.87884027
-9.5,115.5,13602255.0,0.2527216
-9.5,116.5,13602255.0,0.017120743
-9.5,117.5,13602255.0,0.49937844
-9.5,118.5,13602255.0,1.1718134
-9.5,119.5,13602255.0,1.0774941
-9.5,120.5,13602255.0,0.0
-10.5,30.5,13602255.0,0.0
-10.5,31.5,13602255.0,0.0
-10.5,32.5,13602255.0,0.07444832
-10.5,33.5,13602255.0,1.0589901
-10.5,34.5,13602255.0,0.7784803
-10.5,35.5,13602255.0,0.15323544
-10.5,36.5,13602255.0,0.0150426
-10.5,37.5,13602255.0,0.0
-10.5,38.5,13602255.0,0.0
-10.5,39.5,13602255.0,0.0
-10.5,40.5,13602255.0,0.0
-10.5,41.5,13602255.0,0.0
-10.5,42.5,13602255.0,0.0
-10.5,43.5,13602255.0,0.0
-10.5,44.5,13602255.0,0.0
-10.5,45.5,13602255.0,0.0
-10.5,46.5,13602255.0,0.0
-10.5,47.5,13602255.0,0.0
-10.5,48.5,13602255.0,0.0
-10.5,49.5,13602255.0,0.0
-10.5,50.5,13602255.0,0.0
-10.5,51.5,13602255.0,0.0
-10.5,52.5,13602255.0,0.0
-10.5,53.5,13602255.0,0.0
-10.5,54.5,13602255.0,0.0
-10.5,55.5,13602255.0,0.0
-10.5,56.5,13602255.0,0.0
-10.5,57.5,13602255.0,0.0
-10.5,58.5,13602255.0,0.0
-10.5,59.5,13602255.0,0.0
-10.5,60.5,13602255.0,0.0
-10.5,61.5,13602255.0,0.0
-10.5,62.5,13602255.0,0.0
-10.5,63.5,13602255.0,0.0
-10.5,64.5,13602255.0,0.0
-10.5,65.5,13602255.0,0.0
-10.5,66.5,13602255.0,0.0
-10.5,67.5,13602255.0,0.0
-10.5,68.5,13602255.0,0.0
-10.5,69.5,13602255.0,0.0
-10.5,70.5,13602255.0,0.0
-10.5,71.5,13602255.0,0.0
-10.5,72.5,13602255.0,0.0
-10.5,73.5,13602255.0,0.0
-10.5,74.5,13602255.0,0.0
-10.5,75.5,13602255.0,0.00600494
-10.5,76.5,13602255.0,0.00090864213
-10.5,77.5,13602255.0,0.0
-10.5,78.5,13602255.0,0.0
-10.5,79.5,13602255.0,0.0
-10.5,80.5,13602255.0,0.0
-10.5,81.5,13602255.0,0.0
-10.5,82.5,13602255.0,0.0
-10.5,83.5,13602255.0,0.0
-10.5,84.5,13602255.0,0.0
-10.5,85.5,13602255.0,0.0
-10.5,86.5,13602255.0,0.0
-10.5,87.5,13602255.0,0.0
-10.5,88.5,13602255.0,0.0
-10.5,89.5,13602255.0,0.0
-10.5,90.5,13602255.0,0.0
-10.5,91.5,13602255.0,0.0
-10.5,92.5,13602255.0,0.0
-10.5,93.5,13602255.0,0.0
-10.5,94.5,13602255.0,0.0
-10.5,95.5,13602255.0,0.0
-10.5,96.5,13602255.0,0.0
-10.5,97.5,13602255.0,0.0
-10.5,98.5,13602255.0,0.0
-10.5,99.5,13602255.0,0.0
-10.5,100.5,13602255.0,0.0
-10.5,101.5,13602255.0,0.0
-10.5,102.5,13602255.0,0.0
-10.5,103.5,13602255.0,0.0
-10.5,104.5,13602255.0,0.0
-10.5,105.5,13602255.0,0.07783763
-10.5,106.5,13602255.0,0.24118684
-10.5,107.5,13602255.0,2.1113956
-10.5,108.5,13602255.0,5.285019
-10.5,109.5,13602255.0,7.520991
-10.5,110.5,13602255.0,5.574019
-10.5,111.5,13602255.0,5.3881984
-10.5,112.5,13602255.0,1.7816206
-10.5,113.5,13602255.0,0.30112126
-10.5,114.5,13602255.0,0.31855565
-10.5,115.5,13602255.0,0.17875955
-10.5,116.5,13602255.0,0.020963727
-10.5,117.5,13602255.0,0.16042267
-10.5,118.5,13602255.0,0.61293864
-10.5,119.5,13602255.0,1.8282839
-10.5,120.5,13602255.0,0.0
-11.5,30.5,13602255.0,0.0
-11.5,31.5,13602255.0,0.0
-11.5,32.5,13602255.0,0.0
-11.5,33.5,13602255.0,0.0008210527
-11.5,34.5,13602255.0,0.13784638
-11.5,35.5,13602255.0,0.38129354
-11.5,36.5,13602255.0,1.3157781
-11.5,37.5,13602255.0,0.99700993
-11.5,38.5,13602255.0,0.06959527
-11.5,39.5,13602255.0,0.0
-11.5,40.5,13602255.0,0.0
-11.5,41.5,13602255.0,0.0009884973
-11.5,42.5,13602255.0,0.035947382
-11.5,43.5,13602255.0,0.018665684
-11.5,44.5,13602255.0,0.018347932
-11.5,45.5,13602255.0,0.0
-11.5,46.5,13602255.0,0.0
-11.5,47.5,13602255.0,0.0
-11.5,48.5,13602255.0,0.0
-11.5,49.5,13602255.0,0.0
-11.5,50.5,13602255.0,0.0
-11.5,51.5,13602255.0,0.0
-11.5,52.5,13602255.0,0.0
-11.5,53.5,13602255.0,0.0
-11.5,54.5,13602255.0,0.0
-11.5,55.5,13602255.0,0.0
-11.5,56.5,13602255.0,0.0
-11.5,57.5,13602255.0,0.0
-11.5,58.5,13602255.0,0.0
-11.5,59.5,13602255.0,0.0
-11.5,60.5,13602255.0,0.0
-11.5,61.5,13602255.0,0.0
-11.5,62.5,13602255.0,0.0
-11.5,63.5,13602255.0,0.0
-11.5,64.5,13602255.0,0.0
-11.5,65.5,13602255.0,0.0
-11.5,66.5,13602255.0,0.0
-11.5,67.5,13602255.0,0.0
-11.5,68.5,13602255.0,0.0
-11.5,69.5,13602255.0,0.0
-11.5,70.5,13602255.0,0.0
-11.5,71.5,13602255.0,0.0
-11.5,72.5,13602255.0,0.0
-11.5,73.5,13602255.0,0.0
-11.5,74.5,13602255.0,0.0
-11.5,75.5,13602255.0,0.0
-11.5,76.5,13602255.0,0.0
-11.5,77.5,13602255.0,0.0
-11.5,78.5,13602255.0,0.0
-11.5,79.5,13602255.0,0.0
-11.5,80.5,13602255.0,0.0
-11.5,81.5,13602255.0,0.0
-11.5,82.5,13602255.0,0.0
-11.5,83.5,13602255.0,0.0
-11.5,84.5,13602255.0,0.0
-11.5,85.5,13602255.0,0.0
-11.5,86.5,13602255.0,0.0
-11.5,87.5,13602255.0,0.0
-11.5,88.5,13602255.0,0.0
-11.5,89.5,13602255.0,0.0
-11.5,90.5,13602255.0,0.0
-11.5,91.5,13602255.0,0.0
-11.5,92.5,13602255.0,0.0
-11.5,93.5,13602255.0,0.0
-11.5,94.5,13602255.0,0.0
-11.5,95.5,13602255.0,0.0
-11.5,96.5,13602255.0,0.0
-11.5,97.5,13602255.0,0.0
-11.5,98.5,13602255.0,0.0
-11.5,99.5,13602255.0,0.0
-11.5,100.5,13602255.0,0.0
-11.5,101.5,13602255.0,0.0
-11.5,102.5,13602255.0,0.0
-11.5,103.5,13602255.0,0.0
-11.5,104.5,13602255.0,0.0
-11.5,105.5,13602255.0,0.0
-11.5,106.5,13602255.0,0.0
-11.5,107.5,13602255.0,0.0520363
-11.5,108.5,13602255.0,2.485999
-11.5,109.5,13602255.0,6.8651495
-11.5,110.5,13602255.0,7.687325
-11.5,111.5,13602255.0,8.433539
-11.5,112.5,13602255.0,6.3431053
-11.5,113.5,13602255.0,3.7861683
-11.5,114.5,13602255.0,0.5724314
-11.5,115.5,13602255.0,0.0036906176
-11.5,116.5,13602255.0,0.14808564
-11.5,117.5,13602255.0,0.74314207
-11.5,118.5,13602255.0,0.34039295
-11.5,119.5,13602255.0,0.87752855
-11.5,120.5,13602255.0,0.0
-12.5,30.5,13602255.0,0.0
-12.5,31.5,13602255.0,0.0
-12.5,32.5,13602255.0,0.41136762
-12.5,33.5,13602255.0,2.1465104
-12.5,34.5,13602255.0,3.9641726
-12.5,35.5,13602255.0,3.473985
-12.5,36.5,13602255.0,2.587737
-12.5,37.5,13602255.0,1.0314034
-12.5,38.5,13602255.0,0.1396371
-12.5,39.5,13602255.0,0.09217134
-12.5,40.5,13602255.0,0.0061363652
-12.5,41.5,13602255.0,0.0041376194
-12.5,42.5,13602255.0,0.046606876
-12.5,43.5,13602255.0,0.013029806
-12.5,44.5,13602255.0,0.009377939
-12.5,45.5,13602255.0,0.0
-12.5,46.5,13602255.0,0.06259793
-12.5,47.5,13602255.0,0.2687348
-12.5,48.5,13602255.0,0.037785016
-12.5,49.5,13602255.0,0.0
-12.5,50.5,13602255.0,0.0
-12.5,51.5,13602255.0,0.0
-12.5,52.5,13602255.0,0.0
-12.5,53.5,13602255.0,0.0
-12.5,54.5,13602255.0,0.0
-12.5,55.5,13602255.0,0.0
-12.5,56.5,13602255.0,0.0
-12.5,57.5,13602255.0,0.0
-12.5,58.5,13602255.0,0.0
-12.5,59.5,13602255.0,0.0
-12.5,60.5,13602255.0,0.0
-12.5,61.5,13602255.0,0.0
-12.5,62.5,13602255.0,0.0
-12.5,63.5,13602255.0,0.0
-12.5,64.5,13602255.0,0.0
-12.5,65.5,13602255.0,0.0
-12.5,66.5,13602255.0,0.0
-12.5,67.5,13602255.0,0.0
-12.5,68.5,13602255.0,0.0
-12.5,69.5,13602255.0,0.0
-12.5,70.5,13602255.0,0.0
-12.5,71.5,13602255.0,0.0
-12.5,72.5,13602255.0,0.0
-12.5,73.5,13602255.0,0.0
-12.5,74.5,13602255.0,0.0
-12.5,75.5,13602255.0,0.0
-12.5,76.5,13602255.0,0.0
-12.5,77.5,13602255.0,0.0
-12.5,78.5,13602255.0,0.0
-12.5,79.5,13602255.0,0.0
-12.5,80.5,13602255.0,0.0
-12.5,81.5,13602255.0,0.0
-12.5,82.5,13602255.0,0.0
-12.5,83.5,13602255.0,0.0
-12.5,84.5,13602255.0,0.0
-12.5,85.5,13602255.0,0.0
-12.5,86.5,13602255.0,0.0
-12.5,87.5,13602255.0,0.0
-12.5,88.5,13602255.0,0.0
-12.5,89.5,13602255.0,0.0
-12.5,90.5,13602255.0,0.0
-12.5,91.5,13602255.0,0.0
-12.5,92.5,13602255.0,0.0
-12.5,93.5,13602255.0,0.0
-12.5,94.5,13602255.0,0.0
-12.5,95.5,13602255.0,0.0
-12.5,96.5,13602255.0,0.0
-12.5,97.5,13602255.0,0.0
-12.5,98.5,13602255.0,0.0
-12.5,99.5,13602255.0,0.0
-12.5,100.5,13602255.0,0.0
-12.5,101.5,13602255.0,0.0
-12.5,102.5,13602255.0,0.0
-12.5,103.5,13602255.0,0.0
-12.5,104.5,13602255.0,0.0
-12.5,105.5,13602255.0,0.0
-12.5,106.5,13602255.0,0.0
-12.5,107.5,13602255.0,0.0
-12.5,108.5,13602255.0,0.29866543
-12.5,109.5,13602255.0,1.13643
-12.5,110.5,13602255.0,5.218694
-12.5,111.5,13602255.0,8.1235895
-12.5,112.5,13602255.0,8.766096
-12.5,113.5,13602255.0,7.4200463
-12.5,114.5,13602255.0,3.5775065
-12.5,115.5,13602255.0,0.4167472
-12.5,116.5,13602255.0,0.0039793914
-12.5,117.5,13602255.0,0.026435286
-12.5,118.5,13602255.0,0.015364768
-12.5,119.5,13602255.0,0.00734694
-12.5,120.5,13602255.0,0.0
-13.5,30.5,13602255.0,0.15148097
-13.5,31.5,13602255.0,0.9351733
-13.5,32.5,13602255.0,4.4815335
-13.5,33.5,13602255.0,8.192519
-13.5,34.5,13602255.0,6.307358
-13.5,35.5,13602255.0,1.6764271
-13.5,36.5,13602255.0,0.16391288
-13.5,37.5,13602255.0,0.008545382
-13.5,38.5,13602255.0,0.11856583
-13.5,39.5,13602255.0,0.19527486
-13.5,40.5,13602255.0,0.18853424
-13.5,41.5,13602255.0,0.08442133
-13.5,42.5,13602255.0,0.0
-13.5,43.5,13602255.0,0.0
-13.5,44.5,13602255.0,0.0
-13.5,45.5,13602255.0,0.020777496
-13.5,46.5,13602255.0,1.6255133
-13.5,47.5,13602255.0,3.0270743
-13.5,48.5,13602255.0,1.0257195
-13.5,49.5,13602255.0,0.022700323
-13.5,50.5,13602255.0,0.0
-13.5,51.5,13602255.0,0.0
-13.5,52.5,13602255.0,0.0
-13.5,53.5,13602255.0,0.0
-13.5,54.5,13602255.0,0.0
-13.5,55.5,13602255.0,0.0
-13.5,56.5,13602255.0,0.0
-13.5,57.5,13602255.0,0.0
-13.5,58.5,13602255.0,0.0
-13.5,59.5,13602255.0,0.0
-13.5,60.5,13602255.0,0.0
-13.5,61.5,13602255.0,0.0
-13.5,62.5,13602255.0,0.0
-13.5,63.5,13602255.0,0.0
-13.5,64.5,13602255.0,0.0
-13.5,65.5,13602255.0,0.0
-13.5,66.5,13602255.0,0.0
-13.5,67.5,13602255.0,0.0
-13.5,68.5,13602255.0,0.0
-13.5,69.5,13602255.0,0.0
-13.5,70.5,13602255.0,0.0
-13.5,71.5,13602255.0,0.0
-13.5,72.5,13602255.0,0.0
-13.5,73.5,13602255.0,0.0
-13.5,74.5,13602255.0,0.0
-13.5,75.5,13602255.0,0.0
-13.5,76.5,13602255.0,0.0
-13.5,77.5,13602255.0,0.0
-13.5,78.5,13602255.0,0.0
-13.5,79.5,13602255.0,0.0
-13.5,80.5,13602255.0,0.0
-13.5,81.5,13602255.0,0.0
-13.5,82.5,13602255.0,0.0
-13.5,83.5,13602255.0,0.0
-13.5,84.5,13602255.0,0.0
-13.5,85.5,13602255.0,0.0
-13.5,86.5,13602255.0,0.0
-13.5,87.5,13602255.0,0.0
-13.5,88.5,13602255.0,0.0
-13.5,89.5,13602255.0,0.0
-13.5,90.5,13602255.0,0.0
-13.5,91.5,13602255.0,0.0
-13.5,92.5,13602255.0,0.0
-13.5,93.5,13602255.0,0.0
-13.5,94.5,13602255.0,0.0
-13.5,95.5,13602255.0,0.0
-13.5,96.5,13602255.0,0.0
-13.5,97.5,13602255.0,0.0
-13.5,98.5,13602255.0,0.0
-13.5,99.5,13602255.0,0.0
-13.5,100.5,13602255.0,0.0
-13.5,101.5,13602255.0,0.0
-13.5,102.5,13602255.0,0.0
-13.5,103.5,13602255.0,0.0
-13.5,104.5,13602255.0,0.0
-13.5,105.5,13602255.0,0.0
-13.5,106.5,13602255.0,0.0
-13.5,107.5,13602255.0,0.0
-13.5,108.5,13602255.0,0.000112941176
-13.5,109.5,13602255.0,0.017970728
-13.5,110.5,13602255.0,1.853728
-13.5,111.5,13602255.0,4.750948
-13.5,112.5,13602255.0,5.7780256
-13.5,113.5,13602255.0,3.731123
-13.5,114.5,13602255.0,1.7124314
-13.5,115.5,13602255.0,0.29879984
-13.5,116.5,13602255.0,0.0
-13.5,117.5,13602255.0,0.0
-13.5,118.5,13602255.0,0.024603002
-13.5,119.5,13602255.0,0.07729717
-13.5,120.5,13602255.0,0.0
-14.5,30.5,13602255.0,1.2268945
-14.5,31.5,13602255.0,4.93351
-14.5,32.5,13602255.0,7.5984316
-14.5,33.5,13602255.0,7.9718294
-14.5,34.5,13602255.0,3.906304
-14.5,35.5,13602255.0,1.2292478
-14.5,36.5,13602255.0,1.7187089
-14.5,37.5,13602255.0,0.8740584
-14.5,38.5,13602255.0,1.2485247
-14.5,39.5,13602255.0,2.533505
-14.5,40.5,13602255.0,1.5160327
-14.5,41.5,13602255.0,0.10047147
-14.5,42.5,13602255.0,0.0
-14.5,43.5,13602255.0,0.0
-14.5,44.5,13602255.0,0.0
-14.5,45.5,13602255.0,0.06499459
-14.5,46.5,13602255.0,2.2497656
-14.5,47.5,13602255.0,2.9373274
-14.5,48.5,13602255.0,0.91014934
-14.5,49.5,13602255.0,0.01771753
-14.5,50.5,13602255.0,0.0
-14.5,51.5,13602255.0,0.0
-14.5,52.5,13602255.0,0.0
-14.5,53.5,13602255.0,0.0
-14.5,54.5,13602255.0,0.0
-14.5,55.5,13602255.0,0.0
-14.5,56.5,13602255.0,0.0
-14.5,57.5,13602255.0,0.0
-14.5,58.5,13602255.0,0.0
-14.5,59.5,13602255.0,0.0
-14.5,60.5,13602255.0,0.0
-14.5,61.5,13602255.0,0.0
-14.5,62.5,13602255.0,0.0
-14.5,63.5,13602255.0,0.0
-14.5,64.5,13602255.0,0.0
-14.5,65.5,13602255.0,0.0
-14.5,66.5,13602255.0,0.0
-14.5,67.5,13602255.0,0.0
-14.5,68.5,13602255.0,0.0
-14.5,69.5,13602255.0,0.0
-14.5,70.5,13602255.0,0.0
-14.5,71.5,13602255.0,0.0
-14.5,72.5,13602255.0,0.0
-14.5,73.5,13602255.0,0.0
-14.5,74.5,13602255.0,0.0
-14.5,75.5,13602255.0,0.0
-14.5,76.5,13602255.0,0.0
-14.5,77.5,13602255.0,0.0
-14.5,78.5,13602255.0,0.0
-14.5,79.5,13602255.0,0.0
-14.5,80.5,13602255.0,0.0
-14.5,81.5,13602255.0,0.0
-14.5,82.5,13602255.0,0.0
-14.5,83.5,13602255.0,0.0
-14.5,84.5,13602255.0,0.0
-14.5,85.5,13602255.0,0.0
-14.5,86.5,13602255.0,0.0
-14.5,87.5,13602255.0,0.0
-14.5,88.5,13602255.0,0.0
-14.5,89.5,13602255.0,0.0
-14.5,90.5,13602255.0,0.0
-14.5,91.5,13602255.0,0.0
-14.5,92.5,13602255.0,0.0
-14.5,93.5,13602255.0,0.0
-14.5,94.5,13602255.0,0.0
-14.5,95.5,13602255.0,0.0
-14.5,96.5,13602255.0,0.0
-14.5,97.5,13602255.0,0.0
-14.5,98.5,13602255.0,0.0
-14.5,99.5,13602255.0,0.0
-14.5,100.5,13602255.0,0.0
-14.5,101.5,13602255.0,0.0
-14.5,102.5,13602255.0,0.0
-14.5,103.5,13602255.0,0.0
-14.5,104.5,13602255.0,0.0
-14.5,105.5,13602255.0,0.0
-14.5,106.5,13602255.0,0.0
-14.5,107.5,13602255.0,0.0
-14.5,108.5,13602255.0,0.0
-14.5,109.5,13602255.0,0.0
-14.5,110.5,13602255.0,0.03251224
-14.5,111.5,13602255.0,0.3748645
-14.5,112.5,13602255.0,1.1920781
-14.5,113.5,13602255.0,0.53030384
-14.5,114.5,13602255.0,0.06382791
-14.5,115.5,13602255.0,0.009600002
-14.5,116.5,13602255.0,0.0
-14.5,117.5,13602255.0,0.0
-14.5,118.5,13602255.0,0.0038010161
-14.5,119.5,13602255.0,0.023573868
-14.5,120.5,13602255.0,0.0
-15.5,30.5,13602255.0,3.1485484
-15.5,31.5,13602255.0,3.3315156
-15.5,32.5,13602255.0,2.5519726
-15.5,33.5,13602255.0,3.357361
-15.5,34.5,13602255.0,2.2562842
-15.5,35.5,13602255.0,2.033445
-15.5,36.5,13602255.0,1.611352
-15.5,37.5,13602255.0,0.5309999
-15.5,38.5,13602255.0,0.25562963
-15.5,39.5,13602255.0,0.5823163
-15.5,40.5,13602255.0,0.23695841
-15.5,41.5,13602255.0,0.00028290765
-15.5,42.5,13602255.0,0.0
-15.5,43.5,13602255.0,0.0
-15.5,44.5,13602255.0,0.0
-15.5,45.5,13602255.0,0.6621662
-15.5,46.5,13602255.0,4.553988
-15.5,47.5,13602255.0,6.9617867
-15.5,48.5,13602255.0,2.9474795
-15.5,49.5,13602255.0,0.03548037
-15.5,50.5,13602255.0,0.0
-15.5,51.5,13602255.0,0.0
-15.5,52.5,13602255.0,0.0
-15.5,53.5,13602255.0,0.0
-15.5,54.5,13602255.0,0.0
-15.5,55.5,13602255.0,0.0
-15.5,56.5,13602255.0,0.0
-15.5,57.5,13602255.0,0.0
-15.5,58.5,13602255.0,0.0
-15.5,59.5,13602255.0,0.0
-15.5,60.5,13602255.0,0.0
-15.5,61.5,13602255.0,0.0
-15.5,62.5,13602255.0,0.0
-15.5,63.5,13602255.0,0.0
-15.5,64.5,13602255.0,0.0
-15.5,65.5,13602255.0,0.0
-15.5,66.5,13602255.0,0.0
-15.5,67.5,13602255.0,0.0
-15.5,68.5,13602255.0,0.0
-15.5,69.5,13602255.0,0.0
-15.5,70.5,13602255.0,0.0
-15.5,71.5,13602255.0,0.0
-15.5,72.5,13602255.0,0.0
-15.5,73.5,13602255.0,0.0
-15.5,74.5,13602255.0,0.0
-15.5,75.5,13602255.0,0.0
-15.5,76.5,13602255.0,0.0
-15.5,77.5,13602255.0,0.0
-15.5,78.5,13602255.0,0.0
-15.5,79.5,13602255.0,0.0
-15.5,80.5,13602255.0,0.0
-15.5,81.5,13602255.0,0.0
-15.5,82.5,13602255.0,0.0
-15.5,83.5,13602255.0,0.0
-15.5,84.5,13602255.0,0.0
-15.5,85.5,13602255.0,0.0
-15.5,86.5,13602255.0,0.0
-15.5,87.5,13602255.0,0.0
-15.5,88.5,13602255.0,0.0
-15.5,89.5,13602255.0,0.0
-15.5,90.5,13602255.0,0.0
-15.5,91.5,13602255.0,0.0
-15.5,92.5,13602255.0,0.0
-15.5,93.5,13602255.0,0.0
-15.5,94.5,13602255.0,0.0
-15.5,95.5,13602255.0,0.0
-15.5,96.5,13602255.0,0.0
-15.5,97.5,13602255.0,0.0
-15.5,98.5,13602255.0,0.0
-15.5,99.5,13602255.0,0.0
-15.5,100.5,13602255.0,0.0
-15.5,101.5,13602255.0,0.0
-15.5,102.5,13602255.0,0.0
-15.5,103.5,13602255.0,0.0
-15.5,104.5,13602255.0,0.0
-15.5,105.5,13602255.0,0.0
-15.5,106.5,13602255.0,0.0
-15.5,107.5,13602255.0,0.0
-15.5,108.5,13602255.0,0.0
-15.5,109.5,13602255.0,0.0
-15.5,110.5,13602255.0,0.0
-15.5,111.5,13602255.0,0.0
-15.5,112.5,13602255.0,0.0
-15.5,113.5,13602255.0,0.0
-15.5,114.5,13602255.0,0.0
-15.5,115.5,13602255.0,0.0
-15.5,116.5,13602255.0,0.0
-15.5,117.5,13602255.0,0.0
-15.5,118.5,13602255.0,0.0
-15.5,119.5,13602255.0,0.0
-15.5,120.5,13602255.0,0.0
-16.5,30.5,13602255.0,6.5438366
-16.5,31.5,13602255.0,4.02098
-16.5,32.5,13602255.0,1.847389
-16.5,33.5,13602255.0,2.4860625
-16.5,34.5,13602255.0,1.2296354
-16.5,35.5,13602255.0,0.13813673
-16.5,36.5,13602255.0,0.022876112
-16.5,37.5,13602255.0,0.0016923081
-16.5,38.5,13602255.0,0.0
-16.5,39.5,13602255.0,0.0
-16.5,40.5,13602255.0,0.0
-16.5,41.5,13602255.0,0.0
-16.5,42.5,13602255.0,0.0
-16.5,43.5,13602255.0,0.0
-16.5,44.5,13602255.0,0.0
-16.5,45.5,13602255.0,0.054000005
-16.5,46.5,13602255.0,1.3995979
-16.5,47.5,13602255.0,3.5969772
-16.5,48.5,13602255.0,0.7318929
-16.5,49.5,13602255.0,0.003877874
-16.5,50.5,13602255.0,0.0
-16.5,51.5,13602255.0,0.004075933
-16.5,52.5,13602255.0,0.13459733
-16.5,53.5,13602255.0,0.11906399
-16.5,54.5,13602255.0,0.008968221
-16.5,55.5,13602255.0,0.0
-16.5,56.5,13602255.0,0.0
-16.5,57.5,13602255.0,0.0
-16.5,58.5,13602255.0,0.0
-16.5,59.5,13602255.0,0.0
-16.5,60.5,13602255.0,0.0
-16.5,61.5,13602255.0,0.0
-16.5,62.5,13602255.0,0.0
-16.5,63.5,13602255.0,0.0
-16.5,64.5,13602255.0,0.0
-16.5,65.5,13602255.0,0.0
-16.5,66.5,13602255.0,0.0
-16.5,67.5,13602255.0,0.0
-16.5,68.5,13602255.0,0.0
-16.5,69.5,13602255.0,0.0
-16.5,70.5,13602255.0,0.0
-16.5,71.5,13602255.0,0.0
-16.5,72.5,13602255.0,0.0
-16.5,73.5,13602255.0,0.0
-16.5,74.5,13602255.0,0.0
-16.5,75.5,13602255.0,0.0
-16.5,76.5,13602255.0,0.0
-16.5,77.5,13602255.0,0.0
-16.5,78.5,13602255.0,0.0
-16.5,79.5,13602255.0,0.0
-16.5,80.5,13602255.0,0.0
-16.5,81.5,13602255.0,0.0
-16.5,82.5,13602255.0,0.0
-16.5,83.5,13602255.0,0.0
-16.5,84.5,13602255.0,0.0
-16.5,85.5,13602255.0,0.0
-16.5,86.5,13602255.0,0.0
-16.5,87.5,13602255.0,0.0
-16.5,88.5,13602255.0,0.0
-16.5,89.5,13602255.0,0.0
-16.5,90.5,13602255.0,0.0
-16.5,91.5,13602255.0,0.0
-16.5,92.5,13602255.0,0.0
-16.5,93.5,13602255.0,0.0
-16.5,94.5,13602255.0,0.0
-16.5,95.5,13602255.0,0.0
-16.5,96.5,13602255.0,0.0
-16.5,97.5,13602255.0,0.0
-16.5,98.5,13602255.0,0.0
-16.5,99.5,13602255.0,0.0
-16.5,100.5,13602255.0,0.0
-16.5,101.5,13602255.0,0.0
-16.5,102.5,13602255.0,0.0
-16.5,103.5,13602255.0,0.0
-16.5,104.5,13602255.0,0.0
-16.5,105.5,13602255.0,0.0
-16.5,106.5,13602255.0,0.0
-16.5,107.5,13602255.0,0.0
-16.5,108.5,13602255.0,0.0
-16.5,109.5,13602255.0,0.0
-16.5,110.5,13602255.0,0.0
-16.5,111.5,13602255.0,0.0
-16.5,112.5,13602255.0,0.0
-16.5,113.5,13602255.0,0.0
-16.5,114.5,13602255.0,0.0
-16.5,115.5,13602255.0,0.0
-16.5,116.5,13602255.0,0.0
-16.5,117.5,13602255.0,0.0
-16.5,118.5,13602255.0,0.0
-16.5,119.5,13602255.0,0.0
-16.5,120.5,13602255.0,0.0
-17.5,30.5,13602255.0,1.5024248
-17.5,31.5,13602255.0,1.1439161
-17.5,32.5,13602255.0,0.9860833
-17.5,33.5,13602255.0,1.2964839
-17.5,34.5,13602255.0,0.3584959
-17.5,35.5,13602255.0,0.002481633
-17.5,36.5,13602255.0,0.0
-17.5,37.5,13602255.0,0.0
-17.5,38.5,13602255.0,0.0
-17.5,39.5,13602255.0,0.0
-17.5,40.5,13602255.0,0.0
-17.5,41.5,13602255.0,0.0
-17.5,42.5,13602255.0,0.0
-17.5,43.5,13602255.0,0.0
-17.5,44.5,13602255.0,0.0
-17.5,45.5,13602255.0,0.0
-17.5,46.5,13602255.0,0.0042774915
-17.5,47.5,13602255.0,0.01955395
-17.5,48.5,13602255.0,0.0072254436
-17.5,49.5,13602255.0,0.009379118
-17.5,50.5,13602255.0,0.0
-17.5,51.5,13602255.0,0.06022935
-17.5,52.5,13602255.0,0.58519423
-17.5,53.5,13602255.0,0.9776555
-17.5,54.5,13602255.0,0.6257626
-17.5,55.5,13602255.0,0.1560737
-17.5,56.5,13602255.0,0.007540622
-17.5,57.5,13602255.0,0.0
-17.5,58.5,13602255.0,0.0
-17.5,59.5,13602255.0,0.0
-17.5,60.5,13602255.0,0.0
-17.5,61.5,13602255.0,0.0
-17.5,62.5,13602255.0,0.0
-17.5,63.5,13602255.0,0.0
-17.5,64.5,13602255.0,0.0
-17.5,65.5,13602255.0,0.0
-17.5,66.5,13602255.0,0.0
-17.5,67.5,13602255.0,0.0
-17.5,68.5,13602255.0,0.0
-17.5,69.5,13602255.0,0.0
-17.5,70.5,13602255.0,0.0
-17.5,71.5,13602255.0,0.0
-17.5,72.5,13602255.0,0.0
-17.5,73.5,13602255.0,0.0
-17.5,74.5,13602255.0,0.0
-17.5,75.5,13602255.0,0.0
-17.5,76.5,13602255.0,0.0
-17.5,77.5,13602255.0,0.0
-17.5,78.5,13602255.0,0.0
-17.5,79.5,13602255.0,0.0
-17.5,80.5,13602255.0,0.0
-17.5,81.5,13602255.0,0.0
-17.5,82.5,13602255.0,0.0
-17.5,83.5,13602255.0,0.0
-17.5,84.5,13602255.0,0.0
-17.5,85.5,13602255.0,0.0
-17.5,86.5,13602255.0,0.0
-17.5,87.5,13602255.0,0.0
-17.5,88.5,13602255.0,0.0
-17.5,89.5,13602255.0,0.0
-17.5,90.5,13602255.0,0.0
-17.5,91.5,13602255.0,0.0
-17.5,92.5,13602255.0,0.0
-17.5,93.5,13602255.0,0.0
-17.5,94.5,13602255.0,0.0
-17.5,95.5,13602255.0,0.0
-17.5,96.5,13602255.0,0.0
-17.5,97.5,13602255.0,0.0
-17.5,98.5,13602255.0,0.0
-17.5,99.5,13602255.0,0.0
-17.5,100.5,13602255.0,0.0
-17.5,101.5,13602255.0,0.0
-17.5,102.5,13602255.0,0.0
-17.5,103.5,13602255.0,0.0
-17.5,104.5,13602255.0,0.0
-17.5,105.5,13602255.0,0.0
-17.5,106.5,13602255.0,0.0
-17.5,107.5,13602255.0,0.0
-17.5,108.5,13602255.0,0.0
-17.5,109.5,13602255.0,0.0
-17.5,110.5,13602255.0,0.0
-17.5,111.5,13602255.0,0.0
-17.5,112.5,13602255.0,0.0
-17.5,113.5,13602255.0,0.0
-17.5,114.5,13602255.0,0.0
-17.5,115.5,13602255.0,0.0
-17.5,116.5,13602255.0,0.0
-17.5,117.5,13602255.0,0.0
-17.5,118.5,13602255.0,0.0
-17.5,119.5,13602255.0,0.0
-17.5,120.5,13602255.0,0.0
-18.5,30.5,13602255.0,0.09617542
-18.5,31.5,13602255.0,0.058733
-18.5,32.5,13602255.0,0.012005958
-18.5,33.5,13602255.0,0.0
-18.5,34.5,13602255.0,0.0
-18.5,35.5,13602255.0,0.0
-18.5,36.5,13602255.0,0.0
-18.5,37.5,13602255.0,0.0
-18.5,38.5,13602255.0,0.0
-18.5,39.5,13602255.0,0.0
-18.5,40.5,13602255.0,0.0
-18.5,41.5,13602255.0,0.0
-18.5,42.5,13602255.0,0.0
-18.5,43.5,13602255.0,0.0
-18.5,44.5,13602255.0,0.0
-18.5,45.5,13602255.0,0.00073636364
-18.5,46.5,13602255.0,0.05592001
-18.5,47.5,13602255.0,0.023806239
-18.5,48.5,13602255.0,0.0
-18.5,49.5,13602255.0,0.0
-18.5,50.5,13602255.0,0.0
-18.5,51.5,13602255.0,0.07057989
-18.5,52.5,13602255.0,0.30515093
-18.5,53.5,13602255.0,0.22683018
-18.5,54.5,13602255.0,0.102252156
-18.5,55.5,13602255.0,0.04627887
-18.5,56.5,13602255.0,0.003022811
-18.5,57.5,13602255.0,0.0
-18.5,58.5,13602255.0,0.0
-18.5,59.5,13602255.0,0.0
-18.5,60.5,13602255.0,0.0
-18.5,61.5,13602255.0,0.0
-18.5,62.5,13602255.0,0.0
-18.5,63.5,13602255.0,0.0
-18.5,64.5,13602255.0,0.0
-18.5,65.5,13602255.0,0.0
-18.5,66.5,13602255.0,0.0
-18.5,67.5,13602255.0,0.0
-18.5,68.5,13602255.0,0.0
-18.5,69.5,13602255.0,0.0
-18.5,70.5,13602255.0,0.0
-18.5,71.5,13602255.0,0.0
-18.5,72.5,13602255.0,0.0
-18.5,73.5,13602255.0,0.0
-18.5,74.5,13602255.0,0.0
-18.5,75.5,13602255.0,0.0
-18.5,76.5,13602255.0,0.0
-18.5,77.5,13602255.0,0.0
-18.5,78.5,13602255.0,0.0
-18.5,79.5,13602255.0,0.0
-18.5,80.5,13602255.0,0.0
-18.5,81.5,13602255.0,0.0
-18.5,82.5,13602255.0,0.0
-18.5,83.5,13602255.0,0.0
-18.5,84.5,13602255.0,0.0
-18.5,85.5,13602255.0,0.0
-18.5,86.5,13602255.0,0.0
-18.5,87.5,13602255.0,0.0
-18.5,88.5,13602255.0,0.0
-18.5,89.5,13602255.0,0.0
-18.5,90.5,13602255.0,0.0
-18.5,91.5,13602255.0,0.0
-18.5,92.5,13602255.0,0.0
-18.5,93.5,13602255.0,0.0
-18.5,94.5,13602255.0,0.0
-18.5,95.5,13602255.0,0.0
-18.5,96.5,13602255.0,0.0
-18.5,97.5,13602255.0,0.0
-18.5,98.5,13602255.0,0.0
-18.5,99.5,13602255.0,0.0
-18.5,100.5,13602255.0,0.0
-18.5,101.5,13602255.0,0.0
-18.5,102.5,13602255.0,0.0
-18.5,103.5,13602255.0,0.0
-18.5,104.5,13602255.0,0.0
-18.5,105.5,13602255.0,0.0
-18.5,106.5,13602255.0,0.0
-18.5,107.5,13602255.0,0.0
-18.5,108.5,13602255.0,0.0
-18.5,109.5,13602255.0,0.0
-18.5,110.5,13602255.0,0.0
-18.5,111.5,13602255.0,0.0
-18.5,112.5,13602255.0,0.0
-18.5,113.5,13602255.0,0.0
-18.5,114.5,13602255.0,0.0
-18.5,115.5,13602255.0,0.0
-18.5,116.5,13602255.0,0.0
-18.5,117.5,13602255.0,0.0
-18.5,118.5,13602255.0,0.0
-18.5,119.5,13602255.0,0.0
-18.5,120.5,13602255.0,0.0
-19.5,30.5,13602255.0,3.0539103
-19.5,31.5,13602255.0,0.4949208
-19.5,32.5,13602255.0,0.00057889445
-19.5,33.5,13602255.0,0.0
-19.5,34.5,13602255.0,0.0
-19.5,35.5,13602255.0,0.0
-19.5,36.5,13602255.0,0.0
-19.5,37.5,13602255.0,0.0
-19.5,38.5,13602255.0,0.0
-19.5,39.5,13602255.0,0.0
-19.5,40.5,13602255.0,0.0
-19.5,41.5,13602255.0,0.0
-19.5,42.5,13602255.0,0.024038954
-19.5,43.5,13602255.0,0.10480801
-19.5,44.5,13602255.0,0.9825251
-19.5,45.5,13602255.0,3.0836315
-19.5,46.5,13602255.0,2.474029
-19.5,47.5,13602255.0,0.88741684
-19.5,48.5,13602255.0,0.7423171
-19.5,49.5,13602255.0,0.19541754
-19.5,50.5,13602255.0,0.014012212
-19.5,51.5,13602255.0,0.105201416
-19.5,52.5,13602255.0,0.33679023
-19.5,53.5,13602255.0,0.17550625
-19.5,54.5,13602255.0,0.00205017
-19.5,55.5,13602255.0,0.0
-19.5,56.5,13602255.0,0.0
-19.5,57.5,13602255.0,0.0
-19.5,58.5,13602255.0,0.0
-19.5,59.5,13602255.0,0.0
-19.5,60.5,13602255.0,0.0
-19.5,61.5,13602255.0,0.0
-19.5,62.5,13602255.0,0.0
-19.5,63.5,13602255.0,0.0
-19.5,64.5,13602255.0,0.0
-19.5,65.5,13602255.0,0.0
-19.5,66.5,13602255.0,0.0
-19.5,67.5,13602255.0,0.0
-19.5,68.5,13602255.0,0.0
-19.5,69.5,13602255.0,0.0
-19.5,70.5,13602255.0,0.0
-19.5,71.5,13602255.0,0.0
-19.5,72.5,13602255.0,0.0
-19.5,73.5,13602255.0,0.0
-19.5,74.5,13602255.0,0.0
-19.5,75.5,13602255.0,0.0
-19.5,76.5,13602255.0,0.0
-19.5,77.5,13602255.0,0.0
-19.5,78.5,13602255.0,0.0
-19.5,79.5,13602255.0,0.0
-19.5,80.5,13602255.0,0.0
-19.5,81.5,13602255.0,0.0
-19.5,82.5,13602255.0,0.0
-19.5,83.5,13602255.0,0.0
-19.5,84.5,13602255.0,0.0
-19.5,85.5,13602255.0,0.0
-19.5,86.5,13602255.0,0.0
-19.5,87.5,13602255.0,0.0
-19.5,88.5,13602255.0,0.0
-19.5,89.5,13602255.0,0.0
-19.5,90.5,13602255.0,0.0
-19.5,91.5,13602255.0,0.0
-19.5,92.5,13602255.0,0.0
-19.5,93.5,13602255.0,0.0
-19.5,94.5,13602255.0,0.0
-19.5,95.5,13602255.0,0.0
-19.5,96.5,13602255.0,0.0
-19.5,97.5,13602255.0,0.0
-19.5,98.5,13602255.0,0.0
-19.5,99.5,13602255.0,0.0
-19.5,100.5,13602255.0,0.0
-19.5,101.5,13602255.0,0.0
-19.5,102.5,13602255.0,0.0
-19.5,103.5,13602255.0,0.0
-19.5,104.5,13602255.0,0.0
-19.5,105.5,13602255.0,0.0
-19.5,106.5,13602255.0,0.0
-19.5,107.5,13602255.0,0.0
-19.5,108.5,13602255.0,0.0
-19.5,109.5,13602255.0,0.0
-19.5,110.5,13602255.0,0.0
-19.5,111.5,13602255.0,0.0
-19.5,112.5,13602255.0,0.0
-19.5,113.5,13602255.0,0.0
-19.5,114.5,13602255.0,0.0
-19.5,115.5,13602255.0,0.0
-19.5,116.5,13602255.0,0.0
-19.5,117.5,13602255.0,0.0
-19.5,118.5,13602255.0,0.0
-19.5,119.5,13602255.0,0.0
-19.5,120.5,13602255.0,0.0
-20.5,30.5,13602255.0,4.435239
-20.5,31.5,13602255.0,0.80923486
-20.5,32.5,13602255.0,0.021269387
-20.5,33.5,13602255.0,0.0
-20.5,34.5,13602255.0,0.0
-20.5,35.5,13602255.0,0.0
-20.5,36.5,13602255.0,0.0
-20.5,37.5,13602255.0,0.0
-20.5,38.5,13602255.0,0.0
-20.5,39.5,13602255.0,0.0
-20.5,40.5,13602255.0,0.0
-20.5,41.5,13602255.0,0.0
-20.5,42.5,13602255.0,0.04847104
-20.5,43.5,13602255.0,0.13643613
-20.5,44.5,13602255.0,0.8326096
-20.5,45.5,13602255.0,1.4650333
-20.5,46.5,13602255.0,1.2664754
-20.5,47.5,13602255.0,1.6979538
-20.5,48.5,13602255.0,1.1726015
-20.5,49.5,13602255.0,0.3388658
-20.5,50.5,13602255.0,0.011167886
-20.5,51.5,13602255.0,0.0
-20.5,52.5,13602255.0,0.0
-20.5,53.5,13602255.0,0.0
-20.5,54.5,13602255.0,0.0
-20.5,55.5,13602255.0,0.0
-20.5,56.5,13602255.0,0.0
-20.5,57.5,13602255.0,0.0
-20.5,58.5,13602255.0,0.0
-20.5,59.5,13602255.0,0.0
-20.5,60.5,13602255.0,0.0
-20.5,61.5,13602255.0,0.0
-20.5,62.5,13602255.0,0.0
-20.5,63.5,13602255.0,0.0
-20.5,64.5,13602255.0,0.0
-20.5,65.5,13602255.0,0.0
-20.5,66.5,13602255.0,0.0
-20.5,67.5,13602255.0,0.0
-20.5,68.5,13602255.0,0.0
-20.5,69.5,13602255.0,0.0
-20.5,70.5,13602255.0,0.0
-20.5,71.5,13602255.0,0.0
-20.5,72.5,13602255.0,0.0
-20.5,73.5,13602255.0,0.0
-20.5,74.5,13602255.0,0.0
-20.5,75.5,13602255.0,0.0
-20.5,76.5,13602255.0,0.0
-20.5,77.5,13602255.0,0.0
-20.5,78.5,13602255.0,0.0
-20.5,79.5,13602255.0,0.0
-20.5,80.5,13602255.0,0.0
-20.5,81.5,13602255.0,0.0
-20.5,82.5,13602255.0,0.0
-20.5,83.5,13602255.0,0.0
-20.5,84.5,13602255.0,0.0
-20.5,85.5,13602255.0,0.0
-20.5,86.5,13602255.0,0.0
-20.5,87.5,13602255.0,0.0
-20.5,88.5,13602255.0,0.0
-20.5,89.5,13602255.0,0.0
-20.5,90.5,13602255.0,0.0
-20.5,91.5,13602255.0,0.0
-20.5,92.5,13602255.0,0.0
-20.5,93.5,13602255.0,0.0
-20.5,94.5,13602255.0,0.0
-20.5,95.5,13602255.0,0.0
-20.5,96.5,13602255.0,0.0
-20.5,97.5,13602255.0,0.0
-20.5,98.5,13602255.0,0.0
-20.5,99.5,13602255.0,0.0
-20.5,100.5,13602255.0,0.0
-20.5,101.5,13602255.0,0.0
-20.5,102.5,13602255.0,0.0
-20.5,103.5,13602255.0,0.0
-20.5,104.5,13602255.0,0.0
-20.5,105.5,13602255.0,0.0
-20.5,106.5,13602255.0,0.0
-20.5,107.5,13602255.0,0.0
-20.5,108.5,13602255.0,0.0
-20.5,109.5,13602255.0,0.0
-20.5,110.5,13602255.0,0.0
-20.5,111.5,13602255.0,0.0
-20.5,112.5,13602255.0,0.0
-20.5,113.5,13602255.0,0.0
-20.5,114.5,13602255.0,0.0
-20.5,115.5,13602255.0,0.0
-20.5,116.5,13602255.0,0.0
-20.5,117.5,13602255.0,0.0
-20.5,118.5,13602255.0,0.0
-20.5,119.5,13602255.0,0.0
-20.5,120.5,13602255.0,0.0
-21.5,30.5,13602255.0,1.1692425
-21.5,31.5,13602255.0,0.26574886
-21.5,32.5,13602255.0,7.519582e-05
-21.5,33.5,13602255.0,0.0
-21.5,34.5,13602255.0,0.0
-21.5,35.5,13602255.0,0.0
-21.5,36.5,13602255.0,0.0
-21.5,37.5,13602255.0,0.0
-21.5,38.5,13602255.0,0.0
-21.5,39.5,13602255.0,0.0
-21.5,40.5,13602255.0,0.0
-21.5,41.5,13602255.0,0.0
-21.5,42.5,13602255.0,0.026837708
-21.5,43.5,13602255.0,0.02193863
-21.5,44.5,13602255.0,0.0
-21.5,45.5,13602255.0,0.0052182195
-21.5,46.5,13602255.0,0.02633462
-21.5,47.5,13602255.0,0.0002232558
-21.5,48.5,13602255.0,0.0
-21.5,49.5,13602255.0,8.044693e-05
-21.5,50.5,13602255.0,0.035602946
-21.5,51.5,13602255.0,0.02524641
-21.5,52.5,13602255.0,0.0
-21.5,53.5,13602255.0,0.0
-21.5,54.5,13602255.0,0.0
-21.5,55.5,13602255.0,0.0
-21.5,56.5,13602255.0,0.0
-21.5,57.5,13602255.0,0.0
-21.5,58.5,13602255.0,0.0
-21.5,59.5,13602255.0,0.0
-21.5,60.5,13602255.0,0.0
-21.5,61.5,13602255.0,0.0
-21.5,62.5,13602255.0,0.0
-21.5,63.5,13602255.0,0.0
-21.5,64.5,13602255.0,0.0
-21.5,65.5,13602255.0,0.0
-21.5,66.5,13602255.0,0.0
-21.5,67.5,13602255.0,0.0
-21.5,68.5,13602255.0,0.0
-21.5,69.5,13602255.0,0.0
-21.5,70.5,13602255.0,0.0
-21.5,71.5,13602255.0,0.0
-21.5,72.5,13602255.0,0.0
-21.5,73.5,13602255.0,0.0
-21.5,74.5,13602255.0,0.0
-21.5,75.5,13602255.0,0.0
-21.5,76.5,13602255.0,0.0
-21.5,77.5,13602255.0,0.0
-21.5,78.5,13602255.0,0.0
-21.5,79.5,13602255.0,0.0
-21.5,80.5,13602255.0,0.0
-21.5,81.5,13602255.0,0.0
-21.5,82.5,13602255.0,0.0
-21.5,83.5,13602255.0,0.0
-21.5,84.5,13602255.0,0.0
-21.5,85.5,13602255.0,0.0
-21.5,86.5,13602255.0,0.0
-21.5,87.5,13602255.0,0.0
-21.5,88.5,13602255.0,0.0
-21.5,89.5,13602255.0,0.0
-21.5,90.5,13602255.0,0.0
-21.5,91.5,13602255.0,0.0
-21.5,92.5,13602255.0,0.0
-21.5,93.5,13602255.0,0.0
-21.5,94.5,13602255.0,0.0
-21.5,95.5,13602255.0,0.0
-21.5,96.5,13602255.0,0.0
-21.5,97.5,13602255.0,0.0
-21.5,98.5,13602255.0,0.0
-21.5,99.5,13602255.0,0.0
-21.5,100.5,13602255.0,0.0
-21.5,101.5,13602255.0,0.0
-21.5,102.5,13602255.0,0.0
-21.5,103.5,13602255.0,0.0
-21.5,104.5,13602255.0,0.0
-21.5,105.5,13602255.0,0.0
-21.5,106.5,13602255.0,0.0
-21.5,107.5,13602255.0,0.0
-21.5,108.5,13602255.0,0.0
-21.5,109.5,13602255.0,0.0
-21.5,110.5,13602255.0,0.0
-21.5,111.5,13602255.0,0.0
-21.5,112.5,13602255.0,0.0
-21.5,113.5,13602255.0,0.0
-21.5,114.5,13602255.0,0.0
-21.5,115.5,13602255.0,0.0
-21.5,116.5,13602255.0,0.0
-21.5,117.5,13602255.0,0.0
-21.5,118.5,13602255.0,0.0
-21.5,119.5,13602255.0,0.0
-21.5,120.5,13602255.0,0.0
-22.5,30.5,13602255.0,0.27013075
-22.5,31.5,13602255.0,0.04710574
-22.5,32.5,13602255.0,0.007674936
-22.5,33.5,13602255.0,0.010577322
-22.5,34.5,13602255.0,7.254408e-05
-22.5,35.5,13602255.0,0.0
-22.5,36.5,13602255.0,0.0
-22.5,37.5,13602255.0,0.0
-22.5,38.5,13602255.0,0.0
-22.5,39.5,13602255.0,0.0
-22.5,40.5,13602255.0,0.0
-22.5,41.5,13602255.0,0.0
-22.5,42.5,13602255.0,0.0
-22.5,43.5,13602255.0,0.0
-22.5,44.5,13602255.0,0.0
-22.5,45.5,13602255.0,0.0
-22.5,46.5,13602255.0,0.0
-22.5,47.5,13602255.0,0.0
-22.5,48.5,13602255.0,0.0053302343
-22.5,49.5,13602255.0,0.12558007
-22.5,50.5,13602255.0,0.6568895
-22.5,51.5,13602255.0,0.20745572
-22.5,52.5,13602255.0,0.0
-22.5,53.5,13602255.0,0.0
-22.5,54.5,13602255.0,0.0
-22.5,55.5,13602255.0,0.0
-22.5,56.5,13602255.0,0.0
-22.5,57.5,13602255.0,0.0
-22.5,58.5,13602255.0,0.0
-22.5,59.5,13602255.0,0.0
-22.5,60.5,13602255.0,0.0
-22.5,61.5,13602255.0,0.0
-22.5,62.5,13602255.0,0.0
-22.5,63.5,13602255.0,0.0
-22.5,64.5,13602255.0,0.0
-22.5,65.5,13602255.0,0.0
-22.5,66.5,13602255.0,0.0
-22.5,67.5,13602255.0,0.0
-22.5,68.5,13602255.0,0.0
-22.5,69.5,13602255.0,0.0
-22.5,70.5,13602255.0,0.0
-22.5,71.5,13602255.0,0.0
-22.5,72.5,13602255.0,0.0
-22.5,73.5,13602255.0,0.0
-22.5,74.5,13602255.0,0.0
-22.5,75.5,13602255.0,0.0
-22.5,76.5,13602255.0,0.0
-22.5,77.5,13602255.0,0.0
-22.5,78.5,13602255.0,0.0
-22.5,79.5,13602255.0,0.0
-22.5,80.5,13602255.0,0.0
-22.5,81.5,13602255.0,0.0
-22.5,82.5,13602255.0,0.0
-22.5,83.5,13602255.0,0.0
-22.5,84.5,13602255.0,0.0
-22.5,85.5,13602255.0,0.0
-22.5,86.5,13602255.0,0.0
-22.5,87.5,13602255.0,0.0
-22.5,88.5,13602255.0,0.0
-22.5,89.5,13602255.0,0.0
-22.5,90.5,13602255.0,0.0
-22.5,91.5,13602255.0,0.0
-22.5,92.5,13602255.0,0.0
-22.5,93.5,13602255.0,0.0
-22.5,94.5,13602255.0,0.0
-22.5,95.5,13602255.0,0.0
-22.5,96.5,13602255.0,0.0
-22.5,97.5,13602255.0,0.0
-22.5,98.5,13602255.0,0.0
-22.5,99.5,13602255.0,0.0
-22.5,100.5,13602255.0,0.0
-22.5,101.5,13602255.0,0.0
-22.5,102.5,13602255.0,0.0
-22.5,103.5,13602255.0,0.0
-22.5,104.5,13602255.0,0.0
-22.5,105.5,13602255.0,0.0
-22.5,106.5,13602255.0,0.0
-22.5,107.5,13602255.0,0.0
-22.5,108.5,13602255.0,0.0
-22.5,109.5,13602255.0,0.0
-22.5,110.5,13602255.0,0.0
-22.5,111.5,13602255.0,0.0
-22.5,112.5,13602255.0,0.0
-22.5,113.5,13602255.0,0.0
-22.5,114.5,13602255.0,0.0
-22.5,115.5,13602255.0,0.0
-22.5,116.5,13602255.0,0.0
-22.5,117.5,13602255.0,0.0
-22.5,118.5,13602255.0,0.0
-22.5,119.5,13602255.0,0.0
-22.5,120.5,13602255.0,0.0
-23.5,30.5,13602255.0,0.1763897
-23.5,31.5,13602255.0,0.0
-23.5,32.5,13602255.0,0.0032869575
-23.5,33.5,13602255.0,0.001975726
-23.5,34.5,13602255.0,0.0
-23.5,35.5,13602255.0,0.0
-23.5,36.5,13602255.0,0.0
-23.5,37.5,13602255.0,0.0
-23.5,38.5,13602255.0,0.0
-23.5,39.5,13602255.0,0.0
-23.5,40.5,13602255.0,0.0
-23.5,41.5,13602255.0,0.0
-23.5,42.5,13602255.0,0.0
-23.5,43.5,13602255.0,0.0
-23.5,44.5,13602255.0,0.0
-23.5,45.5,13602255.0,0.0
-23.5,46.5,13602255.0,0.0
-23.5,47.5,13602255.0,0.1633437
-23.5,48.5,13602255.0,1.8816088
-23.5,49.5,13602255.0,1.7249081
-23.5,50.5,13602255.0,0.13098186
-23.5,51.5,13602255.0,0.00095817493
-23.5,52.5,13602255.0,0.0
-23.5,53.5,13602255.0,0.0
-23.5,54.5,13602255.0,0.0
-23.5,55.5,13602255.0,0.0
-23.5,56.5,13602255.0,0.0
-23.5,57.5,13602255.0,0.0
-23.5,58.5,13602255.0,0.0
-23.5,59.5,13602255.0,0.0
-23.5,60.5,13602255.0,0.0
-23.5,61.5,13602255.0,0.0
-23.5,62.5,13602255.0,0.0
-23.5,63.5,13602255.0,0.0
-23.5,64.5,13602255.0,0.0
-23.5,65.5,13602255.0,0.0
-23.5,66.5,13602255.0,0.0
-23.5,67.5,13602255.0,0.0
-23.5,68.5,13602255.0,0.0
-23.5,69.5,13602255.0,0.0
-23.5,70.5,13602255.0,0.0
-23.5,71.5,13602255.0,0.0
-23.5,72.5,13602255.0,0.0
-23.5,73.5,13602255.0,0.0
-23.5,74.5,13602255.0,0.0
-23.5,75.5,13602255.0,0.0
-23.5,76.5,13602255.0,0.0
-23.5,77.5,13602255.0,0.0
-23.5,78.5,13602255.0,0.0
-23.5,79.5,13602255.0,0.0
-23.5,80.5,13602255.0,0.0
-23.5,81.5,13602255.0,0.0
-23.5,82.5,13602255.0,0.0
-23.5,83.5,13602255.0,0.0
-23.5,84.5,13602255.0,0.0
-23.5,85.5,13602255.0,0.0
-23.5,86.5,13602255.0,0.0
-23.5,87.5,13602255.0,0.0
-23.5,88.5,13602255.0,0.0
-23.5,89.5,13602255.0,0.0
-23.5,90.5,13602255.0,0.0
-23.5,91.5,13602255.0,0.0
-23.5,92.5,13602255.0,0.0
-23.5,93.5,13602255.0,0.0
-23.5,94.5,13602255.0,0.0
-23.5,95.5,13602255.0,0.0
-23.5,96.5,13602255.0,0.0
-23.5,97.5,13602255.0,0.0
-23.5,98.5,13602255.0,0.0
-23.5,99.5,13602255.0,0.0
-23.5,100.5,13602255.0,0.0
-23.5,101.5,13602255.0,0.0
-23.5,102.5,13602255.0,0.0
-23.5,103.5,13602255.0,0.0
-23.5,104.5,13602255.0,0.0
-23.5,105.5,13602255.0,0.0
-23.5,106.5,13602255.0,0.0
-23.5,107.5,13602255.0,0.0
-23.5,108.5,13602255.0,0.0
-23.5,109.5,13602255.0,0.0
-23.5,110.5,13602255.0,0.0
-23.5,111.5,13602255.0,0.0
-23.5,112.5,13602255.0,0.0
-23.5,113.5,13602255.0,0.0
-23.5,114.5,13602255.0,0.0
-23.5,115.5,13602255.0,0.0
-23.5,116.5,13602255.0,0.0
-23.5,117.5,13602255.0,0.0
-23.5,118.5,13602255.0,0.0
-23.5,119.5,13602255.0,0.0
-23.5,120.5,13602255.0,0.0
-24.5,30.5,13602255.0,0.0030976748
-24.5,31.5,13602255.0,0.0
-24.5,32.5,13602255.0,0.0
-24.5,33.5,13602255.0,0.0
-24.5,34.5,13602255.0,0.0
-24.5,35.5,13602255.0,0.0
-24.5,36.5,13602255.0,0.0
-24.5,37.5,13602255.0,0.0
-24.5,38.5,13602255.0,0.0
-24.5,39.5,13602255.0,0.0
-24.5,40.5,13602255.0,0.0
-24.5,41.5,13602255.0,0.0
-24.5,42.5,13602255.0,0.0
-24.5,43.5,13602255.0,0.0
-24.5,44.5,13602255.0,0.0
-24.5,45.5,13602255.0,0.0
-24.5,46.5,13602255.0,0.014103096
-24.5,47.5,13602255.0,1.9561907
-24.5,48.5,13602255.0,5.771482
-24.5,49.5,13602255.0,2.0063732
-24.5,50.5,13602255.0,0.0025178785
-24.5,51.5,13602255.0,0.0
-24.5,52.5,13602255.0,0.0
-24.5,53.5,13602255.0,0.0
-24.5,54.5,13602255.0,0.0
-24.5,55.5,13602255.0,0.0
-24.5,56.5,13602255.0,0.0
-24.5,57.5,13602255.0,0.0
-24.5,58.5,13602255.0,0.0
-24.5,59.5,13602255.0,0.0
-24.5,60.5,13602255.0,0.0
-24.5,61.5,13602255.0,0.0
-24.5,62.5,13602255.0,0.0
-24.5,63.5,13602255.0,0.0
-24.5,64.5,13602255.0,0.0
-24.5,65.5,13602255.0,0.0
-24.5,66.5,13602255.0,0.0
-24.5,67.5,13602255.0,0.0
-24.5,68.5,13602255.0,0.0
-24.5,69.5,13602255.0,0.0
-24.5,70.5,13602255.0,0.0
-24.5,71.5,13602255.0,0.0
-24.5,72.5,13602255.0,0.0
-24.5,73.5,13602255.0,0.0
-24.5,74.5,13602255.0,0.0
-24.5,75.5,13602255.0,0.0
-24.5,76.5,13602255.0,0.0
-24.5,77.5,13602255.0,0.0
-24.5,78.5,13602255.0,0.0
-24.5,79.5,13602255.0,0.0
-24.5,80.5,13602255.0,0.0
-24.5,81.5,13602255.0,0.0
-24.5,82.5,13602255.0,0.0
-24.5,83.5,13602255.0,0.0
-24.5,84.5,13602255.0,0.0
-24.5,85.5,13602255.0,0.0
-24.5,86.5,13602255.0,0.0
-24.5,87.5,13602255.0,0.0
-24.5,88.5,13602255.0,0.0
-24.5,89.5,13602255.0,0.0
-24.5,90.5,13602255.0,0.0
-24.5,91.5,13602255.0,0.0
-24.5,92.5,13602255.0,0.0
-24.5,93.5,13602255.0,0.0
-24.5,94.5,13602255.0,0.0
-24.5,95.5,13602255.0,0.0
-24.5,96.5,13602255.0,0.0
-24.5,97.5,13602255.0,0.0
-24.5,98.5,13602255.0,0.0
-24.5,99.5,13602255.0,0.0
-24.5,100.5,13602255.0,0.0
-24.5,101.5,13602255.0,0.0
-24.5,102.5,13602255.0,0.0
-24.5,103.5,13602255.0,0.0
-24.5,104.5,13602255.0,0.0
-24.5,105.5,13602255.0,0.0
-24.5,106.5,13602255.0,0.0
-24.5,107.5,13602255.0,0.0
-24.5,108.5,13602255.0,0.0
-24.5,109.5,13602255.0,0.0
-24.5,110.5,13602255.0,0.0
-24.5,111.5,13602255.0,0.0
-24.5,112.5,13602255.0,0.0
-24.5,113.5,13602255.0,0.0
-24.5,114.5,13602255.0,0.0
-24.5,115.5,13602255.0,0.0
-24.5,116.5,13602255.0,0.0
-24.5,117.5,13602255.0,0.0
-24.5,118.5,13602255.0,0.0
-24.5,119.5,13602255.0,0.0
-24.5,120.5,13602255.0,0.0
-25.5,30.5,13602255.0,0.021363588
-25.5,31.5,13602255.0,0.0
-25.5,32.5,13602255.0,0.0
-25.5,33.5,13602255.0,0.0
-25.5,34.5,13602255.0,0.0
-25.5,35.5,13602255.0,0.0
-25.5,36.5,13602255.0,0.0
-25.5,37.5,13602255.0,0.0
-25.5,38.5,13602255.0,0.0
-25.5,39.5,13602255.0,0.0
-25.5,40.5,13602255.0,0.0
-25.5,41.5,13602255.0,0.0
-25.5,42.5,13602255.0,0.0
-25.5,43.5,13602255.0,0.0
-25.5,44.5,13602255.0,0.0
-25.5,45.5,13602255.0,0.0
-25.5,46.5,13602255.0,0.0028127392
-25.5,47.5,13602255.0,0.25776288
-25.5,48.5,13602255.0,0.8307841
-25.5,49.5,13602255.0,0.20401938
-25.5,50.5,13602255.0,0.0
-25.5,51.5,13602255.0,0.0
-25.5,52.5,13602255.0,0.0
-25.5,53.5,13602255.0,0.0
-25.5,54.5,13602255.0,0.0
-25.5,55.5,13602255.0,0.0
-25.5,56.5,13602255.0,0.0
-25.5,57.5,13602255.0,0.0
-25.5,58.5,13602255.0,0.0
-25.5,59.5,13602255.0,0.0
-25.5,60.5,13602255.0,0.0
-25.5,61.5,13602255.0,0.0
-25.5,62.5,13602255.0,0.0
-25.5,63.5,13602255.0,0.0
-25.5,64.5,13602255.0,0.0
-25.5,65.5,13602255.0,0.0
-25.5,66.5,13602255.0,0.0
-25.5,67.5,13602255.0,0.0
-25.5,68.5,13602255.0,0.0
-25.5,69.5,13602255.0,0.0
-25.5,70.5,13602255.0,0.0
-25.5,71.5,13602255.0,0.0
-25.5,72.5,13602255.0,0.0
-25.5,73.5,13602255.0,0.0
-25.5,74.5,13602255.0,0.0
-25.5,75.5,13602255.0,0.0
-25.5,76.5,13602255.0,0.0
-25.5,77.5,13602255.0,0.0
-25.5,78.5,13602255.0,0.0
-25.5,79.5,13602255.0,0.0
-25.5,80.5,13602255.0,0.0
-25.5,81.5,13602255.0,0.0
-25.5,82.5,13602255.0,0.0
-25.5,83.5,13602255.0,0.0
-25.5,84.5,13602255.0,0.0
-25.5,85.5,13602255.0,0.0
-25.5,86.5,13602255.0,0.0
-25.5,87.5,13602255.0,0.0
-25.5,88.5,13602255.0,0.0
-25.5,89.5,13602255.0,0.0
-25.5,90.5,13602255.0,0.0
-25.5,91.5,13602255.0,0.0
-25.5,92.5,13602255.0,0.0
-25.5,93.5,13602255.0,0.0
-25.5,94.5,13602255.0,0.0
-25.5,95.5,13602255.0,0.0
-25.5,96.5,13602255.0,0.0
-25.5,97.5,13602255.0,0.0
-25.5,98.5,13602255.0,0.0
-25.5,99.5,13602255.0,0.0
-25.5,100.5,13602255.0,0.0
-25.5,101.5,13602255.0,0.0
-25.5,102.5,13602255.0,0.0
-25.5,103.5,13602255.0,0.0
-25.5,104.5,13602255.0,0.0
-25.5,105.5,13602255.0,0.0
-25.5,106.5,13602255.0,0.0
-25.5,107.5,13602255.0,0.0
-25.5,108.5,13602255.0,0.0
-25.5,109.5,13602255.0,0.0
-25.5,110.5,13602255.0,0.0
-25.5,111.5,13602255.0,0.0
-25.5,112.5,13602255.0,0.0
-25.5,113.5,13602255.0,0.0
-25.5,114.5,13602255.0,0.0
-25.5,115.5,13602255.0,0.0
-25.5,116.5,13602255.0,0.0
-25.5,117.5,13602255.0,0.0
-25.5,118.5,13602255.0,0.0
-25.5,119.5,13602255.0,0.0
-25.5,120.5,13602255.0,0.0
-26.5,30.5,13602255.0,0.13338481
-26.5,31.5,13602255.0,0.0
-26.5,32.5,13602255.0,0.0
-26.5,33.5,13602255.0,0.0
-26.5,34.5,13602255.0,0.0
-26.5,35.5,13602255.0,0.0
-26.5,36.5,13602255.0,0.0
-26.5,37.5,13602255.0,0.0
-26.5,38.5,13602255.0,0.0
-26.5,39.5,13602255.0,0.0
-26.5,40.5,13602255.0,0.0
-26.5,41.5,13602255.0,0.0
-26.5,42.5,13602255.0,0.0
-26.5,43.5,13602255.0,0.0
-26.5,44.5,13602255.0,0.0
-26.5,45.5,13602255.0,0.0
-26.5,46.5,13602255.0,0.0
-26.5,47.5,13602255.0,0.0
-26.5,48.5,13602255.0,0.0
-26.5,49.5,13602255.0,0.0
-26.5,50.5,13602255.0,0.0
-26.5,51.5,13602255.0,0.0
-26.5,52.5,13602255.0,0.0
-26.5,53.5,13602255.0,0.0
-26.5,54.5,13602255.0,0.0
-26.5,55.5,13602255.0,0.0
-26.5,56.5,13602255.0,0.0
-26.5,57.5,13602255.0,0.0
-26.5,58.5,13602255.0,0.0
-26.5,59.5,13602255.0,0.0
-26.5,60.5,13602255.0,0.0
-26.5,61.5,13602255.0,0.0
-26.5,62.5,13602255.0,0.0
-26.5,63.5,13602255.0,0.0
-26.5,64.5,13602255.0,0.0
-26.5,65.5,13602255.0,0.0
-26.5,66.5,13602255.0,0.0
-26.5,67.5,13602255.0,0.0
-26.5,68.5,13602255.0,0.0
-26.5,69.5,13602255.0,0.0
-26.5,70.5,13602255.0,0.0
-26.5,71.5,13602255.0,0.0
-26.5,72.5,13602255.0,0.0
-26.5,73.5,13602255.0,0.0
-26.5,74.5,13602255.0,0.0
-26.5,75.5,13602255.0,0.0
-26.5,76.5,13602255.0,0.0
-26.5,77.5,13602255.0,0.0
-26.5,78.5,13602255.0,0.0
-26.5,79.5,13602255.0,0.0
-26.5,80.5,13602255.0,0.0
-26.5,81.5,13602255.0,0.0
-26.5,82.5,13602255.0,0.0
-26.5,83.5,13602255.0,0.0
-26.5,84.5,13602255.0,0.0
-26.5,85.5,13602255.0,0.0
-26.5,86.5,13602255.0,0.0
-26.5,87.5,13602255.0,0.0
-26.5,88.5,13602255.0,0.0
-26.5,89.5,13602255.0,0.0
-26.5,90.5,13602255.0,0.0
-26.5,91.5,13602255.0,0.0
-26.5,92.5,13602255.0,0.0
-26.5,93.5,13602255.0,0.0
-26.5,94.5,13602255.0,0.0
-26.5,95.5,13602255.0,0.0
-26.5,96.5,13602255.0,0.0
-26.5,97.5,13602255.0,0.0
-26.5,98.5,13602255.0,0.0
-26.5,99.5,13602255.0,0.0
-26.5,100.5,13602255.0,0.0
-26.5,101.5,13602255.0,0.0
-26.5,102.5,13602255.0,0.0
-26.5,103.5,13602255.0,0.0
-26.5,104.5,13602255.0,0.0
-26.5,105.5,13602255.0,0.0
-26.5,106.5,13602255.0,0.0
-26.5,107.5,13602255.0,0.0
-26.5,108.5,13602255.0,0.0
-26.5,109.5,13602255.0,0.0
-26.5,110.5,13602255.0,0.0
-26.5,111.5,13602255.0,0.0
-26.5,112.5,13602255.0,0.0
-26.5,113.5,13602255.0,0.0
-26.5,114.5,13602255.0,0.0
-26.5,115.5,13602255.0,0.0
-26.5,116.5,13602255.0,0.0
-26.5,117.5,13602255.0,0.0
-26.5,118.5,13602255.0,0.0
-26.5,119.5,13602255.0,0.0
-26.5,120.5,13602255.0,0.0
-27.5,30.5,13602255.0,0.0018450001
-27.5,31.5,13602255.0,0.0
-27.5,32.5,13602255.0,0.0
-27.5,33.5,13602255.0,0.0
-27.5,34.5,13602255.0,0.0
-27.5,35.5,13602255.0,0.0
-27.5,36.5,13602255.0,0.0
-27.5,37.5,13602255.0,0.0
-27.5,38.5,13602255.0,0.0
-27.5,39.5,13602255.0,0.0
-27.5,40.5,13602255.0,0.0
-27.5,41.5,13602255.0,0.0
-27.5,42.5,13602255.0,0.0
-27.5,43.5,13602255.0,0.0
-27.5,44.5,13602255.0,0.0
-27.5,45.5,13602255.0,0.0
-27.5,46.5,13602255.0,0.0
-27.5,47.5,13602255.0,0.0
-27.5,48.5,13602255.0,0.0
-27.5,49.5,13602255.0,0.0
-27.5,50.5,13602255.0,0.0
-27.5,51.5,13602255.0,0.0
-27.5,52.5,13602255.0,0.0
-27.5,53.5,13602255.0,0.0
-27.5,54.5,13602255.0,0.0
-27.5,55.5,13602255.0,0.0
-27.5,56.5,13602255.0,0.0
-27.5,57.5,13602255.0,0.0
-27.5,58.5,13602255.0,0.0
-27.5,59.5,13602255.0,0.0
-27.5,60.5,13602255.0,0.0
-27.5,61.5,13602255.0,0.0
-27.5,62.5,13602255.0,0.0
-27.5,63.5,13602255.0,0.0
-27.5,64.5,13602255.0,0.0
-27.5,65.5,13602255.0,0.0
-27.5,66.5,13602255.0,0.0
-27.5,67.5,13602255.0,0.0
-27.5,68.5,13602255.0,0.0
-27.5,69.5,13602255.0,0.0
-27.5,70.5,13602255.0,0.0
-27.5,71.5,13602255.0,0.0
-27.5,72.5,13602255.0,0.0
-27.5,73.5,13602255.0,0.0
-27.5,74.5,13602255.0,0.0
-27.5,75.5,13602255.0,0.0
-27.5,76.5,13602255.0,0.0
-27.5,77.5,13602255.0,0.0
-27.5,78.5,13602255.0,0.0
-27.5,79.5,13602255.0,0.0
-27.5,80.5,13602255.0,0.0
-27.5,81.5,13602255.0,0.0
-27.5,82.5,13602255.0,0.0
-27.5,83.5,13602255.0,0.0
-27.5,84.5,13602255.0,0.0
-27.5,85.5,13602255.0,0.0
-27.5,86.5,13602255.0,0.0
-27.5,87.5,13602255.0,0.0
-27.5,88.5,13602255.0,0.0
-27.5,89.5,13602255.0,0.0
-27.5,90.5,13602255.0,0.0
-27.5,91.5,13602255.0,0.0
-27.5,92.5,13602255.0,0.0
-27.5,93.5,13602255.0,0.0
-27.5,94.5,13602255.0,0.0
-27.5,95.5,13602255.0,0.0
-27.5,96.5,13602255.0,0.0
-27.5,97.5,13602255.0,0.0
-27.5,98.5,13602255.0,0.0
-27.5,99.5,13602255.0,0.0
-27.5,100.5,13602255.0,0.0
-27.5,101.5,13602255.0,0.0
-27.5,102.5,13602255.0,0.0
-27.5,103.5,13602255.0,0.0
-27.5,104.5,13602255.0,0.0
-27.5,105.5,13602255.0,0.0
-27.5,106.5,13602255.0,0.0
-27.5,107.5,13602255.0,0.0
-27.5,108.5,13602255.0,0.0
-27.5,109.5,13602255.0,0.0
-27.5,110.5,13602255.0,0.0
-27.5,111.5,13602255.0,0.0
-27.5,112.5,13602255.0,0.0
-27.5,113.5,13602255.0,0.0
-27.5,114.5,13602255.0,0.0
-27.5,115.5,13602255.0,0.0
-27.5,116.5,13602255.0,0.0
-27.5,117.5,13602255.0,0.0
-27.5,118.5,13602255.0,0.0
-27.5,119.5,13602255.0,0.0
-27.5,120.5,13602255.0,0.0
-28.5,30.5,13602255.0,0.0
-28.5,31.5,13602255.0,0.0
-28.5,32.5,13602255.0,0.0
-28.5,33.5,13602255.0,0.0
-28.5,34.5,13602255.0,0.0
-28.5,35.5,13602255.0,0.0
-28.5,36.5,13602255.0,0.0
-28.5,37.5,13602255.0,0.0
-28.5,38.5,13602255.0,0.0
-28.5,39.5,13602255.0,0.0
-28.5,40.5,13602255.0,0.0
-28.5,41.5,13602255.0,0.0
-28.5,42.5,13602255.0,0.0
-28.5,43.5,13602255.0,0.0
-28.5,44.5,13602255.0,0.0
-28.5,45.5,13602255.0,0.0
-28.5,46.5,13602255.0,0.0
-28.5,47.5,13602255.0,0.0
-28.5,48.5,13602255.0,0.0
-28.5,49.5,13602255.0,0.0
-28.5,50.5,13602255.0,0.0
-28.5,51.5,13602255.0,0.0
-28.5,52.5,13602255.0,0.0
-28.5,53.5,13602255.0,0.0
-28.5,54.5,13602255.0,0.0
-28.5,55.5,13602255.0,0.0
-28.5,56.5,13602255.0,0.0
-28.5,57.5,13602255.0,0.0
-28.5,58.5,13602255.0,0.0
-28.5,59.5,13602255.0,0.0
-28.5,60.5,13602255.0,0.0
-28.5,61.5,13602255.0,0.0
-28.5,62.5,13602255.0,0.0
-28.5,63.5,13602255.0,0.0
-28.5,64.5,13602255.0,0.0
-28.5,65.5,13602255.0,0.0
-28.5,66.5,13602255.0,0.0
-28.5,67.5,13602255.0,0.0
-28.5,68.5,13602255.0,0.0
-28.5,69.5,13602255.0,0.0
-28.5,70.5,13602255.0,0.0
-28.5,71.5,13602255.0,0.0
-28.5,72.5,13602255.0,0.0
-28.5,73.5,13602255.0,0.0
-28.5,74.5,13602255.0,0.0
-28.5,75.5,13602255.0,0.0
-28.5,76.5,13602255.0,0.0
-28.5,77.5,13602255.0,0.0
-28.5,78.5,13602255.0,0.0
-28.5,79.5,13602255.0,0.0
-28.5,80.5,13602255.0,0.0
-28.5,81.5,13602255.0,0.0
-28.5,82.5,13602255.0,0.0
-28.5,83.5,13602255.0,0.0
-28.5,84.5,13602255.0,0.0
-28.5,85.5,13602255.0,0.0
-28.5,86.5,13602255.0,0.0
-28.5,87.5,13602255.0,0.0
-28.5,88.5,13602255.0,0.0
-28.5,89.5,13602255.0,0.0
-28.5,90.5,13602255.0,0.0
-28.5,91.5,13602255.0,0.0
-28.5,92.5,13602255.0,0.0
-28.5,93.5,13602255.0,0.0
-28.5,94.5,13602255.0,0.0
-28.5,95.5,13602255.0,0.0
-28.5,96.5,13602255.0,0.0
-28.5,97.5,13602255.0,0.0
-28.5,98.5,13602255.0,0.0
-28.5,99.5,13602255.0,0.0
-28.5,100.5,13602255.0,0.0
-28.5,101.5,13602255.0,0.0
-28.5,102.5,13602255.0,0.0
-28.5,103.5,13602255.0,0.0
-28.5,104.5,13602255.0,0.0
-28.5,105.5,13602255.0,0.0
-28.5,106.5,13602255.0,0.0
-28.5,107.5,13602255.0,0.0
-28.5,108.5,13602255.0,0.0
-28.5,109.5,13602255.0,0.0
-28.5,110.5,13602255.0,0.0
-28.5,111.5,13602255.0,0.0
-28.5,112.5,13602255.0,0.0
-28.5,113.5,13602255.0,0.0
-28.5,114.5,13602255.0,0.0
-28.5,115.5,13602255.0,0.0
-28.5,116.5,13602255.0,0.0
-28.5,117.5,13602255.0,0.0
-28.5,118.5,13602255.0,0.0
-28.5,119.5,13602255.0,0.0
-28.5,120.5,13602255.0,0.0
-29.5,30.5,13602255.0,0.0073641706
-29.5,31.5,13602255.0,0.07885929
-29.5,32.5,13602255.0,0.082214996
-29.5,33.5,13602255.0,0.002269091
-29.5,34.5,13602255.0,0.0
-29.5,35.5,13602255.0,0.0
-29.5,36.5,13602255.0,0.0
-29.5,37.5,13602255.0,0.0
-29.5,38.5,13602255.0,0.0
-29.5,39.5,13602255.0,0.0
-29.5,40.5,13602255.0,0.0
-29.5,41.5,13602255.0,0.0
-29.5,42.5,13602255.0,0.0
-29.5,43.5,13602255.0,0.0
-29.5,44.5,13602255.0,0.0
-29.5,45.5,13602255.0,0.0
-29.5,46.5,13602255.0,0.0
-29.5,47.5,13602255.0,0.0
-29.5,48.5,13602255.0,0.0
-29.5,49.5,13602255.0,0.0
-29.5,50.5,13602255.0,0.0
-29.5,51.5,13602255.0,0.0
-29.5,52.5,13602255.0,0.0
-29.5,53.5,13602255.0,0.0
-29.5,54.5,13602255.0,0.0
-29.5,55.5,13602255.0,0.0
-29.5,56.5,13602255.0,0.0
-29.5,57.5,13602255.0,0.0
-29.5,58.5,13602255.0,0.0
-29.5,59.5,13602255.0,0.0
-29.5,60.5,13602255.0,0.0
-29.5,61.5,13602255.0,0.0
-29.5,62.5,13602255.0,0.0
-29.5,63.5,13602255.0,0.0
-29.5,64.5,13602255.0,0.0
-29.5,65.5,13602255.0,0.0
-29.5,66.5,13602255.0,0.0
-29.5,67.5,13602255.0,0.0
-29.5,68.5,13602255.0,0.0
-29.5,69.5,13602255.0,0.0
-29.5,70.5,13602255.0,0.0
-29.5,71.5,13602255.0,0.0
-29.5,72.5,13602255.0,0.0
-29.5,73.5,13602255.0,0.0
-29.5,74.5,13602255.0,0.0
-29.5,75.5,13602255.0,0.0
-29.5,76.5,13602255.0,0.0
-29.5,77.5,13602255.0,0.0
-29.5,78.5,13602255.0,0.0
-29.5,79.5,13602255.0,0.0
-29.5,80.5,13602255.0,0.0
-29.5,81.5,13602255.0,0.0
-29.5,82.5,13602255.0,0.0
-29.5,83.5,13602255.0,0.0
-29.5,84.5,13602255.0,0.0
-29.5,85.5,13602255.0,0.0
-29.5,86.5,13602255.0,0.0
-29.5,87.5,13602255.0,0.0
-29.5,88.5,13602255.0,0.0
-29.5,89.5,13602255.0,0.0
-29.5,90.5,13602255.0,0.0
-29.5,91.5,13602255.0,0.0
-29.5,92.5,13602255.0,0.0
-29.5,93.5,13602255.0,0.0
-29.5,94.5,13602255.0,0.0
-29.5,95.5,13602255.0,0.0
-29.5,96.5,13602255.0,0.0
-29.5,97.5,13602255.0,0.0
-29.5,98.5,13602255.0,0.0
-29.5,99.5,13602255.0,0.0
-29.5,100.5,13602255.0,0.0
-29.5,101.5,13602255.0,0.0
-29.5,102.5,13602255.0,0.0
-29.5,103.5,13602255.0,0.0
-29.5,104.5,13602255.0,0.0
-29.5,105.5,13602255.0,0.0
-29.5,106.5,13602255.0,0.0
-29.5,107.5,13602255.0,0.0
-29.5,108.5,13602255.0,0.0
-29.5,109.5,13602255.0,0.0
-29.5,110.5,13602255.0,0.0
-29.5,111.5,13602255.0,0.0
-29.5,112.5,13602255.0,0.0
-29.5,113.5,13602255.0,0.0
-29.5,114.5,13602255.0,0.0
-29.5,115.5,13602255.0,0.0
-29.5,116.5,13602255.0,0.0
-29.5,117.5,13602255.0,0.0
-29.5,118.5,13602255.0,0.0
-29.5,119.5,13602255.0,0.0
-29.5,120.5,13602255.0,0.0
-30.5,30.5,13602255.0,0.5116832
-30.5,31.5,13602255.0,1.0394908
-30.5,32.5,13602255.0,0.43395284
-30.5,33.5,13602255.0,0.0196486
-30.5,34.5,13602255.0,0.005865046
-30.5,35.5,13602255.0,0.011308237
-30.5,36.5,13602255.0,0.00016647398
-30.5,37.5,13602255.0,0.0
-30.5,38.5,13602255.0,0.0
-30.5,39.5,13602255.0,0.0
-30.5,40.5,13602255.0,0.0
-30.5,41.5,13602255.0,0.0
-30.5,42.5,13602255.0,0.0
-30.5,43.5,13602255.0,0.0
-30.5,44.5,13602255.0,0.0
-30.5,45.5,13602255.0,0.0
-30.5,46.5,13602255.0,0.0
-30.5,47.5,13602255.0,0.0
-30.5,48.5,13602255.0,0.0
-30.5,49.5,13602255.0,0.0
-30.5,50.5,13602255.0,0.0
-30.5,51.5,13602255.0,0.0
-30.5,52.5,13602255.0,0.0
-30.5,53.5,13602255.0,0.0
-30.5,54.5,13602255.0,0.0
-30.5,55.5,13602255.0,0.0
-30.5,56.5,13602255.0,0.0
-30.5,57.5,13602255.0,0.0
-30.5,58.5,13602255.0,0.0
-30.5,59.5,13602255.0,0.0
-30.5,60.5,13602255.0,0.0
-30.5,61.5,13602255.0,0.0
-30.5,62.5,13602255.0,0.0
-30.5,63.5,13602255.0,0.0
-30.5,64.5,13602255.0,0.0
-30.5,65.5,13602255.0,0.0
-30.5,66.5,13602255.0,0.0
-30.5,67.5,13602255.0,0.0
-30.5,68.5,13602255.0,0.0
-30.5,69.5,13602255.0,0.0
-30.5,70.5,13602255.0,0.0
-30.5,71.5,13602255.0,0.0
-30.5,72.5,13602255.0,0.0
-30.5,73.5,13602255.0,0.0
-30.5,74.5,13602255.0,0.0
-30.5,75.5,13602255.0,0.0
-30.5,76.5,13602255.0,0.0
-30.5,77.5,13602255.0,0.0
-30.5,78.5,13602255.0,0.0
-30.5,79.5,13602255.0,0.0
-30.5,80.5,13602255.0,0.0
-30.5,81.5,13602255.0,0.0
-30.5,82.5,13602255.0,0.0
-30.5,83.5,13602255.0,0.00031871226
-30.5,84.5,13602255.0,0.004570061
-30.5,85.5,13602255.0,0.0023755606
-30.5,86.5,13602255.0,0.0058008116
-30.5,87.5,13602255.0,0.0
-30.5,88.5,13602255.0,0.0
-30.5,89.5,13602255.0,0.0
-30.5,90.5,13602255.0,0.0
-30.5,91.5,13602255.0,0.0
-30.5,92.5,13602255.0,0.0
-30.5,93.5,13602255.0,0.0
-30.5,94.5,13602255.0,0.0
-30.5,95.5,13602255.0,0.0
-30.5,96.5,13602255.0,0.0
-30.5,97.5,13602255.0,0.0
-30.5,98.5,13602255.0,0.0
-30.5,99.5,13602255.0,0.0
-30.5,100.5,13602255.0,0.0
-30.5,101.5,13602255.0,0.0
-30.5,102.5,13602255.0,0.0
-30.5,103.5,13602255.0,0.0
-30.5,104.5,13602255.0,0.0
-30.5,105.5,13602255.0,0.0
-30.5,106.5,13602255.0,0.0
-30.5,107.5,13602255.0,0.0
-30.5,108.5,13602255.0,0.0
-30.5,109.5,13602255.0,0.0
-30.5,110.5,13602255.0,0.0
-30.5,111.5,13602255.0,0.0
-30.5,112.5,13602255.0,0.0
-30.5,113.5,13602255.0,0.0
-30.5,114.5,13602255.0,0.0
-30.5,115.5,13602255.0,0.0
-30.5,116.5,13602255.0,0.0
-30.5,117.5,13602255.0,0.0
-30.5,118.5,13602255.0,0.0
-30.5,119.5,13602255.0,0.0
-30.5,120.5,13602255.0,0.0
-31.5,30.5,13602255.0,0.846631
-31.5,31.5,13602255.0,1.218366
-31.5,32.5,13602255.0,1.1755105
-31.5,33.5,13602255.0,1.1654853
-31.5,34.5,13602255.0,1.107551
-31.5,35.5,13602255.0,0.3759372
-31.5,36.5,13602255.0,0.0063000014
-31.5,37.5,13602255.0,0.0
-31.5,38.5,13602255.0,0.0038564107
-31.5,39.5,13602255.0,0.052436978
-31.5,40.5,13602255.0,0.026235612
-31.5,41.5,13602255.0,0.0
-31.5,42.5,13602255.0,0.0
-31.5,43.5,13602255.0,0.0
-31.5,44.5,13602255.0,0.0
-31.5,45.5,13602255.0,0.0
-31.5,46.5,13602255.0,0.0
-31.5,47.5,13602255.0,0.0
-31.5,48.5,13602255.0,0.0
-31.5,49.5,13602255.0,0.0
-31.5,50.5,13602255.0,0.0
-31.5,51.5,13602255.0,0.0
-31.5,52.5,13602255.0,0.0
-31.5,53.5,13602255.0,0.0
-31.5,54.5,13602255.0,0.0
-31.5,55.5,13602255.0,0.0
-31.5,56.5,13602255.0,0.0
-31.5,57.5,13602255.0,0.0
-31.5,58.5,13602255.0,0.0
-31.5,59.5,13602255.0,0.0
-31.5,60.5,13602255.0,0.0
-31.5,61.5,13602255.0,0.0
-31.5,62.5,13602255.0,0.0
-31.5,63.5,13602255.0,0.0
-31.5,64.5,13602255.0,0.0
-31.5,65.5,13602255.0,0.0
-31.5,66.5,13602255.0,0.0
-31.5,67.5,13602255.0,0.0
-31.5,68.5,13602255.0,0.0
-31.5,69.5,13602255.0,0.0
-31.5,70.5,13602255.0,0.0
-31.5,71.5,13602255.0,0.0
-31.5,72.5,13602255.0,0.0
-31.5,73.5,13602255.0,0.0
-31.5,74.5,13602255.0,0.0
-31.5,75.5,13602255.0,0.0
-31.5,76.5,13602255.0,0.0
-31.5,77.5,13602255.0,0.0
-31.5,78.5,13602255.0,0.0
-31.5,79.5,13602255.0,0.0
-31.5,80.5,13602255.0,0.0
-31.5,81.5,13602255.0,0.0
-31.5,82.5,13602255.0,0.0
-31.5,83.5,13602255.0,0.0001448692
-31.5,84.5,13602255.0,0.012100844
-31.5,85.5,13602255.0,0.0346787
-31.5,86.5,13602255.0,0.13829541
-31.5,87.5,13602255.0,0.00018
-31.5,88.5,13602255.0,0.0
-31.5,89.5,13602255.0,0.0
-31.5,90.5,13602255.0,0.0
-31.5,91.5,13602255.0,0.0
-31.5,92.5,13602255.0,0.0
-31.5,93.5,13602255.0,0.0
-31.5,94.5,13602255.0,0.0
-31.5,95.5,13602255.0,0.0
-31.5,96.5,13602255.0,0.0
-31.5,97.5,13602255.0,0.0
-31.5,98.5,13602255.0,0.0
-31.5,99.5,13602255.0,0.0
-31.5,100.5,13602255.0,0.0
-31.5,101.5,13602255.0,0.0
-31.5,102.5,13602255.0,0.0
-31.5,103.5,13602255.0,0.0
-31.5,104.5,13602255.0,0.0
-31.5,105.5,13602255.0,0.0
-31.5,106.5,13602255.0,0.0
-31.5,107.5,13602255.0,0.0
-31.5,108.5,13602255.0,0.0
-31.5,109.5,13602255.0,0.0
-31.5,110.5,13602255.0,0.0
-31.5,111.5,13602255.0,0.0
-31.5,112.5,13602255.0,0.0
-31.5,113.5,13602255.0,0.0
-31.5,114.5,13602255.0,0.0
-31.5,115.5,13602255.0,0.0
-31.5,116.5,13602255.0,0.0
-31.5,117.5,13602255.0,0.0
-31.5,118.5,13602255.0,0.0
-31.5,119.5,13602255.0,0.0
-31.5,120.5,13602255.0,0.0
-32.5,30.5,13602255.0,0.24116156
-32.5,31.5,13602255.0,0.28453594
-32.5,32.5,13602255.0,0.35125348
-32.5,33.5,13602255.0,0.39942288
-32.5,34.5,13602255.0,0.25780657
-32.5,35.5,13602255.0,0.040867276
-32.5,36.5,13602255.0,0.0
-32.5,37.5,13602255.0,0.0
-32.5,38.5,13602255.0,0.06896836
-32.5,39.5,13602255.0,0.2354464
-32.5,40.5,13602255.0,0.045396566
-32.5,41.5,13602255.0,0.0
-32.5,42.5,13602255.0,0.0
-32.5,43.5,13602255.0,0.0
-32.5,44.5,13602255.0,0.0
-32.5,45.5,13602255.0,0.0
-32.5,46.5,13602255.0,0.0
-32.5,47.5,13602255.0,0.0
-32.5,48.5,13602255.0,0.0
-32.5,49.5,13602255.0,0.0
-32.5,50.5,13602255.0,0.0
-32.5,51.5,13602255.0,0.0
-32.5,52.5,13602255.0,0.0
-32.5,53.5,13602255.0,0.0
-32.5,54.5,13602255.0,0.0
-32.5,55.5,13602255.0,0.0
-32.5,56.5,13602255.0,0.0
-32.5,57.5,13602255.0,0.0
-32.5,58.5,13602255.0,0.0
-32.5,59.5,13602255.0,0.0
-32.5,60.5,13602255.0,0.0
-32.5,61.5,13602255.0,0.0
-32.5,62.5,13602255.0,0.0
-32.5,63.5,13602255.0,0.0
-32.5,64.5,13602255.0,0.0
-32.5,65.5,13602255.0,0.0
-32.5,66.5,13602255.0,0.0
-32.5,67.5,13602255.0,0.0
-32.5,68.5,13602255.0,0.0
-32.5,69.5,13602255.0,0.0
-32.5,70.5,13602255.0,0.0
-32.5,71.5,13602255.0,0.0
-32.5,72.5,13602255.0,0.0
-32.5,73.5,13602255.0,0.0
-32.5,74.5,13602255.0,0.0
-32.5,75.5,13602255.0,0.0
-32.5,76.5,13602255.0,0.0
-32.5,77.5,13602255.0,0.0
-32.5,78.5,13602255.0,0.0
-32.5,79.5,13602255.0,0.0
-32.5,80.5,13602255.0,0.0
-32.5,81.5,13602255.0,0.0
-32.5,82.5,13602255.0,0.0
-32.5,83.5,13602255.0,0.0
-32.5,84.5,13602255.0,0.0
-32.5,85.5,13602255.0,0.0026747303
-32.5,86.5,13602255.0,0.025630755
-32.5,87.5,13602255.0,0.00059999997
-32.5,88.5,13602255.0,0.0
-32.5,89.5,13602255.0,0.0
-32.5,90.5,13602255.0,0.0
-32.5,91.5,13602255.0,0.0
-32.5,92.5,13602255.0,0.0
-32.5,93.5,13602255.0,0.0
-32.5,94.5,13602255.0,0.0
-32.5,95.5,13602255.0,0.0
-32.5,96.5,13602255.0,0.0
-32.5,97.5,13602255.0,0.0
-32.5,98.5,13602255.0,0.0
-32.5,99.5,13602255.0,0.0
-32.5,100.5,13602255.0,0.0
-32.5,101.5,13602255.0,0.0
-32.5,102.5,13602255.0,0.0
-32.5,103.5,13602255.0,0.0
-32.5,104.5,13602255.0,0.0
-32.5,105.5,13602255.0,0.0
-32.5,106.5,13602255.0,0.0
-32.5,107.5,13602255.0,0.0
-32.5,108.5,13602255.0,0.0
-32.5,109.5,13602255.0,0.0
-32.5,110.5,13602255.0,0.0
-32.5,111.5,13602255.0,0.0
-32.5,112.5,13602255.0,0.0
-32.5,113.5,13602255.0,0.0
-32.5,114.5,13602255.0,0.0
-32.5,115.5,13602255.0,0.0
-32.5,116.5,13602255.0,0.0
-32.5,117.5,13602255.0,0.0
-32.5,118.5,13602255.0,0.0
-32.5,119.5,13602255.0,0.0
-32.5,120.5,13602255.0,0.0
-33.5,30.5,13602255.0,0.0
-33.5,31.5,13602255.0,0.0
-33.5,32.5,13602255.0,0.0
-33.5,33.5,13602255.0,0.0
-33.5,34.5,13602255.0,0.0
-33.5,35.5,13602255.0,0.0
-33.5,36.5,13602255.0,0.0
-33.5,37.5,13602255.0,0.0
-33.5,38.5,13602255.0,0.012868089
-33.5,39.5,13602255.0,0.017041424
-33.5,40.5,13602255.0,0.00016599424
-33.5,41.5,13602255.0,0.0
-33.5,42.5,13602255.0,0.0
-33.5,43.5,13602255.0,0.0
-33.5,44.5,13602255.0,0.0
-33.5,45.5,13602255.0,0.0
-33.5,46.5,13602255.0,0.0
-33.5,47.5,13602255.0,0.0
-33.5,48.5,13602255.0,0.0
-33.5,49.5,13602255.0,0.0
-33.5,50.5,13602255.0,0.0
-33.5,51.5,13602255.0,0.0
-33.5,52.5,13602255.0,0.0
-33.5,53.5,13602255.0,0.0
-33.5,54.5,13602255.0,0.0
-33.5,55.5,13602255.0,0.0
-33.5,56.5,13602255.0,0.0
-33.5,57.5,13602255.0,0.0
-33.5,58.5,13602255.0,0.0
-33.5,59.5,13602255.0,0.0
-33.5,60.5,13602255.0,0.0
-33.5,61.5,13602255.0,0.0
-33.5,62.5,13602255.0,0.0
-33.5,63.5,13602255.0,0.0
-33.5,64.5,13602255.0,0.0
-33.5,65.5,13602255.0,0.0
-33.5,66.5,13602255.0,0.0
-33.5,67.5,13602255.0,0.0
-33.5,68.5,13602255.0,0.0
-33.5,69.5,13602255.0,0.0
-33.5,70.5,13602255.0,0.0
-33.5,71.5,13602255.0,0.0
-33.5,72.5,13602255.0,0.0
-33.5,73.5,13602255.0,0.0
-33.5,74.5,13602255.0,0.0
-33.5,75.5,13602255.0,0.0
-33.5,76.5,13602255.0,0.0
-33.5,77.5,13602255.0,0.0
-33.5,78.5,13602255.0,0.0
-33.5,79.5,13602255.0,0.0
-33.5,80.5,13602255.0,0.0
-33.5,81.5,13602255.0,0.0
-33.5,82.5,13602255.0,0.0
-33.5,83.5,13602255.0,0.0
-33.5,84.5,13602255.0,0.0
-33.5,85.5,13602255.0,0.0
-33.5,86.5,13602255.0,0.0
-33.5,87.5,13602255.0,0.0
-33.5,88.5,13602255.0,0.0
-33.5,89.5,13602255.0,0.0
-33.5,90.5,13602255.0,0.0
-33.5,91.5,13602255.0,0.0
-33.5,92.5,13602255.0,0.0
-33.5,93.5,13602255.0,0.0
-33.5,94.5,13602255.0,0.0
-33.5,95.5,13602255.0,0.0
-33.5,96.5,13602255.0,0.0
-33.5,97.5,13602255.0,0.0
-33.5,98.5,13602255.0,0.0
-33.5,99.5,13602255.0,0.0
-33.5,100.5,13602255.0,0.0
-33.5,101.5,13602255.0,0.0
-33.5,102.5,13602255.0,0.0
-33.5,103.5,13602255.0,0.0
-33.5,104.5,13602255.0,0.0
-33.5,105.5,13602255.0,0.0
-33.5,106.5,13602255.0,0.0
-33.5,107.5,13602255.0,0.0
-33.5,108.5,13602255.0,0.0
-33.5,109.5,13602255.0,0.0
-33.5,110.5,13602255.0,0.0
-33.5,111.5,13602255.0,0.0
-33.5,112.5,13602255.0,0.0
-33.5,113.5,13602255.0,0.0
-33.5,114.5,13602255.0,0.0
-33.5,115.5,13602255.0,0.0
-33.5,116.5,13602255.0,0.0
-33.5,117.5,13602255.0,0.0
-33.5,118.5,13602255.0,0.0
-33.5,119.5,13602255.0,0.0
-33.5,120.5,13602255.0,0.0
-34.5,30.5,13602255.0,0.0
-34.5,31.5,13602255.0,0.0
-34.5,32.5,13602255.0,0.0
-34.5,33.5,13602255.0,0.0
-34.5,34.5,13602255.0,0.0
-34.5,35.5,13602255.0,0.0
-34.5,36.5,13602255.0,0.0
-34.5,37.5,13602255.0,0.0
-34.5,38.5,13602255.0,0.0
-34.5,39.5,13602255.0,0.0
-34.5,40.5,13602255.0,0.0
-34.5,41.5,13602255.0,0.0
-34.5,42.5,13602255.0,0.0
-34.5,43.5,13602255.0,0.0
-34.5,44.5,13602255.0,0.0
-34.5,45.5,13602255.0,0.0
-34.5,46.5,13602255.0,0.0
-34.5,47.5,13602255.0,0.0
-34.5,48.5,13602255.0,0.0
-34.5,49.5,13602255.0,0.0
-34.5,50.5,13602255.0,0.0
-34.5,51.5,13602255.0,0.0
-34.5,52.5,13602255.0,0.0
-34.5,53.5,13602255.0,0.0
-34.5,54.5,13602255.0,0.0
-34.5,55.5,13602255.0,0.0
-34.5,56.5,13602255.0,0.0
-34.5,57.5,13602255.0,0.0
-34.5,58.5,13602255.0,0.0
-34.5,59.5,13602255.0,0.0
-34.5,60.5,13602255.0,0.0
-34.5,61.5,13602255.0,0.0
-34.5,62.5,13602255.0,0.0
-34.5,63.5,13602255.0,0.0
-34.5,64.5,13602255.0,0.0
-34.5,65.5,13602255.0,0.0
-34.5,66.5,13602255.0,0.0
-34.5,67.5,13602255.0,0.0
-34.5,68.5,13602255.0,0.0
-34.5,69.5,13602255.0,0.0
-34.5,70.5,13602255.0,0.0
-34.5,71.5,13602255.0,0.0
-34.5,72.5,13602255.0,0.0
-34.5,73.5,13602255.0,0.0
-34.5,74.5,13602255.0,0.0
-34.5,75.5,13602255.0,0.0
-34.5,76.5,13602255.0,0.0
-34.5,77.5,13602255.0,0.021831267
-34.5,78.5,13602255.0,0.012941383
-34.5,79.5,13602255.0,0.00064719113
-34.5,80.5,13602255.0,0.00026241457
-34.5,81.5,13602255.0,0.0
-34.5,82.5,13602255.0,0.0048640007
-34.5,83.5,13602255.0,0.014830349
-34.5,84.5,13602255.0,0.0
-34.5,85.5,13602255.0,0.0
-34.5,86.5,13602255.0,0.0
-34.5,87.5,13602255.0,0.0
-34.5,88.5,13602255.0,0.0
-34.5,89.5,13602255.0,0.0
-34.5,90.5,13602255.0,0.0
-34.5,91.5,13602255.0,0.0
-34.5,92.5,13602255.0,0.0
-34.5,93.5,13602255.0,0.0
-34.5,94.5,13602255.0,0.0
-34.5,95.5,13602255.0,0.0
-34.5,96.5,13602255.0,0.0
-34.5,97.5,13602255.0,0.0
-34.5,98.5,13602255.0,0.0
-34.5,99.5,13602255.0,0.0
-34.5,100.5,13602255.0,0.0
-34.5,101.5,13602255.0,0.0
-34.5,102.5,13602255.0,0.0
-34.5,103.5,13602255.0,0.0
-34.5,104.5,13602255.0,0.0
-34.5,105.5,13602255.0,0.0
-34.5,106.5,13602255.0,0.0
-34.5,107.5,13602255.0,0.0
-34.5,108.5,13602255.0,0.0
-34.5,109.5,13602255.0,0.0
-34.5,110.5,13602255.0,0.0
-34.5,111.5,13602255.0,0.0
-34.5,112.5,13602255.0,0.0
-34.5,113.5,13602255.0,0.0
-34.5,114.5,13602255.0,0.0
-34.5,115.5,13602255.0,0.0
-34.5,116.5,13602255.0,0.0
-34.5,117.5,13602255.0,0.0
-34.5,118.5,13602255.0,0.0
-34.5,119.5,13602255.0,0.0
-34.5,120.5,13602255.0,0.0
-35.5,30.5,13602255.0,0.0
-35.5,31.5,13602255.0,0.0
-35.5,32.5,13602255.0,0.0
-35.5,33.5,13602255.0,0.0
-35.5,34.5,13602255.0,0.0
-35.5,35.5,13602255.0,0.0
-35.5,36.5,13602255.0,0.0
-35.5,37.5,13602255.0,0.0
-35.5,38.5,13602255.0,0.0
-35.5,39.5,13602255.0,0.0
-35.5,40.5,13602255.0,0.0
-35.5,41.5,13602255.0,0.0
-35.5,42.5,13602255.0,0.0
-35.5,43.5,13602255.0,0.0
-35.5,44.5,13602255.0,0.0
-35.5,45.5,13602255.0,0.0
-35.5,46.5,13602255.0,0.0
-35.5,47.5,13602255.0,0.0
-35.5,48.5,13602255.0,0.0
-35.5,49.5,13602255.0,0.0
-35.5,50.5,13602255.0,0.0
-35.5,51.5,13602255.0,0.0
-35.5,52.5,13602255.0,0.0
-35.5,53.5,13602255.0,0.0
-35.5,54.5,13602255.0,0.0
-35.5,55.5,13602255.0,0.0
-35.5,56.5,13602255.0,0.0
-35.5,57.5,13602255.0,0.0
-35.5,58.5,13602255.0,0.0
-35.5,59.5,13602255.0,0.0
-35.5,60.5,13602255.0,0.0
-35.5,61.5,13602255.0,0.0
-35.5,62.5,13602255.0,0.0
-35.5,63.5,13602255.0,0.0
-35.5,64.5,13602255.0,0.0
-35.5,65.5,13602255.0,0.0
-35.5,66.5,13602255.0,0.0
-35.5,67.5,13602255.0,0.0
-35.5,68.5,13602255.0,0.0
-35.5,69.5,13602255.0,0.0
-35.5,70.5,13602255.0,0.0
-35.5,71.5,13602255.0,0.0
-35.5,72.5,13602255.0,0.0
-35.5,73.5,13602255.0,0.0
-35.5,74.5,13602255.0,0.0
-35.5,75.5,13602255.0,0.0
-35.5,76.5,13602255.0,0.0
-35.5,77.5,13602255.0,0.02702869
-35.5,78.5,13602255.0,0.018324256
-35.5,79.5,13602255.0,0.25656086
-35.5,80.5,13602255.0,0.3574783
-35.5,81.5,13602255.0,0.003325636
-35.5,82.5,13602255.0,0.05617322
-35.5,83.5,13602255.0,0.33271787
-35.5,84.5,13602255.0,0.019525997
-35.5,85.5,13602255.0,0.0013521126
-35.5,86.5,13602255.0,0.0
-35.5,87.5,13602255.0,0.0
-35.5,88.5,13602255.0,0.0
-35.5,89.5,13602255.0,0.0
-35.5,90.5,13602255.0,0.0
-35.5,91.5,13602255.0,0.0
-35.5,92.5,13602255.0,0.0
-35.5,93.5,13602255.0,0.0
-35.5,94.5,13602255.0,0.0
-35.5,95.5,13602255.0,0.0
-35.5,96.5,13602255.0,0.0
-35.5,97.5,13602255.0,0.0
-35.5,98.5,13602255.0,0.0
-35.5,99.5,13602255.0,0.0
-35.5,100.5,13602255.0,0.0
-35.5,101.5,13602255.0,0.0
-35.5,102.5,13602255.0,0.0
-35.5,103.5,13602255.0,0.0
-35.5,104.5,13602255.0,0.0
-35.5,105.5,13602255.0,0.0
-35.5,106.5,13602255.0,0.0
-35.5,107.5,13602255.0,0.0
-35.5,108.5,13602255.0,0.0
-35.5,109.5,13602255.0,0.0
-35.5,110.5,13602255.0,0.0
-35.5,111.5,13602255.0,0.0
-35.5,112.5,13602255.0,0.0
-35.5,113.5,13602255.0,0.0
-35.5,114.5,13602255.0,0.0
-35.5,115.5,13602255.0,0.0
-35.5,116.5,13602255.0,0.0
-35.5,117.5,13602255.0,0.0
-35.5,118.5,13602255.0,0.0
-35.5,119.5,13602255.0,0.0
-35.5,120.5,13602255.0,0.0
-36.5,30.5,13602255.0,0.002197591
-36.5,31.5,13602255.0,0.0063247075
-36.5,32.5,13602255.0,0.0031328253
-36.5,33.5,13602255.0,0.0
-36.5,34.5,13602255.0,0.0
-36.5,35.5,13602255.0,0.0
-36.5,36.5,13602255.0,0.0
-36.5,37.5,13602255.0,0.0
-36.5,38.5,13602255.0,0.0
-36.5,39.5,13602255.0,0.0
-36.5,40.5,13602255.0,0.0
-36.5,41.5,13602255.0,0.0
-36.5,42.5,13602255.0,0.0
-36.5,43.5,13602255.0,0.0
-36.5,44.5,13602255.0,0.0
-36.5,45.5,13602255.0,0.0
-36.5,46.5,13602255.0,0.0
-36.5,47.5,13602255.0,0.0
-36.5,48.5,13602255.0,0.0
-36.5,49.5,13602255.0,0.0
-36.5,50.5,13602255.0,0.0
-36.5,51.5,13602255.0,0.0
-36.5,52.5,13602255.0,0.0
-36.5,53.5,13602255.0,0.0
-36.5,54.5,13602255.0,0.0
-36.5,55.5,13602255.0,0.0
-36.5,56.5,13602255.0,0.0
-36.5,57.5,13602255.0,0.0
-36.5,58.5,13602255.0,0.0
-36.5,59.5,13602255.0,0.0
-36.5,60.5,13602255.0,0.0
-36.5,61.5,13602255.0,0.0
-36.5,62.5,13602255.0,0.0
-36.5,63.5,13602255.0,0.0
-36.5,64.5,13602255.0,0.0
-36.5,65.5,13602255.0,0.0
-36.5,66.5,13602255.0,0.0
-36.5,67.5,13602255.0,0.0
-36.5,68.5,13602255.0,0.0
-36.5,69.5,13602255.0,0.0
-36.5,70.5,13602255.0,0.0
-36.5,71.5,13602255.0,0.0
-36.5,72.5,13602255.0,0.0
-36.5,73.5,13602255.0,0.0
-36.5,74.5,13602255.0,0.0
-36.5,75.5,13602255.0,0.0
-36.5,76.5,13602255.0,0.0
-36.5,77.5,13602255.0,0.0
-36.5,78.5,13602255.0,0.0
-36.5,79.5,13602255.0,0.2473835
-36.5,80.5,13602255.0,1.1956724
-36.5,81.5,13602255.0,0.7813788
-36.5,82.5,13602255.0,0.45970583
-36.5,83.5,13602255.0,0.10742015
-36.5,84.5,13602255.0,0.07812071
-36.5,85.5,13602255.0,0.17491658
-36.5,86.5,13602255.0,0.08636423
-36.5,87.5,13602255.0,0.00041941748
-36.5,88.5,13602255.0,0.0
-36.5,89.5,13602255.0,0.0
-36.5,90.5,13602255.0,0.0
-36.5,91.5,13602255.0,0.0
-36.5,92.5,13602255.0,0.0
-36.5,93.5,13602255.0,0.0
-36.5,94.5,13602255.0,0.0
-36.5,95.5,13602255.0,0.0
-36.5,96.5,13602255.0,0.0
-36.5,97.5,13602255.0,0.0
-36.5,98.5,13602255.0,0.0
-36.5,99.5,13602255.0,0.0
-36.5,100.5,13602255.0,0.0
-36.5,101.5,13602255.0,0.0
-36.5,102.5,13602255.0,0.0
-36.5,103.5,13602255.0,0.0
-36.5,104.5,13602255.0,0.0
-36.5,105.5,13602255.0,0.0
-36.5,106.5,13602255.0,0.0
-36.5,107.5,13602255.0,0.0
-36.5,108.5,13602255.0,0.0
-36.5,109.5,13602255.0,0.0
-36.5,110.5,13602255.0,0.0
-36.5,111.5,13602255.0,0.0
-36.5,112.5,13602255.0,0.0
-36.5,113.5,13602255.0,0.0
-36.5,114.5,13602255.0,0.0
-36.5,115.5,13602255.0,0.0
-36.5,116.5,13602255.0,0.0
-36.5,117.5,13602255.0,0.0
-36.5,118.5,13602255.0,0.0
-36.5,119.5,13602255.0,0.0
-36.5,120.5,13602255.0,0.0
-37.5,30.5,13602255.0,0.030234033
-37.5,31.5,13602255.0,0.010712198
-37.5,32.5,13602255.0,0.0038964718
-37.5,33.5,13602255.0,0.01026977
-37.5,34.5,13602255.0,0.00684944
-37.5,35.5,13602255.0,0.0029647069
-37.5,36.5,13602255.0,0.0
-37.5,37.5,13602255.0,0.0
-37.5,38.5,13602255.0,0.0
-37.5,39.5,13602255.0,0.0
-37.5,40.5,13602255.0,0.0
-37.5,41.5,13602255.0,0.0
-37.5,42.5,13602255.0,0.0
-37.5,43.5,13602255.0,0.0
-37.5,44.5,13602255.0,0.0
-37.5,45.5,13602255.0,0.0
-37.5,46.5,13602255.0,0.0
-37.5,47.5,13602255.0,0.0
-37.5,48.5,13602255.0,0.0
-37.5,49.5,13602255.0,0.0
-37.5,50.5,13602255.0,0.0
-37.5,51.5,13602255.0,0.0
-37.5,52.5,13602255.0,0.0
-37.5,53.5,13602255.0,0.0
-37.5,54.5,13602255.0,0.0
-37.5,55.5,13602255.0,0.0
-37.5,56.5,13602255.0,0.0
-37.5,57.5,13602255.0,0.0
-37.5,58.5,13602255.0,0.0
-37.5,59.5,13602255.0,0.0
-37.5,60.5,13602255.0,0.0
-37.5,61.5,13602255.0,0.0
-37.5,62.5,13602255.0,0.0
-37.5,63.5,13602255.0,0.0
-37.5,64.5,13602255.0,0.0
-37.5,65.5,13602255.0,0.0
-37.5,66.5,13602255.0,0.0
-37.5,67.5,13602255.0,0.0
-37.5,68.5,13602255.0,0.0
-37.5,69.5,13602255.0,0.0
-37.5,70.5,13602255.0,0.0
-37.5,71.5,13602255.0,0.0
-37.5,72.5,13602255.0,0.0
-37.5,73.5,13602255.0,0.0
-37.5,74.5,13602255.0,0.0
-37.5,75.5,13602255.0,0.0
-37.5,76.5,13602255.0,0.0
-37.5,77.5,13602255.0,0.0
-37.5,78.5,13602255.0,0.0
-37.5,79.5,13602255.0,0.049058788
-37.5,80.5,13602255.0,0.892693
-37.5,81.5,13602255.0,2.9120255
-37.5,82.5,13602255.0,2.0190551
-37.5,83.5,13602255.0,0.25712198
-37.5,84.5,13602255.0,0.014293862
-37.5,85.5,13602255.0,0.17191604
-37.5,86.5,13602255.0,0.4487822
-37.5,87.5,13602255.0,0.02697202
-37.5,88.5,13602255.0,0.0
-37.5,89.5,13602255.0,0.0
-37.5,90.5,13602255.0,0.0
-37.5,91.5,13602255.0,0.0
-37.5,92.5,13602255.0,0.0
-37.5,93.5,13602255.0,0.0
-37.5,94.5,13602255.0,0.0
-37.5,95.5,13602255.0,0.0
-37.5,96.5,13602255.0,0.0
-37.5,97.5,13602255.0,0.0
-37.5,98.5,13602255.0,0.0
-37.5,99.5,13602255.0,0.0
-37.5,100.5,13602255.0,0.0
-37.5,101.5,13602255.0,0.0
-37.5,102.5,13602255.0,0.0
-37.5,103.5,13602255.0,0.0
-37.5,104.5,13602255.0,0.0
-37.5,105.5,13602255.0,0.0
-37.5,106.5,13602255.0,0.0
-37.5,107.5,13602255.0,0.0
-37.5,108.5,13602255.0,0.0
-37.5,109.5,13602255.0,0.0
-37.5,110.5,13602255.0,0.0
-37.5,111.5,13602255.0,0.0
-37.5,112.5,13602255.0,0.0
-37.5,113.5,13602255.0,0.0
-37.5,114.5,13602255.0,0.0
-37.5,115.5,13602255.0,0.0
-37.5,116.5,13602255.0,0.0
-37.5,117.5,13602255.0,0.0
-37.5,118.5,13602255.0,0.0
-37.5,119.5,13602255.0,0.0
-37.5,120.5,13602255.0,0.0
-38.5,30.5,13602255.0,0.0150233805
-38.5,31.5,13602255.0,0.00626611
-38.5,32.5,13602255.0,0.07194069
-38.5,33.5,13602255.0,0.095714144
-38.5,34.5,13602255.0,0.104456194
-38.5,35.5,13602255.0,0.09594546
-38.5,36.5,13602255.0,0.024999265
-38.5,37.5,13602255.0,0.0
-38.5,38.5,13602255.0,0.0
-38.5,39.5,13602255.0,0.0
-38.5,40.5,13602255.0,0.0
-38.5,41.5,13602255.0,0.0
-38.5,42.5,13602255.0,0.0
-38.5,43.5,13602255.0,0.0
-38.5,44.5,13602255.0,0.0
-38.5,45.5,13602255.0,0.0
-38.5,46.5,13602255.0,0.0
-38.5,47.5,13602255.0,0.0
-38.5,48.5,13602255.0,0.0
-38.5,49.5,13602255.0,0.0
-38.5,50.5,13602255.0,0.0
-38.5,51.5,13602255.0,0.0
-38.5,52.5,13602255.0,0.0
-38.5,53.5,13602255.0,0.0
-38.5,54.5,13602255.0,0.0
-38.5,55.5,13602255.0,0.0
-38.5,56.5,13602255.0,0.0
-38.5,57.5,13602255.0,0.0
-38.5,58.5,13602255.0,0.0
-38.5,59.5,13602255.0,0.0
-38.5,60.5,13602255.0,0.0
-38.5,61.5,13602255.0,0.0
-38.5,62.5,13602255.0,0.0
-38.5,63.5,13602255.0,0.0
-38.5,64.5,13602255.0,0.0
-38.5,65.5,13602255.0,0.0
-38.5,66.5,13602255.0,0.0
-38.5,67.5,13602255.0,0.0
-38.5,68.5,13602255.0,0.0
-38.5,69.5,13602255.0,0.0
-38.5,70.5,13602255.0,0.0
-38.5,71.5,13602255.0,0.0
-38.5,72.5,13602255.0,0.0
-38.5,73.5,13602255.0,0.0
-38.5,74.5,13602255.0,0.0
-38.5,75.5,13602255.0,0.0
-38.5,76.5,13602255.0,0.0
-38.5,77.5,13602255.0,0.0
-38.5,78.5,13602255.0,0.0
-38.5,79.5,13602255.0,0.0
-38.5,80.5,13602255.0,0.115127
-38.5,81.5,13602255.0,2.7618825
-38.5,82.5,13602255.0,3.2610414
-38.5,83.5,13602255.0,2.0123725
-38.5,84.5,13602255.0,0.1374408
-38.5,85.5,13602255.0,0.10427839
-38.5,86.5,13602255.0,0.047898103
-38.5,87.5,13602255.0,0.014324213
-38.5,88.5,13602255.0,0.0
-38.5,89.5,13602255.0,0.0
-38.5,90.5,13602255.0,0.0
-38.5,91.5,13602255.0,0.0
-38.5,92.5,13602255.0,0.0
-38.5,93.5,13602255.0,0.0
-38.5,94.5,13602255.0,0.0
-38.5,95.5,13602255.0,0.0
-38.5,96.5,13602255.0,0.0
-38.5,97.5,13602255.0,0.0
-38.5,98.5,13602255.0,0.0
-38.5,99.5,13602255.0,0.0
-38.5,100.5,13602255.0,0.0
-38.5,101.5,13602255.0,0.0
-38.5,102.5,13602255.0,0.0
-38.5,103.5,13602255.0,0.0
-38.5,104.5,13602255.0,0.0
-38.5,105.5,13602255.0,0.0
-38.5,106.5,13602255.0,0.0
-38.5,107.5,13602255.0,0.0
-38.5,108.5,13602255.0,0.0
-38.5,109.5,13602255.0,0.0
-38.5,110.5,13602255.0,0.0
-38.5,111.5,13602255.0,0.0
-38.5,112.5,13602255.0,0.0
-38.5,113.5,13602255.0,0.0
-38.5,114.5,13602255.0,0.0
-38.5,115.5,13602255.0,0.0
-38.5,116.5,13602255.0,0.0
-38.5,117.5,13602255.0,0.0
-38.5,118.5,13602255.0,0.0
-38.5,119.5,13602255.0,0.0
-38.5,120.5,13602255.0,0.0
-39.5,30.5,13602255.0,0.0109263165
-39.5,31.5,13602255.0,0.017368427
-39.5,32.5,13602255.0,0.04460338
-39.5,33.5,13602255.0,0.19334564
-39.5,34.5,13602255.0,0.36850145
-39.5,35.5,13602255.0,0.26212582
-39.5,36.5,13602255.0,0.103668936
-39.5,37.5,13602255.0,0.005945455
-39.5,38.5,13602255.0,0.00021333333
-39.5,39.5,13602255.0,0.003846932
-39.5,40.5,13602255.0,0.017423492
-39.5,41.5,13602255.0,0.011227976
-39.5,42.5,13602255.0,0.0
-39.5,43.5,13602255.0,0.0
-39.5,44.5,13602255.0,0.0
-39.5,45.5,13602255.0,0.0
-39.5,46.5,13602255.0,0.0
-39.5,47.5,13602255.0,0.0
-39.5,48.5,13602255.0,0.0
-39.5,49.5,13602255.0,0.0
-39.5,50.5,13602255.0,0.0
-39.5,51.5,13602255.0,0.0
-39.5,52.5,13602255.0,0.0
-39.5,53.5,13602255.0,0.0
-39.5,54.5,13602255.0,0.0
-39.5,55.5,13602255.0,0.0
-39.5,56.5,13602255.0,0.0
-39.5,57.5,13602255.0,0.0
-39.5,58.5,13602255.0,0.0
-39.5,59.5,13602255.0,0.0
-39.5,60.5,13602255.0,0.0
-39.5,61.5,13602255.0,0.0
-39.5,62.5,13602255.0,0.0
-39.5,63.5,13602255.0,0.0
-39.5,64.5,13602255.0,0.0
-39.5,65.5,13602255.0,0.0
-39.5,66.5,13602255.0,0.0
-39.5,67.5,13602255.0,0.0
-39.5,68.5,13602255.0,0.0
-39.5,69.5,13602255.0,0.0
-39.5,70.5,13602255.0,0.0
-39.5,71.5,13602255.0,0.0
-39.5,72.5,13602255.0,0.00022978723
-39.5,73.5,13602255.0,0.024838101
-39.5,74.5,13602255.0,0.0056800013
-39.5,75.5,13602255.0,0.0
-39.5,76.5,13602255.0,0.0
-39.5,77.5,13602255.0,0.0
-39.5,78.5,13602255.0,0.0
-39.5,79.5,13602255.0,0.0
-39.5,80.5,13602255.0,0.02936542
-39.5,81.5,13602255.0,1.7579353
-39.5,82.5,13602255.0,3.0451994
-39.5,83.5,13602255.0,4.7616262
-39.5,84.5,13602255.0,1.5838422
-39.5,85.5,13602255.0,1.7444016
-39.5,86.5,13602255.0,0.21297678
-39.5,87.5,13602255.0,0.0026681204
-39.5,88.5,13602255.0,0.0
-39.5,89.5,13602255.0,0.0
-39.5,90.5,13602255.0,0.0
-39.5,91.5,13602255.0,0.0
-39.5,92.5,13602255.0,0.0
-39.5,93.5,13602255.0,0.0
-39.5,94.5,13602255.0,0.0
-39.5,95.5,13602255.0,0.0
-39.5,96.5,13602255.0,0.0
-39.5,97.5,13602255.0,0.0
-39.5,98.5,13602255.0,0.0
-39.5,99.5,13602255.0,0.0
-39.5,100.5,13602255.0,0.0
-39.5,101.5,13602255.0,0.0
-39.5,102.5,13602255.0,0.0
-39.5,103.5,13602255.0,0.0
-39.5,104.5,13602255.0,0.0
-39.5,105.5,13602255.0,0.0
-39.5,106.5,13602255.0,0.0
-39.5,107.5,13602255.0,0.0
-39.5,108.5,13602255.0,0.0
-39.5,109.5,13602255.0,0.0
-39.5,110.5,13602255.0,0.0
-39.5,111.5,13602255.0,0.0
-39.5,112.5,13602255.0,0.0
-39.5,113.5,13602255.0,0.0
-39.5,114.5,13602255.0,0.0
-39.5,115.5,13602255.0,0.0
-39.5,116.5,13602255.0,0.0
-39.5,117.5,13602255.0,0.0
-39.5,118.5,13602255.0,0.0
-39.5,119.5,13602255.0,0.0
-39.5,120.5,13602255.0,0.0
